{"group": [[0, 0], [0, 1], [0, 2], [0, 3], [1, 1], [1, 2], [1, 3], [2, 2], [2, 3], [3, 3]], "d_mean": [0.008173046874999998, -0.00010856370192307702, -0.000909044471153846, -0.007155438701923073, 0.006791556490384618, 0.0014083834134615385, -0.008091376201923076, 0.008049489182692307, -0.008548828124999998, 0.02379564302884615], "d_var": [0.00023008775464932705, 0.00016650591206896983, 0.00019700324065664314, 0.00027233916806021957, 0.0002155993670289758, 0.00017735805754040353, 0.0003080123103323779, 0.00023561295546326678, 0.0002988847088936569, 0.0006257347855314726], "adjusted_factor": [0.18754988903550845, 0.18754988903550845, 0.18754988903550845, 0.18754988903550845, 0.18754988903550845, 0.18754988903550845, 0.18754988903550845, 0.18754988903550845, 0.18754988903550845, 0.18754988903550845]}