{"group": [[0, 0], [0, 1], [0, 2], [0, 3], [1, 1], [1, 2], [1, 3], [2, 2], [2, 3], [3, 3]], "d_mean": [0.005293566022600449, -0.0009993504115513399, -0.001666028703962054, -0.0026281869070870533, 0.00407247924804687, 9.155709402901788e-05, -0.003164685930524557, 0.0047363324846540185, -0.0031618608747209843, 0.008954733712332583], "d_var": [9.888284395310473e-05, 7.191450579634687e-05, 6.780740223452142e-05, 9.969853027440375e-05, 8.648407233164556e-05, 6.028753765845715e-05, 9.283983913123853e-05, 9.655783407420413e-05, 9.643315441196575e-05, 0.00017243212097995205]}