genome_cm,replicate,source,model,true_elbo_max,null_elbo_max,delta_elbo_max,true_first
50,0,hapibd,ibd,-198.16209630860993,-246.77721500057208,48.61511869196215,True
50,0,hapibd,mixed,-148.8028358524242,-249.32733729893476,100.52450144651056,True
50,0,true,ibd,-208.5649748273113,-264.0607449544999,55.49577012718862,True
50,0,true,mixed,-158.70554809443703,-266.87112444103906,108.16557634660202,True
50,1,hapibd,ibd,-196.32262623756984,-256.48517286450937,60.16254662693953,True
50,1,hapibd,mixed,-145.3608546253601,-250.84489687040383,105.48404224504372,True
50,1,true,ibd,-201.2588461399123,-283.3508844202083,82.09203828029598,True
50,1,true,mixed,-155.2090474101256,-274.7881848631046,119.57913745297901,True
50,2,hapibd,ibd,-179.83541753080073,-205.88149817862725,26.04608064782653,True
50,2,hapibd,mixed,-129.29797351363763,-189.11379524323658,59.81582172959895,True
50,2,true,ibd,-192.10404496103592,-219.04654220470553,26.942497243669607,True
50,2,true,mixed,-142.14619369113328,-189.34385792994547,47.197664238812195,True
50,3,hapibd,ibd,-201.26140491685533,-231.9870634616336,30.72565854477827,True
50,3,hapibd,mixed,-159.69389880601867,-239.78610502267838,80.09220621665972,True
50,3,true,ibd,-200.81580679125958,-235.28501921986856,34.469212428608984,True
50,3,true,mixed,-166.6279595429185,-252.26992618914898,85.64196664623049,True
50,4,hapibd,ibd,-198.72766399990383,-242.723851338397,43.99618733849317,True
50,4,hapibd,mixed,-151.26467363989235,-241.23780058318368,89.97312694329133,True
50,4,true,ibd,-213.24124139992318,-274.4217300312623,61.18048863133913,True
50,4,true,mixed,-165.14912024064066,-275.8032591791239,110.65413893848327,True
50,5,hapibd,ibd,-200.24860541356628,-229.44263859232808,29.1940331787618,True
50,5,hapibd,mixed,-155.97156332772803,-224.5223426450492,68.55077931732117,True
50,5,true,ibd,-207.29044772300782,-240.5306915046997,33.24024378169187,True
50,5,true,mixed,-161.99051351992838,-231.29862303880105,69.30810951887267,True
50,6,hapibd,ibd,-186.59971125579648,-221.28410694517055,34.68439568937407,True
50,6,hapibd,mixed,-138.67282674052868,-209.7812611647244,71.10843442419574,True
50,6,true,ibd,-211.1735628943101,-244.4910372604734,33.31747436616331,True
50,6,true,mixed,-158.59208115039797,-223.68761644155757,65.09553529115959,True
50,7,hapibd,ibd,-191.15310764222505,-217.73542925587182,26.58232161364677,True
50,7,hapibd,mixed,-141.04718944653555,-185.5439308355522,44.49674138901665,True
50,7,true,ibd,-197.82828095770148,-217.61420652032973,19.78592556262825,True
50,7,true,mixed,-144.70064945918216,-178.05674487686863,33.356095417686475,True
50,8,hapibd,ibd,-187.02468159438888,-230.45543256466567,43.43075097027679,True
50,8,hapibd,mixed,-136.969013005719,-242.32186641250308,105.35285340678408,True
50,8,true,ibd,-191.00623504534832,-237.43273581904333,46.42650077369501,True
50,8,true,mixed,-139.20714408946537,-240.77239935186702,101.56525526240165,True
50,9,hapibd,ibd,-190.01377979153955,-225.5384269406664,35.52464714912685,True
50,9,hapibd,mixed,-137.86161970552226,-219.77735704968632,81.91573734416406,True
50,9,true,ibd,-218.0644466116614,-250.68879577939126,32.62434916772986,True
50,9,true,mixed,-163.00177102632372,-234.5066426291293,71.50487160280557,True
50,10,hapibd,ibd,-172.2589287112045,-208.1919389023647,35.93301019116021,True
50,10,hapibd,mixed,-124.90441018045685,-196.8595391433699,71.95512896291304,True
50,10,true,ibd,-189.4282302387968,-231.71521442662205,42.286984187825254,True
50,10,true,mixed,-148.12856534054328,-212.94302428264095,64.81445894209767,True
50,11,hapibd,ibd,-193.8752528178866,-254.36887967528799,60.49362685740138,True
50,11,hapibd,mixed,-146.5917753816832,-253.45967819097874,106.86790280929554,True
50,11,true,ibd,-211.240543002875,-293.4533378989388,82.2127948960638,True
50,11,true,mixed,-158.58097424493968,-305.09795702933275,146.51698278439306,True
50,12,hapibd,ibd,-188.5523400885173,-227.3719159713689,38.81957588285161,True
50,12,hapibd,mixed,-138.1308975450311,-260.65383852278035,122.52294097774924,True
50,12,true,ibd,-205.99661721470747,-242.60814752036845,36.61153030566098,True
50,12,true,mixed,-154.01519294279774,-265.0316724541354,111.01647951133765,True
50,13,hapibd,ibd,-177.32840404500558,-213.3728511082161,36.04444706321053,True
50,13,hapibd,mixed,-129.96301709986358,-207.07343223263194,77.11041513276837,True
50,13,true,ibd,-191.82924125736776,-258.2495265622405,66.42028530487272,True
50,13,true,mixed,-148.56891916871044,-261.65908784639345,113.09016867768301,True
50,14,hapibd,ibd,-200.1779031530494,-223.67675939861084,23.498856245561427,True
50,14,hapibd,mixed,-153.89310084846238,-195.69187588609995,41.79877503763757,True
50,14,true,ibd,-200.0343890500759,-226.01672861795524,25.982339567879336,True
50,14,true,mixed,-154.7181744206836,-197.6327899971926,42.91461557650899,True
50,15,hapibd,ibd,-187.67070442061748,-228.52255020612333,40.851845785505844,True
50,15,hapibd,mixed,-143.98398825504614,-219.245710741661,75.26172248661484,True
50,15,true,ibd,-204.01374935717743,-233.2437774306336,29.230028073456168,True
50,15,true,mixed,-153.96966030026726,-212.48183762125745,58.51217732099019,True
50,16,hapibd,ibd,-202.8966545896157,-233.98260012545393,31.08594553583822,True
50,16,hapibd,mixed,-154.37208277196717,-234.45461193351193,80.08252916154476,True
50,16,true,ibd,-216.92803203776717,-259.1101451693617,42.18211313159455,True
50,16,true,mixed,-167.1690659100622,-253.27566558341258,86.10659967335039,True
50,17,hapibd,ibd,-199.6290664082059,-222.07660006668908,22.447533658483195,True
50,17,hapibd,mixed,-155.22404118936439,-205.96442282017316,50.74038163080877,True
50,17,true,ibd,-211.1191376583718,-228.98317330481157,17.86403564643976,True
50,17,true,mixed,-161.23588195459504,-207.13614097748743,45.900259022892385,True
50,18,hapibd,ibd,-200.8556026115723,-270.05274502291815,69.19714241134585,True
50,18,hapibd,mixed,-153.43403335882172,-290.81500539669537,137.38097203787365,True
50,18,true,ibd,-204.29823568325017,-288.75448385628255,84.45624817303238,True
50,18,true,mixed,-158.59277444305638,-307.39785154505654,148.80507710200015,True
50,19,hapibd,ibd,-200.24426513215482,-230.31760790427677,30.073342772121947,True
50,19,hapibd,mixed,-156.63402777901607,-222.1351615315262,65.50113375251013,True
50,19,true,ibd,-211.15622247971274,-240.19354564267897,29.03732316296623,True
50,19,true,mixed,-164.44961277938881,-222.1774333169389,57.72782053755009,True
50,20,hapibd,ibd,-189.61126408661303,-220.1587363703771,30.54747228376408,True
50,20,hapibd,mixed,-146.07039724558993,-207.61066707940614,61.54026983381621,True
50,20,true,ibd,-205.76793080300513,-230.02921375570335,24.261282952698224,True
50,20,true,mixed,-157.6206522651833,-207.2154003161744,49.594748050991086,True
50,21,hapibd,ibd,-187.54516084269824,-226.81294497343805,39.26778413073981,True
50,21,hapibd,mixed,-135.50865528625528,-235.6603586726008,100.15170338634553,True
50,21,true,ibd,-198.30834251465487,-245.48613889852356,47.177796383868696,True
50,21,true,mixed,-146.24568412589147,-246.06323558408837,99.8175514581969,True
50,22,hapibd,ibd,-190.04115299954563,-253.69621876591646,63.655065766370825,True
50,22,hapibd,mixed,-147.27278241351837,-280.1868794675649,132.91409705404652,True
50,22,true,ibd,-208.645629610807,-266.770485231949,58.12485562114202,True
50,22,true,mixed,-159.65784814085916,-292.88883711140437,133.2309889705452,True
50,23,hapibd,ibd,-190.16625572931366,-223.8529217125984,33.68666598328474,True
50,23,hapibd,mixed,-142.81303480134397,-235.838617153593,93.02558235224902,True
50,23,true,ibd,-203.77922444738346,-241.2184898848642,37.43926543748074,True
50,23,true,mixed,-155.79836892749788,-240.06010102156432,84.26173209406645,True
50,24,hapibd,ibd,-200.48672429043094,-232.45072380948434,31.963999519053402,True
50,24,hapibd,mixed,-152.72189758820303,-219.19534912054195,66.47345153233891,True
50,24,true,ibd,-216.63259372955181,-254.8441318059584,38.21153807640658,True
50,24,true,mixed,-168.08173525936613,-240.8323110550271,72.75057579566098,True
50,25,hapibd,ibd,-207.66555855922945,-271.1827773799278,63.51721882069836,True
50,25,hapibd,mixed,-159.72677418059519,-280.6076339774123,120.88085979681713,True
50,25,true,ibd,-212.47089246093057,-279.1239064075256,66.65301394659505,True
50,25,true,mixed,-167.25109620841127,-284.4963456371703,117.24524942875902,True
50,26,hapibd,ibd,-179.11084930995602,-215.34286420282191,36.23201489286589,True
50,26,hapibd,mixed,-129.09956264438665,-219.0714176605752,89.97185501618856,True
50,26,true,ibd,-198.32101569849686,-226.25218396426627,27.9311682657694,True
50,26,true,mixed,-146.66717200536297,-224.66116071654147,77.9939887111785,True
50,27,hapibd,ibd,-206.19818940085796,-231.69032785040315,25.492138449545195,True
50,27,hapibd,mixed,-162.409844188185,-222.4327690929483,60.0229249047633,True
50,27,true,ibd,-223.66507273125427,-262.0895786111942,38.42450587993994,True
50,27,true,mixed,-175.35118119067042,-249.2439876982331,73.89280650756268,True
50,28,hapibd,ibd,-192.73536901084273,-226.8507824798852,34.115413469042466,True
50,28,hapibd,mixed,-144.16944733518542,-221.28936617342083,77.1199188382354,True
50,28,true,ibd,-204.33353226217343,-241.1343052825584,36.80077302038495,True
50,28,true,mixed,-152.63923774122802,-229.93975472508168,77.30051698385367,True
50,29,hapibd,ibd,-191.6857577776877,-243.1668766773131,51.481118899625386,True
50,29,hapibd,mixed,-149.4902388280069,-238.02496093942526,88.53472211141835,True
50,29,true,ibd,-208.45739736275567,-251.8978708022364,43.44047343948074,True
50,29,true,mixed,-164.50031246921588,-242.24387262792817,77.74356015871228,True
50,30,hapibd,ibd,-221.25023728161688,-269.71640338227724,48.46616610066036,True
50,30,hapibd,mixed,-179.12781367348123,-272.84093829635356,93.71312462287233,True
50,30,true,ibd,-232.90851571108445,-301.00740878910824,68.09889307802379,True
50,30,true,mixed,-192.518960500939,-308.49559450549657,115.97663400455758,True
50,31,hapibd,ibd,-216.3617716974059,-250.646540268192,34.2847685707861,True
50,31,hapibd,mixed,-167.33710146155306,-240.80812091909075,73.4710194575377,True
50,31,true,ibd,-231.53469253126275,-268.3438730991523,36.80918056788954,True
50,31,true,mixed,-189.36565840949595,-256.504681670243,67.13902326074702,True
50,32,hapibd,ibd,-201.21277464283693,-223.46477553736145,22.252000894524514,True
50,32,hapibd,mixed,-154.2851037531854,-205.0328348153532,50.74773106216779,True
50,32,true,ibd,-214.75576062506337,-232.05345074421174,17.29769011914837,True
50,32,true,mixed,-166.5750695468926,-207.73728525448288,41.16221570759029,True
50,33,hapibd,ibd,-221.80026760704482,-252.2447922807424,30.444524673697572,True
50,33,hapibd,mixed,-175.0174218003404,-230.08677587814375,55.069354077803354,True
50,33,true,ibd,-239.48130163196893,-284.8726913490037,45.39138971703474,True
50,33,true,mixed,-196.6285000209118,-259.53704240146465,62.90854238055286,True
50,34,hapibd,ibd,-204.83806636220191,-245.09918894394477,40.26112258174285,True
50,34,hapibd,mixed,-155.58030393838183,-271.0725641808957,115.49226024251388,True
50,34,true,ibd,-210.86396305376994,-266.44069742162606,55.57673436785612,True
50,34,true,mixed,-160.8819872834622,-291.05235789433476,130.17037061087257,True
50,35,hapibd,ibd,-194.75726366209474,-251.6763583593223,56.919094697227564,True
50,35,hapibd,mixed,-148.17627119985215,-264.1892677485595,116.01299654870732,True
50,35,true,ibd,-198.74432814507003,-257.9333542902575,59.18902614518748,True
50,35,true,mixed,-149.77968974679598,-263.1347543952052,113.35506464840924,True
50,36,hapibd,ibd,-193.8244037824478,-237.20141412002062,43.37701033757281,True
50,36,hapibd,mixed,-147.0533990174592,-215.75622765183294,68.70282863437373,True
50,36,true,ibd,-210.27960384847836,-274.0219409686119,63.74233712013353,True
50,36,true,mixed,-159.2396452840891,-260.0049893396652,100.7653440555761,True
50,37,hapibd,ibd,-187.26667090527377,-220.19878167160618,32.932110766332414,True
50,37,hapibd,mixed,-140.89742497186933,-212.51523124095584,71.61780626908651,True
50,37,true,ibd,-190.58177198000786,-238.183350994175,47.60157901416713,True
50,37,true,mixed,-145.78432506791762,-222.89770981043083,77.1133847425132,True
50,38,hapibd,ibd,-188.5171902181683,-222.48940654364222,33.97221632547391,True
50,38,hapibd,mixed,-135.6052404214451,-242.85700921505097,107.25176879360586,True
50,38,true,ibd,-201.80210730612524,-234.29795669824242,32.49584939211718,True
50,38,true,mixed,-150.76403657037054,-248.55838252010838,97.79434594973785,True
50,39,hapibd,ibd,-195.08274763073916,-243.3562729720806,48.27352534134144,True
50,39,hapibd,mixed,-148.85100480590907,-273.50381535334077,124.6528105474317,True
50,39,true,ibd,-218.95257174233058,-256.4284727301876,37.47590098785702,True
50,39,true,mixed,-168.5442337303679,-282.82772290736716,114.28348917699927,True
50,40,hapibd,ibd,-207.10822297475534,-244.41187413752027,37.303651162764936,True
50,40,hapibd,mixed,-162.7375121132683,-223.0525517467029,60.315039633434594,True
50,40,true,ibd,-207.45408196067112,-251.9252102538342,44.471128293163076,True
50,40,true,mixed,-162.83147411631333,-233.0292043879102,70.19773027159687,True
50,41,hapibd,ibd,-185.5006843318034,-211.59337020085664,26.09268586905324,True
50,41,hapibd,mixed,-135.64097086729578,-200.06360941591709,64.42263854862131,True
50,41,true,ibd,-190.3552928059405,-236.34412729682268,45.98883449088217,True
50,41,true,mixed,-142.72563944464022,-227.5689003295816,84.84326088494137,True
50,42,hapibd,ibd,-190.94316974316612,-227.05912154111306,36.115951797946934,True
50,42,hapibd,mixed,-138.55417101553476,-268.64280996785,130.08863895231522,True
50,42,true,ibd,-199.93050276750878,-257.88158580240736,57.95108303489857,True
50,42,true,mixed,-149.8630312623669,-293.4331711026894,143.57013984032253,True
50,43,hapibd,ibd,-188.91933258551458,-233.1157946800551,44.19646209454052,True
50,43,hapibd,mixed,-141.23015511623123,-227.31804330961995,86.08788819338872,True
50,43,true,ibd,-207.76047489278616,-275.06144961233167,67.30097471954551,True
50,43,true,mixed,-159.78718153968072,-271.47925586485746,111.69207432517675,True
50,44,hapibd,ibd,-225.0569233934737,-256.12300946323586,31.06608606976215,True
50,44,hapibd,mixed,-173.02372036607522,-237.92018996859719,64.89646960252196,True
50,44,true,ibd,-226.52122288924258,-252.26643257547215,25.745209686229572,True
50,44,true,mixed,-174.13281891953827,-225.38144787631464,51.24862895677637,True
50,45,hapibd,ibd,-190.6671298345029,-226.36651093237634,35.69938109787344,True
50,45,hapibd,mixed,-144.3336906590055,-216.39984882449738,72.06615816549188,True
50,45,true,ibd,-202.37889335624433,-234.68910878294167,32.31021542669734,True
50,45,true,mixed,-155.3862604140315,-225.1797355575795,69.793475143548,True
50,46,hapibd,ibd,-196.66270048713753,-257.650080858356,60.98738037121845,True
50,46,hapibd,mixed,-146.65182031030284,-270.5546530110198,123.90283270071697,True
50,46,true,ibd,-208.8420424878305,-302.4649326414455,93.622890153615,True
50,46,true,mixed,-159.92696674459881,-319.71157199618835,159.78460525158954,True
50,47,hapibd,ibd,-194.85189719031425,-227.67127127501251,32.81937408469827,True
50,47,hapibd,mixed,-144.65244940023928,-243.81904217511084,99.16659277487156,True
50,47,true,ibd,-207.11544906529534,-266.4958497672815,59.38040070198619,True
50,47,true,mixed,-158.87811775640748,-272.47204298157305,113.59392522516558,True
50,48,hapibd,ibd,-198.61702469319573,-220.65319489756132,22.03617020436559,True
50,48,hapibd,mixed,-153.45125857718503,-194.1232860335199,40.67202745633486,True
50,48,true,ibd,-208.49000735467513,-243.69720853274043,35.207201178065304,True
50,48,true,mixed,-166.617957049724,-212.76245168991397,46.144494640189976,True
50,49,hapibd,ibd,-208.64469073812938,-283.05924469530197,74.41455395717259,True
50,49,hapibd,mixed,-159.52911650747706,-307.2276332142836,147.69851670680657,True
50,49,true,ibd,-220.57636249926006,-298.4528352303412,77.87647273108112,True
50,49,true,mixed,-172.7057589190608,-315.310805602305,142.60504668324418,True
50,50,hapibd,ibd,-193.6037102089341,-219.86132660329122,26.257616394357115,True
50,50,hapibd,mixed,-143.77382011162035,-218.09063920957072,74.31681909795037,True
50,50,true,ibd,-204.4461045296085,-235.55718303677457,31.11107850716607,True
50,50,true,mixed,-156.7701480915894,-220.2739430134506,63.503794921861214,True
50,51,hapibd,ibd,-195.66143901978157,-247.98368140314204,52.322242383360475,True
50,51,hapibd,mixed,-148.2314225828992,-234.87241340669567,86.64099082379647,True
50,51,true,ibd,-211.036117706862,-280.7053001175269,69.66918241066492,True
50,51,true,mixed,-163.93154734893014,-276.1819940466742,112.25044669774408,True
50,52,hapibd,ibd,-200.99565514305735,-234.92369568821752,33.92804054516017,True
50,52,hapibd,mixed,-152.74833022799564,-243.71393711940985,90.96560689141421,True
50,52,true,ibd,-209.45557234796024,-245.20434820656675,35.74877585860651,True
50,52,true,mixed,-167.8457254285771,-245.80773797576543,77.96201254718832,True
50,53,hapibd,ibd,-206.19851240447693,-240.68366266894893,34.485150264472,True
50,53,hapibd,mixed,-158.68372087157297,-225.36015501965454,66.67643414808157,True
50,53,true,ibd,-215.28423403831778,-257.4068097474579,42.12257570914011,True
50,53,true,mixed,-165.5050740296829,-237.46369578190254,71.95862175221964,True
50,54,hapibd,ibd,-196.02551242623682,-247.35073806509072,51.32522563885391,True
50,54,hapibd,mixed,-143.95165706902014,-250.10300616285048,106.15134909383033,True
50,54,true,ibd,-210.10427317522755,-273.6522162306524,63.54794305542487,True
50,54,true,mixed,-159.90410813331061,-270.6004250727768,110.69631693946616,True
50,55,hapibd,ibd,-217.7594706825163,-268.3212711018885,50.56180041937219,True
50,55,hapibd,mixed,-170.2084415148791,-280.8300743454695,110.62163283059039,True
50,55,true,ibd,-223.90794642550222,-276.0719787027241,52.16403227722188,True
50,55,true,mixed,-175.90848962556305,-279.9805632023266,104.07207357676356,True
50,56,hapibd,ibd,-187.59660214635957,-233.3660857890285,45.769483642668916,True
50,56,hapibd,mixed,-137.07400734645046,-238.25063669141028,101.17662934495982,True
50,56,true,ibd,-200.56214754468127,-237.5390729324029,36.97692538772162,True
50,56,true,mixed,-147.73307961834334,-228.66994718210051,80.93686756375718,True
50,57,hapibd,ibd,-204.10774048282892,-269.76137230498847,65.65363182215955,True
50,57,hapibd,mixed,-159.258940052773,-278.0784647853085,118.81952473253548,True
50,57,true,ibd,-224.5899065120134,-307.33112998701534,82.74122347500193,True
50,57,true,mixed,-175.94835957196847,-310.2745971922793,134.32623762031085,True
50,58,hapibd,ibd,-198.32229455182167,-227.16392672691845,28.841632175096777,True
50,58,hapibd,mixed,-151.12541085674712,-232.6828318144618,81.55742095771467,True
50,58,true,ibd,-214.57752556410335,-252.28890740109875,37.7113818369954,True
50,58,true,mixed,-161.9907098333671,-254.93773127748346,92.94702144411636,True
50,59,hapibd,ibd,-188.51616332903762,-241.03035362671608,52.514190297678454,True
50,59,hapibd,mixed,-136.68910459195155,-248.95174632208426,112.26264173013271,True
50,59,true,ibd,-207.1910421088534,-292.282654777053,85.09161266819959,True
50,59,true,mixed,-158.1046382961541,-301.1548999581328,143.05026166197868,True
50,60,hapibd,ibd,-200.5782564989175,-233.44192735054222,32.863670851624704,True
50,60,hapibd,mixed,-155.10521619624936,-223.21638221080408,68.11116601455473,True
50,60,true,ibd,-209.88049834673575,-247.97123720936446,38.09073886262871,True
50,60,true,mixed,-163.50424078317806,-225.93102202075082,62.426781237572754,True
50,61,hapibd,ibd,-199.57534175435313,-262.55941928815633,62.9840775338032,True
50,61,hapibd,mixed,-150.0733229214651,-271.6983058017244,121.62498288025932,True
50,61,true,ibd,-221.83243951082437,-316.1466039782335,94.31416446740911,True
50,61,true,mixed,-171.85091376708488,-322.7321242056132,150.88121043852834,True
50,62,hapibd,ibd,-193.51889553943647,-214.33574199225725,20.816846452820783,True
50,62,hapibd,mixed,-145.4664929029072,-216.75277933318876,71.28628643028156,True
50,62,true,ibd,-208.0981715389644,-252.15407731769582,44.055905778731415,True
50,62,true,mixed,-161.83008120170817,-242.91089604304574,81.08081484133757,True
50,63,hapibd,ibd,-190.16128530265175,-230.80947083175317,40.648185529101426,True
50,63,hapibd,mixed,-140.12725505368522,-231.3937820994368,91.26652704575159,True
50,63,true,ibd,-208.89762377821313,-254.72961801673827,45.83199423852514,True
50,63,true,mixed,-159.65323503578077,-255.42757670870338,95.77434167292262,True
50,64,hapibd,ibd,-191.84154354161439,-225.05624943948308,33.2147058978687,True
50,64,hapibd,mixed,-140.46838231213619,-231.2893282418812,90.82094592974502,True
50,64,true,ibd,-204.75282684904326,-233.60340486120023,28.850578012156973,True
50,64,true,mixed,-153.67753468303846,-232.9911284852844,79.31359380224595,True
50,65,hapibd,ibd,-195.9042229186756,-236.65038803140567,40.74616511273007,True
50,65,hapibd,mixed,-152.25230538674106,-214.10448907565768,61.852183688916625,True
50,65,true,ibd,-209.57719526179687,-246.8696561369926,37.29246087519573,True
50,65,true,mixed,-158.4685778406078,-221.83398326083662,63.365405420228825,True
50,66,hapibd,ibd,-194.23264363184904,-274.79871497329555,80.5660713414465,True
50,66,hapibd,mixed,-149.71355583098526,-286.9304815437951,137.21692571280985,True
50,66,true,ibd,-200.70925771797002,-280.73931819721673,80.03006047924671,True
50,66,true,mixed,-154.1533761448689,-279.8987153109903,125.74533916612143,True
50,67,hapibd,ibd,-199.46270762572885,-219.0650199885091,19.602312362780253,True
50,67,hapibd,mixed,-148.0128297072153,-196.92878531863994,48.915955611424636,True
50,67,true,ibd,-210.333300798469,-229.75285829943945,19.419557500970456,True
50,67,true,mixed,-157.89590442534356,-200.09956860073848,42.20366417539492,True
50,68,hapibd,ibd,-190.8419026240791,-217.67509559609627,26.833192972017173,True
50,68,hapibd,mixed,-143.52733355649127,-191.28078204047569,47.753448483984414,True
50,68,true,ibd,-203.62906859980635,-224.41594864867565,20.786880048869307,True
50,68,true,mixed,-155.6277523302082,-188.20550279129648,32.57775046108827,True
50,69,hapibd,ibd,-188.90870807077712,-241.24022917874706,52.331521107969934,True
50,69,hapibd,mixed,-140.36287698659805,-233.03881017688965,92.6759331902916,True
50,69,true,ibd,-189.71940274426504,-250.78393503565326,61.06453229138822,True
50,69,true,mixed,-140.1601452402454,-240.99210737672547,100.83196213648006,True
50,70,hapibd,ibd,-199.80430678499908,-233.86036451978296,34.05605773478388,True
50,70,hapibd,mixed,-150.83460799443216,-250.36770775983044,99.53309976539828,True
50,70,true,ibd,-207.38111887814495,-244.80446883920803,37.42334996106308,True
50,70,true,mixed,-161.0985842655964,-262.2865247671623,101.18794050156589,True
50,71,hapibd,ibd,-214.17101512935085,-266.42888879056494,52.25787366121409,True
50,71,hapibd,mixed,-161.75311826745846,-262.4927207008974,100.73960243343893,True
50,71,true,ibd,-225.5701334891438,-287.79025246389654,62.22011897475272,True
50,71,true,mixed,-175.50180672907277,-287.09272970459483,111.59092297552206,True
50,72,hapibd,ibd,-192.73292191014514,-223.08889392488246,30.35597201473732,True
50,72,hapibd,mixed,-146.35720121688786,-202.24558286574833,55.888381648860474,True
50,72,true,ibd,-206.17875099339417,-233.5663717133026,27.387620719908426,True
50,72,true,mixed,-156.8601940754319,-208.09032590915507,51.23013183372316,True
50,73,hapibd,ibd,-196.51858922978974,-233.8739806859801,37.35539145619035,True
50,73,hapibd,mixed,-145.9889459484935,-238.8114796889784,92.82253374048491,True
50,73,true,ibd,-205.35975140603654,-251.12138409071596,45.76163268467943,True
50,73,true,mixed,-157.18303690345718,-255.88948028378223,98.70644338032506,True
50,74,hapibd,ibd,-206.26176478519065,-250.95254862918233,44.69078384399168,True
50,74,hapibd,mixed,-157.63863771660232,-254.77434002842114,97.13570231181882,True
50,74,true,ibd,-212.80667870262806,-267.65624733722854,54.84956863460047,True
50,74,true,mixed,-165.05225851180833,-266.5622641604294,101.51000564862105,True
50,75,hapibd,ibd,-185.13027447500397,-221.81544020045763,36.68516572545366,True
50,75,hapibd,mixed,-136.96083274056733,-231.2844305424522,94.32359780188489,True
50,75,true,ibd,-204.79654352550173,-252.0660236822031,47.26948015670138,True
50,75,true,mixed,-152.12781631486817,-259.4209103703075,107.29309405543935,True
50,76,hapibd,ibd,-187.68806522973222,-232.2172427889731,44.52917755924088,True
50,76,hapibd,mixed,-141.1326674443094,-219.2793389792001,78.14667153489071,True
50,76,true,ibd,-201.98551677213254,-244.44661851230714,42.4611017401746,True
50,76,true,mixed,-156.27671158962852,-221.88648814432224,65.60977655469372,True
50,77,hapibd,ibd,-208.86554037376885,-242.1532629646916,33.287722590922755,True
50,77,hapibd,mixed,-161.75822354073082,-260.0869931386223,98.32876959789147,True
50,77,true,ibd,-213.93791102580923,-264.6974571025682,50.759546076758966,True
50,77,true,mixed,-169.48805195287588,-282.6430585153476,113.15500656247173,True
50,78,hapibd,ibd,-205.42374217844466,-248.67325000425416,43.2495078258095,True
50,78,hapibd,mixed,-155.99459825757972,-250.05525435567407,94.06065609809434,True
50,78,true,ibd,-215.8265895066305,-268.3836223790703,52.55703287243978,True
50,78,true,mixed,-170.79367827005618,-290.57804318313043,119.78436491307426,True
50,79,hapibd,ibd,-191.63302282589714,-236.81274055462688,45.17971772872974,True
50,79,hapibd,mixed,-142.31106293761428,-232.8769839582386,90.56592102062433,True
50,79,true,ibd,-211.43668519653306,-265.2806533623631,53.84396816583006,True
50,79,true,mixed,-162.333651749908,-255.5032426828806,93.1695909329726,True
50,80,hapibd,ibd,-204.41479881175167,-237.03785831384263,32.62305950209097,True
50,80,hapibd,mixed,-155.406821453355,-240.61783951717376,85.21101806381876,True
50,80,true,ibd,-209.84224657264159,-238.03473220710603,28.192485634464447,True
50,80,true,mixed,-159.78738799111173,-234.2322727225514,74.44488473143966,True
50,81,hapibd,ibd,-218.01989525913,-244.71858296150998,26.69868770237997,True
50,81,hapibd,mixed,-167.34783570672974,-223.90510570881338,56.55727000208364,True
50,81,true,ibd,-224.99556459967158,-239.97329883209872,14.977734232427139,True
50,81,true,mixed,-174.64150484843407,-212.58303122056034,37.941526372126276,True
50,82,hapibd,ibd,-187.87005309057818,-253.54737560944406,65.67732251886588,True
50,82,hapibd,mixed,-138.56524583041644,-299.7141788176382,161.14893298722174,True
50,82,true,ibd,-202.52285176642437,-271.5804478228495,69.05759605642515,True
50,82,true,mixed,-153.42229827271913,-307.48364565708664,154.0613473843675,True
50,83,hapibd,ibd,-203.6997225523337,-230.10324839550813,26.403525843174435,True
50,83,hapibd,mixed,-153.00381932704326,-221.78125801440072,68.77743868735746,True
50,83,true,ibd,-213.5328058703275,-245.12103272984007,31.58822685951256,True
50,83,true,mixed,-164.63942092318902,-237.7497130276955,73.11029210450647,True
50,84,hapibd,ibd,-204.51241995113628,-234.25481882930552,29.74239887816924,True
50,84,hapibd,mixed,-153.86515200508794,-230.18298880349454,76.3178367984066,True
50,84,true,ibd,-208.52961876051756,-234.06352492572887,25.533906165211306,True
50,84,true,mixed,-159.48224956312055,-225.8493678789335,66.36711831581295,True
50,85,hapibd,ibd,-181.62686310567543,-210.07567170382296,28.448808598147536,True
50,85,hapibd,mixed,-133.4536113439033,-194.46070861376128,61.00709726985798,True
50,85,true,ibd,-198.27147834864144,-239.78566187991655,41.51418353127511,True
50,85,true,mixed,-147.88580175816045,-220.94319573459077,73.05739397643032,True
50,86,hapibd,ibd,-216.1335237740992,-249.57764844550866,33.44412467140947,True
50,86,hapibd,mixed,-165.14234300421913,-267.23672430151385,102.09438129729472,True
50,86,true,ibd,-230.1503774722807,-257.82011197249426,27.669734500213565,True
50,86,true,mixed,-179.3898250030453,-266.4628879332865,87.07306293024118,True
50,87,hapibd,ibd,-192.9786327821308,-213.69340456859493,20.714771786464127,True
50,87,hapibd,mixed,-143.27047101917222,-200.93961010207119,57.669139082898965,True
50,87,true,ibd,-205.87058848040562,-223.52762839976663,17.65703991936101,True
50,87,true,mixed,-156.91540961601203,-201.24603287608602,44.33062326007399,True
50,88,hapibd,ibd,-185.15121674003416,-222.77342854788375,37.622211807849595,True
50,88,hapibd,mixed,-136.47790311098493,-224.84093310668248,88.36302999569756,True
50,88,true,ibd,-206.8337683020322,-252.00593064734366,45.17216234531145,True
50,88,true,mixed,-156.5863248289806,-258.49258187075026,101.90625704176966,True
50,89,hapibd,ibd,-189.86264648053935,-220.51168654855627,30.649040068016916,True
50,89,hapibd,mixed,-139.70401627315218,-210.0169637245356,70.31294745138342,True
50,89,true,ibd,-204.1760831087907,-230.16176029242192,25.985677183631225,True
50,89,true,mixed,-153.72830530588212,-213.122051663411,59.3937463575289,True
50,90,hapibd,ibd,-183.58005159747657,-223.76100652123068,40.180954923754115,True
50,90,hapibd,mixed,-129.94490013336681,-232.53232013691732,102.5874200035505,True
50,90,true,ibd,-194.40010258071584,-252.41016489381505,58.01006231309921,True
50,90,true,mixed,-145.8230017074818,-256.9791485553632,111.15614684788142,True
50,91,hapibd,ibd,-210.1372766547088,-240.43326814635935,30.29599149165054,True
50,91,hapibd,mixed,-160.38329742221757,-251.15582842868798,90.77253100647042,True
50,91,true,ibd,-222.95614171845708,-245.25680594954332,22.300664231086245,True
50,91,true,mixed,-175.38481400164866,-254.9225424514265,79.53772844977783,True
50,92,hapibd,ibd,-203.07373058536493,-235.8719908264805,32.79826024111557,True
50,92,hapibd,mixed,-154.6348807002132,-263.3754909960231,108.74061029580989,True
50,92,true,ibd,-211.1395470694082,-248.79854793926646,37.65900086985826,True
50,92,true,mixed,-162.34388546628665,-262.45944027150085,100.1155548052142,True
50,93,hapibd,ibd,-214.69108702614233,-254.7243836828618,40.03329665671947,True
50,93,hapibd,mixed,-164.11709599451848,-255.28310157895967,91.1660055844412,True
50,93,true,ibd,-212.9047989943007,-262.02285877918575,49.11805978488505,True
50,93,true,mixed,-163.73045230219788,-260.7461660372628,97.01571373506494,True
50,94,hapibd,ibd,-193.162126938941,-221.5244689646454,28.362342025704407,True
50,94,hapibd,mixed,-145.75630927121912,-209.65995974595288,63.90365047473375,True
50,94,true,ibd,-194.98631585898826,-233.93988143186738,38.953565572879114,True
50,94,true,mixed,-151.3864717415457,-212.8368593984869,61.45038765694119,True
50,95,hapibd,ibd,-183.4384720728628,-222.06526200248618,38.626789929623385,True
50,95,hapibd,mixed,-134.8602456388678,-232.35687635646585,97.49663071759804,True
50,95,true,ibd,-191.323969676466,-235.9704238316958,44.646454155229804,True
50,95,true,mixed,-142.0286932130381,-241.67620445345355,99.64751124041544,True
50,96,hapibd,ibd,-203.8299043916561,-266.6577963773211,62.82789198566502,True
50,96,hapibd,mixed,-153.7674422059416,-264.8637486422181,111.09630643627654,True
50,96,true,ibd,-208.30474724791904,-278.6373555428536,70.33260829493454,True
50,96,true,mixed,-157.1375846880864,-269.9909015590496,112.85331687096317,True
50,97,hapibd,ibd,-194.15789184392878,-233.58587157242485,39.42797972849607,True
50,97,hapibd,mixed,-144.0603397941044,-237.0283710428352,92.9680312487308,True
50,97,true,ibd,-206.39468033470447,-263.3258697186061,56.931189383901625,True
50,97,true,mixed,-158.95976172303676,-262.888750469494,103.92898874645726,True
50,98,hapibd,ibd,-189.71626748947315,-223.98007959439335,34.26381210492019,True
50,98,hapibd,mixed,-143.3281074019845,-215.6113099221254,72.28320252014089,True
50,98,true,ibd,-200.79753253580063,-237.28525474185935,36.48772220605872,True
50,98,true,mixed,-155.73723979779015,-224.81975285441388,69.08251305662372,True
50,99,hapibd,ibd,-208.62365730811283,-245.29026166078467,36.66660435267184,True
50,99,hapibd,mixed,-163.076921089179,-245.7799210730542,82.7029999838752,True
50,99,true,ibd,-220.62907399015526,-251.25073955524442,30.62166556508916,True
50,99,true,mixed,-170.32643582341964,-246.64364729527645,76.31721147185681,True
100,0,hapibd,ibd,-251.03388407316356,-339.08344388953685,88.04955981637329,True
100,0,hapibd,mixed,-197.18635296041694,-379.83130660348644,182.6449536430695,True
100,0,true,ibd,-248.1566907914582,-369.99216454364216,121.83547375218396,True
100,0,true,mixed,-195.5943602667583,-418.1828525822631,222.5884923155048,True
100,1,hapibd,ibd,-256.8753761544919,-319.3004316671772,62.425055512685276,True
100,1,hapibd,mixed,-205.4473501813906,-313.93509588419556,108.48774570280497,True
100,1,true,ibd,-269.16494168220265,-341.9549152911783,72.78997360897563,True
100,1,true,mixed,-215.1760390335678,-342.4182990399072,127.2422600063394,True
100,2,hapibd,ibd,-230.93596831103324,-332.42668523538987,101.49071692435663,True
100,2,hapibd,mixed,-183.82019864072402,-397.63093207538395,213.81073343465994,True
100,2,true,ibd,-239.6075589137412,-357.3235093913437,117.71595047760249,True
100,2,true,mixed,-186.26241827682009,-405.3150250779008,219.05260680108074,True
100,3,hapibd,ibd,-232.5797027841138,-322.9841943326828,90.40449154856901,True
100,3,hapibd,mixed,-184.32948468948638,-353.2687881244655,168.93930343497914,True
100,3,true,ibd,-250.91804918511187,-344.2627693825495,93.34472019743762,True
100,3,true,mixed,-200.08576983659307,-364.49997891888637,164.4142090822933,True
100,4,hapibd,ibd,-248.82386456601517,-335.95742778219534,87.13356321618016,True
100,4,hapibd,mixed,-194.1258823530348,-360.74771909772807,166.62183674469327,True
100,4,true,ibd,-264.5512626471468,-352.1805676850162,87.62930503786936,True
100,4,true,mixed,-208.81612727930118,-367.3859965725214,158.5698692932202,True
100,5,hapibd,ibd,-254.6344248216584,-326.1942178586751,71.55979303701668,True
100,5,hapibd,mixed,-203.9240850181593,-335.3539819613254,131.4298969431661,True
100,5,true,ibd,-263.82635377294366,-351.5703919620019,87.74403818905824,True
100,5,true,mixed,-213.21886403754087,-349.3549236500005,136.13605961245963,True
100,6,hapibd,ibd,-252.64289926528122,-330.14949386757706,77.50659460229585,True
100,6,hapibd,mixed,-201.95102170138043,-361.32300084718787,159.37197914580744,True
100,6,true,ibd,-262.445725968039,-353.7310588985602,91.28533293052118,True
100,6,true,mixed,-208.14749338892636,-382.42911903317935,174.28162564425298,True
100,7,hapibd,ibd,-240.92147146176146,-285.99130453570024,45.06983307393878,True
100,7,hapibd,mixed,-188.200569678726,-277.9517215998344,89.7511519211084,True
100,7,true,ibd,-259.7146217787657,-308.85825825016013,49.143636471394416,True
100,7,true,mixed,-212.3250992494241,-291.5211342069026,79.1960349574785,True
100,8,hapibd,ibd,-238.77473090389714,-323.77566130227433,85.00093039837719,True
100,8,hapibd,mixed,-189.5623708512879,-351.29151790265496,161.72914705136705,True
100,8,true,ibd,-242.74373376354617,-333.47145994797717,90.72772618443099,True
100,8,true,mixed,-189.59985420169636,-350.8117419517801,161.21188775008375,True
100,9,hapibd,ibd,-243.9254468778626,-307.01340048973134,63.08795361186873,True
100,9,hapibd,mixed,-191.18749375853275,-309.70656359223227,118.51906983369952,True
100,9,true,ibd,-252.95808789383582,-324.6658880875505,71.70780019371469,True
100,9,true,mixed,-200.0049956836847,-316.46272603686486,116.45773035318015,True
100,10,hapibd,ibd,-257.2391433099447,-346.71948324087344,89.48033993092872,True
100,10,hapibd,mixed,-207.39143917190626,-391.7039720833192,184.31253291141292,True
100,10,true,ibd,-256.223568377537,-361.2098305538783,104.98626217634131,True
100,10,true,mixed,-207.85802249964462,-380.3062568604813,172.4482343608367,True
100,11,hapibd,ibd,-242.40932829260697,-326.88566129230685,84.47633299969988,True
100,11,hapibd,mixed,-192.01290037844262,-363.5647517517464,171.5518513733038,True
100,11,true,ibd,-258.6357636870078,-363.98626016270924,105.35049647570145,True
100,11,true,mixed,-209.7730708990951,-386.28209375651716,176.50902285742205,True
100,12,hapibd,ibd,-250.1179975973901,-329.64052205772424,79.52252446033415,True
100,12,hapibd,mixed,-195.04759744151457,-337.84087890035784,142.79328145884327,True
100,12,true,ibd,-257.7640758684926,-372.8258085165652,115.06173264807256,True
100,12,true,mixed,-208.15671761064482,-369.84388089979495,161.68716328915013,True
100,13,hapibd,ibd,-238.8289304897667,-321.59966429727,82.77073380750332,True
100,13,hapibd,mixed,-185.4711806511018,-381.78397905787745,196.31279840677564,True
100,13,true,ibd,-257.02613403264263,-334.1967072475782,77.17057321493559,True
100,13,true,mixed,-202.93024384682445,-387.2222456589149,184.29200181209046,True
100,14,hapibd,ibd,-249.62596038416407,-319.0630455642198,69.43708518005573,True
100,14,hapibd,mixed,-197.1324969093732,-336.3242273347362,139.19173042536298,True
100,14,true,ibd,-251.32047541451288,-332.88644549292036,81.56597007840747,True
100,14,true,mixed,-196.13430590642596,-348.94224403318714,152.80793812676117,True
100,15,hapibd,ibd,-243.54189487646883,-325.09186687477455,81.54997199830572,True
100,15,hapibd,mixed,-191.0856087906037,-395.26425871431235,204.17864992370866,True
100,15,true,ibd,-249.93179582717258,-337.53913608276264,87.60734025559006,True
100,15,true,mixed,-201.2810530733122,-389.3765373663809,188.0954842930687,True
100,16,hapibd,ibd,-243.0746999089982,-337.1846166019166,94.1099166929184,True
100,16,hapibd,mixed,-190.50893929036928,-416.9323020153463,226.423362724977,True
100,16,true,ibd,-247.52882307028617,-351.40082121998245,103.87199814969628,True
100,16,true,mixed,-196.59829591147061,-407.7536156575223,211.15531974605167,True
100,17,hapibd,ibd,-219.2930289252429,-328.1302916095007,108.83726268425781,True
100,17,hapibd,mixed,-168.0953642747889,-410.31252484278895,242.21716056800005,True
100,17,true,ibd,-235.38942833588294,-356.528617833804,121.13918949792105,True
100,17,true,mixed,-185.8355833871961,-427.534433187217,241.69884980002092,True
100,18,hapibd,ibd,-240.28431230281276,-308.1907960995325,67.90648379671975,True
100,18,hapibd,mixed,-193.037991168677,-322.18165705629343,129.14366588761644,True
100,18,true,ibd,-257.34332656854,-361.307209481896,103.96388291335597,True
100,18,true,mixed,-208.12862686639158,-385.83357405815156,177.70494719175997,True
100,19,hapibd,ibd,-249.9048795257674,-322.2130844395162,72.3082049137488,True
100,19,hapibd,mixed,-198.1808232011331,-337.06807871744013,138.88725551630702,True
100,19,true,ibd,-254.69118791114053,-324.4872108005341,69.79602288939358,True
100,19,true,mixed,-202.61351784262138,-328.4750679226175,125.8615500799961,True
100,20,hapibd,ibd,-258.0293204557617,-331.92322866404817,73.89390820828646,True
100,20,hapibd,mixed,-210.20809791327122,-358.1760185406504,147.96792062737916,True
100,20,true,ibd,-262.13795247948275,-333.98870537810984,71.85075289862709,True
100,20,true,mixed,-211.87879251922672,-355.09417669379485,143.21538417456813,True
100,21,hapibd,ibd,-224.17403879106087,-289.57344257096645,65.39940377990558,True
100,21,hapibd,mixed,-168.9906251252797,-321.753649122289,152.7630239970093,True
100,21,true,ibd,-238.0881550689512,-300.4594865678219,62.37133149887069,True
100,21,true,mixed,-183.06547328636051,-325.122889358641,142.05741607228046,True
100,22,hapibd,ibd,-227.43075581193705,-339.31871435510743,111.88795854317038,True
100,22,hapibd,mixed,-174.76439012079922,-385.81790131095073,211.0535111901515,True
100,22,true,ibd,-253.915275067376,-375.2144254745408,121.2991504071648,True
100,22,true,mixed,-199.8962425137059,-428.89537421216073,228.99913169845485,True
100,23,hapibd,ibd,-236.62770912120396,-311.04067639950483,74.41296727830087,True
100,23,hapibd,mixed,-187.04017250108632,-342.2791015102797,155.23892900919338,True
100,23,true,ibd,-254.42348764528015,-338.8020727402484,84.37858509496823,True
100,23,true,mixed,-200.42140895765522,-365.96058438241215,165.53917542475693,True
100,24,hapibd,ibd,-277.00527843671574,-347.40544101532896,70.40016257861322,True
100,24,hapibd,mixed,-223.80546152181742,-389.0746150898054,165.26915356798796,True
100,24,true,ibd,-278.398312808515,-355.1353793312965,76.7370665227815,True
100,24,true,mixed,-227.63885478252493,-381.9012573189681,154.26240253644315,True
100,25,hapibd,ibd,-233.9722139023155,-332.4033431050929,98.43112920277741,True
100,25,hapibd,mixed,-177.8059745944674,-370.5610624970644,192.75508790259704,True
100,25,true,ibd,-253.455406447611,-368.8237828322039,115.36837638459289,True
100,25,true,mixed,-195.09177618955695,-412.19481454693175,217.1030383573748,True
100,26,hapibd,ibd,-255.4906609338887,-364.2145466019718,108.72388566808308,True
100,26,hapibd,mixed,-206.7205279095297,-389.5080332136926,182.78750530416292,True
100,26,true,ibd,-277.8472215093546,-440.41858211132114,162.57136060196655,True
100,26,true,mixed,-228.4602977941201,-472.0925997235243,243.6323019294042,True
100,27,hapibd,ibd,-240.34182868930574,-314.2776723576971,73.93584366839136,True
100,27,hapibd,mixed,-188.19523914318108,-367.28062508117546,179.08538593799437,True
100,27,true,ibd,-250.0388236645077,-321.0024529184994,70.96362925399168,True
100,27,true,mixed,-196.0457466703115,-363.5050076753215,167.45926100501,True
100,28,hapibd,ibd,-252.0204676337703,-329.8986191826291,77.8781515488588,True
100,28,hapibd,mixed,-200.26935754401848,-410.42650106477157,210.1571435207531,True
100,28,true,ibd,-259.0561902746118,-348.53960733062104,89.48341705600922,True
100,28,true,mixed,-212.4035961801649,-408.6954757015172,196.29187952135229,True
100,29,hapibd,ibd,-248.01384835171257,-328.2923811694937,80.27853281778113,True
100,29,hapibd,mixed,-198.3280348395821,-363.3333438242498,165.00530898466772,True
100,29,true,ibd,-253.36988282501449,-336.2856764483758,82.91579362336131,True
100,29,true,mixed,-205.0831927306676,-360.3609037812956,155.27771105062797,True
100,30,hapibd,ibd,-247.358951923822,-307.1469398077882,59.787987883966224,True
100,30,hapibd,mixed,-191.73836362696963,-330.28064519241406,138.54228156544443,True
100,30,true,ibd,-257.7622421609178,-320.2421940281,62.479951867182194,True
100,30,true,mixed,-204.59182139858171,-335.43517598053955,130.84335458195784,True
100,31,hapibd,ibd,-244.27034129651088,-327.4092247439622,83.13888344745135,True
100,31,hapibd,mixed,-198.3120431111665,-388.4480641302737,190.13602101910718,True
100,31,true,ibd,-259.95654882639036,-354.12411945760243,94.16757063121207,True
100,31,true,mixed,-212.87626440396662,-415.3988587752882,202.5225943713216,True
100,32,hapibd,ibd,-244.95468362586055,-297.5791887165399,52.62450509067932,True
100,32,hapibd,mixed,-192.9968475986242,-310.5251484048345,117.5283008062103,True
100,32,true,ibd,-262.7192281502367,-342.2627195260066,79.54349137576992,True
100,32,true,mixed,-213.4754879538278,-347.16869728679796,133.69320933297016,True
100,33,hapibd,ibd,-245.36368459561925,-326.7516166144146,81.38793201879537,True
100,33,hapibd,mixed,-191.2474866826364,-370.32129231675486,179.07380563411846,True
100,33,true,ibd,-248.7998609903377,-344.83720147178514,96.03734048144744,True
100,33,true,mixed,-195.9891503948603,-376.01403776405624,180.02488736919594,True
100,34,hapibd,ibd,-256.2606725940965,-323.79628053213,67.53560793803354,True
100,34,hapibd,mixed,-202.9806158421203,-353.0807152569745,150.10009941485418,True
100,34,true,ibd,-257.29961829831666,-319.3919522766574,62.09233397834072,True
100,34,true,mixed,-208.53868423570205,-351.5686487201776,143.02996448447553,True
100,35,hapibd,ibd,-241.1642028119142,-331.0098330379159,89.84563022600167,True
100,35,hapibd,mixed,-188.33660829001138,-366.18520891354837,177.84860062353698,True
100,35,true,ibd,-252.44699190246462,-352.6580717918817,100.21107988941708,True
100,35,true,mixed,-194.7902175669839,-379.6025246317198,184.8123070647359,True
100,36,hapibd,ibd,-250.3321549784093,-339.9352541106398,89.60309913223048,True
100,36,hapibd,mixed,-200.13862280938488,-394.974159880512,194.8355370711271,True
100,36,true,ibd,-261.21007128842274,-379.93753119879204,118.7274599103693,True
100,36,true,mixed,-209.02793565541123,-425.90901771460625,216.88108205919502,True
100,37,hapibd,ibd,-229.9949513494636,-328.743812249952,98.74886090048838,True
100,37,hapibd,mixed,-175.9154845898177,-373.0480587678832,197.1325741780655,True
100,37,true,ibd,-236.1809677737505,-347.9155169355695,111.73454916181899,True
100,37,true,mixed,-179.5019187172424,-388.9300710949858,209.4281523777434,True
100,38,hapibd,ibd,-232.47915489238972,-311.10380647287934,78.62465158048963,True
100,38,hapibd,mixed,-179.58984884726496,-373.67665982395357,194.0868109766886,True
100,38,true,ibd,-239.0245108273122,-347.4448036037752,108.42029277646299,True
100,38,true,mixed,-184.8473243891601,-403.82553567945143,218.97821129029134,True
100,39,hapibd,ibd,-224.38163536875024,-323.1951963602778,98.81356099152757,True
100,39,hapibd,mixed,-176.54978582130886,-386.7705400692703,210.22075424796142,True
100,39,true,ibd,-230.74655413871488,-344.6644873438425,113.91793320512761,True
100,39,true,mixed,-183.0525829596273,-394.0365245073326,210.9839415477053,True
100,40,hapibd,ibd,-232.5181890436837,-296.35643140736113,63.83824236367744,True
100,40,hapibd,mixed,-182.82412285722216,-321.02926782390966,138.2051449666875,True
100,40,true,ibd,-258.07006855700354,-332.3214296820552,74.25136112505169,True
100,40,true,mixed,-213.3813721673516,-345.3288507617121,131.9474785943605,True
100,41,hapibd,ibd,-239.33203016797478,-343.7476821470312,104.4156519790564,True
100,41,hapibd,mixed,-189.85820210251742,-409.9582976958059,220.1000955932885,True
100,41,true,ibd,-234.5444286301712,-361.3540029215998,126.80957429142856,True
100,41,true,mixed,-188.00975040742043,-405.1658903309577,217.1561399235373,True
100,42,hapibd,ibd,-248.46051535636835,-336.45254499577976,87.99202963941141,True
100,42,hapibd,mixed,-199.39251144676788,-378.7343296328239,179.34181818605603,True
100,42,true,ibd,-253.58052500252504,-339.91102000888486,86.33049500635983,True
100,42,true,mixed,-203.8699550044068,-361.8271899576796,157.9572349532728,True
100,43,hapibd,ibd,-238.89409428829262,-302.9438499341096,64.04975564581699,True
100,43,hapibd,mixed,-186.95353720138937,-343.0595913006528,156.10605409926345,True
100,43,true,ibd,-252.00309319116138,-335.6327545895939,83.62966139843252,True
100,43,true,mixed,-201.58322997358084,-376.5304831575837,174.94725318400288,True
100,44,hapibd,ibd,-251.84621287747328,-319.08385563161363,67.23764275414035,True
100,44,hapibd,mixed,-204.93028077231762,-330.2583049268325,125.3280241545149,True
100,44,true,ibd,-255.2452617238203,-348.6402290962024,93.3949673723821,True
100,44,true,mixed,-211.32554705718533,-361.2644207825357,149.93887372535036,True
100,45,hapibd,ibd,-258.70089638847,-334.8932346864174,76.19233829794734,True
100,45,hapibd,mixed,-207.2032091009782,-352.1118069461874,144.90859784520921,True
100,45,true,ibd,-277.617903469267,-374.81695484822,97.19905137895302,True
100,45,true,mixed,-220.94515075587103,-389.91264342136583,168.9674926654948,True
100,46,hapibd,ibd,-226.7034214240044,-291.67642224279336,64.97300081878896,True
100,46,hapibd,mixed,-173.2343522018421,-345.2550449294836,172.02069272764146,True
100,46,true,ibd,-244.4595732094171,-319.4101522101295,74.95057900071242,True
100,46,true,mixed,-188.59522398197709,-361.95278347753884,173.35755949556176,True
100,47,hapibd,ibd,-261.9175191718124,-332.4561910374801,70.53867186566771,True
100,47,hapibd,mixed,-208.900805751539,-347.7278873420666,138.8270815905276,True
100,47,true,ibd,-263.6033601665011,-320.3065755074916,56.70321534099048,True
100,47,true,mixed,-210.22348106890232,-326.4755897186293,116.25210864972698,True
100,48,hapibd,ibd,-239.20763590895908,-315.6342952312521,76.42665932229303,True
100,48,hapibd,mixed,-190.85140462612276,-346.37796031163316,155.5265556855104,True
100,48,true,ibd,-251.65114643008698,-333.0702178822471,81.41907145216013,True
100,48,true,mixed,-204.07998524721103,-358.2176505433961,154.13766529618505,True
100,49,hapibd,ibd,-230.04392474857661,-306.0455112443586,76.00158649578196,True
100,49,hapibd,mixed,-179.47349440266962,-334.49900491733626,155.02551051466665,True
100,49,true,ibd,-242.15852049778186,-313.8597779409791,71.70125744319722,True
100,49,true,mixed,-186.4116221549898,-324.6131679670239,138.2015458120341,True
100,50,hapibd,ibd,-236.1212659528865,-333.24197629876465,97.12071034587817,True
100,50,hapibd,mixed,-188.2440169321859,-351.44892474686895,163.20490781468305,True
100,50,true,ibd,-249.35940536096172,-343.90101950621164,94.54161414524992,True
100,50,true,mixed,-197.9685965853172,-357.30010781042233,159.33151122510515,True
100,51,hapibd,ibd,-233.23926238925034,-325.4811860728341,92.24192368358374,True
100,51,hapibd,mixed,-183.6615052122642,-379.40864318544266,195.74713797317847,True
100,51,true,ibd,-240.779433150396,-329.3391185926376,88.5596854422416,True
100,51,true,mixed,-192.27310890477028,-376.0013465594682,183.7282376546979,True
100,52,hapibd,ibd,-260.92983517043217,-345.11253867798376,84.1827035075516,True
100,52,hapibd,mixed,-213.0675532849938,-396.26354075315527,183.19598746816146,True
100,52,true,ibd,-266.0438496031724,-354.3526812295522,88.3088316263798,True
100,52,true,mixed,-213.7318054546027,-399.87594778805084,186.14414233344814,True
100,53,hapibd,ibd,-246.69751289954542,-350.70853237901156,104.01101947946614,True
100,53,hapibd,mixed,-195.57298086184363,-388.82992918561007,193.25694832376644,True
100,53,true,ibd,-261.8687006883621,-365.8593786928479,103.9906780044858,True
100,53,true,mixed,-210.0877113150442,-383.87187017536803,173.78415886032383,True
100,54,hapibd,ibd,-243.8791329409435,-323.80230521382794,79.92317227288444,True
100,54,hapibd,mixed,-192.9805605623331,-409.83585495313235,216.85529439079926,True
100,54,true,ibd,-253.7968572427901,-372.5179466112884,118.72108936849827,True
100,54,true,mixed,-206.2212782932845,-443.593139723222,237.3718614299375,True
100,55,hapibd,ibd,-236.6522337516845,-344.3753694534568,107.72313570177232,True
100,55,hapibd,mixed,-184.36096577212513,-363.94719182480975,179.58622605268462,True
100,55,true,ibd,-248.06918539758317,-387.60563922573186,139.5364538281487,True
100,55,true,mixed,-203.62661713568872,-401.32698803709934,197.70037090141062,True
100,56,hapibd,ibd,-237.5396817823685,-333.90574172526743,96.36605994289894,True
100,56,hapibd,mixed,-185.31962013593179,-374.7115508967324,189.3919307608006,True
100,56,true,ibd,-242.42801575451185,-348.5853734449429,106.15735769043104,True
100,56,true,mixed,-191.1332737100104,-386.67814695222086,195.54487324221046,True
100,57,hapibd,ibd,-224.18959678185635,-304.9617486895565,80.77215190770013,True
100,57,hapibd,mixed,-176.14270855060929,-309.3431400810912,133.2004315304819,True
100,57,true,ibd,-243.83168177776574,-338.3400689858678,94.50838720810205,True
100,57,true,mixed,-189.36112890230817,-343.99094290027455,154.62981399796638,True
100,58,hapibd,ibd,-240.51466183403411,-323.04938827943545,82.53472644540133,True
100,58,hapibd,mixed,-189.4179736674536,-370.74317600712993,181.32520233967634,True
100,58,true,ibd,-248.69532661977277,-343.0090283731114,94.31370175333862,True
100,58,true,mixed,-200.1080778083879,-374.10759288579493,173.99951507740704,True
100,59,hapibd,ibd,-262.3963025240633,-341.6268359325102,79.23053340844689,True
100,59,hapibd,mixed,-208.8957152133727,-375.62285805472055,166.72714284134784,True
100,59,true,ibd,-272.6804934891744,-372.91971203452607,100.23921854535166,True
100,59,true,mixed,-221.20623745215298,-397.7565069357341,176.5502694835811,True
100,60,hapibd,ibd,-232.43403360803356,-313.47785453426974,81.04382092623618,True
100,60,hapibd,mixed,-183.7127282463708,-353.5933516680199,169.88062342164912,True
100,60,true,ibd,-249.8124552695295,-317.953105870369,68.14065060083948,True
100,60,true,mixed,-194.10786947307415,-329.05777879791066,134.9499093248365,True
100,61,hapibd,ibd,-253.71612660373705,-367.61931818851815,113.9031915847811,True
100,61,hapibd,mixed,-197.76181141883742,-446.9931283978057,249.2313169789683,True
100,61,true,ibd,-252.0375609151869,-375.626743436169,123.58918252098212,True
100,61,true,mixed,-199.99420864639262,-423.2548487609766,223.26064011458396,True
100,62,hapibd,ibd,-244.26648099468957,-320.15865148306193,75.89217048837236,True
100,62,hapibd,mixed,-194.1925798315353,-333.3395662991029,139.1469864675676,True
100,62,true,ibd,-249.54590535054578,-345.4867292435979,95.94082389305211,True
100,62,true,mixed,-201.68594004078554,-368.95563217295165,167.2696921321661,True
100,63,hapibd,ibd,-246.91049969265435,-355.2145827259107,108.30408303325635,True
100,63,hapibd,mixed,-195.38882155316324,-389.7090252764729,194.32020372330967,True
100,63,true,ibd,-250.53173812649322,-362.70547255342257,112.17373442692934,True
100,63,true,mixed,-196.53971147582243,-377.27031968211776,180.73060820629533,True
100,64,hapibd,ibd,-243.2298117279807,-312.46156992941405,69.23175820143337,True
100,64,hapibd,mixed,-195.10550546666954,-340.12306646734925,145.0175610006797,True
100,64,true,ibd,-264.3927338133152,-338.74274537446905,74.35001156115385,True
100,64,true,mixed,-219.034669456109,-365.95103770008706,146.91636824397807,True
100,65,hapibd,ibd,-236.35200309749047,-313.8422970597844,77.49029396229395,True
100,65,hapibd,mixed,-184.4837487219847,-337.7637254191171,153.2799766971324,True
100,65,true,ibd,-247.7894998793823,-343.03789944453075,95.24839956514845,True
100,65,true,mixed,-196.4601908308769,-362.9637554031627,166.50356457228577,True
100,66,hapibd,ibd,-251.29693687740163,-339.85593764899033,88.5590007715887,True
100,66,hapibd,mixed,-200.3884817305508,-346.1659928116264,145.77751108107557,True
100,66,true,ibd,-260.17048309241954,-379.5074692114151,119.33698611899558,True
100,66,true,mixed,-205.05750821841463,-380.9156901032052,175.85818188479055,True
100,67,hapibd,ibd,-243.87794046311913,-317.8316389965875,73.95369853346838,True
100,67,hapibd,mixed,-189.9254740135773,-347.7435452876972,157.81807127411992,True
100,67,true,ibd,-261.22640692662657,-373.0737353676934,111.84732844106685,True
100,67,true,mixed,-202.91527246967965,-410.3683720754952,207.45309960581554,True
100,68,hapibd,ibd,-238.74591135855772,-307.44535268435743,68.69944132579971,True
100,68,hapibd,mixed,-187.0057780608092,-335.60788225172877,148.60210419091956,True
100,68,true,ibd,-249.93607679207372,-322.381801459212,72.44572466713828,True
100,68,true,mixed,-197.88981238913271,-344.26355311651827,146.37374072738555,True
100,69,hapibd,ibd,-231.09673825984058,-318.21977242121994,87.12303416137937,True
100,69,hapibd,mixed,-174.39975384857075,-355.5707272234751,181.17097337490435,True
100,69,true,ibd,-233.93524673486863,-318.86503242183943,84.9297856869708,True
100,69,true,mixed,-181.49451532793032,-348.02220653997813,166.5276912120478,True
100,70,hapibd,ibd,-238.0995819276051,-310.56174289285974,72.46216096525464,True
100,70,hapibd,mixed,-181.51942163713912,-351.53523399230954,170.01581235517043,True
100,70,true,ibd,-241.2258785720435,-344.65807784116413,103.43219926912062,True
100,70,true,mixed,-183.48536199036397,-392.67625139477366,209.1908894044097,True
100,71,hapibd,ibd,-238.3934106279586,-340.8671570805091,102.47374645255053,True
100,71,hapibd,mixed,-189.16777580817129,-374.03218090408365,184.86440509591236,True
100,71,true,ibd,-240.20995991803252,-377.3775485788429,137.16758866081037,True
100,71,true,mixed,-187.98966589994478,-413.06734075839745,225.07767485845267,True
100,72,hapibd,ibd,-257.16716744967056,-337.5076559613663,80.34048851169575,True
100,72,hapibd,mixed,-204.71636483363633,-389.1231046298173,184.40673979618097,True
100,72,true,ibd,-261.4408738172502,-350.965327598035,89.52445378078482,True
100,72,true,mixed,-203.13574034033823,-404.0171858382528,200.88144549791454,True
100,73,hapibd,ibd,-231.64420609329875,-323.2534943119456,91.60928821864684,True
100,73,hapibd,mixed,-186.514864673391,-402.58909706743367,216.07423239404267,True
100,73,true,ibd,-245.27240286869778,-335.6090944504314,90.33669158173365,True
100,73,true,mixed,-193.350356221963,-396.99403311814996,203.64367689618695,True
100,74,hapibd,ibd,-250.29868546405558,-307.5442061177122,57.2455206536566,True
100,74,hapibd,mixed,-191.60548712763662,-332.248697006526,140.6432098788894,True
100,74,true,ibd,-256.49452258702473,-337.4119239585359,80.91740137151118,True
100,74,true,mixed,-203.08430814148699,-352.11010886387226,149.02580072238527,True
100,75,hapibd,ibd,-237.51550154016132,-291.43720644173976,53.92170490157844,True
100,75,hapibd,mixed,-182.60504374886193,-322.43252012371755,139.82747637485562,True
100,75,true,ibd,-254.91271656007143,-323.7828347997821,68.87011823971068,True
100,75,true,mixed,-201.45693752592354,-340.26100764762805,138.8040701217045,True
100,76,hapibd,ibd,-249.32496025608333,-325.892195932867,76.5672356767837,True
100,76,hapibd,mixed,-193.13669031728335,-370.0215893409448,176.88489902366143,True
100,76,true,ibd,-245.55007792781012,-343.87143396527483,98.32135603746471,True
100,76,true,mixed,-195.5345033924269,-378.67461518980065,183.14011179737375,True
100,77,hapibd,ibd,-255.93657574874956,-317.7765794809122,61.840003732162614,True
100,77,hapibd,mixed,-204.1897164461705,-331.1254708751782,126.93575442900772,True
100,77,true,ibd,-264.45210259962096,-356.9182637544577,92.46616115483675,True
100,77,true,mixed,-213.79277971252955,-373.83763541578253,160.04485570325298,True
100,78,hapibd,ibd,-232.31550289745897,-291.6023504222139,59.286847524754904,True
100,78,hapibd,mixed,-179.46847028439151,-319.5209014615813,140.05243117718976,True
100,78,true,ibd,-244.93575977336872,-308.6188933026435,63.68313352927481,True
100,78,true,mixed,-191.4571836856767,-329.69941601955895,138.24223233388224,True
100,79,hapibd,ibd,-223.74898078345652,-283.6717120608309,59.92273127737437,True
100,79,hapibd,mixed,-177.86162312472564,-310.04435357823667,132.18273045351103,True
100,79,true,ibd,-245.81176395388573,-307.98455523358774,62.17279127970201,True
100,79,true,mixed,-189.16462550472468,-326.0998037525204,136.93517824779573,True
100,80,hapibd,ibd,-257.50156037560726,-345.2646089293437,87.76304855373644,True
100,80,hapibd,mixed,-202.39748036262597,-376.0356442494314,173.63816388680544,True
100,80,true,ibd,-265.73485478565703,-369.22156483905724,103.4867100534002,True
100,80,true,mixed,-211.57329861874578,-406.80438144604744,195.23108282730166,True
100,81,hapibd,ibd,-248.5573512712357,-368.8306602551995,120.27330898396383,True
100,81,hapibd,mixed,-196.90426056861423,-415.3091080649175,218.40484749630326,True
100,81,true,ibd,-249.91788184218018,-391.0463272110033,141.12844536882312,True
100,81,true,mixed,-198.3180138452393,-459.2582762297975,260.9402623845582,True
100,82,hapibd,ibd,-239.90055756825353,-336.72302548398056,96.82246791572703,True
100,82,hapibd,mixed,-189.23046610731456,-371.88864682888124,182.65818072156668,True
100,82,true,ibd,-256.49789904839764,-361.4205067639153,104.92260771551764,True
100,82,true,mixed,-205.7970395836881,-378.4222411436811,172.625201559993,True
100,83,hapibd,ibd,-258.1042454769716,-334.7332820085776,76.629036531606,True
100,83,hapibd,mixed,-204.88988648030514,-382.9458277847076,178.05594130440247,True
100,83,true,ibd,-262.75468679569946,-344.87448108573574,82.11979429003628,True
100,83,true,mixed,-206.72209075455177,-380.9241086284474,174.20201787389564,True
100,84,hapibd,ibd,-240.66298631936624,-352.4094429604806,111.74645664111435,True
100,84,hapibd,mixed,-187.4421423112545,-402.0041289922215,214.561986680967,True
100,84,true,ibd,-247.89435838855564,-399.89245091086764,151.998092522312,True
100,84,true,mixed,-197.31199474884232,-440.1562432079078,242.84424845906545,True
100,85,hapibd,ibd,-231.03969610675003,-291.50764413909366,60.46794803234363,True
100,85,hapibd,mixed,-176.56064804248862,-326.2395498238093,149.67890178132066,True
100,85,true,ibd,-246.19889783174528,-322.60373747187015,76.40483964012486,True
100,85,true,mixed,-190.21575623999996,-347.30754117376483,157.09178493376487,True
100,86,hapibd,ibd,-237.2277300773331,-296.28552840471673,59.05779832738364,True
100,86,hapibd,mixed,-184.9053783172485,-313.83964057592493,128.93426225867643,True
100,86,true,ibd,-253.93412989592687,-332.81311923696825,78.87898934104138,True
100,86,true,mixed,-197.6946088327601,-347.41159889693694,149.71699006417683,True
100,87,hapibd,ibd,-249.30130389473229,-313.176324834981,63.87502094024873,True
100,87,hapibd,mixed,-194.76645744124636,-367.83030366206714,173.06384622082078,True
100,87,true,ibd,-255.94569567076852,-341.9885286832313,86.04283301246281,True
100,87,true,mixed,-201.6536840821729,-393.32632187897667,191.67263779680377,True
100,88,hapibd,ibd,-226.52187964993152,-317.7810044618552,91.2591248119237,True
100,88,hapibd,mixed,-174.98513671875534,-338.77336433686423,163.7882276181089,True
100,88,true,ibd,-246.9689794865304,-341.3269949551975,94.3580154686671,True
100,88,true,mixed,-193.3212375528887,-362.58885304574136,169.26761549285266,True
100,89,hapibd,ibd,-241.99461954785946,-323.3712993371107,81.37667978925126,True
100,89,hapibd,mixed,-188.30757127485617,-361.8867168772045,173.57914560234832,True
100,89,true,ibd,-252.80469793591007,-353.87242256940124,101.06772463349117,True
100,89,true,mixed,-201.9568657828088,-393.860549529052,191.9036837462432,True
100,90,hapibd,ibd,-253.52900062039456,-362.0346532324361,108.50565261204153,True
100,90,hapibd,mixed,-198.00521763510875,-426.6857048836367,228.68048724852792,True
100,90,true,ibd,-259.8750048021418,-390.76434527062366,130.88934046848186,True
100,90,true,mixed,-200.10866191387439,-445.28564593837075,245.17698402449636,True
100,91,hapibd,ibd,-261.8104247044501,-365.43351983133226,103.62309512688216,True
100,91,hapibd,mixed,-213.8470472624334,-407.46667005446636,193.61962279203297,True
100,91,true,ibd,-275.87721175469767,-412.81986837940616,136.9426566247085,True
100,91,true,mixed,-224.709632715358,-450.957911013644,226.24827829828598,True
100,92,hapibd,ibd,-243.44348696373345,-333.3754661504707,89.93197918673724,True
100,92,hapibd,mixed,-192.3074161570223,-397.40684211279097,205.09942595576868,True
100,92,true,ibd,-246.60810097822682,-354.2198327158244,107.61173173759758,True
100,92,true,mixed,-196.72866445289023,-407.16683275948685,210.43816830659662,True
100,93,hapibd,ibd,-250.43417764404992,-352.1899289489192,101.75575130486928,True
100,93,hapibd,mixed,-206.72043674865836,-375.6972652625885,168.97682851393012,True
100,93,true,ibd,-265.315115649756,-416.3276710137258,151.0125553639698,True
100,93,true,mixed,-217.37204735042775,-454.59589777434155,237.2238504239138,True
100,94,hapibd,ibd,-247.10254823490087,-334.7638837419797,87.66133550707886,True
100,94,hapibd,mixed,-196.7201879148468,-365.05010055065736,168.32991263581056,True
100,94,true,ibd,-270.56219626511455,-378.2555995122506,107.69340324713608,True
100,94,true,mixed,-219.09071788106579,-401.2724176647021,182.18169978363633,True
100,95,hapibd,ibd,-256.99288570377627,-341.0587291653643,84.06584346158803,True
100,95,hapibd,mixed,-206.07453163458763,-366.9701862872469,160.8956546526593,True
100,95,true,ibd,-276.40950757862163,-386.7876663143831,110.37815873576147,True
100,95,true,mixed,-217.44793389987862,-428.0115723790424,210.56363847916376,True
100,96,hapibd,ibd,-223.21557884593076,-309.39177048605626,86.1761916401255,True
100,96,hapibd,mixed,-167.22528725484503,-394.3499671537129,227.12467989886787,True
100,96,true,ibd,-227.82188374955152,-337.9461977051331,110.12431395558158,True
100,96,true,mixed,-176.7354457030004,-399.2739799462379,222.53853424323748,True
100,97,hapibd,ibd,-256.969274790362,-334.3374163410043,77.36814155064229,True
100,97,hapibd,mixed,-205.75787063283428,-355.9139754062778,150.15610477344353,True
100,97,true,ibd,-264.8553430488642,-355.06601616107207,90.21067311220787,True
100,97,true,mixed,-210.1515399388194,-365.7386751523747,155.58713521355529,True
100,98,hapibd,ibd,-247.07798904905226,-339.40362886672676,92.3256398176745,True
100,98,hapibd,mixed,-188.43892876797455,-363.8597811503165,175.42085238234196,True
100,98,true,ibd,-250.4069104750311,-338.92440472077345,88.51749424574234,True
100,98,true,mixed,-193.4250413392363,-353.1110996298369,159.68605829060058,True
100,99,hapibd,ibd,-240.3843054762004,-353.5058719679648,113.12156649176441,True
100,99,hapibd,mixed,-193.24515755655779,-424.90960700992594,231.66444945336815,True
100,99,true,ibd,-252.9925019976112,-391.7271016439246,138.73459964631337,True
100,99,true,mixed,-206.00662954403285,-449.80868951804445,243.8020599740116,True
150,0,hapibd,ibd,-296.844383406853,-407.5635412495539,110.7191578427009,True
150,0,hapibd,mixed,-238.6235246080298,-465.9376990359487,227.31417442791889,True
150,0,true,ibd,-290.08634077684104,-432.5568281395877,142.47048736274667,True
150,0,true,mixed,-233.4925464861487,-487.4104902564236,253.9179437702749,True
150,1,hapibd,ibd,-279.1582963632805,-380.23348782420646,101.07519146092596,True
150,1,hapibd,mixed,-222.89889982735238,-445.24470681431984,222.34580698696746,True
150,1,true,ibd,-288.7062716725165,-388.5596309121632,99.8533592396467,True
150,1,true,mixed,-233.6730314824898,-441.9770725831216,208.3040411006318,True
150,2,hapibd,ibd,-290.0249476103981,-398.3818912090862,108.35694359868808,True
150,2,hapibd,mixed,-244.2415866579787,-462.1931613513796,217.95157469340091,True
150,2,true,ibd,-296.4522439493554,-407.5289317040655,111.07668775471006,True
150,2,true,mixed,-256.57050524942537,-474.74284368337817,218.1723384339528,True
150,3,hapibd,ibd,-279.1389017993094,-427.9541309906992,148.8152291913898,True
150,3,hapibd,mixed,-222.9116200643073,-522.8728923508568,299.9612722865495,True
150,3,true,ibd,-293.6966126276415,-454.53799107661143,160.84137844896992,True
150,3,true,mixed,-237.01906306681178,-534.0996200627897,297.0805569959779,True
150,4,hapibd,ibd,-292.31680218542215,-458.779935673923,166.46313348850083,True
150,4,hapibd,mixed,-237.9531633323842,-553.9207803952944,315.9676170629102,True
150,4,true,ibd,-307.1807199879607,-501.74975093300026,194.56903094503957,True
150,4,true,mixed,-248.7597540333424,-575.1298912140173,326.37013718067493,True
150,5,hapibd,ibd,-273.36346194076015,-399.2506230204502,125.88716107969003,True
150,5,hapibd,mixed,-219.62911052408373,-450.11957898664343,230.4904684625597,True
150,5,true,ibd,-289.75799485919697,-470.75980839066654,181.00181353146957,True
150,5,true,mixed,-233.5157614932692,-526.5957653881925,293.08000389492327,True
150,6,hapibd,ibd,-276.95806236252844,-402.00934078219524,125.0512784196668,True
150,6,hapibd,mixed,-220.2583953165829,-466.2894991508979,246.031103834315,True
150,6,true,ibd,-305.5730435199583,-460.40433082354895,154.83128730359067,True
150,6,true,mixed,-247.82423148023616,-529.6096181613996,281.7853866811634,True
150,7,hapibd,ibd,-260.8172847973143,-414.42283426714516,153.60554946983086,True
150,7,hapibd,mixed,-206.60787961638283,-510.9452847504455,304.3374051340627,True
150,7,true,ibd,-272.01936164565166,-486.93922940000715,214.9198677543555,True
150,7,true,mixed,-216.488144299923,-579.7981551379132,363.31001083799026,True
150,8,hapibd,ibd,-269.7363656214245,-400.9470871490553,131.21072152763077,True
150,8,hapibd,mixed,-210.84366595612758,-468.9237696997024,258.0801037435748,True
150,8,true,ibd,-279.8780248424937,-427.322555437102,147.4445305946083,True
150,8,true,mixed,-223.5984815582796,-486.2095935543041,262.61111199602453,True
150,9,hapibd,ibd,-279.39017491693005,-403.11444416607907,123.72426924914902,True
150,9,hapibd,mixed,-222.4647808121506,-475.0132411113264,252.54846029917582,True
150,9,true,ibd,-287.49112402543125,-453.2952264894091,165.80410246397787,True
150,9,true,mixed,-232.79741371016678,-509.5108949399768,276.71348122981004,True
150,10,hapibd,ibd,-257.8780868151841,-355.86231812638493,97.98423131120086,True
150,10,hapibd,mixed,-199.35330170050636,-409.5103222555389,210.15702055503252,True
150,10,true,ibd,-272.63537923253455,-383.86240676070076,111.22702752816622,True
150,10,true,mixed,-215.58189495845343,-435.40667312561703,219.8247781671636,True
150,11,hapibd,ibd,-283.57897309159944,-411.0955689073458,127.51659581574637,True
150,11,hapibd,mixed,-228.3033237564803,-526.8510058431167,298.5476820866364,True
150,11,true,ibd,-295.63881738777275,-445.8680846886289,150.22926730085618,True
150,11,true,mixed,-238.7593905033404,-543.9699167176099,305.21052621426946,True
150,12,hapibd,ibd,-281.1915994281073,-402.2252336017685,121.0336341736612,True
150,12,hapibd,mixed,-224.3053267794517,-460.5614186351594,236.2560918557077,True
150,12,true,ibd,-289.0715438419734,-442.8301781106809,153.7586342687075,True
150,12,true,mixed,-237.92242383033562,-514.0866320928958,276.1642082625602,True
150,13,hapibd,ibd,-266.69805807711447,-382.3955860986384,115.69752802152391,True
150,13,hapibd,mixed,-212.44325280006842,-430.6768656859667,218.23361288589825,True
150,13,true,ibd,-275.02087842386135,-428.63798070040264,153.6171022765413,True
150,13,true,mixed,-220.51416838889278,-475.0485138665859,254.5343454776931,True
150,14,hapibd,ibd,-259.47772320002287,-371.69576695828863,112.21804375826576,True
150,14,hapibd,mixed,-204.25617928441375,-454.04703273180195,249.7908534473882,True
150,14,true,ibd,-275.6034861489219,-374.0039093351745,98.40042318625262,True
150,14,true,mixed,-221.58429271724034,-442.9468132082416,221.36252049100128,True
150,15,hapibd,ibd,-271.4574470970214,-381.0242965592288,109.56684946220741,True
150,15,hapibd,mixed,-215.2990222844628,-439.4147636443761,224.11574135991327,True
150,15,true,ibd,-283.00853194663637,-434.3191577658212,151.31062581918485,True
150,15,true,mixed,-227.6995367659327,-497.3887209720075,269.6891842060748,True
150,16,hapibd,ibd,-273.0255572851432,-411.168189251488,138.14263196634482,True
150,16,hapibd,mixed,-219.8998217148145,-479.4773615435497,259.5775398287352,True
150,16,true,ibd,-283.67651276272977,-413.493060915736,129.81654815300624,True
150,16,true,mixed,-228.8555384322754,-447.61389926376114,218.75836083148573,True
150,17,hapibd,ibd,-268.28399643875787,-401.64319265928214,133.35919622052427,True
150,17,hapibd,mixed,-210.9342243891149,-484.54510397494494,273.61087958583005,True
150,17,true,ibd,-272.4001530805972,-426.2814110214973,153.88125794090013,True
150,17,true,mixed,-218.75926606874162,-493.28036056151274,274.5210944927711,True
150,18,hapibd,ibd,-268.1572412347398,-420.468526491489,152.31128525674922,True
150,18,hapibd,mixed,-211.833902453963,-493.8467321195951,282.0128296656321,True
150,18,true,ibd,-276.9963338471986,-490.3075553613381,213.31122151413945,True
150,18,true,mixed,-227.43413765269656,-580.9818500012923,353.5477123485957,True
150,19,hapibd,ibd,-272.9097164622779,-425.7388446954173,152.8291282331394,True
150,19,hapibd,mixed,-218.1395673486963,-495.70980512850196,277.57023777980567,True
150,19,true,ibd,-272.6771593981185,-435.8281813347926,163.1510219366741,True
150,19,true,mixed,-218.66199223777988,-503.13833525837947,284.4763430205996,True
150,20,hapibd,ibd,-286.03458536497726,-411.6422795255154,125.60769416053813,True
150,20,hapibd,mixed,-238.4543569502533,-493.6489550191621,255.1945980689088,True
150,20,true,ibd,-285.51242290998255,-435.0671555444916,149.55473263450904,True
150,20,true,mixed,-234.5435143921008,-515.3816841656457,280.83816977354485,True
150,21,hapibd,ibd,-265.6135147787329,-386.8811642984902,121.2676495197573,True
150,21,hapibd,mixed,-211.1251878201987,-477.3708187598949,266.2456309396962,True
150,21,true,ibd,-264.65932781584075,-424.35463476910576,159.695306953265,True
150,21,true,mixed,-208.59351050546212,-503.469595180274,294.87608467481186,True
150,22,hapibd,ibd,-269.4719990823305,-399.6343961721152,130.1623970897847,True
150,22,hapibd,mixed,-213.84785157325865,-558.1173354784044,344.2694839051457,True
150,22,true,ibd,-287.81700926573984,-442.63153065805045,154.8145213923106,True
150,22,true,mixed,-233.1744595410271,-582.3067625916315,349.1323030506044,True
150,23,hapibd,ibd,-268.60322006064854,-419.67083506168996,151.06761500104142,True
150,23,hapibd,mixed,-217.12702416154497,-499.8781511271628,282.75112696561786,True
150,23,true,ibd,-275.175838329446,-464.65059484428366,189.47475651483768,True
150,23,true,mixed,-225.0513003439249,-543.167612198418,318.1163118544931,True
150,24,hapibd,ibd,-259.7520985866544,-436.8662102449839,177.11411165832948,True
150,24,hapibd,mixed,-204.92266595638827,-562.3462085627201,357.4235426063318,True
150,24,true,ibd,-283.61545753471097,-491.17956164227985,207.56410410756888,True
150,24,true,mixed,-225.3695239991096,-639.0047161809639,413.63519218185434,True
150,25,hapibd,ibd,-281.82433848531184,-397.0444517663351,115.22011328102326,True
150,25,hapibd,mixed,-223.6224223929107,-494.4429437099,270.82052131698936,True
150,25,true,ibd,-297.300455684914,-465.13315634430563,167.8327006593916,True
150,25,true,mixed,-239.7539408878288,-561.1198622495886,321.3659213617598,True
150,26,hapibd,ibd,-275.10945743547336,-359.1626845293647,84.05322709389134,True
150,26,hapibd,mixed,-218.80839870926212,-401.9532136104042,183.14481490114207,True
150,26,true,ibd,-277.6653181031056,-397.12140315666085,119.45608505355523,True
150,26,true,mixed,-225.70794892123232,-439.9101514046641,214.20220248343176,True
150,27,hapibd,ibd,-269.59774107626964,-388.77530031405064,119.177559237781,True
150,27,hapibd,mixed,-214.37713931458322,-486.521698402073,272.1445590874898,True
150,27,true,ibd,-278.04112302540125,-428.86066839386524,150.819545368464,True
150,27,true,mixed,-225.4890072608373,-506.99044915491794,281.50144189408064,True
150,28,hapibd,ibd,-278.78466286036803,-386.09031929978187,107.30565643941384,True
150,28,hapibd,mixed,-221.76954617545707,-447.68662443928974,225.91707826383268,True
150,28,true,ibd,-275.6805702264941,-400.19825786027104,124.51768763377692,True
150,28,true,mixed,-218.82845176999598,-436.03452049879775,217.20606872880177,True
150,29,hapibd,ibd,-281.2016858612815,-423.6668328166067,142.46514695532522,True
150,29,hapibd,mixed,-224.9322923431049,-513.6094601474684,288.67716780436353,True
150,29,true,ibd,-288.5737666999145,-433.5830476707165,145.00928097080202,True
150,29,true,mixed,-230.52207960115913,-505.1903355006881,274.66825589952896,True
150,30,hapibd,ibd,-262.6973244198974,-416.1094891040899,153.41216468419248,True
150,30,hapibd,mixed,-207.1840535961526,-514.8012857878921,307.6172321917395,True
150,30,true,ibd,-276.25795851458685,-482.0043647214779,205.74640620689104,True
150,30,true,mixed,-220.75723485050503,-559.0673318581623,338.3100970076573,True
150,31,hapibd,ibd,-279.6985777979353,-392.1734120701861,112.4748342722508,True
150,31,hapibd,mixed,-227.8631006409827,-471.0953225634264,243.2322219224437,True
150,31,true,ibd,-289.48272329333145,-440.73679757622324,151.2540742828918,True
150,31,true,mixed,-236.696194859115,-514.3362043754613,277.6400095163463,True
150,32,hapibd,ibd,-268.443431777117,-402.3373003364834,133.8938685593664,True
150,32,hapibd,mixed,-210.66193408988772,-489.9760431215002,279.3141090316125,True
150,32,true,ibd,-281.05903319775393,-435.01036393398977,153.95133073623583,True
150,32,true,mixed,-224.5454734975691,-502.7529910737595,278.2075175761904,True
150,33,hapibd,ibd,-273.19646426320577,-408.2639377867397,135.06747352353392,True
150,33,hapibd,mixed,-215.17905897138348,-507.530961899582,292.3519029281985,True
150,33,true,ibd,-278.1109697997151,-454.58128350912193,176.4703137094068,True
150,33,true,mixed,-221.55113161629282,-533.5845746981057,312.0334430818129,True
150,34,hapibd,ibd,-268.3124260184566,-382.73489057091257,114.42246455245595,True
150,34,hapibd,mixed,-214.98731162135198,-439.27907352080837,224.2917618994564,True
150,34,true,ibd,-275.2103180075301,-416.7845878548425,141.57426984731245,True
150,34,true,mixed,-217.70306523354003,-463.5684422253729,245.86537699183287,True
150,35,hapibd,ibd,-263.9635044216438,-379.11805668347074,115.15455226182695,True
150,35,hapibd,mixed,-206.7020519795001,-431.9020439326785,225.1999919531784,True
150,35,true,ibd,-276.2771339274395,-398.27625995612135,121.99912602868187,True
150,35,true,mixed,-221.6125095635422,-436.12387918758355,214.51136962404135,True
150,36,hapibd,ibd,-282.5899728541969,-401.51775149974196,118.92777864554506,True
150,36,hapibd,mixed,-226.3935416960684,-464.91267789275827,238.51913619668986,True
150,36,true,ibd,-291.70019196404604,-407.5686748057713,115.86848284172527,True
150,36,true,mixed,-235.91832649228252,-462.58274190853314,226.66441541625062,True
150,37,hapibd,ibd,-279.26007523109564,-395.69750384935804,116.4374286182624,True
150,37,hapibd,mixed,-225.60972382264532,-459.46325613994753,233.8535323173022,True
150,37,true,ibd,-291.91835224408845,-449.9156410155015,157.99728877141303,True
150,37,true,mixed,-235.3913477982533,-523.3945077676873,288.003159969434,True
150,38,hapibd,ibd,-282.5109174947437,-399.85503060491277,117.34411311016908,True
150,38,hapibd,mixed,-225.3241748915024,-445.57899362382256,220.25481873232016,True
150,38,true,ibd,-300.2871503551671,-457.4156412678712,157.12849091270408,True
150,38,true,mixed,-241.21555386238063,-500.529058663954,259.31350480157334,True
150,39,hapibd,ibd,-272.65963266071054,-418.7467065901968,146.08707392948628,True
150,39,hapibd,mixed,-212.92708619273844,-487.9731537110327,275.04606751829425,True
150,39,true,ibd,-282.2283865763808,-414.6749297280507,132.4465431516699,True
150,39,true,mixed,-225.15527253209223,-466.65857676128394,241.5033042291917,True
150,40,hapibd,ibd,-297.3139262323544,-419.34066888562796,122.02674265327357,True
150,40,hapibd,mixed,-239.7479368199082,-500.03119555404976,260.28325873414155,True
150,40,true,ibd,-292.9044876959139,-451.9568414750892,159.05235377917535,True
150,40,true,mixed,-234.9168380150655,-535.3440139425655,300.4271759275,True
150,41,hapibd,ibd,-268.0395426468108,-400.1981757160887,132.15863306927793,True
150,41,hapibd,mixed,-215.9993434101281,-540.7731295551861,324.773786145058,True
150,41,true,ibd,-275.67949917179334,-430.81750045985706,155.13800128806372,True
150,41,true,mixed,-223.74251487380454,-553.8315536224851,330.08903874868054,True
150,42,hapibd,ibd,-255.1429910878192,-383.1640435116788,128.0210524238596,True
150,42,hapibd,mixed,-199.4295261342157,-495.8030821048083,296.37355597059263,True
150,42,true,ibd,-266.4898440587414,-388.63869612681293,122.1488520680715,True
150,42,true,mixed,-212.00339431402253,-479.86229721129985,267.8589028972773,True
150,43,hapibd,ibd,-299.03165089350483,-469.78104946789637,170.74939857439153,True
150,43,hapibd,mixed,-248.6244162139551,-549.2022845220882,300.57786830813313,True
150,43,true,ibd,-311.7421302089952,-520.0646271574718,208.3224969484766,True
150,43,true,mixed,-261.6153207733341,-581.8907705133264,320.2754497399923,True
150,44,hapibd,ibd,-286.05249078322703,-417.9026140281203,131.85012324489327,True
150,44,hapibd,mixed,-227.48614843593398,-507.0913375587402,279.6051891228062,True
150,44,true,ibd,-288.18162410666423,-470.9065176752924,182.72489356862815,True
150,44,true,mixed,-229.27094122068252,-563.1991332608117,333.92819204012915,True
150,45,hapibd,ibd,-267.22325226255776,-373.8930289114949,106.66977664893716,True
150,45,hapibd,mixed,-215.17289263429691,-403.7077180752432,188.53482544094626,True
150,45,true,ibd,-282.5035468793381,-415.1051801720193,132.60163329268119,True
150,45,true,mixed,-228.6160760577379,-445.6310622876253,217.0149862298874,True
150,46,hapibd,ibd,-269.99712402851054,-404.4159652825268,134.4188412540163,True
150,46,hapibd,mixed,-220.4965887968957,-486.01338072502637,265.51679192813066,True
150,46,true,ibd,-286.7030529744516,-432.5106680061864,145.80761503173477,True
150,46,true,mixed,-226.86504504359348,-500.39698550828837,273.5319404646949,True
150,47,hapibd,ibd,-268.16993379304023,-422.5322627053951,154.36232891235488,True
150,47,hapibd,mixed,-215.4753350098345,-484.3788053746195,268.903470364785,True
150,47,true,ibd,-289.9619505081995,-488.50076774735396,198.53881723915447,True
150,47,true,mixed,-235.28655519586758,-543.7553480540693,308.4687928582017,True
150,48,hapibd,ibd,-272.43774770935676,-424.32111709743714,151.88336938808038,True
150,48,hapibd,mixed,-220.0409019145267,-500.02605311472945,279.9851512002027,True
150,48,true,ibd,-280.7295153960208,-495.08965081633556,214.36013542031475,True
150,48,true,mixed,-225.92130972218408,-583.2502107733856,357.32890105120146,True
150,49,hapibd,ibd,-267.8687488021374,-374.34904202945756,106.48029322732015,True
150,49,hapibd,mixed,-211.11710444485962,-451.0466904715729,239.92958602671328,True
150,49,true,ibd,-281.62727747867376,-403.98271884528174,122.35544136660798,True
150,49,true,mixed,-222.9678463828084,-478.68853528974205,255.72068890693365,True
150,50,hapibd,ibd,-294.2614172386383,-441.4368936695995,147.17547643096123,True
150,50,hapibd,mixed,-239.86285044601584,-510.445149284949,270.5822988389332,True
150,50,true,ibd,-288.9906622024047,-485.5575388742006,196.5668766717959,True
150,50,true,mixed,-231.5329301696893,-580.8403737746694,349.3074436049801,True
150,51,hapibd,ibd,-290.54738011942266,-414.15830905166405,123.61092893224139,True
150,51,hapibd,mixed,-236.7913317174197,-504.8539176239807,268.062585906561,True
150,51,true,ibd,-296.9907644668525,-441.68538385352525,144.69461938667274,True
150,51,true,mixed,-242.1646653505407,-504.9697711468279,262.8051057962872,True
150,52,hapibd,ibd,-264.33034786079935,-365.5017142620521,101.17136640125273,True
150,52,hapibd,mixed,-209.3311612341801,-440.5773569910056,231.24619575682553,True
150,52,true,ibd,-273.5396067118692,-398.8648868244976,125.32528011262838,True
150,52,true,mixed,-217.71929250815455,-477.20621254407484,259.4869200359203,True
150,53,hapibd,ibd,-261.10620772740816,-400.4992613822173,139.39305365480914,True
150,53,hapibd,mixed,-202.13453207941137,-515.770375628059,313.63584354864764,True
150,53,true,ibd,-273.96662653830646,-464.8214459558474,190.85481941754097,True
150,53,true,mixed,-223.32254929478012,-597.2832509736602,373.96070167888007,True
150,54,hapibd,ibd,-272.1411098003739,-395.47691752502936,123.33580772465547,True
150,54,hapibd,mixed,-220.02613940334606,-461.49260475995834,241.46646535661228,True
150,54,true,ibd,-273.0492654581149,-435.3169190064844,162.26765354836948,True
150,54,true,mixed,-225.5155696592215,-492.1340989940921,266.6185293348706,True
150,55,hapibd,ibd,-258.7966493131676,-388.84031110981454,130.04366179664692,True
150,55,hapibd,mixed,-204.7587770204134,-455.7017672007318,250.94299018031842,True
150,55,true,ibd,-266.9269935758421,-442.8762743615101,175.949280785668,True
150,55,true,mixed,-212.11274428413483,-503.033149628139,290.92040534400417,True
150,56,hapibd,ibd,-256.8882647527941,-417.6535487473337,160.76528399453957,True
150,56,hapibd,mixed,-199.97858015497928,-497.613251419542,297.6346712645627,True
150,56,true,ibd,-257.4573493077704,-413.3267521524433,155.8694028446729,True
150,56,true,mixed,-197.9450112535773,-477.83731771882196,279.8923064652447,True
150,57,hapibd,ibd,-287.1958720307533,-379.8403314797628,92.6444594490095,True
150,57,hapibd,mixed,-228.5476345714739,-431.89030752227,203.3426729507961,True
150,57,true,ibd,-304.6316714035793,-405.64377997271043,101.01210856913116,True
150,57,true,mixed,-247.33185790294044,-453.5902628464157,206.25840494347528,True
150,58,hapibd,ibd,-273.7502338666062,-413.2564866929067,139.5062528263005,True
150,58,hapibd,mixed,-219.8936211040804,-505.4408908292593,285.54726972517886,True
150,58,true,ibd,-285.538816497487,-443.6985567815851,158.15974028409812,True
150,58,true,mixed,-231.42781896225821,-535.3086423063003,303.880823344042,True
150,59,hapibd,ibd,-276.6428759414565,-420.6449933835423,144.00211744208582,True
150,59,hapibd,mixed,-225.38861228672582,-513.8083387720279,288.41972648530214,True
150,59,true,ibd,-292.61838017867603,-427.84756825853674,135.2291880798607,True
150,59,true,mixed,-243.8529195521464,-507.5832049518275,263.73028539968107,True
150,60,hapibd,ibd,-283.9789428276698,-402.56831854392715,118.58937571625734,True
150,60,hapibd,mixed,-233.48978735183442,-490.1595813741523,256.6697940223179,True
150,60,true,ibd,-295.7760120283763,-431.88383700705435,136.10782497867808,True
150,60,true,mixed,-242.3191686489362,-515.5514575837545,273.23228893481837,True
150,61,hapibd,ibd,-267.91177431584424,-414.3829587587268,146.47118444288253,True
150,61,hapibd,mixed,-210.09674357112038,-493.63196730429377,283.5352237331734,True
150,61,true,ibd,-271.3164139121943,-433.0218479435863,161.70543403139197,True
150,61,true,mixed,-219.33326366777573,-498.6984449775964,279.3651813098207,True
150,62,hapibd,ibd,-287.2888455396518,-418.69831848055696,131.40947294090518,True
150,62,hapibd,mixed,-232.58238880514068,-492.22295869510214,259.64056988996145,True
150,62,true,ibd,-298.730532115711,-465.56859944773805,166.83806733202704,True
150,62,true,mixed,-246.7306736918337,-535.6073261556197,288.87665246378606,True
150,63,hapibd,ibd,-259.40520289074817,-367.5710814829033,108.16587859215514,True
150,63,hapibd,mixed,-205.78232112415037,-451.2702908928378,245.48796976868744,True
150,63,true,ibd,-273.81442762791596,-416.04359148219555,142.2291638542796,True
150,63,true,mixed,-222.50702483579533,-488.63516713424207,266.12814229844673,True
150,64,hapibd,ibd,-257.41694748794157,-369.4295122755101,112.01256478756852,True
150,64,hapibd,mixed,-205.20470880566492,-412.86206283319314,207.6573540275282,True
150,64,true,ibd,-276.86371561801803,-401.4068466085686,124.5431309905506,True
150,64,true,mixed,-222.90435391714288,-428.6405467722451,205.73619285510222,True
150,65,hapibd,ibd,-264.4646500698061,-436.90001580654666,172.43536573674055,True
150,65,hapibd,mixed,-211.2931650284919,-557.0995079168891,345.80634288839724,True
150,65,true,ibd,-281.6618925442125,-498.84452093959715,217.18262839538465,True
150,65,true,mixed,-224.412719770986,-622.5292782457519,398.11655847476595,True
150,66,hapibd,ibd,-264.9210508956003,-396.4150809730237,131.49403007742342,True
150,66,hapibd,mixed,-212.48089368363898,-466.77065146049824,254.28975777685926,True
150,66,true,ibd,-283.6375591257819,-436.31905423572675,152.68149510994488,True
150,66,true,mixed,-228.455120520695,-499.16715667743676,270.71203615674176,True
150,67,hapibd,ibd,-278.6560779634354,-459.5265940073039,180.87051604386852,True
150,67,hapibd,mixed,-220.6443755666004,-562.124298868604,341.4799233020036,True
150,67,true,ibd,-280.4841343153375,-507.2123646833975,226.72823036806,True
150,67,true,mixed,-223.62372472786006,-601.2907677734594,377.6670430455993,True
150,68,hapibd,ibd,-276.60493640711553,-401.5564997284406,124.95156332132507,True
150,68,hapibd,mixed,-221.0187776180866,-485.5071216310419,264.4883440129553,True
150,68,true,ibd,-281.7501969512396,-423.9797438924792,142.22954694123956,True
150,68,true,mixed,-229.3131613657479,-488.65177075092697,259.3386093851791,True
150,69,hapibd,ibd,-260.3703468254144,-406.1954912750587,145.8251444496443,True
150,69,hapibd,mixed,-211.96568749541998,-494.0910137527917,282.12532625737174,True
150,69,true,ibd,-273.8695288953662,-446.62321416991705,172.75368527455083,True
150,69,true,mixed,-218.80652106594144,-526.3413467809432,307.53482571500183,True
150,70,hapibd,ibd,-267.79451696424496,-397.1937425732766,129.39922560903165,True
150,70,hapibd,mixed,-214.40353677893611,-499.00525239408097,284.6017156151448,True
150,70,true,ibd,-273.12413930728343,-439.11410374081265,165.98996443352922,True
150,70,true,mixed,-215.3613356712466,-534.4730441537912,319.1117084825446,True
150,71,hapibd,ibd,-276.2766049314118,-413.76902862734937,137.4924236959376,True
150,71,hapibd,mixed,-219.4304940690863,-484.9268653641279,265.49637129504157,True
150,71,true,ibd,-285.1444623058096,-456.33643460936474,171.19197230355513,True
150,71,true,mixed,-226.59932672502785,-530.9922806147952,304.39295388976734,True
150,72,hapibd,ibd,-286.060405760587,-410.13732577561797,124.07692001503096,True
150,72,hapibd,mixed,-231.5154257847933,-531.9094936139497,300.3940678291564,True
150,72,true,ibd,-288.01450561500167,-446.4252690547891,158.41076343978744,True
150,72,true,mixed,-236.6610118052375,-542.4452833096364,305.7842715043988,True
150,73,hapibd,ibd,-279.89703257890415,-390.8060756569978,110.90904307809365,True
150,73,hapibd,mixed,-226.9334908455109,-442.34367613837924,215.41018529286833,True
150,73,true,ibd,-281.10297508603674,-411.0238740592638,129.92089897322705,True
150,73,true,mixed,-227.9505090953643,-464.1878175469855,236.2373084516212,True
150,74,hapibd,ibd,-289.6080956551409,-436.64122478905483,147.03312913391392,True
150,74,hapibd,mixed,-230.2861832491816,-510.7366707443778,280.4504874951962,True
150,74,true,ibd,-299.2335914213091,-473.94717105477804,174.71357963346895,True
150,74,true,mixed,-243.08957547304598,-533.2017182299667,290.11214275692066,True
150,75,hapibd,ibd,-259.1126057369431,-425.827392021613,166.71478628466986,True
150,75,hapibd,mixed,-206.4160060630272,-555.7323847250852,349.316378662058,True
150,75,true,ibd,-261.65111032350865,-428.65066268176093,166.9995523582523,True
150,75,true,mixed,-209.06395909942407,-537.3998147250041,328.33585562558005,True
150,76,hapibd,ibd,-282.4788522511296,-425.57318716652554,143.09433491539596,True
150,76,hapibd,mixed,-222.1609136042164,-523.5076055345153,301.3466919302989,True
150,76,true,ibd,-288.6495009584313,-460.91965835825147,172.27015739982016,True
150,76,true,mixed,-234.0038262987585,-557.1767826318627,323.1729563331042,True
150,77,hapibd,ibd,-273.26592831124714,-389.1050999940223,115.83917168277515,True
150,77,hapibd,mixed,-214.61415404320385,-448.4679340490588,233.85378000585493,True
150,77,true,ibd,-280.435544229772,-418.6100222271747,138.17447799740268,True
150,77,true,mixed,-227.7916678233993,-472.4449321201155,244.65326429671617,True
150,78,hapibd,ibd,-276.6643450010819,-404.0250250845145,127.36068008343256,True
150,78,hapibd,mixed,-219.7254294593893,-469.89944490359727,250.17401544420798,True
150,78,true,ibd,-278.9272088454211,-410.6805207125221,131.753311867101,True
150,78,true,mixed,-227.05490385053528,-457.15541910869274,230.10051525815746,True
150,79,hapibd,ibd,-281.09597382668176,-402.80423859974434,121.70826477306258,True
150,79,hapibd,mixed,-227.32328419562492,-433.21628211367954,205.89299791805462,True
150,79,true,ibd,-297.54698882976146,-452.79393216450893,155.24694333474747,True
150,79,true,mixed,-240.98138238064536,-479.43597436501153,238.45459198436617,True
150,80,hapibd,ibd,-261.39388358525974,-423.988155005724,162.59427142046428,True
150,80,hapibd,mixed,-203.53904659356624,-539.0927634364331,335.55371684286683,True
150,80,true,ibd,-274.1942160486,-456.3874715228164,182.19325547421636,True
150,80,true,mixed,-217.200633250836,-562.9392030712822,345.73856982044623,True
150,81,hapibd,ibd,-299.34820393771247,-425.9704236878293,126.62221975011681,True
150,81,hapibd,mixed,-243.2784512014317,-498.16531349239625,254.88686229096456,True
150,81,true,ibd,-298.94804785312687,-466.14503923095094,167.19699137782408,True
150,81,true,mixed,-243.6334250235161,-532.566047652839,288.93262262932285,True
150,82,hapibd,ibd,-275.80761354650576,-413.4179613210124,137.61034777450664,True
150,82,hapibd,mixed,-221.5184757423157,-504.3256400906495,282.8071643483338,True
150,82,true,ibd,-282.3722229138512,-417.1008320975172,134.72860918366598,True
150,82,true,mixed,-230.6481899269081,-471.2549824645449,240.60679253763684,True
150,83,hapibd,ibd,-267.4922651686148,-413.84248937805427,146.3502242094395,True
150,83,hapibd,mixed,-210.4872339568698,-496.6348670429618,286.147633086092,True
150,83,true,ibd,-267.56252372910825,-464.9609857143277,197.39846198521946,True
150,83,true,mixed,-214.2086582872406,-520.0506807580841,305.8420224708435,True
150,84,hapibd,ibd,-269.38718817716835,-431.7447903282422,162.35760215107382,True
150,84,hapibd,mixed,-223.66192434864217,-531.2204622068298,307.5585378581876,True
150,84,true,ibd,-276.8422606864917,-448.20628119640776,171.36402050991603,True
150,84,true,mixed,-225.23715832947292,-527.4216589958464,302.18450066637354,True
150,85,hapibd,ibd,-269.5406012958341,-419.6563242101125,150.11572291427836,True
150,85,hapibd,mixed,-215.2181776545892,-497.84783851066754,282.6296608560783,True
150,85,true,ibd,-280.8688463578344,-476.45268869568713,195.58384233785273,True
150,85,true,mixed,-234.23426108127572,-537.5470625885215,303.3128015072458,True
150,86,hapibd,ibd,-255.624987850193,-369.5742448975111,113.9492570473181,True
150,86,hapibd,mixed,-197.40438525938353,-452.8132827948011,255.4088975354176,True
150,86,true,ibd,-277.91800770981376,-407.41921805647223,129.50121034665847,True
150,86,true,mixed,-221.42210706859407,-479.3776195714645,257.9555125028704,True
150,87,hapibd,ibd,-274.19171928151354,-414.1596338175938,139.96791453608023,True
150,87,hapibd,mixed,-218.2951767374958,-507.9390429140083,289.6438661765125,True
150,87,true,ibd,-288.97583896640265,-452.3817191590568,163.40588019265414,True
150,87,true,mixed,-230.0017483466237,-514.4335073096538,284.4317589630301,True
150,88,hapibd,ibd,-280.7222077677837,-411.4629764121517,130.74076864436802,True
150,88,hapibd,mixed,-222.89813372567698,-520.1878040247342,297.2896702990572,True
150,88,true,ibd,-300.3770441065748,-437.9158077313097,137.53876362473494,True
150,88,true,mixed,-244.10428983152542,-511.5411009395664,267.43681110804096,True
150,89,hapibd,ibd,-269.1628827817623,-434.1861786736112,165.02329589184893,True
150,89,hapibd,mixed,-213.07287551097437,-519.1593080492977,306.0864325383233,True
150,89,true,ibd,-292.2778451088655,-467.8053663182281,175.5275212093626,True
150,89,true,mixed,-235.53540478790018,-567.1967989246676,331.66139413676746,True
150,90,hapibd,ibd,-276.1776042791307,-416.67765896353916,140.50005468440844,True
150,90,hapibd,mixed,-218.3041297510519,-482.3027321747373,263.9986024236854,True
150,90,true,ibd,-284.10077681234134,-446.23332079125436,162.13254397891302,True
150,90,true,mixed,-232.7460577320777,-527.7084730643488,294.9624153322711,True
150,91,hapibd,ibd,-297.2328990070705,-423.94897818109666,126.71607917402616,True
150,91,hapibd,mixed,-243.76478542041778,-487.33669163608795,243.57190621567017,True
150,91,true,ibd,-301.6084213913844,-438.143152887858,136.53473149647357,True
150,91,true,mixed,-254.0953985303471,-500.79646696110126,246.70106843075416,True
150,92,hapibd,ibd,-279.23493370191215,-444.63349162426033,165.39855792234817,True
150,92,hapibd,mixed,-228.4053943077159,-527.5953133443362,299.18991903662027,True
150,92,true,ibd,-287.05885515183945,-483.8346958520802,196.77584070024074,True
150,92,true,mixed,-231.8258789277042,-561.6887385837084,329.8628596560042,True
150,93,hapibd,ibd,-281.39725319462144,-415.39341516585625,133.9961619712348,True
150,93,hapibd,mixed,-229.4069927787521,-477.5873055806546,248.18031280190246,True
150,93,true,ibd,-291.5434144742418,-475.00712199344565,183.46370751920387,True
150,93,true,mixed,-243.173133647091,-536.7008808403306,293.5277471932396,True
150,94,hapibd,ibd,-269.3486846173402,-392.2654802113337,122.91679559399347,True
150,94,hapibd,mixed,-210.41982305208197,-473.3755361042825,262.9557130522005,True
150,94,true,ibd,-281.8175282781141,-436.4333080200524,154.6157797419383,True
150,94,true,mixed,-219.87465481372493,-516.8199078926701,296.9452530789452,True
150,95,hapibd,ibd,-284.4954598220217,-398.9124704964709,114.41701067444922,True
150,95,hapibd,mixed,-226.8581215667307,-468.3020526526414,241.44393108591072,True
150,95,true,ibd,-294.1850530266288,-460.4522365303075,166.26718350367872,True
150,95,true,mixed,-236.87287810162485,-533.2189536770561,296.34607557543126,True
150,96,hapibd,ibd,-278.96075746199386,-423.62189160307577,144.6611341410819,True
150,96,hapibd,mixed,-225.09727460699233,-483.3503373177076,258.2530627107153,True
150,96,true,ibd,-283.34214965958586,-464.4854033071435,181.14325364755763,True
150,96,true,mixed,-238.79522750629053,-532.609696032963,293.8144685266725,True
150,97,hapibd,ibd,-274.08247536517655,-418.26615249687296,144.1836771316964,True
150,97,hapibd,mixed,-219.4339361589027,-536.2310124137407,316.797076254838,True
150,97,true,ibd,-284.9137533637704,-426.1957740369955,141.28202067322508,True
150,97,true,mixed,-229.6853245758406,-521.9541861889701,292.2688616131295,True
150,98,hapibd,ibd,-264.59835158788053,-373.4073668694408,108.80901528156028,True
150,98,hapibd,mixed,-209.6885147003932,-424.59953611158915,214.91102141119595,True
150,98,true,ibd,-279.04043629808797,-407.43853996412673,128.39810366603876,True
150,98,true,mixed,-226.3386886550324,-461.37357443658175,235.03488578154935,True
150,99,hapibd,ibd,-267.9082048310631,-395.9224360855067,128.01423125444364,True
150,99,hapibd,mixed,-214.57979495929908,-469.9804178775001,255.400622918201,True
150,99,true,ibd,-278.11172218123346,-430.7455980193996,152.63387583816615,True
150,99,true,mixed,-222.0404229994743,-495.4254998550183,273.385076855544,True
200,0,hapibd,ibd,-308.7773343730562,-492.8302934088454,184.05295903578923,True
200,0,hapibd,mixed,-249.13507897206082,-629.2129123606826,380.0778333886218,True
200,0,true,ibd,-318.45319068948413,-575.967750782808,257.5145600933239,True
200,0,true,mixed,-258.6277848265128,-706.554202046241,447.9264172197282,True
200,1,hapibd,ibd,-310.56622924588726,-486.08762197030046,175.5213927244132,True
200,1,hapibd,mixed,-250.8435633451228,-604.1290235466312,353.2854602015084,True
200,1,true,ibd,-330.35389829497484,-545.652865890238,215.29896759526315,True
200,1,true,mixed,-271.4177287798589,-662.237297447148,390.81956866728905,True
200,2,hapibd,ibd,-303.1239161290278,-470.15942082656454,167.03550469753674,True
200,2,hapibd,mixed,-243.50651243938879,-544.9182063502502,301.41169391086146,True
200,2,true,ibd,-307.5176003158405,-560.5714009965233,253.05380068068274,True
200,2,true,mixed,-252.41312558323418,-650.7135202897462,398.30039470651195,True
200,3,hapibd,ibd,-303.6667137735446,-432.9248960249249,129.25818225138033,True
200,3,hapibd,mixed,-247.4977988921295,-521.3396691498635,273.84187025773406,True
200,3,true,ibd,-313.1240054131015,-480.04129029430345,166.91728488120197,True
200,3,true,mixed,-254.7072428246131,-561.3752974007889,306.6680545761758,True
200,4,hapibd,ibd,-300.35719337416344,-502.7273405824779,202.37014720831445,True
200,4,hapibd,mixed,-242.8357776068662,-643.5988435077162,400.76306590085,True
200,4,true,ibd,-301.7613877494651,-550.0915495844499,248.33016183498484,True
200,4,true,mixed,-250.9621880639682,-663.7063690440181,412.74418098004986,True
200,5,hapibd,ibd,-296.43909198122697,-456.46618876181054,160.02709678058358,True
200,5,hapibd,mixed,-241.43979122557718,-537.2507439275887,295.8109527020115,True
200,5,true,ibd,-318.94847092501004,-491.54778625789396,172.59931533288392,True
200,5,true,mixed,-264.24075607363284,-562.6528030650773,298.4120469914444,True
200,6,hapibd,ibd,-295.8387121249461,-458.6612396713556,162.8225275464095,True
200,6,hapibd,mixed,-236.76744852890332,-596.1882124073271,359.4207638784238,True
200,6,true,ibd,-298.6722690243388,-502.81144973913064,204.13918071479185,True
200,6,true,mixed,-246.01420981203577,-619.4452984200136,373.4310886079778,True
200,7,hapibd,ibd,-277.6963341403815,-412.0282355651022,134.33190142472068,True
200,7,hapibd,mixed,-223.3210120640326,-496.89668354836755,273.575671484335,True
200,7,true,ibd,-297.0557891689979,-458.9018498803958,161.8460607113979,True
200,7,true,mixed,-240.8226860777198,-556.8517408610894,316.0290547833696,True
200,8,hapibd,ibd,-286.6816062768596,-476.9557169944105,190.2741107175509,True
200,8,hapibd,mixed,-233.209969349094,-593.9396573557647,360.7296880066707,True
200,8,true,ibd,-295.9916395467602,-534.9002148697987,238.90857532303846,True
200,8,true,mixed,-245.465264995254,-639.6028176655934,394.13755267033946,True
200,9,hapibd,ibd,-299.70902749108967,-476.88346177012124,177.17443427903157,True
200,9,hapibd,mixed,-240.7211020608625,-593.6404408090712,352.91933874820865,True
200,9,true,ibd,-315.5079021578505,-573.2746472439284,257.7667450860779,True
200,9,true,mixed,-259.1451864929216,-691.2846884540254,432.1395019611038,True
200,10,hapibd,ibd,-296.2327027618601,-479.78651693484625,183.55381417298616,True
200,10,hapibd,mixed,-238.391501087142,-615.3619274953342,376.97042640819217,True
200,10,true,ibd,-299.1918686346291,-540.0788947019923,240.88702606736325,True
200,10,true,mixed,-242.5979726853568,-643.6550622819706,401.05708959661376,True
200,11,hapibd,ibd,-281.33446483361723,-446.4100900407148,165.07562520709757,True
200,11,hapibd,mixed,-224.14968544714228,-561.8348345661302,337.68514911898797,True
200,11,true,ibd,-294.0236707349399,-489.67518068258505,195.65150994764514,True
200,11,true,mixed,-237.5210284251119,-589.2850891898581,351.7640607647462,True
200,12,hapibd,ibd,-302.14409517262794,-486.88492955257857,184.74083437995063,True
200,12,hapibd,mixed,-245.8093031257283,-612.9756286482959,367.1663255225676,True
200,12,true,ibd,-307.36681485062746,-531.5047657447893,224.13795089416186,True
200,12,true,mixed,-249.43327299888847,-655.2458375376614,405.8125645387729,True
200,13,hapibd,ibd,-277.37392246353,-448.08156911375823,170.70764665022824,True
200,13,hapibd,mixed,-220.0011672876405,-564.901206315127,344.90003902748646,True
200,13,true,ibd,-293.27110173762094,-468.27167670879845,175.0005749711775,True
200,13,true,mixed,-233.2800843967242,-567.0161862039573,333.7361018072331,True
200,14,hapibd,ibd,-306.9472313685515,-484.10091381645367,177.15368244790216,True
200,14,hapibd,mixed,-252.0060181624563,-567.1523084245956,315.14629026213936,True
200,14,true,ibd,-310.2547444195159,-518.566775789266,208.31203136975012,True
200,14,true,mixed,-260.9704751448065,-623.9366732238072,362.9661980790007,True
200,15,hapibd,ibd,-312.27455731648655,-517.626939778943,205.35238246245643,True
200,15,hapibd,mixed,-253.38448536665183,-617.8359196281752,364.45143426152345,True
200,15,true,ibd,-321.427266133811,-622.0300623418191,300.6027962080081,True
200,15,true,mixed,-266.49643547180995,-725.3410283610318,458.8445928892219,True
200,16,hapibd,ibd,-285.8334324899071,-464.1400322526135,178.30659976270636,True
200,16,hapibd,mixed,-225.58151047163398,-597.4795542125746,371.89804374094064,True
200,16,true,ibd,-294.9645675867158,-515.2835182014687,220.3189506147529,True
200,16,true,mixed,-236.65055367050718,-625.3608266882061,388.7102730176989,True
200,17,hapibd,ibd,-307.1911075939841,-454.6434696797213,147.4523620857372,True
200,17,hapibd,mixed,-248.99837125072528,-564.634258334456,315.6358870837307,True
200,17,true,ibd,-309.6464058658584,-462.9481046729286,153.30169880707018,True
200,17,true,mixed,-253.4107010762731,-560.1319676481857,306.72126657191257,True
200,18,hapibd,ibd,-306.2925262682291,-492.8404286105069,186.54790234227778,True
200,18,hapibd,mixed,-252.5147040863918,-604.0257524219561,351.5110483355643,True
200,18,true,ibd,-313.1970280782329,-554.1207178534878,240.9236897752549,True
200,18,true,mixed,-256.8125375898629,-658.925951064128,402.11341347426503,True
200,19,hapibd,ibd,-300.9972652966669,-438.01401759239525,137.01675229572834,True
200,19,hapibd,mixed,-241.5762774058349,-534.4149541547526,292.83867674891775,True
200,19,true,ibd,-302.71095713858045,-437.5191302312425,134.80817309266206,True
200,19,true,mixed,-242.138585806844,-524.3634622662918,282.2248764594478,True
200,20,hapibd,ibd,-302.5360672357272,-501.2108489069654,198.67478167123818,True
200,20,hapibd,mixed,-247.2147069329233,-591.5683802369048,344.3536733039815,True
200,20,true,ibd,-315.1184155523706,-571.910183808131,256.7917682557604,True
200,20,true,mixed,-264.0486138821101,-638.3508223778858,374.30220849577574,True
200,21,hapibd,ibd,-289.90781745786944,-446.1509748984721,156.24315744060266,True
200,21,hapibd,mixed,-236.9851366161211,-524.577739673456,287.5926030573349,True
200,21,true,ibd,-297.9590031578617,-507.30759554088297,209.3485923830213,True
200,21,true,mixed,-244.2627522516497,-566.5021056911261,322.2393534394764,True
200,22,hapibd,ibd,-285.38378156268936,-483.24120780689617,197.8574262442068,True
200,22,hapibd,mixed,-229.14608004214912,-638.7055578826149,409.5594778404658,True
200,22,true,ibd,-309.4099949481492,-523.2352548963809,213.8252599482317,True
200,22,true,mixed,-250.11226607428753,-674.3081431962896,424.1958771220021,True
200,23,hapibd,ibd,-303.0346979593457,-513.6473057171368,210.61260775779107,True
200,23,hapibd,mixed,-242.50478099162677,-683.0416860343215,440.53690504269474,True
200,23,true,ibd,-312.1070468606191,-534.5954609651839,222.48841410456475,True
200,23,true,mixed,-255.36913536434182,-672.2284102602215,416.8592748958797,True
200,24,hapibd,ibd,-308.7849864098054,-474.6428457760156,165.85785936621016,True
200,24,hapibd,mixed,-254.7510297282979,-554.8395655744168,300.08853584611893,True
200,24,true,ibd,-318.0070641829825,-496.91306249746305,178.90599831448054,True
200,24,true,mixed,-260.4237175388493,-562.6875965528243,302.263879013975,True
200,25,hapibd,ibd,-294.51174999533964,-487.96323684218254,193.4514868468429,True
200,25,hapibd,mixed,-241.10674007921182,-599.3201432149093,358.2134031356975,True
200,25,true,ibd,-299.8676491302295,-528.5035580626266,228.63590893239706,True
200,25,true,mixed,-245.0064581541403,-634.0217245779005,389.0152664237602,True
200,26,hapibd,ibd,-311.6519805967539,-486.2325471143465,174.58056651759262,True
200,26,hapibd,mixed,-253.2077910505202,-582.199456660125,328.99166560960475,True
200,26,true,ibd,-316.7961455099728,-533.9559672529172,217.15982174294436,True
200,26,true,mixed,-263.4006377319016,-598.7091671475498,335.3085294156482,True
200,27,hapibd,ibd,-291.5633717797996,-484.652876799455,193.0895050196554,True
200,27,hapibd,mixed,-234.35026996266038,-645.5920006791334,411.24173071647306,True
200,27,true,ibd,-292.79042292826813,-528.0943592721122,235.3039363438441,True
200,27,true,mixed,-234.86855221407097,-663.0591863700588,428.1906341559878,True
200,28,hapibd,ibd,-298.7799125672742,-480.0516580064082,181.271745439134,True
200,28,hapibd,mixed,-241.0494341052326,-614.0656372353004,373.0162031300678,True
200,28,true,ibd,-324.40389145112005,-519.2501515124262,194.84626006130617,True
200,28,true,mixed,-265.4609200626826,-634.272879310044,368.8119592473614,True
200,29,hapibd,ibd,-318.4826362830532,-468.3052830640582,149.822646781005,True
200,29,hapibd,mixed,-269.8516195119784,-579.0240759568189,309.1724564448405,True
200,29,true,ibd,-327.83152644513694,-487.5760494714613,159.74452302632437,True
200,29,true,mixed,-272.8681052616742,-596.5176295182263,323.64952425655207,True
200,30,hapibd,ibd,-293.20889906881564,-479.18136894252723,185.9724698737116,True
200,30,hapibd,mixed,-236.8836161533222,-582.7473167224633,345.8637005691411,True
200,30,true,ibd,-309.2302544760112,-509.43440370403533,200.2041492280241,True
200,30,true,mixed,-249.9384615468634,-593.6696698590783,343.7312083122149,True
200,31,hapibd,ibd,-290.03719807844993,-522.5126333922398,232.47543531378983,True
200,31,hapibd,mixed,-230.57709157130478,-670.9036062465788,440.326514675274,True
200,31,true,ibd,-304.20953357106623,-593.7147909181188,289.5052573470525,True
200,31,true,mixed,-247.20885068104226,-739.44148893028,492.23263824923777,True
200,32,hapibd,ibd,-289.9448944342282,-468.213721478102,178.26882704387378,True
200,32,hapibd,mixed,-233.9663744187724,-551.6299168207905,317.66354240201815,True
200,32,true,ibd,-298.2724604030965,-510.6355708007913,212.3631103976948,True
200,32,true,mixed,-249.5210969010936,-571.3174482109121,321.7963513098184,True
200,33,hapibd,ibd,-298.02967648194965,-447.08566039415365,149.055983912204,True
200,33,hapibd,mixed,-239.77899723413609,-529.4624448132315,289.6834475790954,True
200,33,true,ibd,-301.4637343766014,-470.1270480213576,168.66331364475622,True
200,33,true,mixed,-245.162911935381,-542.0534124639372,296.89050052855623,True
200,34,hapibd,ibd,-300.3759139850478,-470.15363280359173,169.77771881854392,True
200,34,hapibd,mixed,-243.88976203342497,-604.0029569573977,360.11319492397274,True
200,34,true,ibd,-309.3033125436001,-486.58997024197714,177.28665769837704,True
200,34,true,mixed,-258.21847615412815,-582.1010360522573,323.88255989812916,True
200,35,hapibd,ibd,-290.4161680769262,-466.19658042219555,175.78041234526933,True
200,35,hapibd,mixed,-233.0271236196411,-603.8071833746487,370.78005975500764,True
200,35,true,ibd,-303.7652881093074,-527.8570954139484,224.091807304641,True
200,35,true,mixed,-246.06509934036742,-669.3213954948478,423.2562961544804,True
200,36,hapibd,ibd,-287.490405267024,-452.40195683341005,164.91155156638604,True
200,36,hapibd,mixed,-230.32945906993402,-580.3922383822458,350.0627793123117,True
200,36,true,ibd,-292.11539847284706,-477.93545276304553,185.82005429019847,True
200,36,true,mixed,-236.07236992654407,-581.2543360504194,345.1819661238753,True
200,37,hapibd,ibd,-286.41317200191634,-475.802628308008,189.3894563060917,True
200,37,hapibd,mixed,-227.07424637946994,-623.2881679144928,396.2139215350228,True
200,37,true,ibd,-301.54413757955575,-495.32401981105176,193.779882231496,True
200,37,true,mixed,-244.8858777087272,-599.8238845230624,354.93800681433515,True
200,38,hapibd,ibd,-306.6284094009272,-476.54509032309795,169.91668092217077,True
200,38,hapibd,mixed,-242.3907418730326,-582.750609592347,340.3598677193144,True
200,38,true,ibd,-300.1737466120556,-495.9617442170412,195.7879976049856,True
200,38,true,mixed,-238.104629631604,-584.2809418869244,346.17631225532045,True
200,39,hapibd,ibd,-285.8586896551726,-509.03242589076956,223.17373623559695,True
200,39,hapibd,mixed,-229.2908628990663,-686.2075506215797,456.9166877225134,True
200,39,true,ibd,-293.9790090517925,-587.664456643992,293.6854475921995,True
200,39,true,mixed,-236.74048686398038,-743.8421402169549,507.10165335297455,True
200,40,hapibd,ibd,-287.6979721481382,-479.05848624300813,191.36051409486993,True
200,40,hapibd,mixed,-232.78766309848632,-599.8334750595142,367.0458119610279,True
200,40,true,ibd,-292.9946158073375,-520.536775670483,227.54215986314557,True
200,40,true,mixed,-237.08744974662142,-616.2467195006609,379.1592697540395,True
200,41,hapibd,ibd,-311.7563769823902,-465.84636912569334,154.08999214330316,True
200,41,hapibd,mixed,-262.27152163110486,-566.203861882651,303.9323402515462,True
200,41,true,ibd,-315.12672869388945,-494.961086489435,179.83435779554554,True
200,41,true,mixed,-262.88302252393055,-590.3447040662155,327.46168154228496,True
200,42,hapibd,ibd,-290.1710242799142,-468.1169360827681,177.9459118028539,True
200,42,hapibd,mixed,-235.3920765095997,-542.6417953829604,307.2497188733607,True
200,42,true,ibd,-307.45106987858594,-501.12110253039816,193.67003265181222,True
200,42,true,mixed,-250.8584871116902,-572.0918964780205,321.2334093663303,True
200,43,hapibd,ibd,-312.3169599622559,-487.8143792632379,175.49741930098202,True
200,43,hapibd,mixed,-252.9624926930791,-611.4014643982097,358.4389717051306,True
200,43,true,ibd,-318.26823142741637,-534.3769941556179,216.10876272820155,True
200,43,true,mixed,-262.3714955592293,-643.763201291791,381.3917057325617,True
200,44,hapibd,ibd,-301.10755340917916,-480.7179903089154,179.61043689973621,True
200,44,hapibd,mixed,-247.84185871140897,-625.7059216215105,377.8640629101015,True
200,44,true,ibd,-322.8404698675116,-542.889611309249,220.04914144173733,True
200,44,true,mixed,-265.47812198163166,-686.9286283454326,421.4505063638009,True
200,45,hapibd,ibd,-273.40583633279493,-419.52604369452865,146.12020736173372,True
200,45,hapibd,mixed,-215.27103074453169,-557.9837943608594,342.7127636163277,True
200,45,true,ibd,-297.13625309523417,-472.84984870480235,175.7135956095682,True
200,45,true,mixed,-241.27353349926258,-602.5317977941661,361.2582642949035,True
200,46,hapibd,ibd,-303.9802330320546,-450.6935961948397,146.71336316278507,True
200,46,hapibd,mixed,-249.1139146060376,-512.3381396610658,263.2242250550282,True
200,46,true,ibd,-320.9363505768926,-489.43836795858897,168.50201738169636,True
200,46,true,mixed,-263.42983630236,-529.2882763612214,265.8584400588614,True
200,47,hapibd,ibd,-301.2861736093592,-421.4214005763149,120.13522696695571,True
200,47,hapibd,mixed,-247.7604539940763,-470.2444259624986,222.4839719684223,True
200,47,true,ibd,-309.42960157742584,-462.50490353755555,153.0753019601297,True
200,47,true,mixed,-257.4914556217421,-511.8212034232358,254.32974780149368,True
200,48,hapibd,ibd,-298.2709001007344,-509.5149680004043,211.24406789966986,True
200,48,hapibd,mixed,-243.78359694699202,-659.564497210948,415.780900263956,True
200,48,true,ibd,-309.57035775918087,-535.9132587399328,226.3429009807519,True
200,48,true,mixed,-251.4633603306286,-648.1212988054973,396.65793847486873,True
200,49,hapibd,ibd,-298.73300108175573,-464.52884738900025,165.79584630724452,True
200,49,hapibd,mixed,-239.2453375577024,-604.3956535439568,365.1503159862543,True
200,49,true,ibd,-308.76217959561814,-493.2336199682464,184.47144037262825,True
200,49,true,mixed,-251.13173707435652,-620.4400661665435,369.30832909218697,True
200,50,hapibd,ibd,-292.6629200036358,-433.1666616427655,140.50374163912971,True
200,50,hapibd,mixed,-241.5034550281911,-543.22077768215,301.71732265395895,True
200,50,true,ibd,-298.3152157426059,-484.5565961814545,186.24138043884858,True
200,50,true,mixed,-247.1363417103709,-576.8986387999447,329.7622970895738,True
200,51,hapibd,ibd,-299.1290454693862,-528.4806675900818,229.3516221206956,True
200,51,hapibd,mixed,-242.3270043574794,-656.535780021948,414.2087756644686,True
200,51,true,ibd,-313.1643935077417,-582.2749802509031,269.11058674316143,True
200,51,true,mixed,-254.37705891826818,-705.0079103234374,450.6308514051692,True
200,52,hapibd,ibd,-303.68416196418264,-457.35942807303996,153.67526610885733,True
200,52,hapibd,mixed,-246.55584438342999,-594.2524027512351,347.6965583678051,True
200,52,true,ibd,-326.25576774489633,-527.7497815225045,201.49401377760813,True
200,52,true,mixed,-266.74969959730237,-667.1691041200185,400.4194045227161,True
200,53,hapibd,ibd,-283.85725984705323,-467.28079306581594,183.4235332187627,True
200,53,hapibd,mixed,-225.51574009316892,-589.051141266835,363.53540117366606,True
200,53,true,ibd,-297.9570989408149,-499.1478851853168,201.1907862445019,True
200,53,true,mixed,-242.10479990280447,-594.0732474821872,351.9684475793827,True
200,54,hapibd,ibd,-299.6080145887449,-474.9244696746034,175.31645508585854,True
200,54,hapibd,mixed,-240.7083343205809,-573.1034955844821,332.3951612639012,True
200,54,true,ibd,-318.4223339867527,-545.7350226670246,227.31268868027195,True
200,54,true,mixed,-263.0508981192687,-651.7750126913123,388.7241145720436,True
200,55,hapibd,ibd,-316.78904547625785,-513.7453191082345,196.95627363197667,True
200,55,hapibd,mixed,-260.152584164797,-625.2137020213596,365.0611178565626,True
200,55,true,ibd,-323.0360923818343,-594.1930023567683,271.15690997493397,True
200,55,true,mixed,-268.6859294580934,-686.046455019119,417.36052556102555,True
200,56,hapibd,ibd,-296.63366050582624,-455.44363187812786,158.80997137230162,True
200,56,hapibd,mixed,-238.3032911608209,-623.1001415203032,384.7968503594823,True
200,56,true,ibd,-303.6695334158048,-506.7674508979352,203.0979174821304,True
200,56,true,mixed,-246.46523111572128,-642.9146245500357,396.4493934343144,True
200,57,hapibd,ibd,-300.8093339515773,-519.6288991932988,218.81956524172153,True
200,57,hapibd,mixed,-241.209023292164,-654.0378071374253,412.8287838452612,True
200,57,true,ibd,-313.21055345804524,-579.715146722478,266.5045932644328,True
200,57,true,mixed,-254.5306116944111,-727.3149737589429,472.78436206453176,True
200,58,hapibd,ibd,-288.7030387324991,-468.58931061891803,179.8862718864189,True
200,58,hapibd,mixed,-232.11656720607192,-595.6184321275366,363.5018649214647,True
200,58,true,ibd,-287.925784750704,-515.662311979657,227.73652722895304,True
200,58,true,mixed,-232.6757464050789,-621.5923077513745,388.91656134629557,True
200,59,hapibd,ibd,-291.55073820817387,-473.00309284231855,181.45235463414468,True
200,59,hapibd,mixed,-232.17270001569878,-595.0899319312193,362.9172319155206,True
200,59,true,ibd,-301.93316577576775,-515.2673313702891,213.33416559452132,True
200,59,true,mixed,-242.1037325153797,-628.4725938250662,386.36886130968645,True
200,60,hapibd,ibd,-302.08540366650084,-486.04160137076866,183.95619770426782,True
200,60,hapibd,mixed,-243.39509510499562,-603.9351385394099,360.54004343441426,True
200,60,true,ibd,-306.26793755665443,-533.0347571267199,226.76681957006548,True
200,60,true,mixed,-249.69426055071813,-639.7845183345138,390.09025778379566,True
200,61,hapibd,ibd,-286.4435886094815,-463.1297449543377,176.68615634485622,True
200,61,hapibd,mixed,-229.9406706837756,-584.1925704121218,354.2518997283462,True
200,61,true,ibd,-303.4040730278615,-512.9742364816208,209.57016345375928,True
200,61,true,mixed,-245.73795711224187,-622.6592522485844,376.9212951363425,True
200,62,hapibd,ibd,-285.85451642015283,-453.9189322989268,168.06441587877396,True
200,62,hapibd,mixed,-226.5924744562182,-595.7445625062921,369.1520880500739,True
200,62,true,ibd,-298.30721131350435,-481.5577134950318,183.25050218152745,True
200,62,true,mixed,-239.076789949617,-597.8174477492746,358.7406577996576,True
200,63,hapibd,ibd,-285.48874830523386,-429.4024509910687,143.91370268583483,True
200,63,hapibd,mixed,-231.7970829926126,-525.8822384745193,294.0851554819068,True
200,63,true,ibd,-296.7815995421451,-450.8766210751042,154.0950215329591,True
200,63,true,mixed,-238.60769104351368,-537.7067107791306,299.09901973561693,True
200,64,hapibd,ibd,-313.2548873873518,-487.60012909772354,174.34524171037174,True
200,64,hapibd,mixed,-259.3989391871213,-568.9515159726478,309.5525767855265,True
200,64,true,ibd,-312.258026475981,-542.531261222034,230.273234746053,True
200,64,true,mixed,-255.17585077173572,-624.1316342071111,368.9557834353754,True
200,65,hapibd,ibd,-301.28878492644765,-471.3130525904661,170.02426766401845,True
200,65,hapibd,mixed,-245.173132662747,-554.0840354157689,308.9109027530219,True
200,65,true,ibd,-316.91847715305386,-524.9178986333424,207.9994214802885,True
200,65,true,mixed,-260.6311877841939,-594.1638014233313,333.53261363913737,True
200,66,hapibd,ibd,-306.79991368953296,-536.7641268719021,229.96421318236918,True
200,66,hapibd,mixed,-250.8798587455465,-674.9031670896464,424.0233083441,True
200,66,true,ibd,-305.3699788989395,-612.8917646384111,307.5217857394716,True
200,66,true,mixed,-246.3244993221558,-765.3403098598613,519.0158105377055,True
200,67,hapibd,ibd,-284.1061481662176,-451.3042236205209,167.19807545430325,True
200,67,hapibd,mixed,-235.151439255565,-537.0151602422202,301.86372098665515,True
200,67,true,ibd,-317.1397874629963,-498.79172494183587,181.65193747883956,True
200,67,true,mixed,-261.2872543212348,-593.8854694040134,332.5982150827786,True
200,68,hapibd,ibd,-282.6759651038521,-445.8807999203799,163.2048348165278,True
200,68,hapibd,mixed,-228.6680027643497,-574.2759845627443,345.6079817983946,True
200,68,true,ibd,-303.375689917375,-466.11611002552263,162.74042010814765,True
200,68,true,mixed,-248.40947767293972,-565.7194969093428,317.31001923640304,True
200,69,hapibd,ibd,-293.65212464722,-476.51347429384185,182.86134964662187,True
200,69,hapibd,mixed,-238.1119740116111,-613.5203622677748,375.4083882561637,True
200,69,true,ibd,-304.70696310238685,-551.9706126356041,247.26364953321723,True
200,69,true,mixed,-244.0545344334455,-695.4901230267697,451.43558859332416,True
200,70,hapibd,ibd,-306.2021172827667,-453.633032645319,147.4309153625523,True
200,70,hapibd,mixed,-253.47679102900938,-555.8811561161475,302.4043650871381,True
200,70,true,ibd,-324.1254429420264,-476.89017066843013,152.76472772640375,True
200,70,true,mixed,-271.7781248008147,-578.4294910976787,306.651366296864,True
200,71,hapibd,ibd,-293.81769957531657,-472.0321255609582,178.21442598564164,True
200,71,hapibd,mixed,-235.79278417197534,-630.3060763553738,394.51329218339845,True
200,71,true,ibd,-300.96384987480513,-510.68697722479686,209.72312734999173,True
200,71,true,mixed,-242.6193754504265,-650.2082564932778,407.58888104285126,True
200,72,hapibd,ibd,-292.8657442688529,-450.6332850171503,157.7675407482974,True
200,72,hapibd,mixed,-234.3894730914517,-547.2874300497864,312.8979569583347,True
200,72,true,ibd,-307.3868100583517,-497.7038411605335,190.31703110218177,True
200,72,true,mixed,-248.4190268659827,-608.0334896026559,359.6144627366732,True
200,73,hapibd,ibd,-283.51016567350774,-489.3364640651387,205.82629839163098,True
200,73,hapibd,mixed,-223.31824876164768,-652.4718286985399,429.1535799368922,True
200,73,true,ibd,-280.8370912220856,-561.7075349159919,280.87044369390634,True
200,73,true,mixed,-230.1055329174388,-717.9969511342481,487.89141821680926,True
200,74,hapibd,ibd,-302.84624764869875,-455.93564486740974,153.08939721871099,True
200,74,hapibd,mixed,-246.05727733395096,-539.7367276655646,293.67945033161357,True
200,74,true,ibd,-308.74593511288,-499.0700227951222,190.32408768224224,True
200,74,true,mixed,-258.2606234621759,-569.6325362634528,311.37191280127695,True
200,75,hapibd,ibd,-297.28274618141666,-476.5026806938449,179.21993451242827,True
200,75,hapibd,mixed,-240.8802951184052,-601.7335686475523,360.85327352914703,True
200,75,true,ibd,-311.51702277727276,-517.0528636215258,205.53584084425307,True
200,75,true,mixed,-256.710822678378,-633.0475570461329,376.33673436775484,True
200,76,hapibd,ibd,-287.806142012606,-490.15277045795483,202.3466284453488,True
200,76,hapibd,mixed,-231.8209323321538,-601.3685360698022,369.5476037376484,True
200,76,true,ibd,-291.5939325975439,-534.7241417047267,243.13020910718274,True
200,76,true,mixed,-236.7182677411488,-639.6600229960801,402.9417552549313,True
200,77,hapibd,ibd,-291.2589627515633,-462.31737259758717,171.0584098460239,True
200,77,hapibd,mixed,-237.23103705966741,-553.6198057003006,316.3887686406332,True
200,77,true,ibd,-301.72534970248233,-521.0887652018143,219.363415499332,True
200,77,true,mixed,-246.88703161036642,-622.2580375834359,375.3710059730695,True
200,78,hapibd,ibd,-301.4764744195164,-469.7603858428961,168.28391142337966,True
200,78,hapibd,mixed,-245.11342047973773,-581.9367908965947,336.823370416857,True
200,78,true,ibd,-296.94735801708134,-507.6737499271087,210.72639191002736,True
200,78,true,mixed,-240.76804972784402,-579.8006273121553,339.03257758431124,True
200,79,hapibd,ibd,-290.85947120067107,-484.7061856072254,193.84671440655433,True
200,79,hapibd,mixed,-240.61927645512782,-588.696670067408,348.0773936122802,True
200,79,true,ibd,-295.841340911123,-514.281904064352,218.44056315322905,True
200,79,true,mixed,-238.20060873759178,-593.5791273102978,355.37851857270607,True
200,80,hapibd,ibd,-300.945263853139,-474.2929753627621,173.34771150962308,True
200,80,hapibd,mixed,-243.64590858758288,-584.6930225167583,341.04711392917545,True
200,80,true,ibd,-309.8725971556773,-487.9686954375189,178.0960982818416,True
200,80,true,mixed,-255.47267813533182,-580.3293562382576,324.85667810292574,True
200,81,hapibd,ibd,-290.0257012789984,-471.4052024268913,181.37950114789294,True
200,81,hapibd,mixed,-234.1275929669944,-532.9850967488221,298.85750378182775,True
200,81,true,ibd,-300.957252604087,-497.44709207876735,196.48983947468037,True
200,81,true,mixed,-245.53806404378813,-542.2539229497623,296.7158589059742,True
200,82,hapibd,ibd,-285.64085156101663,-487.7894667371015,202.1486151760849,True
200,82,hapibd,mixed,-228.8096901928162,-620.593201500569,391.78351130775275,True
200,82,true,ibd,-297.206419036248,-555.2607593796517,258.05434034340374,True
200,82,true,mixed,-243.42976627891267,-675.1090254366685,431.67925915775584,True
200,83,hapibd,ibd,-280.8658491444555,-457.55075268535876,176.68490354090324,True
200,83,hapibd,mixed,-226.5874652808961,-579.6651881860664,353.0777229051703,True
200,83,true,ibd,-292.30005608784137,-526.1510171074303,233.85096101958896,True
200,83,true,mixed,-235.8107832355009,-650.6211899199944,414.8104066844935,True
200,84,hapibd,ibd,-287.99051438190696,-451.9515595122475,163.96104513034055,True
200,84,hapibd,mixed,-237.57179661344978,-553.9512536078363,316.3794569943865,True
200,84,true,ibd,-293.0617480325772,-477.4962009834169,184.43445295083967,True
200,84,true,mixed,-241.0578925878441,-548.8479030294742,307.7900104416301,True
200,85,hapibd,ibd,-279.91163408666876,-475.6656989304795,195.75406484381074,True
200,85,hapibd,mixed,-222.2861253581157,-640.6599521702001,418.3738268120844,True
200,85,true,ibd,-294.065586752802,-536.0613293500521,241.9957425972501,True
200,85,true,mixed,-236.14206654101298,-702.8550541497339,466.7129876087209,True
200,86,hapibd,ibd,-292.3315543821835,-439.096946402375,146.76539202019148,True
200,86,hapibd,mixed,-234.0600185600189,-605.2600498644881,371.20003130446923,True
200,86,true,ibd,-303.1336451658576,-494.57133873366706,191.43769356780945,True
200,86,true,mixed,-243.8543191649975,-637.2177883237543,393.36346915875686,True
200,87,hapibd,ibd,-296.04761317178895,-449.38897706261673,153.34136389082778,True
200,87,hapibd,mixed,-235.7305645776349,-538.1801871372012,302.44962255956625,True
200,87,true,ibd,-300.23185403654213,-528.5577308206806,228.32587678413847,True
200,87,true,mixed,-246.5295278296567,-626.9048361017647,380.375308272108,True
200,88,hapibd,ibd,-288.64189679162587,-433.5885532130505,144.94665642142462,True
200,88,hapibd,mixed,-235.69465213463812,-519.8020231543354,284.1073710196973,True
200,88,true,ibd,-302.78417806144034,-500.3884964768914,197.60431841545108,True
200,88,true,mixed,-249.80995343131548,-574.2048171420571,324.3948637107416,True
200,89,hapibd,ibd,-313.2175462801278,-488.9076414600641,175.6900951799363,True
200,89,hapibd,mixed,-256.4469579790281,-586.6621024085006,330.21514442947245,True
200,89,true,ibd,-333.3543700706488,-549.0783079501083,215.72393787945947,True
200,89,true,mixed,-275.2280999681978,-627.728148381688,352.5000484134902,True
200,90,hapibd,ibd,-295.10535606921263,-483.1526407462021,188.04728467698948,True
200,90,hapibd,mixed,-238.93960158760018,-644.6739392963597,405.7343377087595,True
200,90,true,ibd,-303.1742384164574,-513.8224816163487,210.64824319989128,True
200,90,true,mixed,-245.9038374824459,-639.1581363532323,393.2542988707864,True
200,91,hapibd,ibd,-297.0232910103552,-482.86510187896573,185.84181086861054,True
200,91,hapibd,mixed,-244.65221775969212,-593.3057162686088,348.65349850891664,True
200,91,true,ibd,-300.2055772051774,-502.84645790208106,202.64088069690365,True
200,91,true,mixed,-242.99297386933603,-589.274943600233,346.28196973089695,True
200,92,hapibd,ibd,-300.64495642111353,-495.7635476144235,195.11859119330995,True
200,92,hapibd,mixed,-246.2275354484883,-632.0025950031769,385.7750595546886,True
200,92,true,ibd,-318.7152750061454,-541.4468934774853,222.7316184713399,True
200,92,true,mixed,-263.9348671101571,-654.901708710888,390.9668416007309,True
200,93,hapibd,ibd,-298.46970060003804,-436.0376189277929,137.56791832775485,True
200,93,hapibd,mixed,-239.66873909687632,-529.9767359804192,290.3079968835429,True
200,93,true,ibd,-309.6904086697986,-500.4422381478323,190.7518294780337,True
200,93,true,mixed,-252.38683098422,-582.8465218072856,330.4596908230656,True
200,94,hapibd,ibd,-292.4028860616174,-481.8966061047162,189.49372004309885,True
200,94,hapibd,mixed,-238.32605216871423,-605.0053882136931,366.67933604497887,True
200,94,true,ibd,-299.40224050770007,-540.0960748159766,240.69383430827656,True
200,94,true,mixed,-242.23006881467808,-655.9311450442217,413.7010762295436,True
200,95,hapibd,ibd,-290.9461203741514,-429.1298442382165,138.1837238640651,True
200,95,hapibd,mixed,-237.0128489924702,-496.4215736579365,259.4087246654663,True
200,95,true,ibd,-303.0543362143659,-465.17329141949864,162.11895520513275,True
200,95,true,mixed,-255.2591423092818,-523.3383405885946,268.07919827931283,True
200,96,hapibd,ibd,-327.6159817616318,-502.7207113316192,175.1047295699874,True
200,96,hapibd,mixed,-268.6644692504339,-646.657299281111,377.9928300306771,True
200,96,true,ibd,-331.012995265938,-547.1345022015963,216.12150693565832,True
200,96,true,mixed,-278.8750129437684,-693.3331272139596,414.45811427019123,True
200,97,hapibd,ibd,-283.7805973654696,-455.4498756667338,171.66927830126423,True
200,97,hapibd,mixed,-230.1020813563796,-549.6265056888477,319.52442433246813,True
200,97,true,ibd,-294.66309484838007,-503.64044816167285,208.97735331329278,True
200,97,true,mixed,-241.79743973124343,-615.392442027719,373.5950022964755,True
200,98,hapibd,ibd,-296.2304284958289,-439.5711930800297,143.34076458420077,True
200,98,hapibd,mixed,-237.812100900308,-567.3199147306073,329.50781383029926,True
200,98,true,ibd,-307.70582639181816,-482.3867232762709,174.68089688445275,True
200,98,true,mixed,-251.0253583952193,-597.5485866179089,346.52322822268957,True
200,99,hapibd,ibd,-282.1243557896717,-464.1994944082933,182.07513861862157,True
200,99,hapibd,mixed,-221.41645218302548,-631.1462452674904,409.72979308446486,True
200,99,true,ibd,-290.19182711142963,-540.5833205945491,250.39149348311952,True
200,99,true,mixed,-230.80939085516334,-686.1162117864549,455.30682093129155,True
300,0,hapibd,ibd,-337.75789153401655,-653.8852904556195,316.12739892160295,True
300,0,hapibd,mixed,-278.3086168101246,-885.2487203546309,606.9401035445063,True
300,0,true,ibd,-353.18079331172504,-713.551341576125,360.37054826439993,True
300,0,true,mixed,-290.2688320548962,-942.95476045801,652.6859284031138,True
300,1,hapibd,ibd,-344.8275090733865,-584.3373445308479,239.50983545746135,True
300,1,hapibd,mixed,-291.7416464911245,-759.1616327551609,467.41998626403637,True
300,1,true,ibd,-350.1647851317137,-610.7465943711362,260.5818092394225,True
300,1,true,mixed,-294.5632652725958,-763.1786900532448,468.61542478064905,True
300,2,hapibd,ibd,-316.3743537628954,-596.014197897727,279.63984413483155,True
300,2,hapibd,mixed,-259.34447178739816,-807.8554174369821,548.5109456495838,True
300,2,true,ibd,-337.61342552688393,-688.4328447488207,350.81941922193676,True
300,2,true,mixed,-276.17136581444754,-937.543971656922,661.3726058424745,True
300,3,hapibd,ibd,-335.5318864986723,-600.9942860132314,265.46239951455914,True
300,3,hapibd,mixed,-269.4605151413645,-814.2985381119753,544.8380229706108,True
300,3,true,ibd,-341.01893824623954,-663.9593144866307,322.9403762403911,True
300,3,true,mixed,-279.0650086903533,-860.4747214799311,581.4097127895777,True
300,4,hapibd,ibd,-319.5440023209045,-574.8670740363004,255.32307171539594,True
300,4,hapibd,mixed,-259.7812883239272,-807.1798995673172,547.39861124339,True
300,4,true,ibd,-335.02670439251335,-670.8883780956787,335.86167370316537,True
300,4,true,mixed,-275.235047184355,-894.0773323597039,618.8422851753489,True
300,5,hapibd,ibd,-326.5994633867685,-624.0338483421112,297.43438495534275,True
300,5,hapibd,mixed,-269.99280628398725,-828.1432870667393,558.1504807827521,True
300,5,true,ibd,-331.0662570821761,-671.4895808194025,340.4233237372264,True
300,5,true,mixed,-274.4480123005207,-869.6039988959801,595.1559865954594,True
300,6,hapibd,ibd,-336.5049721159251,-621.2445234972713,284.7395513813462,True
300,6,hapibd,mixed,-281.23747314811857,-794.3801638008694,513.1426906527508,True
300,6,true,ibd,-340.7744028396391,-670.5473588359437,329.7729559963046,True
300,6,true,mixed,-285.0726239471432,-849.8702863353122,564.7976623881691,True
300,7,hapibd,ibd,-335.24763809146754,-595.9978750525294,260.75023696106183,True
300,7,hapibd,mixed,-272.00567637570356,-782.564757962188,510.5590815864844,True
300,7,true,ibd,-342.4201412809766,-643.3718482554738,300.95170697449714,True
300,7,true,mixed,-281.03762973625396,-799.5741126842645,518.5364829480105,True
300,8,hapibd,ibd,-334.63864816541326,-596.1313462342799,261.4926980688667,True
300,8,hapibd,mixed,-278.9106355133992,-786.3755136202892,507.46487810689,True
300,8,true,ibd,-349.9439966687473,-630.1828428321409,280.2388461633936,True
300,8,true,mixed,-287.15720530093864,-798.4623473996821,511.3051420987435,True
300,9,hapibd,ibd,-331.6457714152817,-565.2726106320039,233.6268392167222,True
300,9,hapibd,mixed,-272.9489111045457,-736.7598576796082,463.81094657506253,True
300,9,true,ibd,-342.4850961019983,-621.770159604117,279.2850635021187,True
300,9,true,mixed,-280.73251290843575,-775.9902358370107,495.25772292857494,True
300,10,hapibd,ibd,-331.79026514910834,-609.307026509124,277.5167613600156,True
300,10,hapibd,mixed,-272.0951523895447,-796.1124094490488,524.0172570595041,True
300,10,true,ibd,-344.33203518439467,-699.0289386091907,354.69690342479606,True
300,10,true,mixed,-283.36511073213865,-881.782010898723,598.4169001665844,True
300,11,hapibd,ibd,-323.60563745968074,-574.9134418745045,251.3078044148238,True
300,11,hapibd,mixed,-266.1310052429789,-762.2622829509808,496.13127770800185,True
300,11,true,ibd,-332.9910933125707,-622.0745287499645,289.08343543739386,True
300,11,true,mixed,-276.7012698705623,-790.9946832043493,514.2934133337869,True
300,12,hapibd,ibd,-319.4043774313369,-562.7297614336132,243.32538400227634,True
300,12,hapibd,mixed,-259.1013459683043,-756.5302748272014,497.4289288588971,True
300,12,true,ibd,-329.32687171429444,-634.5334522362451,305.2065805219507,True
300,12,true,mixed,-275.1737670807603,-815.7017183543871,540.5279512736269,True
300,13,hapibd,ibd,-337.2431369787123,-598.7111068346877,261.4679698559754,True
300,13,hapibd,mixed,-279.5052462989674,-859.7338210864734,580.228574787506,True
300,13,true,ibd,-340.4770185672437,-686.3418965658983,345.8648779986546,True
300,13,true,mixed,-289.9874484587231,-927.096340962304,637.1088925035808,True
300,14,hapibd,ibd,-338.5517765585248,-633.9782147618613,295.4264382033365,True
300,14,hapibd,mixed,-284.5088393753247,-841.8360992350532,557.3272598597284,True
300,14,true,ibd,-364.92120954970164,-689.0198407642936,324.09863121459193,True
300,14,true,mixed,-300.9913868817448,-889.4339098723491,588.4425229906043,True
300,15,hapibd,ibd,-319.5328144964329,-562.8171639398415,243.28434944340864,True
300,15,hapibd,mixed,-261.30192618390845,-789.6166274571501,528.3147012732417,True
300,15,true,ibd,-321.4392132528283,-603.4353478021676,281.9961345493393,True
300,15,true,mixed,-260.8677388305185,-812.1618997159537,551.2941608854353,True
300,16,hapibd,ibd,-323.18586405713097,-593.0750034109388,269.8891393538079,True
300,16,hapibd,mixed,-265.5642836866226,-821.7751565737761,556.2108728871535,True
300,16,true,ibd,-335.5741424540946,-640.6688332747792,305.0946908206846,True
300,16,true,mixed,-276.559399349386,-829.673552028652,553.114152679266,True
300,17,hapibd,ibd,-333.94662783573324,-623.8956755334632,289.94904769772995,True
300,17,hapibd,mixed,-277.073474855533,-842.3226548362719,565.249179980739,True
300,17,true,ibd,-335.3255144445015,-678.1169573914459,342.7914429469444,True
300,17,true,mixed,-279.4140568780474,-882.961062498021,603.5470056199736,True
300,18,hapibd,ibd,-336.26093231928195,-613.9955264062157,277.7345940869338,True
300,18,hapibd,mixed,-277.82453669251015,-791.6155426336327,513.7910059411225,True
300,18,true,ibd,-343.35502689131283,-702.3299529093213,358.97492601800843,True
300,18,true,mixed,-285.44337344870917,-878.9050827678789,593.4617093191697,True
300,19,hapibd,ibd,-314.0158807207561,-584.8184070086963,270.8025262879402,True
300,19,hapibd,mixed,-256.9266315036425,-790.0265969595141,533.0999654558716,True
300,19,true,ibd,-323.37773788569683,-617.1545833434966,293.77684545779977,True
300,19,true,mixed,-264.62634389880577,-795.9428992851125,531.3165553863067,True
300,20,hapibd,ibd,-360.67007175920116,-613.975421813212,253.3053500540109,True
300,20,hapibd,mixed,-300.29898890180857,-843.64213088807,543.3431419862615,True
300,20,true,ibd,-364.7457319964274,-690.2784136999661,325.5326817035387,True
300,20,true,mixed,-307.2345743411031,-921.6322381024248,614.3976637613217,True
300,21,hapibd,ibd,-330.2430316178323,-598.087870659675,267.8448390418427,True
300,21,hapibd,mixed,-269.4556843257494,-758.9216024012901,489.4659180755407,True
300,21,true,ibd,-352.4155045633607,-680.2285320294247,327.81302746606406,True
300,21,true,mixed,-293.0899583114955,-824.9717583435065,531.881800032011,True
300,22,hapibd,ibd,-319.5681964342325,-601.2395230653742,281.6713266311417,True
300,22,hapibd,mixed,-266.5874871117659,-801.1752980408261,534.5878109290602,True
300,22,true,ibd,-345.9415374271594,-685.0348780334941,339.0933406063347,True
300,22,true,mixed,-293.636680859657,-893.3663865770591,599.7297057174021,True
300,23,hapibd,ibd,-324.67237659547317,-504.8255976429667,180.15322104749356,True
300,23,hapibd,mixed,-263.29580419415146,-649.1338338480293,385.83802965387787,True
300,23,true,ibd,-328.5170934340793,-571.2353408370973,242.71824740301798,True
300,23,true,mixed,-267.2770707441518,-697.2368995712646,429.95982882711286,True
300,24,hapibd,ibd,-340.4261557813533,-592.161791965957,251.73563618460372,True
300,24,hapibd,mixed,-281.01558804577894,-785.5279246462344,504.51233660045546,True
300,24,true,ibd,-340.11941965289,-649.1554244896873,309.03600483679736,True
300,24,true,mixed,-283.9416053582984,-828.0391973672936,544.0975920089952,True
300,25,hapibd,ibd,-311.2166364107736,-598.689495939312,287.4728595285384,True
300,25,hapibd,mixed,-254.4624128137824,-817.4060020902457,562.9435892764633,True
300,25,true,ibd,-333.5721532031748,-660.4993267633482,326.9271735601734,True
300,25,true,mixed,-271.01270941225533,-850.4800102873068,579.4673008750515,True
300,26,hapibd,ibd,-338.20114542960295,-604.362767267516,266.16162183791306,True
300,26,hapibd,mixed,-281.97400463216064,-796.9877544523955,515.0137498202348,True
300,26,true,ibd,-356.9130233992115,-694.3300892567232,337.4170658575117,True
300,26,true,mixed,-297.5857841734613,-879.6854868017659,582.0997026283046,True
300,27,hapibd,ibd,-325.3020401169341,-606.0143703687861,280.712330251852,True
300,27,hapibd,mixed,-259.5398881969364,-820.834656176645,561.2947679797087,True
300,27,true,ibd,-325.5519880382801,-636.6017494384729,311.0497614001928,True
300,27,true,mixed,-266.0469128198415,-812.4810558714427,546.4341430516012,True
300,28,hapibd,ibd,-318.2761997889442,-568.2289281835931,249.9527283946489,True
300,28,hapibd,mixed,-256.8042812928054,-720.7162168237052,463.91193553089977,True
300,28,true,ibd,-340.9161158171047,-658.7386838248764,317.8225680077717,True
300,28,true,mixed,-281.71103877214904,-788.6768461293659,506.9658073572169,True
300,29,hapibd,ibd,-336.1870381422676,-623.1795199027869,286.99248176051924,True
300,29,hapibd,mixed,-272.96146613718116,-883.8757569636226,610.9142908264414,True
300,29,true,ibd,-345.5208719556039,-676.9517834483509,331.43091149274693,True
300,29,true,mixed,-287.835824085074,-905.8855556866413,618.0497316015673,True
300,30,hapibd,ibd,-333.98650335533824,-598.8385389356492,264.852035580311,True
300,30,hapibd,mixed,-281.3709080493503,-822.8066632248978,541.4357551755475,True
300,30,true,ibd,-332.6781708730375,-634.4233909663013,301.7452200932638,True
300,30,true,mixed,-280.4276856105772,-847.1040216921318,566.6763360815546,True
300,31,hapibd,ibd,-318.29047097579354,-573.2399553081178,254.9494843323243,True
300,31,hapibd,mixed,-259.3001734807519,-770.7419166714086,511.4417431906567,True
300,31,true,ibd,-332.15896425812923,-631.0928010400303,298.93383678190105,True
300,31,true,mixed,-274.26898923855146,-816.8811015068407,542.6121122682891,True
300,32,hapibd,ibd,-330.7067811975817,-591.8917846458065,261.18500344822485,True
300,32,hapibd,mixed,-272.1280964615428,-752.6335653664363,480.5054689048935,True
300,32,true,ibd,-341.7274780352222,-673.8451081442274,332.11763010900523,True
300,32,true,mixed,-286.55260199203474,-868.3347573825966,581.7821553905619,True
300,33,hapibd,ibd,-336.75620225092666,-639.084808989942,302.3286067390153,True
300,33,hapibd,mixed,-279.52522264145875,-850.1214758411849,570.5962531997261,True
300,33,true,ibd,-349.90369086346936,-715.3708763614641,365.4671854979947,True
300,33,true,mixed,-293.28236837346446,-921.7381511379824,628.455782764518,True
300,34,hapibd,ibd,-333.6319726199208,-561.1971713289665,227.56519870904572,True
300,34,hapibd,mixed,-274.57280157702195,-730.0446793601212,455.4718777830993,True
300,34,true,ibd,-338.26614462257294,-635.8865655682544,297.6204209456814,True
300,34,true,mixed,-278.7982035255513,-795.8809270110717,517.0827234855203,True
300,35,hapibd,ibd,-333.7419282420156,-544.7326180446871,210.9906898026715,True
300,35,hapibd,mixed,-279.3749524960058,-762.0225115030057,482.6475590069999,True
300,35,true,ibd,-340.1282186872809,-581.6065447022914,241.47832601501057,True
300,35,true,mixed,-279.918685489288,-798.810202802869,518.891517313581,True
300,36,hapibd,ibd,-343.4264548348633,-595.7749049870922,252.3484501522289,True
300,36,hapibd,mixed,-288.09166683640944,-833.2934576237018,545.2017907872923,True
300,36,true,ibd,-333.7495489069212,-617.3307337437584,283.5811848368372,True
300,36,true,mixed,-273.5180281915523,-824.2312928984012,550.7132647068489,True
300,37,hapibd,ibd,-323.836831280233,-596.9955664834675,273.1587352032345,True
300,37,hapibd,mixed,-267.4242649048421,-786.3437289886475,518.9194640838055,True
300,37,true,ibd,-340.3432352181082,-663.6314115491807,323.2881763310725,True
300,37,true,mixed,-280.3178048962106,-828.8413402295408,548.5235353333303,True
300,38,hapibd,ibd,-323.28221651518015,-599.2288889801933,275.9466724650132,True
300,38,hapibd,mixed,-261.7310113854551,-871.1575045075349,609.4264931220798,True
300,38,true,ibd,-328.28580504190177,-693.2940970870804,365.0082920451787,True
300,38,true,mixed,-268.3153477598825,-928.7245106381561,660.4091628782735,True
300,39,hapibd,ibd,-334.1657041640251,-557.2275654778,223.0618613137749,True
300,39,hapibd,mixed,-274.16689032033275,-726.124625852659,451.9577355323263,True
300,39,true,ibd,-348.53079120038313,-608.3764020677579,259.8456108673748,True
300,39,true,mixed,-293.3773016705018,-776.0639802214857,482.6866785509839,True
300,40,hapibd,ibd,-321.5437362632288,-563.675403916438,242.13166765320915,True
300,40,hapibd,mixed,-265.72067472809806,-716.9423676628547,451.2216929347567,True
300,40,true,ibd,-340.65972057036646,-606.6027662060025,265.943045635636,True
300,40,true,mixed,-288.47006508234176,-709.6960782513675,421.2260131690257,True
300,41,hapibd,ibd,-336.48293146224154,-589.1237773078201,252.64084584557855,True
300,41,hapibd,mixed,-277.8554762811003,-793.6017598089313,515.746283527831,True
300,41,true,ibd,-337.0519795660898,-634.5722790713434,297.52029950525355,True
300,41,true,mixed,-278.16206122681615,-818.100366118211,539.9383048913949,True
300,42,hapibd,ibd,-312.484469270684,-596.9337341852307,284.44926491454675,True
300,42,hapibd,mixed,-261.27694597291344,-807.0115074999553,545.7345615270419,True
300,42,true,ibd,-329.19554176855985,-674.9635181518828,345.76797638332295,True
300,42,true,mixed,-273.021528623325,-863.8204283982827,590.7988997749577,True
300,43,hapibd,ibd,-348.1395021516463,-587.1410416429255,239.00153949127923,True
300,43,hapibd,mixed,-288.074755216075,-741.3342505335879,453.2594953175129,True
300,43,true,ibd,-358.9391215166285,-661.3061282618744,302.3670067452459,True
300,43,true,mixed,-303.1879255991974,-804.0724185957057,500.8844929965083,True
300,44,hapibd,ibd,-321.52850430235674,-569.8190762978343,248.29057199547753,True
300,44,hapibd,mixed,-261.5824490617597,-835.2761308590651,573.6936817973054,True
300,44,true,ibd,-343.0857039535856,-636.2197061574849,293.1340022038993,True
300,44,true,mixed,-278.4663089278999,-869.1288997321843,590.6625908042845,True
300,45,hapibd,ibd,-333.6109147867097,-610.9979823836477,277.387067596938,True
300,45,hapibd,mixed,-277.9159397913328,-778.7285672083035,500.8126274169707,True
300,45,true,ibd,-346.8174462360444,-670.4625578550878,323.64511161904335,True
300,45,true,mixed,-285.57562263129034,-817.9734582591399,532.3978356278495,True
300,46,hapibd,ibd,-331.4564215263795,-578.1870251835403,246.73060365716083,True
300,46,hapibd,mixed,-271.69573984781863,-735.989253630026,464.2935137822074,True
300,46,true,ibd,-345.28704689933136,-649.2894177472484,304.00237084791706,True
300,46,true,mixed,-284.67048851265025,-818.5470834198632,533.8765949072128,True
300,47,hapibd,ibd,-320.14304627094555,-615.38474713688,295.2417008659345,True
300,47,hapibd,mixed,-262.717888063522,-857.3660449477219,594.6481568841998,True
300,47,true,ibd,-331.4591571297217,-661.9719404021503,330.5127832724286,True
300,47,true,mixed,-270.7205776362479,-865.0015753920715,594.2809977558236,True
300,48,hapibd,ibd,-327.81821976869946,-619.8283278541328,292.01010808543333,True
300,48,hapibd,mixed,-272.5460501284788,-876.9984784893645,604.4524283608857,True
300,48,true,ibd,-339.9746427978527,-693.5148587996771,353.5402160018244,True
300,48,true,mixed,-277.57929600248747,-928.937561122001,651.3582651195135,True
300,49,hapibd,ibd,-317.1294334452793,-626.4557882463388,309.3263548010595,True
300,49,hapibd,mixed,-259.6779601213227,-857.3592712026897,597.681311081367,True
300,49,true,ibd,-327.7068602380635,-697.2231804306641,369.51632019260063,True
300,49,true,mixed,-272.3781265306141,-933.5382227015758,661.1600961709617,True
300,50,hapibd,ibd,-340.5550870891384,-619.1715328547211,278.61644576558274,True
300,50,hapibd,mixed,-279.83067387111413,-830.5132138769175,550.6825400058033,True
300,50,true,ibd,-352.8714979486246,-688.1209001024063,335.24940215378166,True
300,50,true,mixed,-292.3639360026615,-881.776523341047,589.4125873383855,True
300,51,hapibd,ibd,-328.80735074618224,-546.803232455744,217.9958817095618,True
300,51,hapibd,mixed,-270.2453804126302,-716.9229913982576,446.67761098562744,True
300,51,true,ibd,-335.32411503768066,-608.8764898361167,273.552374798436,True
300,51,true,mixed,-276.37634819807795,-773.2302326514481,496.85388445337014,True
300,52,hapibd,ibd,-305.4556268427723,-556.8628002467684,251.40717340399613,True
300,52,hapibd,mixed,-246.92439150427,-751.6488664442788,504.7244749400088,True
300,52,true,ibd,-332.75598456222014,-636.9685352014217,304.21255063920154,True
300,52,true,mixed,-268.7179453185118,-819.5589601821885,550.8410148636767,True
300,53,hapibd,ibd,-326.89510196442075,-578.2470304616616,251.3519284972408,True
300,53,hapibd,mixed,-267.59090640208007,-775.6257762486393,508.0348698465593,True
300,53,true,ibd,-337.3416873872308,-648.2270869831731,310.88539959594226,True
300,53,true,mixed,-276.15510817394943,-842.7290269367015,566.5739187627521,True
300,54,hapibd,ibd,-341.9087340315947,-659.1078566303796,317.1991225987849,True
300,54,hapibd,mixed,-280.6878302889159,-896.6222391721693,615.9344088832534,True
300,54,true,ibd,-340.7383032965234,-729.1175140605117,388.3792107639883,True
300,54,true,mixed,-283.077439190988,-910.8464813622057,627.7690421712177,True
300,55,hapibd,ibd,-323.76947450887445,-592.0181808013003,268.2487062924259,True
300,55,hapibd,mixed,-266.3077043017717,-771.5954657954422,505.28776149367053,True
300,55,true,ibd,-331.331122849421,-648.7199103000869,317.3887874506659,True
300,55,true,mixed,-276.6504014609988,-790.5512846382734,513.9008831772746,True
300,56,hapibd,ibd,-321.92967834141575,-573.3645105531593,251.43483221174358,True
300,56,hapibd,mixed,-263.0209342659729,-749.7813263484908,486.76039208251785,True
300,56,true,ibd,-335.2049673345764,-626.873959597966,291.66899226338955,True
300,56,true,mixed,-278.1184221012461,-769.194446271448,491.0760241702019,True
300,57,hapibd,ibd,-340.88207307922363,-607.66750814756,266.7854350683364,True
300,57,hapibd,mixed,-281.8066976954616,-797.440342724469,515.6336450290074,True
300,57,true,ibd,-344.552451625179,-667.5976902439411,323.0452386187621,True
300,57,true,mixed,-284.8133627006037,-850.231671069656,565.4183083690523,True
300,58,hapibd,ibd,-350.4749182999765,-557.0306909036916,206.55577260371513,True
300,58,hapibd,mixed,-293.12348511927354,-677.433178452154,384.3096933328805,True
300,58,true,ibd,-345.5026517038594,-618.0306482510567,272.52799654719735,True
300,58,true,mixed,-284.02834601482397,-731.8762014674272,447.84785545260326,True
300,59,hapibd,ibd,-308.1142202538127,-550.7649655066502,242.65074525283757,True
300,59,hapibd,mixed,-251.80726674141323,-715.6647526332586,463.85748589184533,True
300,59,true,ibd,-324.918224455341,-635.5089830120257,310.59075855668476,True
300,59,true,mixed,-265.474174227757,-791.3784050388468,525.9042308110899,True
300,60,hapibd,ibd,-339.4814147013917,-677.6044427530361,338.1230280516444,True
300,60,hapibd,mixed,-279.4673459107756,-915.9692299497418,636.5018840389662,True
300,60,true,ibd,-342.8866764084367,-711.4558598019246,368.5691833934879,True
300,60,true,mixed,-282.96746494838084,-932.3586560432467,649.3911910948659,True
300,61,hapibd,ibd,-335.27808498309366,-626.0150262810135,290.7369412979199,True
300,61,hapibd,mixed,-277.3152530531878,-851.8736075722012,574.5583545190134,True
300,61,true,ibd,-335.6852249276907,-640.5839743295184,304.8987494018277,True
300,61,true,mixed,-280.3830982307258,-844.1208680811927,563.737769850467,True
300,62,hapibd,ibd,-362.71567960410204,-626.3235346180006,263.6078550138986,True
300,62,hapibd,mixed,-298.13478973565486,-788.0979737736526,489.96318403799773,True
300,62,true,ibd,-366.5324035894901,-697.4105514939212,330.87814790443105,True
300,62,true,mixed,-306.98883895623464,-849.2428862261576,542.2540472699229,True
300,63,hapibd,ibd,-330.0079677052593,-590.5678128403863,260.559845135127,True
300,63,hapibd,mixed,-273.2393103919581,-785.4461147280373,512.2068043360791,True
300,63,true,ibd,-341.67316816298444,-648.5592516975894,306.88608353460495,True
300,63,true,mixed,-278.56992829042775,-829.3158684238953,550.7459401334675,True
300,64,hapibd,ibd,-316.3248186785629,-545.2033631087957,228.87854443023275,True
300,64,hapibd,mixed,-256.6676690738493,-721.9403576265786,465.2726885527293,True
300,64,true,ibd,-323.66423435807997,-623.4853039062693,299.82106954818937,True
300,64,true,mixed,-266.37232979086434,-794.4234483694272,528.0511185785629,True
300,65,hapibd,ibd,-336.5692356299042,-601.302960846286,264.73372521638186,True
300,65,hapibd,mixed,-277.0240867178724,-837.7664865644809,560.7423998466086,True
300,65,true,ibd,-351.29200601327767,-656.8429019167384,305.5508959034607,True
300,65,true,mixed,-297.213647631463,-886.0974572026596,588.8838095711966,True
300,66,hapibd,ibd,-338.16020095209615,-592.6145569161191,254.45435596402297,True
300,66,hapibd,mixed,-282.6706719330153,-753.2406326619447,470.5699607289294,True
300,66,true,ibd,-352.7343743472116,-592.7048401895231,239.9704658423115,True
300,66,true,mixed,-287.7240061081377,-727.2528772049399,439.52887109680216,True
300,67,hapibd,ibd,-331.87733569400154,-608.1257019052531,276.24836621125155,True
300,67,hapibd,mixed,-272.5227006153799,-828.7278142181535,556.2051136027736,True
300,67,true,ibd,-334.5735663404226,-666.9564491906488,332.38288285022617,True
300,67,true,mixed,-270.33783958354695,-881.7607759484753,611.4229363649283,True
300,68,hapibd,ibd,-330.5992773461019,-576.1064683607063,245.50719101460442,True
300,68,hapibd,mixed,-277.99485192577765,-784.3246607597082,506.32980883393054,True
300,68,true,ibd,-334.2811247595399,-587.189155683135,252.9080309235951,True
300,68,true,mixed,-278.791964720424,-754.1179893050264,475.3260245846024,True
300,69,hapibd,ibd,-313.02393676162825,-596.0392284835278,283.0152917218996,True
300,69,hapibd,mixed,-260.9948521469195,-825.7990397242252,564.8041875773056,True
300,69,true,ibd,-322.3587236886185,-626.7083713650802,304.3496476764617,True
300,69,true,mixed,-269.2545952670134,-831.8158775134364,562.5612822464229,True
300,70,hapibd,ibd,-330.6364719913828,-605.4990275444799,274.8625555530971,True
300,70,hapibd,mixed,-270.49930371379526,-749.8357490472531,479.33644533345785,True
300,70,true,ibd,-333.9961242895413,-626.9604780706258,292.96435378108447,True
300,70,true,mixed,-281.6268716364627,-772.3567392781533,490.72986764169065,True
300,71,hapibd,ibd,-311.61220993189187,-608.466794535599,296.8545846037071,True
300,71,hapibd,mixed,-255.6399705552767,-798.875756251143,543.2357856958663,True
300,71,true,ibd,-325.04485655159516,-695.3876710474011,370.34281449580595,True
300,71,true,mixed,-269.73509083214145,-875.9645563056878,606.2294654735463,True
300,72,hapibd,ibd,-330.22836960159,-595.6902684279374,265.46189882634746,True
300,72,hapibd,mixed,-274.2100892458929,-818.0250865925765,543.8149973466836,True
300,72,true,ibd,-331.8054969118261,-667.6678564496284,335.8623595378023,True
300,72,true,mixed,-277.41451066540776,-857.2062147693429,579.7917041039351,True
300,73,hapibd,ibd,-308.3685820658076,-561.4816978318421,253.11311576603453,True
300,73,hapibd,mixed,-253.3517354517288,-688.2892333006948,434.937497848966,True
300,73,true,ibd,-334.3200520973833,-605.7616386833864,271.4415865860031,True
300,73,true,mixed,-279.0984725899863,-698.5173776032353,419.41890501324906,True
300,74,hapibd,ibd,-321.425837605277,-584.0316385833386,262.60580097806155,True
300,74,hapibd,mixed,-265.31458712619775,-767.4323322251444,502.1177450989466,True
300,74,true,ibd,-329.5601137515976,-641.5903645187353,312.0302507671377,True
300,74,true,mixed,-268.43346448756057,-817.2524976583857,548.8190331708252,True
300,75,hapibd,ibd,-326.6417813202751,-577.8712602780843,251.2294789578092,True
300,75,hapibd,mixed,-266.6952833865342,-777.1862384775716,510.4909550910374,True
300,75,true,ibd,-340.39890534038693,-666.2922563200111,325.8933509796242,True
300,75,true,mixed,-281.66422937967735,-847.4967884409187,565.8325590612415,True
300,76,hapibd,ibd,-326.5985564753256,-571.7972364793925,245.1986800040669,True
300,76,hapibd,mixed,-271.495953520491,-785.6696314364148,514.1736779159237,True
300,76,true,ibd,-342.42253255211585,-659.1884976808788,316.7659651287629,True
300,76,true,mixed,-293.9588395203076,-845.0753149174409,551.1164753971333,True
300,77,hapibd,ibd,-331.9835701406527,-581.8463615930829,249.86279145243014,True
300,77,hapibd,mixed,-272.64306349799085,-739.401612303891,466.7585488059002,True
300,77,true,ibd,-331.8839722686962,-612.0832443727592,280.19927210406297,True
300,77,true,mixed,-283.0606484300753,-764.1866553484595,481.1260069183842,True
300,78,hapibd,ibd,-332.27372331620427,-614.147829332224,281.8741060160197,True
300,78,hapibd,mixed,-270.6769113799653,-835.918267698456,565.2413563184907,True
300,78,true,ibd,-345.78180167295386,-728.3215446288273,382.5397429558734,True
300,78,true,mixed,-286.0871311097922,-944.6116863200914,658.5245552102992,True
300,79,hapibd,ibd,-326.8716176847078,-593.888358214963,267.01674053025516,True
300,79,hapibd,mixed,-271.101209793968,-820.9947818501486,549.8935720561806,True
300,79,true,ibd,-335.0065877468041,-675.4840350614847,340.47744731468066,True
300,79,true,mixed,-279.2988185636782,-882.0632191854662,602.764400621788,True
300,80,hapibd,ibd,-337.4927233409828,-585.3446368268455,247.85191348586272,True
300,80,hapibd,mixed,-278.7166927568257,-786.105754960852,507.3890622040263,True
300,80,true,ibd,-341.99348221786823,-641.3375050497367,299.3440228318685,True
300,80,true,mixed,-283.4233877891174,-812.0581491533829,528.6347613642656,True
300,81,hapibd,ibd,-316.9129015403943,-534.573303997007,217.6604024566127,True
300,81,hapibd,mixed,-260.2499744666479,-679.208972647903,418.9589981812551,True
300,81,true,ibd,-330.6065276198171,-602.9360579073867,272.32953028756964,True
300,81,true,mixed,-270.2853017944094,-750.5144959606628,480.22919416625336,True
300,82,hapibd,ibd,-330.07603290779156,-577.1303966365913,247.05436372879973,True
300,82,hapibd,mixed,-272.0562600336272,-762.7532183651213,490.69695833149405,True
300,82,true,ibd,-343.30077911338833,-630.6839429969231,287.38316388353473,True
300,82,true,mixed,-285.6080470836576,-783.4703262829605,497.8622791993029,True
300,83,hapibd,ibd,-332.5045009482758,-632.8622746610234,300.35777371274764,True
300,83,hapibd,mixed,-277.583805425779,-848.7864778250529,571.2026723992739,True
300,83,true,ibd,-343.99701567668507,-692.5782597274829,348.5812440507978,True
300,83,true,mixed,-283.8426962717952,-890.9645302696573,607.121833997862,True
300,84,hapibd,ibd,-310.838826138224,-612.6465931214457,301.80776698322165,True
300,84,hapibd,mixed,-256.8236213241575,-891.5405972887911,634.7169759646335,True
300,84,true,ibd,-325.97986193453545,-689.0529201206706,363.07305818613514,True
300,84,true,mixed,-264.67899442448646,-958.7617193647734,694.0827249402869,True
300,85,hapibd,ibd,-324.1404326132042,-591.6336844556043,267.4932518424001,True
300,85,hapibd,mixed,-265.46459220370105,-802.8833281788957,537.4187359751946,True
300,85,true,ibd,-329.6578164370556,-663.9838405590174,334.3260241219618,True
300,85,true,mixed,-271.6949182674185,-861.0849207809663,589.3900025135479,True
300,86,hapibd,ibd,-316.23344509083785,-570.1170446427111,253.88359955187326,True
300,86,hapibd,mixed,-258.98937024725006,-757.5445893299092,498.5552190826591,True
300,86,true,ibd,-326.9312842091974,-615.729838075433,288.79855386623564,True
300,86,true,mixed,-271.38825978561783,-766.3284723843308,494.94021259871295,True
300,87,hapibd,ibd,-314.29473114586875,-555.642268982413,241.3475378365443,True
300,87,hapibd,mixed,-254.50971658393647,-738.1735098425647,483.6637932586283,True
300,87,true,ibd,-317.73374482863056,-606.6426525296914,288.90890770106085,True
300,87,true,mixed,-266.19950760130433,-773.7885194990108,507.5890118977065,True
300,88,hapibd,ibd,-329.3797037475458,-578.4865551271735,249.10685137962764,True
300,88,hapibd,mixed,-268.98914886210883,-796.5906594829671,527.6015106208583,True
300,88,true,ibd,-332.72516729413474,-609.8278831811068,277.1027158869721,True
300,88,true,mixed,-271.99527058376754,-776.9883518097321,504.99308122596454,True
300,89,hapibd,ibd,-328.26668421534634,-584.9849990516672,256.7183148363208,True
300,89,hapibd,mixed,-266.85451474768746,-750.1652160229629,483.31070127527545,True
300,89,true,ibd,-327.87053576677437,-624.2560251875927,296.3854894208184,True
300,89,true,mixed,-264.7707898221962,-790.9804615001899,526.2096716779937,True
300,90,hapibd,ibd,-328.2215713904303,-602.6809943131004,274.4594229226701,True
300,90,hapibd,mixed,-266.96433708356943,-867.631824930839,600.6674878472695,True
300,90,true,ibd,-335.4155261150571,-661.9236533936742,326.50812727861705,True
300,90,true,mixed,-277.870199409126,-900.711593153482,622.8413937443561,True
300,91,hapibd,ibd,-340.8215497593252,-560.5823951440044,219.76084538467921,True
300,91,hapibd,mixed,-280.11858598560434,-788.6484859341595,508.5298999485551,True
300,91,true,ibd,-352.0595998058497,-680.5795472814841,328.5199474756344,True
300,91,true,mixed,-291.64301960323905,-870.560876379271,578.917856776032,True
300,92,hapibd,ibd,-315.5238425927129,-604.1147760378987,288.5909334451857,True
300,92,hapibd,mixed,-261.4310598337576,-811.2790753960002,549.8480155622426,True
300,92,true,ibd,-342.39112492214304,-638.1041659859726,295.71304106382956,True
300,92,true,mixed,-281.82898982316055,-807.7425565133007,525.9135666901401,True
300,93,hapibd,ibd,-325.87399611553036,-549.6637716250137,223.78977550948338,True
300,93,hapibd,mixed,-269.31494401378944,-690.7158447023481,421.4009006885587,True
300,93,true,ibd,-331.5517737174986,-648.6636015681038,317.1118278506052,True
300,93,true,mixed,-274.50115351662373,-795.5711908118374,521.0700372952136,True
300,94,hapibd,ibd,-319.2204490391569,-650.6871728126739,331.466723773517,True
300,94,hapibd,mixed,-264.790090619913,-902.1557941320874,637.3657035121744,True
300,94,true,ibd,-330.8338205489606,-725.0332356690685,394.1994151201079,True
300,94,true,mixed,-270.9721688385787,-933.6626429407501,662.6904741021714,True
300,95,hapibd,ibd,-328.28396402944566,-529.632638586658,201.34867455721235,True
300,95,hapibd,mixed,-265.1828549139926,-651.2294927106818,386.0466377966892,True
300,95,true,ibd,-340.53959428468437,-571.10238355927,230.56278927458567,True
300,95,true,mixed,-280.0490541233561,-696.3288539121934,416.2797997888373,True
300,96,hapibd,ibd,-351.7557371066578,-625.148862017979,273.3931249113212,True
300,96,hapibd,mixed,-294.2430293086411,-785.6849598698246,491.44193056118354,True
300,96,true,ibd,-351.30993918226926,-721.3508609195557,370.0409217372864,True
300,96,true,mixed,-294.02756576339505,-910.2067479570629,616.1791821936679,True
300,97,hapibd,ibd,-331.49326863074003,-643.7319331592522,312.2386645285122,True
300,97,hapibd,mixed,-266.5770144261777,-898.870480205721,632.2934657795433,True
300,97,true,ibd,-338.43687967363513,-750.2831974991585,411.8463178255234,True
300,97,true,mixed,-277.0663883498725,-994.064098177101,716.9977098272284,True
300,98,hapibd,ibd,-331.9586733865304,-618.0749861585971,286.1163127720667,True
300,98,hapibd,mixed,-272.9878498996079,-842.2356767069303,569.2478268073224,True
300,98,true,ibd,-343.84233074977124,-677.1252432952364,333.28291254546514,True
300,98,true,mixed,-284.45812775090707,-892.7066532626741,608.248525511767,True
300,99,hapibd,ibd,-315.9548968787788,-534.0161171007801,218.06122022200128,True
300,99,hapibd,mixed,-255.6483492970326,-690.2095467366669,434.56119743963427,True
300,99,true,ibd,-334.4556494362259,-589.3221487601977,254.86649932397182,True
300,99,true,mixed,-273.7875219144591,-742.5023282521885,468.7148063377294,True
500,0,hapibd,ibd,-372.04467294288673,-789.1403912383315,417.0957182954448,True
500,0,hapibd,mixed,-306.20854258469245,-1110.9948153212345,804.7862727365421,True
500,0,true,ibd,-370.0718153317428,-873.1172842035999,503.04546887185705,True
500,0,true,mixed,-312.8437095105142,-1163.5800080361325,850.7362985256184,True
500,1,hapibd,ibd,-364.15652886603937,-828.7396629444245,464.5831340783851,True
500,1,hapibd,mixed,-303.4945800259813,-1219.5907762296652,916.0961962036838,True
500,1,true,ibd,-383.01852344622284,-933.2373295825065,550.2188061362837,True
500,1,true,mixed,-316.44822970763477,-1300.6155387159467,984.167309008312,True
500,2,hapibd,ibd,-364.46447904090155,-812.2314918699466,447.76701282904503,True
500,2,hapibd,mixed,-308.0341246596448,-1106.9974369914612,798.9633123318164,True
500,2,true,ibd,-373.7430576615054,-959.5667318208259,585.8236741593205,True
500,2,true,mixed,-310.21337141891684,-1293.1693809413132,982.9560095223964,True
500,3,hapibd,ibd,-371.1136156474996,-845.0167431991938,473.9031275516942,True
500,3,hapibd,mixed,-308.45648555225597,-1279.434820835344,970.978335283088,True
500,3,true,ibd,-367.66375417889003,-1027.66504164651,660.0012874676199,True
500,3,true,mixed,-309.59334843744307,-1435.3729558121868,1125.7796073747436,True
500,4,hapibd,ibd,-363.8737751711239,-771.1460893275787,407.2723141564548,True
500,4,hapibd,mixed,-301.28218948916845,-1090.604174049768,789.3219845605996,True
500,4,true,ibd,-365.81365540127297,-889.5865734527711,523.7729180514981,True
500,4,true,mixed,-304.13534524374643,-1229.3113624590687,925.1760172153223,True
500,5,hapibd,ibd,-358.5544228857268,-783.5198250678214,424.96540218209464,True
500,5,hapibd,mixed,-300.04867182427233,-1160.500295321498,860.4516234972257,True
500,5,true,ibd,-367.02494671112765,-900.1885576327551,533.1636109216274,True
500,5,true,mixed,-303.7702073506449,-1260.0293746092264,956.2591672585814,True
500,6,hapibd,ibd,-390.7017563593469,-808.4576042171294,417.7558478577825,True
500,6,hapibd,mixed,-327.4326142592975,-1210.49471144594,883.0620971866426,True
500,6,true,ibd,-394.1271468151486,-929.1277198231538,535.0005730080052,True
500,6,true,mixed,-331.0253897781303,-1308.641465120607,977.6160753424767,True
500,7,hapibd,ibd,-375.11477607699766,-870.943764993066,495.82898891606834,True
500,7,hapibd,mixed,-319.8431294346555,-1242.8582883915856,923.01515895693,True
500,7,true,ibd,-378.13370977154256,-972.8509359364197,594.717226164877,True
500,7,true,mixed,-314.43509270173837,-1342.6678683249845,1028.2327756232462,True
500,8,hapibd,ibd,-375.2309456044509,-794.214471740809,418.98352613635814,True
500,8,hapibd,mixed,-313.9976488283623,-1184.5489575247327,870.5513086963704,True
500,8,true,ibd,-377.30384577164824,-919.055578681646,541.7517329099978,True
500,8,true,mixed,-315.5951946742053,-1268.0464281282148,952.4512334540095,True
500,9,hapibd,ibd,-364.6995512818788,-769.2662912443352,404.5667399624564,True
500,9,hapibd,mixed,-300.678884190575,-1158.4234204590218,857.7445362684468,True
500,9,true,ibd,-374.0572714639692,-873.9138942012719,499.8566227373027,True
500,9,true,mixed,-309.81157504689764,-1223.6938518980905,913.882276851193,True
500,10,hapibd,ibd,-363.962325601734,-822.8572420776645,458.89491647593053,True
500,10,hapibd,mixed,-306.5227177850438,-1229.256920064863,922.7342022798191,True
500,10,true,ibd,-379.6930983800758,-920.5219307802162,540.8288324001403,True
500,10,true,mixed,-321.87899627703126,-1269.4205351058365,947.5415388288052,True
500,11,hapibd,ibd,-395.7775013301688,-900.1749825838268,504.39748125365804,True
500,11,hapibd,mixed,-333.13152920271517,-1354.5173530345073,1021.3858238317921,True
500,11,true,ibd,-402.9206200631477,-1010.3896214505718,607.4690013874241,True
500,11,true,mixed,-344.53403910139343,-1440.7548323752171,1096.2207932738238,True
500,12,hapibd,ibd,-376.72269870434434,-874.0386910289968,497.3159923246525,True
500,12,hapibd,mixed,-314.30822983218184,-1334.9159474471471,1020.6077176149653,True
500,12,true,ibd,-378.1440084480825,-974.4768956312265,596.3328871831441,True
500,12,true,mixed,-315.5432924413664,-1379.094183622125,1063.5508911807585,True
500,13,hapibd,ibd,-383.8304008892406,-782.0954726617364,398.2650717724958,True
500,13,hapibd,mixed,-326.64436114014654,-1136.5172748270236,809.872913686877,True
500,13,true,ibd,-396.3589115670665,-887.8343407501734,491.4754291831069,True
500,13,true,mixed,-335.70923377711046,-1230.4465039905795,894.737270213469,True
500,14,hapibd,ibd,-370.1578773912423,-810.3065574433261,440.1486800520838,True
500,14,hapibd,mixed,-305.21064046993433,-1222.8689031351657,917.6582626652314,True
500,14,true,ibd,-385.51558245348156,-951.7122694525796,566.196686999098,True
500,14,true,mixed,-321.8199922290451,-1352.4159161416283,1030.5959239125832,True
500,15,hapibd,ibd,-375.51106582314554,-878.8575749058929,503.34650908274733,True
500,15,hapibd,mixed,-315.4589057886675,-1248.0517503527242,932.5928445640567,True
500,15,true,ibd,-379.295022960103,-970.0867164819243,590.7916935218213,True
500,15,true,mixed,-319.92589303615017,-1260.3244340867568,940.3985410506066,True
500,16,hapibd,ibd,-372.34308491347576,-800.8992024539108,428.556117540435,True
500,16,hapibd,mixed,-310.6139516452382,-1173.2905490589203,862.6765974136821,True
500,16,true,ibd,-379.04645483640957,-885.2404937766813,506.19403894027175,True
500,16,true,mixed,-316.97323091914495,-1242.0881217124465,925.1148907933016,True
500,17,hapibd,ibd,-392.15916594453176,-784.2715106492425,392.1123447047107,True
500,17,hapibd,mixed,-326.96947452966475,-1199.2997002093844,872.3302256797197,True
500,17,true,ibd,-406.45752514927017,-860.2960554240556,453.8385302747854,True
500,17,true,mixed,-342.2926634005314,-1220.4257581799739,878.1330947794424,True
500,18,hapibd,ibd,-364.07397281166453,-832.5455913200076,468.47161850834306,True
500,18,hapibd,mixed,-302.8884970215485,-1301.0515452243878,998.1630482028393,True
500,18,true,ibd,-369.1519486527542,-938.8250147416012,569.673066088847,True
500,18,true,mixed,-308.9987929977849,-1348.4338375913417,1039.4350445935568,True
500,19,hapibd,ibd,-368.276901558988,-761.3863168750144,393.10941531602634,True
500,19,hapibd,mixed,-305.02258284977324,-1071.8219105475318,766.7993276977586,True
500,19,true,ibd,-367.21478951516303,-847.715122897541,480.500333382378,True
500,19,true,mixed,-300.45651986078445,-1161.9949918580903,861.5384719973058,True
500,20,hapibd,ibd,-353.21773704458934,-805.0283196641803,451.810582619591,True
500,20,hapibd,mixed,-287.0427749881859,-1173.5045514029277,886.4617764147418,True
500,20,true,ibd,-354.1824160540243,-933.1933009332765,579.0108848792522,True
500,20,true,mixed,-292.4350694141591,-1311.9790356569747,1019.5439662428156,True
500,21,hapibd,ibd,-373.365824137781,-814.5633612183709,441.19753708058994,True
500,21,hapibd,mixed,-311.43286429676,-1174.792722144247,863.3598578474869,True
500,21,true,ibd,-369.40704088447745,-907.5523433262202,538.1453024417428,True
500,21,true,mixed,-309.400036632613,-1223.6078376639246,914.2078010313115,True
500,22,hapibd,ibd,-366.27602992889985,-836.7411216800024,470.46509175110253,True
500,22,hapibd,mixed,-303.4665462411404,-1176.7298372111059,873.2632909699655,True
500,22,true,ibd,-377.62545594830266,-966.7779688878674,589.1525129395648,True
500,22,true,mixed,-313.29954689896175,-1310.599258141391,997.2997112424291,True
500,23,hapibd,ibd,-359.509406324762,-809.7789561859923,450.26954986123036,True
500,23,hapibd,mixed,-305.2604768695234,-1168.790079034921,863.5296021653976,True
500,23,true,ibd,-367.0132229318533,-942.3547652014853,575.341542269632,True
500,23,true,mixed,-301.44618817392944,-1310.894804027775,1009.4486158538457,True
500,24,hapibd,ibd,-374.1305798984881,-840.6282284077384,466.4976485092503,True
500,24,hapibd,mixed,-315.4775215273987,-1263.2680052350618,947.790483707663,True
500,24,true,ibd,-379.727964618793,-969.6789834621222,589.9510188433292,True
500,24,true,mixed,-320.4798537398597,-1375.1256132231956,1054.645759483336,True
500,25,hapibd,ibd,-362.3846517151045,-852.3783026997365,489.99365098463204,True
500,25,hapibd,mixed,-303.4002971388996,-1228.6210918082172,925.2207946693177,True
500,25,true,ibd,-364.24936540023026,-994.1115432092327,629.8621778090023,True
500,25,true,mixed,-301.5755767915324,-1405.5986448617882,1104.0230680702557,True
500,26,hapibd,ibd,-358.3837426777531,-830.7227298396383,472.3389871618852,True
500,26,hapibd,mixed,-294.1974567615242,-1286.6522958336461,992.4548390721219,True
500,26,true,ibd,-370.80038431008336,-984.2080782656092,613.4076939555258,True
500,26,true,mixed,-308.40737277342083,-1393.570069950501,1085.1626971770802,True
500,27,hapibd,ibd,-357.76492404832817,-762.4227314808434,404.6578074325152,True
500,27,hapibd,mixed,-298.2646671564328,-1099.7413338866425,801.4766667302097,True
500,27,true,ibd,-385.19140537340473,-896.016426691656,510.82502131825123,True
500,27,true,mixed,-321.0480993030122,-1216.8627378494234,895.8146385464113,True
500,28,hapibd,ibd,-368.59082728666283,-771.2622571486263,402.6714298619635,True
500,28,hapibd,mixed,-308.5413291041911,-1076.1076943744677,767.5663652702765,True
500,28,true,ibd,-367.91813398372244,-846.5292790506794,478.61114506695696,True
500,28,true,mixed,-310.21077191574847,-1163.715835767501,853.5050638517525,True
500,29,hapibd,ibd,-349.1506221625448,-796.804310286354,447.6536881238093,True
500,29,hapibd,mixed,-286.0993705265861,-1151.3519218546878,865.2525513281017,True
500,29,true,ibd,-359.4713769999325,-858.8019631419528,499.3305861420203,True
500,29,true,mixed,-300.56237810930764,-1176.2166922933638,875.6543141840561,True
500,30,hapibd,ibd,-377.01523849612175,-879.4893138653042,502.47407536918246,True
500,30,hapibd,mixed,-313.6380716215929,-1290.0222151673715,976.3841435457787,True
500,30,true,ibd,-384.7319707012947,-990.6570704368994,605.9250997356047,True
500,30,true,mixed,-326.0088577406356,-1375.4730914431755,1049.4642337025398,True
500,31,hapibd,ibd,-373.7146793173123,-752.2963264338703,378.581647116558,True
500,31,hapibd,mixed,-320.51315855933564,-1051.7386596687436,731.225501109408,True
500,31,true,ibd,-374.90369347351685,-860.7156349733881,485.81194149987124,True
500,31,true,mixed,-317.2244740784846,-1135.6052855130206,818.380811434536,True
500,32,hapibd,ibd,-372.3796732641469,-826.2535572983418,453.8738840341949,True
500,32,hapibd,mixed,-314.8647355329036,-1162.7467763074333,847.8820407745297,True
500,32,true,ibd,-386.45134225040215,-880.4319834693496,493.9806412189474,True
500,32,true,mixed,-323.0730111827109,-1179.5368833248242,856.4638721421134,True
500,33,hapibd,ibd,-360.8957817513842,-743.1302431186009,382.2344613672167,True
500,33,hapibd,mixed,-305.70322879561115,-1122.1907755251705,816.4875467295593,True
500,33,true,ibd,-371.55442887768413,-855.2193851962813,483.6649563185972,True
500,33,true,mixed,-309.1735798267236,-1198.3296554839064,889.1560756571828,True
500,34,hapibd,ibd,-357.88082568357623,-771.018518418233,413.1376927346568,True
500,34,hapibd,mixed,-298.7209805471917,-1048.3240362093525,749.6030556621608,True
500,34,true,ibd,-364.71449230248567,-932.825110584876,568.1106182823903,True
500,34,true,mixed,-303.4625570790041,-1221.361868850236,917.899311771232,True
500,35,hapibd,ibd,-368.06238786404765,-783.5720313328325,415.5096434687848,True
500,35,hapibd,mixed,-312.6105472785364,-1087.2952296719532,774.6846823934168,True
500,35,true,ibd,-394.2083912468688,-897.3985231572894,503.19013191042063,True
500,35,true,mixed,-335.206632414244,-1196.2677669502157,861.0611345359716,True
500,36,hapibd,ibd,-390.6513222086282,-848.1788356582592,457.52751344963104,True
500,36,hapibd,mixed,-331.2575355527622,-1245.1091665055696,913.8516309528075,True
500,36,true,ibd,-392.7347771220161,-926.6278005829171,533.893023460901,True
500,36,true,mixed,-335.27972851383277,-1283.8621121091717,948.5823835953389,True
500,37,hapibd,ibd,-347.58960257611506,-812.8768731872367,465.28727061112164,True
500,37,hapibd,mixed,-284.2737420427313,-1221.7640843263957,937.4903422836644,True
500,37,true,ibd,-359.252438684889,-914.0612944983583,554.8088558134693,True
500,37,true,mixed,-295.8152741407942,-1290.2859227569215,994.4706486161274,True
500,38,hapibd,ibd,-366.37455266458124,-832.3413254136512,465.96677274907,True
500,38,hapibd,mixed,-305.83143153011065,-1203.3674974618853,897.5360659317746,True
500,38,true,ibd,-371.2859954572267,-924.8556997661551,553.5697043089284,True
500,38,true,mixed,-315.2435803971425,-1252.818302290778,937.5747218936356,True
500,39,hapibd,ibd,-374.5409665804527,-817.991919852245,443.45095327179234,True
500,39,hapibd,mixed,-309.40458409185254,-1150.5600064208497,841.1554223289972,True
500,39,true,ibd,-377.7334207902554,-873.4873242112612,495.7539034210058,True
500,39,true,mixed,-318.245199480455,-1193.5734641169654,875.3282646365103,True
500,40,hapibd,ibd,-364.52469025380105,-764.9174189141401,400.392728660339,True
500,40,hapibd,mixed,-304.787319764524,-1087.830581549971,783.0432617854469,True
500,40,true,ibd,-371.7815253127718,-893.3686003654257,521.5870750526539,True
500,40,true,mixed,-312.949582228099,-1180.0957043382405,867.1461221101415,True
500,41,hapibd,ibd,-386.35744274983216,-836.9225229904267,450.56508024059457,True
500,41,hapibd,mixed,-322.74836647933813,-1286.5009233773847,963.7525568980466,True
500,41,true,ibd,-387.91460316241967,-963.2203355003571,575.3057323379375,True
500,41,true,mixed,-329.00681829778364,-1345.259656985243,1016.2528386874594,True
500,42,hapibd,ibd,-370.5534966521601,-805.7216372026015,435.1681405504414,True
500,42,hapibd,mixed,-308.9010480632394,-1248.8589598034496,939.9579117402102,True
500,42,true,ibd,-374.6605954555025,-940.1070006863063,565.4464052308037,True
500,42,true,mixed,-317.2239397045056,-1332.7758356416552,1015.5518959371497,True
500,43,hapibd,ibd,-368.7550815921452,-833.8144344078156,465.0593528156704,True
500,43,hapibd,mixed,-301.32248139422353,-1283.9981511511464,982.6756697569228,True
500,43,true,ibd,-370.65346967949125,-936.5055150043388,565.8520453248475,True
500,43,true,mixed,-312.4529086077748,-1316.8848770659008,1004.431968458126,True
500,44,hapibd,ibd,-364.7286531997985,-783.6580482453274,418.92939504552896,True
500,44,hapibd,mixed,-303.3534686617815,-1088.933722254989,785.5802535932075,True
500,44,true,ibd,-379.3404440157615,-899.9096411592411,520.5691971434796,True
500,44,true,mixed,-320.5821800113594,-1139.4944073884287,818.9122273770693,True
500,45,hapibd,ibd,-355.1188567704925,-813.9309185294749,458.81206175898234,True
500,45,hapibd,mixed,-298.65012165987656,-1181.3177056058846,882.6675839460081,True
500,45,true,ibd,-376.0343576953406,-990.8035790916321,614.7692213962914,True
500,45,true,mixed,-323.4061630741443,-1308.5367526934608,985.1305896193165,True
500,46,hapibd,ibd,-363.061979889519,-819.004992760748,455.943012871229,True
500,46,hapibd,mixed,-300.49966702244944,-1216.7047329859497,916.2050659635003,True
500,46,true,ibd,-369.83805355275854,-896.8306961252666,526.9926425725081,True
500,46,true,mixed,-315.08721109794664,-1261.84644586937,946.7592347714233,True
500,47,hapibd,ibd,-393.68812709231184,-878.1077728999489,484.4196458076371,True
500,47,hapibd,mixed,-331.90936980491165,-1250.585324118942,918.6759543140304,True
500,47,true,ibd,-387.7514944999247,-1022.5224624856278,634.770967985703,True
500,47,true,mixed,-327.3962818536873,-1392.3219058780676,1064.9256240243803,True
500,48,hapibd,ibd,-375.91624123988055,-802.6415586802249,426.7253174403443,True
500,48,hapibd,mixed,-303.4744753730807,-1252.9698094068328,949.4953340337522,True
500,48,true,ibd,-388.8005494192437,-910.1906794588366,521.3901300395929,True
500,48,true,mixed,-327.4464165793961,-1330.3152486132308,1002.8688320338347,True
500,49,hapibd,ibd,-364.1147279922894,-849.0220973824815,484.9073693901922,True
500,49,hapibd,mixed,-299.5478217920186,-1289.4507119570164,989.9028901649979,True
500,49,true,ibd,-364.5180499680466,-978.1853684232989,613.6673184552523,True
500,49,true,mixed,-297.23554733359816,-1369.35798495694,1072.122437623342,True
500,50,hapibd,ibd,-390.75582267929883,-851.8384264525104,461.08260377321153,True
500,50,hapibd,mixed,-325.69551125084007,-1230.991590873252,905.296079622412,True
500,50,true,ibd,-384.7773007449489,-993.8367793056462,609.0594785606974,True
500,50,true,mixed,-323.57951171298276,-1355.2624213929398,1031.682909679957,True
500,51,hapibd,ibd,-370.03075904079435,-850.7728118262557,480.7420527854614,True
500,51,hapibd,mixed,-310.4055665096322,-1266.9500813907505,956.5445148811183,True
500,51,true,ibd,-369.4632941983873,-970.7146269541912,601.2513327558039,True
500,51,true,mixed,-312.8086483802038,-1354.0691889785362,1041.2605405983325,True
500,52,hapibd,ibd,-376.94824746101233,-859.3213848661788,482.3731374051665,True
500,52,hapibd,mixed,-316.5102379297747,-1218.3433727964957,901.833134866721,True
500,52,true,ibd,-376.0744040887425,-936.0082548325527,559.9338507438101,True
500,52,true,mixed,-314.60247887150314,-1260.0478595196919,945.4453806481888,True
500,53,hapibd,ibd,-374.84620958199247,-839.6333916104422,464.78718202844976,True
500,53,hapibd,mixed,-311.2432967358627,-1162.6204414425529,851.3771447066902,True
500,53,true,ibd,-383.99490770055667,-991.0121354604273,607.0172277598706,True
500,53,true,mixed,-327.5051509780688,-1279.1464017396784,951.6412507616096,True
500,54,hapibd,ibd,-356.5813919921927,-801.7099113778922,445.1285193856995,True
500,54,hapibd,mixed,-298.35356694762265,-1140.478246197288,842.1246792496653,True
500,54,true,ibd,-376.4440182359449,-915.3039910104046,538.8599727744597,True
500,54,true,mixed,-312.65525815293637,-1277.0086696109897,964.3534114580534,True
500,55,hapibd,ibd,-381.9799618162157,-815.4082959145084,433.4283340982927,True
500,55,hapibd,mixed,-318.1673560439513,-1177.7322870232765,859.5649309793253,True
500,55,true,ibd,-393.9934606082596,-956.8546019697342,562.8611413614746,True
500,55,true,mixed,-334.50421821169846,-1311.3682022109176,976.8639839992192,True
500,56,hapibd,ibd,-384.2515054390795,-859.0313750762001,474.7798696371206,True
500,56,hapibd,mixed,-324.0088357401154,-1248.6814048276663,924.6725690875509,True
500,56,true,ibd,-382.0343245790591,-1010.999481380244,628.9651568011849,True
500,56,true,mixed,-324.0295863673099,-1377.457751476971,1053.4281651096612,True
500,57,hapibd,ibd,-373.28153817297965,-877.6906470165148,504.4091088435352,True
500,57,hapibd,mixed,-310.25141821044565,-1247.9184768220932,937.6670586116476,True
500,57,true,ibd,-388.18026275603336,-1003.2433935349516,615.0631307789182,True
500,57,true,mixed,-326.8338768855792,-1346.711007921911,1019.8771310363318,True
500,58,hapibd,ibd,-384.93566391725034,-786.7866630457081,401.8509991284578,True
500,58,hapibd,mixed,-318.5851454446774,-1142.4076176735605,823.822472228883,True
500,58,true,ibd,-378.51527683531646,-888.757827766979,510.2425509316625,True
500,58,true,mixed,-318.171249783698,-1249.6950488652822,931.5237990815842,True
500,59,hapibd,ibd,-352.8430775970388,-791.0171830027401,438.1741054057013,True
500,59,hapibd,mixed,-295.26805578036124,-1140.1903431363787,844.9222873560175,True
500,59,true,ibd,-364.40411255736217,-889.7689591598419,525.3648466024797,True
500,59,true,mixed,-308.0316537974244,-1182.0607833421523,874.0291295447279,True
500,60,hapibd,ibd,-361.8920826727858,-731.426145803439,369.5340631306532,True
500,60,hapibd,mixed,-302.3142431652624,-1097.8898039185642,795.5755607533018,True
500,60,true,ibd,-375.5390703762186,-837.9122756339804,462.37320525776175,True
500,60,true,mixed,-314.93435834414794,-1156.9896318432118,842.0552734990638,True
500,61,hapibd,ibd,-359.26531181351936,-787.3751644235656,428.10985261004623,True
500,61,hapibd,mixed,-302.9047667263589,-1149.9765784605368,847.0718117341778,True
500,61,true,ibd,-366.1990531829817,-881.4306139172437,515.2315607342621,True
500,61,true,mixed,-302.7053271848894,-1216.1131726900253,913.4078455051358,True
500,62,hapibd,ibd,-365.9684627832146,-727.137964031017,361.1695012478024,True
500,62,hapibd,mixed,-309.57679781148505,-1045.5848202466332,736.0080224351482,True
500,62,true,ibd,-376.7080336556206,-859.5671788667883,482.85914521116763,True
500,62,true,mixed,-314.91925564971496,-1129.497514949297,814.5782592995821,True
500,63,hapibd,ibd,-360.8356068583975,-849.7389687243299,488.90336186593237,True
500,63,hapibd,mixed,-300.46800679052785,-1247.898207067533,947.430200277005,True
500,63,true,ibd,-371.01839768952436,-958.5470252249302,587.5286275354058,True
500,63,true,mixed,-313.9247309578835,-1331.3972907149964,1017.4725597571129,True
500,64,hapibd,ibd,-363.89014005106026,-769.1934317902023,405.3032917391421,True
500,64,hapibd,mixed,-304.74982553500683,-1084.4084931597877,779.6586676247808,True
500,64,true,ibd,-367.61663593364915,-905.7406785351736,538.1240426015245,True
500,64,true,mixed,-309.04975174941995,-1187.1320251412974,878.0822733918774,True
500,65,hapibd,ibd,-359.25632854547797,-795.8710975926726,436.61476904719467,True
500,65,hapibd,mixed,-303.3774796560645,-1158.8067210691777,855.4292414131132,True
500,65,true,ibd,-366.62283164056146,-875.519267410658,508.89643577009656,True
500,65,true,mixed,-305.0846969551192,-1182.196971170458,877.1122742153389,True
500,66,hapibd,ibd,-354.1375840463955,-833.516123826835,479.37853978043955,True
500,66,hapibd,mixed,-295.2619505419007,-1204.8074774650697,909.5455269231691,True
500,66,true,ibd,-373.16507950995293,-974.5277954043111,601.3627158943582,True
500,66,true,mixed,-308.30986949389927,-1359.8609424640108,1051.5510729701116,True
500,67,hapibd,ibd,-379.1730258163226,-781.892830459319,402.71980464299645,True
500,67,hapibd,mixed,-320.81586329506393,-1171.0221057863673,850.2062424913033,True
500,67,true,ibd,-379.1637558925551,-874.881361127219,495.71760523466384,True
500,67,true,mixed,-318.84097839978176,-1219.6456904067866,900.8047120070048,True
500,68,hapibd,ibd,-359.8252979937859,-832.8515116174568,473.0262136236709,True
500,68,hapibd,mixed,-300.3423930940454,-1268.762320478617,968.4199273845717,True
500,68,true,ibd,-368.9110018201799,-951.218755085816,582.3077532656362,True
500,68,true,mixed,-301.5472124062842,-1343.2847574661537,1041.7375450598695,True
500,69,hapibd,ibd,-384.00649894014606,-824.9614371220036,440.9549381818576,True
500,69,hapibd,mixed,-325.0508519664092,-1210.119223803423,885.0683718370137,True
500,69,true,ibd,-390.2943624901338,-922.3640902932617,532.069727803128,True
500,69,true,mixed,-326.9345697941354,-1252.1337565325728,925.1991867384373,True
500,70,hapibd,ibd,-366.05320277814127,-738.3334808939594,372.28027811581813,True
500,70,hapibd,mixed,-304.68381126783646,-1092.7048493459633,788.0210380781268,True
500,70,true,ibd,-378.4766187181536,-831.8680103809727,453.3913916628191,True
500,70,true,mixed,-313.2761307135073,-1168.191983184796,854.9158524712888,True
500,71,hapibd,ibd,-369.1585784909117,-844.9604586065818,475.80188011567014,True
500,71,hapibd,mixed,-310.75392527267945,-1288.1258901951073,977.3719649224279,True
500,71,true,ibd,-381.3962160168013,-962.1933468140932,580.7971307972919,True
500,71,true,mixed,-312.9854398913061,-1366.0422048255894,1053.0567649342834,True
500,72,hapibd,ibd,-365.9757694278195,-836.5426923518606,470.56692292404114,True
500,72,hapibd,mixed,-305.72564618012444,-1290.8764575057864,985.1508113256621,True
500,72,true,ibd,-371.6201453499046,-967.075341420532,595.4551960706274,True
500,72,true,mixed,-309.7344557336186,-1377.515997795036,1067.7815420614174,True
500,73,hapibd,ibd,-365.4400384140698,-797.2301032304462,431.79006481637634,True
500,73,hapibd,mixed,-303.2263659849104,-1159.8419019727517,856.6155359878412,True
500,73,true,ibd,-361.4688819395157,-874.1611395302749,512.6922575907593,True
500,73,true,mixed,-300.014987638051,-1205.817181995281,905.8021943572301,True
500,74,hapibd,ibd,-352.28013097204433,-770.8570968565687,418.5769658845243,True
500,74,hapibd,mixed,-285.68152958205553,-1084.6074230450056,798.9258934629501,True
500,74,true,ibd,-359.1807683399798,-826.0983981432854,466.9176298033056,True
500,74,true,mixed,-305.2659663313298,-1072.1361147764846,766.8701484451549,True
500,75,hapibd,ibd,-364.4880635320023,-810.8133937462727,446.3253302142704,True
500,75,hapibd,mixed,-305.10232240458276,-1215.475165938133,910.3728435335502,True
500,75,true,ibd,-374.9924689359699,-902.2618168458524,527.2693479098825,True
500,75,true,mixed,-312.23930958885677,-1211.743080271707,899.5037706828502,True
500,76,hapibd,ibd,-398.8501697094182,-801.7598878337452,402.909718124327,True
500,76,hapibd,mixed,-336.62349776919433,-1204.6083808713536,867.9848831021593,True
500,76,true,ibd,-396.06909020327663,-879.9980289775128,483.9289387742362,True
500,76,true,mixed,-334.44206520255784,-1243.0942354439912,908.6521702414334,True
500,77,hapibd,ibd,-372.7030280925992,-852.3393998460252,479.63637175342603,True
500,77,hapibd,mixed,-306.9311247253028,-1200.9631850157357,894.0320602904328,True
500,77,true,ibd,-378.7412516396942,-959.7457083436427,581.0044567039486,True
500,77,true,mixed,-317.99225485050573,-1301.3466145346817,983.354359684176,True
500,78,hapibd,ibd,-374.31863471138234,-872.3217091639289,498.0030744525465,True
500,78,hapibd,mixed,-310.9852262754123,-1300.9423181873597,989.9570919119474,True
500,78,true,ibd,-375.8027207294655,-1016.4675406605229,640.6648199310574,True
500,78,true,mixed,-313.0791850940511,-1440.51592729716,1127.436742203109,True
500,79,hapibd,ibd,-367.85395549458445,-780.9910735117553,413.13711801717085,True
500,79,hapibd,mixed,-307.1079505060415,-1118.3590498577278,811.2510993516862,True
500,79,true,ibd,-375.4108246247435,-815.172745060745,439.7619204360015,True
500,79,true,mixed,-318.76093090137005,-1109.679620225075,790.9186893237049,True
500,80,hapibd,ibd,-363.06513391618444,-845.681183322842,482.61604940665757,True
500,80,hapibd,mixed,-302.93861451393275,-1275.5371806686335,972.5985661547007,True
500,80,true,ibd,-367.9253636328916,-956.8820605766416,588.95669694375,True
500,80,true,mixed,-305.0683555821608,-1346.5192068206188,1041.450851238458,True
500,81,hapibd,ibd,-367.6591489039796,-764.2995781473275,396.64042924334785,True
500,81,hapibd,mixed,-308.0529859954654,-1103.3595869178966,795.3066009224312,True
500,81,true,ibd,-373.846791037849,-887.3262087459054,513.4794177080564,True
500,81,true,mixed,-313.2872194413618,-1185.1396029236023,871.8523834822405,True
500,82,hapibd,ibd,-379.33565153786554,-840.2310253695059,460.89537383164037,True
500,82,hapibd,mixed,-314.63161442919017,-1212.465168062178,897.8335536329878,True
500,82,true,ibd,-382.5096338257832,-981.217779968934,598.7081461431508,True
500,82,true,mixed,-325.792193816853,-1311.1289758943572,985.3367820775042,True
500,83,hapibd,ibd,-359.2706780992399,-828.0539927260401,468.7833146268002,True
500,83,hapibd,mixed,-298.4583215448656,-1211.9695428069795,913.5112212621138,True
500,83,true,ibd,-375.3592679226135,-984.0486023776435,608.68933445503,True
500,83,true,mixed,-312.2494007660088,-1369.6007272077668,1057.351326441758,True
500,84,hapibd,ibd,-359.5315235364593,-860.8918831129355,501.3603595764762,True
500,84,hapibd,mixed,-293.7014511347953,-1286.291051854735,992.5896007199398,True
500,84,true,ibd,-371.0568783013291,-1027.5891211517794,656.5322428504503,True
500,84,true,mixed,-308.44942233838617,-1451.2092595812148,1142.7598372428288,True
500,85,hapibd,ibd,-373.3761056452236,-826.532174195242,453.15606855001835,True
500,85,hapibd,mixed,-306.270586122355,-1232.9965381154168,926.7259519930618,True
500,85,true,ibd,-371.4823665712318,-906.907028036159,535.4246614649271,True
500,85,true,mixed,-308.14371443421675,-1243.5561939400716,935.4124795058549,True
500,86,hapibd,ibd,-381.05056400360587,-880.738024779784,499.68746077617817,True
500,86,hapibd,mixed,-312.7156956015011,-1317.0638058097302,1004.3481102082291,True
500,86,true,ibd,-384.6561768048219,-999.7687919461712,615.1126151413494,True
500,86,true,mixed,-317.6345169254592,-1425.9608378166997,1108.3263208912406,True
500,87,hapibd,ibd,-372.03639193741446,-795.1711324479384,423.1347405105239,True
500,87,hapibd,mixed,-308.3808156876691,-1199.9542296042864,891.5734139166173,True
500,87,true,ibd,-372.1397786122675,-888.8302392626873,516.6904606504198,True
500,87,true,mixed,-309.3119884530034,-1237.8544003952438,928.5424119422405,True
500,88,hapibd,ibd,-357.3691372978371,-845.4303122586559,488.06117496081885,True
500,88,hapibd,mixed,-297.3711567587207,-1260.1254816823252,962.7543249236046,True
500,88,true,ibd,-366.931094313139,-1008.3796265059333,641.4485321927943,True
500,88,true,mixed,-305.93050223067587,-1412.1493795717977,1106.2188773411217,True
500,89,hapibd,ibd,-392.293106551081,-889.29845934271,497.005352791629,True
500,89,hapibd,mixed,-328.5497701472647,-1326.5540688346073,998.0042986873425,True
500,89,true,ibd,-383.8312125067362,-980.8774479760789,597.0462354693427,True
500,89,true,mixed,-321.9691396965692,-1401.1557961444967,1079.1866564479274,True
500,90,hapibd,ibd,-362.2027628674063,-771.4800031427441,409.27724027533776,True
500,90,hapibd,mixed,-300.99186338914035,-1101.8178793750374,800.826015985897,True
500,90,true,ibd,-366.70752423841526,-884.3861157565964,517.6785915181811,True
500,90,true,mixed,-307.40599119892835,-1196.2425358720143,888.8365446730859,True
500,91,hapibd,ibd,-349.35123725477035,-761.3902017447288,412.0389644899584,True
500,91,hapibd,mixed,-290.4566929794743,-1138.3077432630278,847.8510502835534,True
500,91,true,ibd,-359.8236883182599,-899.7412163207322,539.9175280024723,True
500,91,true,mixed,-301.0671095293602,-1241.2308772181925,940.1637676888323,True
500,92,hapibd,ibd,-368.5287877394546,-793.8824362349683,425.3536484955137,True
500,92,hapibd,mixed,-308.681298076593,-1151.7450279033928,843.0637298267998,True
500,92,true,ibd,-366.4187502676795,-925.6238560949542,559.2051058272748,True
500,92,true,mixed,-304.01869510115137,-1259.4495876983397,955.4308925971883,True
500,93,hapibd,ibd,-401.0163763211894,-794.9362072801033,393.9198309589139,True
500,93,hapibd,mixed,-339.4655277948761,-1083.198112833175,743.7325850382988,True
500,93,true,ibd,-396.44531987847637,-928.7396287633975,532.2943088849211,True
500,93,true,mixed,-334.4276812807547,-1219.9245970029217,885.4969157221669,True
500,94,hapibd,ibd,-362.54102466793313,-884.0078222699394,521.4667976020063,True
500,94,hapibd,mixed,-303.67124520451415,-1297.351580824487,993.6803356199728,True
500,94,true,ibd,-368.76842639549335,-976.3540068246579,607.5855804291646,True
500,94,true,mixed,-308.660642201863,-1359.6269528109967,1050.9663106091336,True
500,95,hapibd,ibd,-384.2150123832284,-846.807373360646,462.5923609774176,True
500,95,hapibd,mixed,-322.53952639624197,-1256.4967029985585,933.9571766023165,True
500,95,true,ibd,-395.38752170226473,-957.8590580889005,562.4715363866358,True
500,95,true,mixed,-335.71891467183366,-1386.8968053630415,1051.1778906912077,True
500,96,hapibd,ibd,-367.07096610789654,-817.4729860944741,450.40201998657756,True
500,96,hapibd,mixed,-302.6141522827415,-1244.3026484974832,941.6884962147417,True
500,96,true,ibd,-373.9337640053516,-909.6497351192343,535.7159711138827,True
500,96,true,mixed,-316.5720022439958,-1288.0840110310967,971.5120087871009,True
500,97,hapibd,ibd,-379.6050254068283,-778.0251820770756,398.42015667024725,True
500,97,hapibd,mixed,-316.4486819658243,-1092.7382970195254,776.289615053701,True
500,97,true,ibd,-383.8946624307673,-842.0299108455056,458.13524841473827,True
500,97,true,mixed,-324.7895555929934,-1129.5133586361162,804.7238030431229,True
500,98,hapibd,ibd,-359.5075566533755,-816.30821084956,456.80065419618455,True
500,98,hapibd,mixed,-294.8969238035895,-1185.7381800646963,890.8412562611068,True
500,98,true,ibd,-360.5128208701653,-902.7227305639019,542.2099096937366,True
500,98,true,mixed,-303.5576041565597,-1245.2458458784452,941.6882417218854,True
500,99,hapibd,ibd,-361.1651658096037,-775.0989407576413,413.93377494803764,True
500,99,hapibd,mixed,-299.8795222787689,-1076.533551340814,776.6540290620451,True
500,99,true,ibd,-376.5030560292513,-929.8486705086536,553.3456144794023,True
500,99,true,mixed,-317.6321157599427,-1205.3273840382299,887.6952682782871,True
750,0,hapibd,ibd,-417.7301661432051,-1143.8410503488371,726.110884205632,True
750,0,hapibd,mixed,-353.7172800377201,-1759.3499859772767,1405.6327059395567,True
750,0,true,ibd,-426.86669206945305,-1328.1553415364306,901.2886494669775,True
750,0,true,mixed,-361.28738100954837,-1902.1439028175691,1540.8565218080207,True
750,1,hapibd,ibd,-412.5901610288673,-1049.6845249333282,637.0943639044609,True
750,1,hapibd,mixed,-354.9832648325411,-1574.8874162539457,1219.9041514214045,True
750,1,true,ibd,-415.6871436750028,-1191.9417046729486,776.2545609979459,True
750,1,true,mixed,-352.2511392189718,-1683.0069383319235,1330.7557991129518,True
750,2,hapibd,ibd,-412.185304304604,-1082.6949779599984,670.5096736553944,True
750,2,hapibd,mixed,-348.7883946237316,-1656.2857998350128,1307.4974052112811,True
750,2,true,ibd,-406.5200478993143,-1210.6209961968455,804.1009482975312,True
750,2,true,mixed,-345.9464442113871,-1753.3694407753665,1407.4229965639793,True
750,3,hapibd,ibd,-403.0063437235733,-1009.7605356072113,606.754191883638,True
750,3,hapibd,mixed,-346.3499684534998,-1472.578582715661,1126.2286142621613,True
750,3,true,ibd,-415.53778380285354,-1127.2064516118571,711.6686678090036,True
750,3,true,mixed,-347.131799291718,-1546.1104370433122,1198.9786377515943,True
750,4,hapibd,ibd,-399.8190249156049,-1096.4185603656206,696.5995354500157,True
750,4,hapibd,mixed,-333.20339534654255,-1682.4950070066025,1349.29161166006,True
750,4,true,ibd,-405.4594488235183,-1317.8965031085777,912.4370542850594,True
750,4,true,mixed,-339.69698500814184,-1867.2312746810398,1527.534289672898,True
750,5,hapibd,ibd,-406.9097798810465,-1045.5748485260287,638.6650686449823,True
750,5,hapibd,mixed,-342.212515956517,-1562.6343190804027,1220.4218031238856,True
750,5,true,ibd,-415.89717689408104,-1212.2773930234334,796.3802161293524,True
750,5,true,mixed,-348.11187369119784,-1670.0016096223458,1321.889735931148,True
750,6,hapibd,ibd,-406.1527452804686,-1107.0532029298904,700.9004576494218,True
750,6,hapibd,mixed,-343.2512754394891,-1703.7796451831011,1360.528369743612,True
750,6,true,ibd,-417.3207571677975,-1295.8540574151518,878.5333002473543,True
750,6,true,mixed,-352.18795341676645,-1814.801479480909,1462.6135260641424,True
750,7,hapibd,ibd,-397.76509273166965,-1039.7961143129617,642.031021581292,True
750,7,hapibd,mixed,-333.8518990621873,-1596.2727480384294,1262.4208489762423,True
750,7,true,ibd,-415.89748691276367,-1221.0927096838457,805.195222771082,True
750,7,true,mixed,-350.9600510400973,-1709.0771584513009,1358.1171074112035,True
750,8,hapibd,ibd,-420.59740516066796,-1151.040339184529,730.4429340238612,True
750,8,hapibd,mixed,-359.55874389338095,-1751.7598455602752,1392.2011016668941,True
750,8,true,ibd,-404.1498789607525,-1252.364865692331,848.2149867315785,True
750,8,true,mixed,-339.1210756605232,-1796.1303113775086,1457.0092357169854,True
750,9,hapibd,ibd,-410.1116440541371,-1118.941252757296,708.829608703159,True
750,9,hapibd,mixed,-344.95597324692375,-1748.6004687815382,1403.6444955346144,True
750,9,true,ibd,-412.62572414703084,-1324.7733771578148,912.147653010784,True
750,9,true,mixed,-349.2399054938157,-1915.0607111611573,1565.8208056673416,True
750,10,hapibd,ibd,-407.0025249039879,-1055.1359556546358,648.1334307506479,True
750,10,hapibd,mixed,-334.34596320347043,-1668.190908199103,1333.8449449956324,True
750,10,true,ibd,-410.4487401332788,-1213.0643138230648,802.6155736897861,True
750,10,true,mixed,-346.31232339643714,-1788.9854664249153,1442.673143028478,True
750,11,hapibd,ibd,-416.3756190078116,-1091.3876581265295,675.0120391187179,True
750,11,hapibd,mixed,-352.7644995706505,-1611.1506088853614,1258.386109314711,True
750,11,true,ibd,-415.1737763116286,-1256.0147515466567,840.840975235028,True
750,11,true,mixed,-355.61063653638223,-1772.4494190851954,1416.838782548813,True
750,12,hapibd,ibd,-398.927811889546,-986.7639652228431,587.8361533332971,True
750,12,hapibd,mixed,-335.40633823339374,-1465.0650855448216,1129.6587473114278,True
750,12,true,ibd,-412.9158592745827,-1144.1330760534602,731.2172167788774,True
750,12,true,mixed,-351.45761953100737,-1547.8817714980196,1196.4241519670122,True
750,13,hapibd,ibd,-398.83673080926843,-1022.0687305227192,623.2319997134507,True
750,13,hapibd,mixed,-337.51807050944865,-1549.244194100854,1211.7261235914052,True
750,13,true,ibd,-407.35317747415775,-1176.2686678196992,768.9154903455415,True
750,13,true,mixed,-342.91918871154087,-1690.775333960495,1347.856145248954,True
750,14,hapibd,ibd,-408.2962893929647,-1048.1543452403746,639.8580558474099,True
750,14,hapibd,mixed,-349.85516711686995,-1584.2220807641622,1234.3669136472922,True
750,14,true,ibd,-411.24385039331287,-1152.191468420561,740.9476180272482,True
750,14,true,mixed,-351.2431510453859,-1660.704386038634,1309.4612349932481,True
750,15,hapibd,ibd,-411.9162047842805,-1111.1242385675805,699.2080337832999,True
750,15,hapibd,mixed,-347.1352622333597,-1779.38783146754,1432.2525692341803,True
750,15,true,ibd,-425.0363311624416,-1284.6224983745678,859.5861672121262,True
750,15,true,mixed,-355.6777532953956,-1871.3637896075763,1515.6860363121807,True
750,16,hapibd,ibd,-419.73117720251093,-1155.6416003113757,735.9104231088647,True
750,16,hapibd,mixed,-358.8273995371709,-1751.057055853996,1392.2296563168252,True
750,16,true,ibd,-416.6619530170534,-1293.5248916191338,876.8629386020804,True
750,16,true,mixed,-350.84099513531686,-1835.2167759804536,1484.3757808451367,True
750,17,hapibd,ibd,-413.4856454244094,-1074.8502155068868,661.3645700824774,True
750,17,hapibd,mixed,-353.6996612018428,-1676.8383387997485,1323.1386775979058,True
750,17,true,ibd,-423.0218330633288,-1200.9603754076957,777.9385423443669,True
750,17,true,mixed,-360.4392082738888,-1745.4964278806112,1385.0572196067224,True
750,18,hapibd,ibd,-420.9483506200198,-1090.4353231788841,669.4869725588643,True
750,18,hapibd,mixed,-355.607391110886,-1672.6516229146268,1317.0442318037408,True
750,18,true,ibd,-425.05823063412004,-1250.1057826077354,825.0475519736153,True
750,18,true,mixed,-364.77776096695163,-1796.9585403236622,1432.1807793567104,True
750,19,hapibd,ibd,-411.9054044779114,-1134.4220877946052,722.5166833166938,True
750,19,hapibd,mixed,-351.98614561762173,-1722.9586452066465,1370.9724995890247,True
750,19,true,ibd,-418.31342746496244,-1313.2939267361594,894.980499271197,True
750,19,true,mixed,-351.2085748856071,-1860.3860744634262,1509.1774995778192,True
750,20,hapibd,ibd,-385.4562905437953,-986.4193554690621,600.9630649252667,True
750,20,hapibd,mixed,-325.39760398339104,-1516.985713763067,1191.588109779676,True
750,20,true,ibd,-399.3640254951113,-1109.490439299087,710.1264138039758,True
750,20,true,mixed,-333.9759466681445,-1563.5975400627224,1229.6215933945778,True
750,21,hapibd,ibd,-425.08595604962085,-1117.8566851088412,692.7707290592205,True
750,21,hapibd,mixed,-361.4451151565591,-1727.2186682290344,1365.7735530724754,True
750,21,true,ibd,-421.46934126450054,-1264.384455313982,842.9151140494814,True
750,21,true,mixed,-355.7245417955324,-1856.872054641653,1501.1475128461207,True
750,22,hapibd,ibd,-396.085298498315,-1045.3388253324154,649.2535268341003,True
750,22,hapibd,mixed,-334.71187405763567,-1627.792996503183,1293.0811224455474,True
750,22,true,ibd,-400.8323129782582,-1193.3527997536482,792.52048677539,True
750,22,true,mixed,-334.2334395496333,-1728.0962228677142,1393.8627833180808,True
750,23,hapibd,ibd,-403.4872192082255,-1025.1263890048044,621.6391697965789,True
750,23,hapibd,mixed,-341.0144468535045,-1510.1647763406709,1169.1503294871663,True
750,23,true,ibd,-424.7718259631046,-1211.3198435165284,786.5480175534237,True
750,23,true,mixed,-358.7902247076754,-1692.5829011661629,1333.7926764584874,True
750,24,hapibd,ibd,-402.6124051290394,-1150.932370609575,748.3199654805355,True
750,24,hapibd,mixed,-339.6040233441977,-1776.1659348418702,1436.5619114976726,True
750,24,true,ibd,-405.603965832641,-1300.1126531800667,894.5086873474256,True
750,24,true,mixed,-342.71392845762784,-1867.4308790545817,1524.716950596954,True
750,25,hapibd,ibd,-407.03011445549237,-1109.26893889117,702.2388244356775,True
750,25,hapibd,mixed,-346.576783862743,-1592.44873949445,1245.871955631707,True
750,25,true,ibd,-410.2020524756597,-1222.141655850005,811.9396033743453,True
750,25,true,mixed,-348.3283942443796,-1658.579482995445,1310.2510887510655,True
750,26,hapibd,ibd,-417.7873955730054,-1033.6795050896312,615.8921095166259,True
750,26,hapibd,mixed,-356.2169296754096,-1573.6542340725775,1217.437304397168,True
750,26,true,ibd,-422.4309229331918,-1156.5881673849346,734.1572444517428,True
750,26,true,mixed,-362.2449807118085,-1638.2639404951492,1276.0189597833407,True
750,27,hapibd,ibd,-417.64949186907063,-1048.180359708631,630.5308678395603,True
750,27,hapibd,mixed,-353.7013480657718,-1599.749003672619,1246.0476556068472,True
750,27,true,ibd,-419.6872501856457,-1170.8654899017333,751.1782397160875,True
750,27,true,mixed,-364.5114216737167,-1706.7686173211177,1342.257195647401,True
750,28,hapibd,ibd,-421.08143796555953,-1167.2743448859253,746.1929069203658,True
750,28,hapibd,mixed,-359.6650318921397,-1913.6816275563503,1554.0165956642106,True
750,28,true,ibd,-419.17717829637326,-1325.2605718962313,906.083393599858,True
750,28,true,mixed,-356.5030718064561,-1999.4651354905552,1642.9620636840991,True
750,29,hapibd,ibd,-413.76868445366887,-1126.0134836055026,712.2447991518338,True
750,29,hapibd,mixed,-350.13972793626584,-1718.6528339814333,1368.5131060451674,True
750,29,true,ibd,-414.416307408562,-1281.9367683359883,867.5204609274263,True
750,29,true,mixed,-347.1120951418741,-1856.7802913868484,1509.6681962449743,True
750,30,hapibd,ibd,-404.34613867832127,-1047.344590666123,642.9984519878017,True
750,30,hapibd,mixed,-341.13335525085955,-1624.6145388375721,1283.4811835867126,True
750,30,true,ibd,-407.3772026996373,-1132.882704899876,725.5055022002387,True
750,30,true,mixed,-347.88528295015465,-1652.6433688468821,1304.7580858967276,True
750,31,hapibd,ibd,-401.06757451096377,-1140.368080796002,739.3005062850382,True
750,31,hapibd,mixed,-335.2824359161929,-1705.6071361167856,1370.3247002005926,True
750,31,true,ibd,-412.28011388299944,-1248.532622182006,836.2525082990065,True
750,31,true,mixed,-348.6236267549595,-1779.9353263219157,1431.3116995669561,True
750,32,hapibd,ibd,-416.8404778195598,-1065.4239285646681,648.5834507451084,True
750,32,hapibd,mixed,-351.0576519206065,-1644.485638363466,1293.4279864428595,True
750,32,true,ibd,-413.46535024284447,-1198.4068190137073,784.9414687708628,True
750,32,true,mixed,-354.7469640781473,-1686.4731160907565,1331.7261520126092,True
750,33,hapibd,ibd,-406.4252976802803,-1030.7431453214153,624.317847641135,True
750,33,hapibd,mixed,-341.79714403478755,-1543.0899452129647,1201.2928011781771,True
750,33,true,ibd,-413.39358675366253,-1190.558951039802,777.1653642861395,True
750,33,true,mixed,-354.63076037103184,-1662.257613702604,1307.6268533315722,True
750,34,hapibd,ibd,-417.3653236850704,-1119.5164071750457,702.1510834899753,True
750,34,hapibd,mixed,-355.48420162703064,-1788.1767916769586,1432.692590049928,True
750,34,true,ibd,-416.1041400692721,-1282.5104048014086,866.4062647321366,True
750,34,true,mixed,-356.74534737124924,-1941.010973852225,1584.265626480976,True
750,35,hapibd,ibd,-410.41828239751396,-1114.8607884193593,704.4425060218454,True
750,35,hapibd,mixed,-344.87243427540676,-1621.3374240987898,1276.4649898233831,True
750,35,true,ibd,-418.9024155447753,-1289.725365859226,870.8229503144507,True
750,35,true,mixed,-354.95681526722603,-1780.6973624494667,1425.7405471822408,True
750,36,hapibd,ibd,-425.7409438885035,-1113.9227756437283,688.1818317552247,True
750,36,hapibd,mixed,-359.8748579353831,-1698.3974750594057,1338.5226171240226,True
750,36,true,ibd,-421.58688873243295,-1276.9304449063623,855.3435561739293,True
750,36,true,mixed,-360.5867284531101,-1826.8927582324125,1466.3060297793024,True
750,37,hapibd,ibd,-401.608330775828,-1082.338016800288,680.72968602446,True
750,37,hapibd,mixed,-342.48732093973763,-1749.8935282333737,1407.406207293636,True
750,37,true,ibd,-406.1549369404698,-1225.1089132427835,818.9539763023138,True
750,37,true,mixed,-340.92355329760943,-1816.4416577345828,1475.5181044369733,True
750,38,hapibd,ibd,-404.51689556139485,-1076.2131920798374,671.6962965184425,True
750,38,hapibd,mixed,-337.6680263552353,-1666.929210342831,1329.2611839875958,True
750,38,true,ibd,-418.0363651272518,-1233.3261259266426,815.2897607993907,True
750,38,true,mixed,-351.6195386943993,-1777.8383417491013,1426.218803054702,True
750,39,hapibd,ibd,-402.3595688366394,-1094.203222130272,691.8436532936325,True
750,39,hapibd,mixed,-344.4806665049023,-1616.3641559075302,1271.883489402628,True
750,39,true,ibd,-398.15410220582453,-1221.4659976747344,823.3118954689098,True
750,39,true,mixed,-333.042196774935,-1687.7589332694301,1354.716736494495,True
750,40,hapibd,ibd,-413.3297575234011,-1070.2824936671743,656.9527361437732,True
750,40,hapibd,mixed,-347.87714229957743,-1657.2631396403926,1309.3859973408153,True
750,40,true,ibd,-419.1169669681754,-1253.1073484048843,833.990381436709,True
750,40,true,mixed,-351.54165820646637,-1803.1434366678388,1451.6017784613725,True
750,41,hapibd,ibd,-427.34844370014457,-1118.45637074072,691.1079270405755,True
750,41,hapibd,mixed,-360.1228948345223,-1692.3059509035272,1332.183056069005,True
750,41,true,ibd,-433.1876490858817,-1372.5251530314497,939.337503945568,True
750,41,true,mixed,-371.0581145491523,-1919.8146438592805,1548.7565293101281,True
750,42,hapibd,ibd,-422.87334383143053,-1085.2811394790667,662.4077956476362,True
750,42,hapibd,mixed,-361.075030321633,-1638.8996907085516,1277.8246603869186,True
750,42,true,ibd,-415.5735706052017,-1255.0875628374667,839.5139922322651,True
750,42,true,mixed,-351.8998240764607,-1776.5550159923496,1424.655191915889,True
750,43,hapibd,ibd,-408.6530586201198,-1087.8355918732561,679.1825332531364,True
750,43,hapibd,mixed,-345.9813332741249,-1693.701271394902,1347.7199381207772,True
750,43,true,ibd,-404.18097588267204,-1224.1099346183933,819.9289587357212,True
750,43,true,mixed,-340.8963480482656,-1771.1399808842386,1430.2436328359731,True
750,44,hapibd,ibd,-395.48804845620276,-1018.9194824450229,623.4314339888201,True
750,44,hapibd,mixed,-333.04873378292837,-1587.073163368524,1254.0244295855957,True
750,44,true,ibd,-401.81864081663184,-1177.8164588062114,775.9978179895795,True
750,44,true,mixed,-339.21486813690814,-1704.3962563825778,1365.1813882456697,True
750,45,hapibd,ibd,-424.4529659038814,-1153.8594763290685,729.406510425187,True
750,45,hapibd,mixed,-362.20372443021296,-1785.080758271433,1422.87703384122,True
750,45,true,ibd,-406.35048005501585,-1317.4393165725926,911.0888365175767,True
750,45,true,mixed,-341.8904636539942,-1862.6387167912098,1520.7482531372157,True
750,46,hapibd,ibd,-394.4495165478325,-1109.7737052973887,715.3241887495562,True
750,46,hapibd,mixed,-331.79058732395407,-1714.0344526890879,1382.2438653651338,True
750,46,true,ibd,-407.60019091745045,-1230.823879510412,823.2236885929617,True
750,46,true,mixed,-347.1657724057734,-1833.8660566432034,1486.70028423743,True
750,47,hapibd,ibd,-416.09303856642913,-1073.5383156667226,657.4452771002934,True
750,47,hapibd,mixed,-355.6855367703466,-1669.4969704649288,1313.8114336945823,True
750,47,true,ibd,-406.81729238158863,-1177.025233927291,770.2079415457024,True
750,47,true,mixed,-344.81429758093833,-1696.4745847817126,1351.6602872007743,True
750,48,hapibd,ibd,-403.78366463245544,-1078.703728297814,674.9200636653586,True
750,48,hapibd,mixed,-344.98867732926215,-1708.769490884682,1363.7808135554199,True
750,48,true,ibd,-405.45364150568804,-1192.3388935783873,786.8852520726994,True
750,48,true,mixed,-345.55914205128045,-1712.8573946044876,1367.298252553207,True
750,49,hapibd,ibd,-412.8763809108302,-1086.0304219396132,673.154041028783,True
750,49,hapibd,mixed,-350.265080925838,-1733.0382592969086,1382.7731783710706,True
750,49,true,ibd,-409.09151408270293,-1259.4284807066065,850.3369666239035,True
750,49,true,mixed,-346.33108226302323,-1844.3629847643826,1498.0319025013594,True
750,50,hapibd,ibd,-390.2309202557837,-1068.0479293903097,677.817009134526,True
750,50,hapibd,mixed,-329.72074183794183,-1634.7858630143148,1305.065121176373,True
750,50,true,ibd,-412.04979456958876,-1244.1255752399754,832.0757806703866,True
750,50,true,mixed,-352.4089291437602,-1814.6218029088816,1462.2128737651215,True
750,51,hapibd,ibd,-414.8964650752109,-1043.4051418014467,628.5086767262358,True
750,51,hapibd,mixed,-350.4684785532758,-1579.7970865940372,1229.3286080407613,True
750,51,true,ibd,-423.0772191596695,-1161.3647886059168,738.2875694462473,True
750,51,true,mixed,-360.7902138533152,-1695.1629972622902,1334.372783408975,True
750,52,hapibd,ibd,-400.7844216993591,-1075.6360514122835,674.8516297129244,True
750,52,hapibd,mixed,-337.13499495563445,-1652.6283360068844,1315.49334105125,True
750,52,true,ibd,-402.64340118858513,-1242.6379194143758,839.9945182257907,True
750,52,true,mixed,-334.65720215518076,-1761.402048812461,1426.7448466572803,True
750,53,hapibd,ibd,-403.7776361404524,-1045.4530249531745,641.6753888127221,True
750,53,hapibd,mixed,-342.1949913340675,-1632.0131307282554,1289.818139394188,True
750,53,true,ibd,-407.0393272029232,-1179.7292461138848,772.6899189109615,True
750,53,true,mixed,-345.8982306040994,-1685.6002978251065,1339.7020672210072,True
750,54,hapibd,ibd,-420.2132809014289,-1088.1480167557309,667.934735854302,True
750,54,hapibd,mixed,-357.3626158336189,-1691.0981378195775,1333.7355219859585,True
750,54,true,ibd,-410.23844482507633,-1258.330817800605,848.0923729755286,True
750,54,true,mixed,-354.1839517880197,-1779.8604907111448,1425.676538923125,True
750,55,hapibd,ibd,-408.47037776491413,-993.2522048860662,584.7818271211521,True
750,55,hapibd,mixed,-348.4677278334084,-1516.0054776189795,1167.5377497855711,True
750,55,true,ibd,-406.455799943542,-1132.7481659908246,726.2923660472827,True
750,55,true,mixed,-342.6495314946251,-1588.382669178418,1245.7331376837928,True
750,56,hapibd,ibd,-399.82384768021245,-1094.7609670629668,694.9371193827543,True
750,56,hapibd,mixed,-340.29843918633634,-1631.5412270224392,1291.242787836103,True
750,56,true,ibd,-403.39284423452176,-1267.7846270637795,864.3917828292576,True
750,56,true,mixed,-338.50422019082214,-1806.1854016662278,1467.6811814754055,True
750,57,hapibd,ibd,-415.1177193552989,-1101.5391463592773,686.4214270039784,True
750,57,hapibd,mixed,-350.65104644833093,-1724.9807575757077,1374.3297111273769,True
750,57,true,ibd,-426.4339282447907,-1231.9550519710479,805.5211237262572,True
750,57,true,mixed,-366.04056833161775,-1825.8035219774472,1459.7629536458294,True
750,58,hapibd,ibd,-415.1542569156734,-1092.801919685731,677.6476627700577,True
750,58,hapibd,mixed,-354.1080476092234,-1763.5033794224858,1409.3953318132624,True
750,58,true,ibd,-407.88804981788377,-1237.347102692431,829.4590528745473,True
750,58,true,mixed,-344.5280824205409,-1846.616396565085,1502.0883141445443,True
750,59,hapibd,ibd,-399.5297908403284,-1046.4201166686162,646.8903258282878,True
750,59,hapibd,mixed,-338.9667195281426,-1648.8840643512524,1309.9173448231097,True
750,59,true,ibd,-396.7608177798539,-1191.011117259321,794.2502994794672,True
750,59,true,mixed,-335.58398352803766,-1741.8836652994833,1406.2996817714456,True
750,60,hapibd,ibd,-421.0306550773757,-1082.4477526745413,661.4170975971656,True
750,60,hapibd,mixed,-359.0390825704748,-1668.1453930903842,1309.1063105199094,True
750,60,true,ibd,-429.853059793097,-1206.3433569254948,776.4902971323979,True
750,60,true,mixed,-367.95528209455335,-1783.0013960737658,1415.0461139792124,True
750,61,hapibd,ibd,-406.8452583121765,-1070.6302374303436,663.7849791181671,True
750,61,hapibd,mixed,-345.9564664739466,-1675.6674245252902,1329.7109580513436,True
750,61,true,ibd,-413.9869313478163,-1266.9249459539415,852.9380146061251,True
750,61,true,mixed,-351.8718458785229,-1833.6426810930761,1481.7708352145532,True
750,62,hapibd,ibd,-412.11975814223797,-996.313498217185,584.1937400749471,True
750,62,hapibd,mixed,-354.6482729909901,-1522.7656516972086,1168.1173787062185,True
750,62,true,ibd,-412.7225397978949,-1168.9981189545294,756.2755791566345,True
750,62,true,mixed,-353.1508228429328,-1688.8321126271358,1335.6812897842028,True
750,63,hapibd,ibd,-405.961308057564,-1091.9537793554719,685.9924712979079,True
750,63,hapibd,mixed,-341.4958170456235,-1684.795743276203,1343.2999262305796,True
750,63,true,ibd,-415.3218169219197,-1248.8266211784482,833.5048042565286,True
750,63,true,mixed,-354.9921897741494,-1778.1031094013297,1423.1109196271802,True
750,64,hapibd,ibd,-434.8730023570558,-1128.502071677165,693.6290693201092,True
750,64,hapibd,mixed,-367.0071046815182,-1733.3517928412025,1366.3446881596842,True
750,64,true,ibd,-429.96309290699395,-1262.6597230741993,832.6966301672053,True
750,64,true,mixed,-361.4368776211767,-1849.924193164921,1488.4873155437444,True
750,65,hapibd,ibd,-402.4730498119241,-1078.6470132820616,676.1739634701376,True
750,65,hapibd,mixed,-338.1447054422452,-1709.0561437215276,1370.9114382792825,True
750,65,true,ibd,-402.0776224148724,-1241.786020979782,839.7083985649097,True
750,65,true,mixed,-342.2410326519819,-1777.7399125627724,1435.4988799107905,True
750,66,hapibd,ibd,-407.1151950037395,-1035.5559850664806,628.4407900627411,True
750,66,hapibd,mixed,-348.5942375501298,-1613.6422768654702,1265.0480393153405,True
750,66,true,ibd,-401.4595351903371,-1142.3035124965656,740.8439773062286,True
750,66,true,mixed,-342.7893008144798,-1682.0756305655261,1339.2863297510462,True
750,67,hapibd,ibd,-431.68007660552706,-1146.4667946525853,714.7867180470582,True
750,67,hapibd,mixed,-365.9615715857832,-1767.151181822418,1401.189610236635,True
750,67,true,ibd,-431.16006115588453,-1303.0929805656585,871.9329194097741,True
750,67,true,mixed,-369.0547665383743,-1889.7108009382205,1520.6560343998462,True
750,68,hapibd,ibd,-408.36180507188584,-1071.4399465941137,663.078141522228,True
750,68,hapibd,mixed,-345.84938601351655,-1718.0288093076808,1372.1794232941643,True
750,68,true,ibd,-414.22761831423827,-1215.361715805523,801.1340974912848,True
750,68,true,mixed,-348.95693279890133,-1802.3856890523427,1453.4287562534414,True
750,69,hapibd,ibd,-385.6652454148116,-1055.6391783255247,669.9739329107131,True
750,69,hapibd,mixed,-325.8052110213557,-1650.1359975767232,1324.3307865553675,True
750,69,true,ibd,-391.27922492425984,-1266.0154174008826,874.7361924766228,True
750,69,true,mixed,-324.29885134427946,-1842.2555095522637,1517.9566582079842,True
750,70,hapibd,ibd,-415.227007770191,-1085.1305242389606,669.9035164687696,True
750,70,hapibd,mixed,-345.84489489184654,-1769.0805146217624,1423.235619729916,True
750,70,true,ibd,-420.54432022413835,-1230.89873965789,810.3544194337517,True
750,70,true,mixed,-355.01358074623215,-1874.0763510772438,1519.0627703310115,True
750,71,hapibd,ibd,-405.81309500534684,-1006.334552429371,600.5214574240242,True
750,71,hapibd,mixed,-345.0318583407783,-1523.0134209192888,1177.9815625785104,True
750,71,true,ibd,-413.2464920514505,-1117.2749089162705,704.02841686482,True
750,71,true,mixed,-349.6406838353219,-1603.3920012649712,1253.7513174296494,True
750,72,hapibd,ibd,-391.1079558244777,-1037.3852702898394,646.2773144653617,True
750,72,hapibd,mixed,-333.2251186954812,-1670.6343630005038,1337.4092443050226,True
750,72,true,ibd,-404.0411822935676,-1153.275527849148,749.2343455555804,True
750,72,true,mixed,-337.9888763750608,-1728.7955718208211,1390.8066954457604,True
750,73,hapibd,ibd,-424.2012328173008,-1086.634948322019,662.4337155047182,True
750,73,hapibd,mixed,-361.9582465536324,-1620.9725033093628,1259.0142567557305,True
750,73,true,ibd,-421.21902362581204,-1195.8685372668483,774.6495136410363,True
750,73,true,mixed,-358.7834760588666,-1692.9238885539492,1334.1404124950825,True
750,74,hapibd,ibd,-411.32378974059174,-1049.139395799602,637.8156060590102,True
750,74,hapibd,mixed,-343.80978317943556,-1636.1406419296611,1292.3308587502256,True
750,74,true,ibd,-420.83245611860474,-1194.3204036447528,773.487947526148,True
750,74,true,mixed,-354.8995894835752,-1716.3910448421539,1361.4914553585786,True
750,75,hapibd,ibd,-400.3485915269714,-1039.3019349633173,638.9533434363459,True
750,75,hapibd,mixed,-342.0816087419986,-1632.1337950797736,1290.0521863377749,True
750,75,true,ibd,-395.30256158693334,-1177.1237950322334,781.8212334453001,True
750,75,true,mixed,-335.5000415647808,-1696.1860146741797,1360.685973109399,True
750,76,hapibd,ibd,-409.930274330972,-1104.1719723951283,694.2416980641563,True
750,76,hapibd,mixed,-350.53247573524817,-1662.3259260221691,1311.793450286921,True
750,76,true,ibd,-409.86038487835924,-1199.944415422655,790.0840305442958,True
750,76,true,mixed,-347.43667871684124,-1709.9723234755634,1362.5356447587221,True
750,77,hapibd,ibd,-412.7157926156719,-1045.1823194064793,632.4665267908074,True
750,77,hapibd,mixed,-353.08402683649024,-1658.041946049637,1304.9579192131469,True
750,77,true,ibd,-420.5090046110784,-1230.888398933211,810.3793943221326,True
750,77,true,mixed,-354.30698535698815,-1745.6797281300207,1391.3727427730325,True
750,78,hapibd,ibd,-397.5738625094766,-984.9339817626167,587.36011925314,True
750,78,hapibd,mixed,-340.7288785076902,-1518.7306614761708,1178.0017829684807,True
750,78,true,ibd,-405.3103978623232,-1142.264033885693,736.9536360233697,True
750,78,true,mixed,-339.23120435667204,-1651.9061633042393,1312.6749589475671,True
750,79,hapibd,ibd,-408.7229376056299,-1067.196883637734,658.473946032104,True
750,79,hapibd,mixed,-351.2796906921867,-1614.5324894630724,1263.2527987708856,True
750,79,true,ibd,-412.2687666048272,-1211.5079054110633,799.2391388062362,True
750,79,true,mixed,-348.95007672402835,-1705.5714959402221,1356.6214192161938,True
750,80,hapibd,ibd,-406.4303196062747,-1080.452290020342,674.0219704140673,True
750,80,hapibd,mixed,-346.4264331342655,-1648.4811886863522,1302.0547555520866,True
750,80,true,ibd,-412.6237531091784,-1221.8321265223258,809.2083734131475,True
750,80,true,mixed,-351.4993035596559,-1753.723868140283,1402.224564580627,True
750,81,hapibd,ibd,-410.0899873672091,-1090.3366117539492,680.2466243867401,True
750,81,hapibd,mixed,-344.74083468918633,-1657.3406342500743,1312.599799560888,True
750,81,true,ibd,-421.97085708070193,-1227.7967114878059,805.8258544071039,True
750,81,true,mixed,-356.206474642093,-1761.4344107407671,1405.227936098674,True
750,82,hapibd,ibd,-418.0838336415168,-1149.3579624843533,731.2741288428365,True
750,82,hapibd,mixed,-357.03768348991287,-1760.444689778355,1403.407006288442,True
750,82,true,ibd,-417.15531681682137,-1356.6926830885652,939.5373662717438,True
750,82,true,mixed,-351.6375419509229,-1964.1627487628082,1612.5252068118853,True
750,83,hapibd,ibd,-399.5736752885451,-1014.1521018698755,614.5784265813304,True
750,83,hapibd,mixed,-339.50992221655054,-1617.0817660971304,1277.5718438805798,True
750,83,true,ibd,-405.3146676141976,-1149.2498135503247,743.9351459361271,True
750,83,true,mixed,-342.81137687558794,-1669.0679326214745,1326.2565557458865,True
750,84,hapibd,ibd,-403.1168685263349,-983.7502572158799,580.633388689545,True
750,84,hapibd,mixed,-341.72303221841173,-1494.5004656252154,1152.7774334068035,True
750,84,true,ibd,-407.0015702403144,-1107.3283900308295,700.3268197905152,True
750,84,true,mixed,-347.8933095993143,-1600.082008659222,1252.1886990599078,True
750,85,hapibd,ibd,-400.1997615283247,-1090.5666122899302,690.3668507616055,True
750,85,hapibd,mixed,-340.5147844068912,-1650.0393998884506,1309.5246154815595,True
750,85,true,ibd,-406.429146381629,-1248.973155507657,842.5440091260282,True
750,85,true,mixed,-343.1859489636945,-1777.1269651510925,1433.941016187398,True
750,86,hapibd,ibd,-405.5440375831816,-1027.529574212234,621.9855366290524,True
750,86,hapibd,mixed,-340.7234450490921,-1575.411240758616,1234.687795709524,True
750,86,true,ibd,-414.6190018093719,-1155.0473130083876,740.4283111990158,True
750,86,true,mixed,-355.42096275652943,-1665.1595952612718,1309.7386325047423,True
750,87,hapibd,ibd,-415.0931747472763,-1022.4009400261862,607.3077652789099,True
750,87,hapibd,mixed,-351.8060283224058,-1571.6311558113719,1219.825127488966,True
750,87,true,ibd,-417.1006325372272,-1142.8139818929599,725.7133493557326,True
750,87,true,mixed,-355.1258000309065,-1626.0886965889563,1270.9628965580498,True
750,88,hapibd,ibd,-390.2662866361498,-1023.9890872247264,633.7228005885765,True
750,88,hapibd,mixed,-327.57499633974976,-1609.2716646234514,1281.6966682837017,True
750,88,true,ibd,-400.76590848069173,-1190.427751869046,789.6618433883543,True
750,88,true,mixed,-333.1013075939368,-1746.7026515585223,1413.6013439645856,True
750,89,hapibd,ibd,-405.71585077854576,-1077.0738344286415,671.3579836500958,True
750,89,hapibd,mixed,-341.7961541275318,-1647.5667407518001,1305.7705866242684,True
750,89,true,ibd,-410.2674285941344,-1203.545025757889,793.2775971637548,True
750,89,true,mixed,-349.3356933383873,-1769.0027673294062,1419.667073991019,True
750,90,hapibd,ibd,-408.17681300825006,-1148.2326781139118,740.0558651056617,True
750,90,hapibd,mixed,-342.7778294135331,-1753.681080188113,1410.9032507745799,True
750,90,true,ibd,-405.48718833191845,-1329.678944953089,924.1917566211706,True
750,90,true,mixed,-339.99822710766244,-1910.6032091308184,1570.604982023156,True
750,91,hapibd,ibd,-406.0880048070314,-1096.8675243858338,690.7795195788024,True
750,91,hapibd,mixed,-343.0905393823528,-1700.7128795857827,1357.62234020343,True
750,91,true,ibd,-411.87067802781706,-1224.168808114997,812.29813008718,True
750,91,true,mixed,-352.9061226763055,-1767.2861398665168,1414.3800171902112,True
750,92,hapibd,ibd,-422.7593101553128,-1104.0738980745102,681.3145879191975,True
750,92,hapibd,mixed,-358.1424829981254,-1721.210069794937,1363.0675867968116,True
750,92,true,ibd,-428.977133056243,-1316.8076694799684,887.8305364237253,True
750,92,true,mixed,-362.9876125707004,-1882.4262807447249,1519.4386681740245,True
750,93,hapibd,ibd,-405.5175633746841,-1028.7742213665997,623.2566579919156,True
750,93,hapibd,mixed,-342.6267449503928,-1583.931851050524,1241.3051061001313,True
750,93,true,ibd,-411.9377506186762,-1156.0603414560603,744.1225908373841,True
750,93,true,mixed,-348.82837746059397,-1719.205239140234,1370.3768616796401,True
750,94,hapibd,ibd,-399.0130253492,-1080.5244048279312,681.5113794787312,True
750,94,hapibd,mixed,-338.3651039389093,-1654.7960799227153,1316.430975983806,True
750,94,true,ibd,-411.89180724176856,-1288.4940944251362,876.6022871833676,True
750,94,true,mixed,-343.3969697681126,-1808.6608824581854,1465.2639126900726,True
750,95,hapibd,ibd,-420.71318039719523,-1081.149672519025,660.4364921218298,True
750,95,hapibd,mixed,-360.63206544912737,-1691.4297097061171,1330.7976442569898,True
750,95,true,ibd,-425.2798452580392,-1220.9074495337568,795.6276042757177,True
750,95,true,mixed,-363.32354497399194,-1792.9929269157942,1429.6693819418024,True
750,96,hapibd,ibd,-405.5617681352577,-1017.6775916984808,612.1158235632231,True
750,96,hapibd,mixed,-339.8857608912289,-1556.2081811495364,1216.3224202583074,True
750,96,true,ibd,-412.72705366758663,-1124.585011643953,711.8579579763664,True
750,96,true,mixed,-351.19670473835646,-1633.7577805336014,1282.561075795245,True
750,97,hapibd,ibd,-410.6635053118937,-1023.0280149974735,612.3645096855798,True
750,97,hapibd,mixed,-348.6590787321871,-1547.3362586690785,1198.6771799368914,True
750,97,true,ibd,-413.2714073816994,-1143.4020898922813,730.1306825105819,True
750,97,true,mixed,-351.95432722455377,-1592.5323817869294,1240.5780545623757,True
750,98,hapibd,ibd,-404.18050269829524,-1092.4440282835853,688.2635255852902,True
750,98,hapibd,mixed,-343.0865967297045,-1734.3382725822808,1391.2516758525762,True
750,98,true,ibd,-417.9210130886482,-1210.9343521553365,793.0133390666883,True
750,98,true,mixed,-355.999531796785,-1795.8657694031708,1439.8662376063858,True
750,99,hapibd,ibd,-393.9530148927722,-1018.5062152106037,624.5532003178315,True
750,99,hapibd,mixed,-334.7163457453892,-1597.4238488167628,1262.7075030713736,True
750,99,true,ibd,-407.41802462167874,-1214.9124486249293,807.4944240032505,True
750,99,true,mixed,-344.47823854663244,-1787.0599997743832,1442.5817612277508,True
1000,0,hapibd,ibd,-444.20417039470647,-1346.2409566012927,902.0367862065863,True
1000,0,hapibd,mixed,-380.52884256416337,-2158.7651831118883,1778.236340547725,True
1000,0,true,ibd,-441.2999728658596,-1557.8531626828337,1116.553189816974,True
1000,0,true,mixed,-376.64649985124714,-2371.387491027295,1994.7409911760476,True
1000,1,hapibd,ibd,-431.9141393908708,-1336.4073254297557,904.4931860388849,True
1000,1,hapibd,mixed,-377.10283375914486,-2123.8860914508336,1746.7832576916887,True
1000,1,true,ibd,-429.8198519453004,-1504.0396958557642,1074.2198439104639,True
1000,1,true,mixed,-368.1299854340256,-2231.4335424762376,1863.3035570422119,True
1000,2,hapibd,ibd,-418.5102089948448,-1294.0351275980515,875.5249186032067,True
1000,2,hapibd,mixed,-358.6016520589057,-2085.448245112629,1726.8465930537234,True
1000,2,true,ibd,-431.60689194400857,-1554.0808293687642,1122.4739374247556,True
1000,2,true,mixed,-368.2078155457477,-2314.936084592483,1946.7282690467352,True
1000,3,hapibd,ibd,-440.90288838295265,-1266.6058990377658,825.7030106548132,True
1000,3,hapibd,mixed,-376.6031907641315,-2085.335145128028,1708.7319543638966,True
1000,3,true,ibd,-433.1969963848406,-1424.909471015289,991.7124746304485,True
1000,3,true,mixed,-367.58842875534987,-2140.3175636887922,1772.7291349334423,True
1000,4,hapibd,ibd,-440.6545597286644,-1351.4235016514765,910.768941922812,True
1000,4,hapibd,mixed,-377.8646088308718,-2126.1061327759785,1748.2415239451066,True
1000,4,true,ibd,-440.32332023525123,-1565.2394696062058,1124.9161493709546,True
1000,4,true,mixed,-377.3594323914427,-2247.2564218355396,1869.896989444097,True
1000,5,hapibd,ibd,-433.2192346776483,-1351.569501457821,918.3502667801727,True
1000,5,hapibd,mixed,-373.293995373908,-2137.9450857949387,1764.6510904210306,True
1000,5,true,ibd,-429.4430764879134,-1527.1725043644474,1097.729427876534,True
1000,5,true,mixed,-368.29511736513257,-2243.8202604622943,1875.5251430971616,True
1000,6,hapibd,ibd,-445.1823406232558,-1345.3888562717393,900.2065156484834,True
1000,6,hapibd,mixed,-386.9854448574792,-2129.067674495384,1742.0822296379047,True
1000,6,true,ibd,-451.3251045314035,-1546.4102033787035,1095.0850988473,True
1000,6,true,mixed,-391.7010034401171,-2247.33795119783,1855.636947757713,True
1000,7,hapibd,ibd,-429.41294050209353,-1313.5152598285324,884.1023193264389,True
1000,7,hapibd,mixed,-369.99512853389155,-2172.3724278021746,1802.377299268283,True
1000,7,true,ibd,-434.46883390856414,-1496.367600466618,1061.8987665580537,True
1000,7,true,mixed,-368.97251221019803,-2242.6205015361506,1873.6479893259525,True
1000,8,hapibd,ibd,-429.73727051062787,-1363.0010748972925,933.2638043866646,True
1000,8,hapibd,mixed,-366.37900271920114,-2221.846117325318,1855.4671146061169,True
1000,8,true,ibd,-444.45716756856615,-1580.0514473854103,1135.5942798168442,True
1000,8,true,mixed,-380.959399303791,-2412.3605403611646,2031.4011410573735,True
1000,9,hapibd,ibd,-447.0345709828007,-1323.5927454949758,876.5581745121751,True
1000,9,hapibd,mixed,-382.1839365308743,-2107.1335081071184,1724.9495715762441,True
1000,9,true,ibd,-446.2118890061387,-1521.9820931801592,1075.7702041740204,True
1000,9,true,mixed,-380.9468769796529,-2282.8482259882253,1901.9013490085724,True
1000,10,hapibd,ibd,-432.74320895582656,-1337.9721059533292,905.2288969975027,True
1000,10,hapibd,mixed,-370.8979664725822,-2181.469860444529,1810.5718939719468,True
1000,10,true,ibd,-432.1977941791846,-1581.7407245141087,1149.5429303349242,True
1000,10,true,mixed,-368.0893927557457,-2397.212545225913,2029.1231524701673,True
1000,11,hapibd,ibd,-443.84019321251776,-1330.1717334823575,886.3315402698397,True
1000,11,hapibd,mixed,-377.5446644200111,-2118.160086879162,1740.615422459151,True
1000,11,true,ibd,-449.0766709144274,-1613.1371192830163,1164.0604483685888,True
1000,11,true,mixed,-380.9452837200979,-2382.439248003247,2001.4939642831491,True
1000,12,hapibd,ibd,-427.0614253528543,-1294.0450786462372,866.983653293383,True
1000,12,hapibd,mixed,-366.17844551857957,-2050.317620975578,1684.1391754569984,True
1000,12,true,ibd,-431.16330476853716,-1529.3657500167851,1098.2024452482478,True
1000,12,true,mixed,-366.7894851987551,-2198.298653451397,1831.509168252642,True
1000,13,hapibd,ibd,-411.62244903338046,-1239.1894572641436,827.5670082307631,True
1000,13,hapibd,mixed,-345.34202524342913,-1966.2436757013143,1620.9016504578851,True
1000,13,true,ibd,-411.82462739274763,-1430.0180057449825,1018.1933783522348,True
1000,13,true,mixed,-352.02416978365557,-2101.422952107205,1749.3987823235498,True
1000,14,hapibd,ibd,-441.96969838217717,-1337.8291727266906,895.8594743445134,True
1000,14,hapibd,mixed,-375.842616127568,-2118.476713757714,1742.6340976301462,True
1000,14,true,ibd,-444.4251631838011,-1475.5227263896325,1031.0975632058314,True
1000,14,true,mixed,-379.91164021851375,-2205.2601420449196,1825.348501826406,True
1000,15,hapibd,ibd,-413.1360942265569,-1274.6707206747285,861.5346264481716,True
1000,15,hapibd,mixed,-355.81870488141396,-2037.2247909862367,1681.4060861048229,True
1000,15,true,ibd,-424.62803988772083,-1476.3858013802303,1051.7577614925094,True
1000,15,true,mixed,-363.3169202465237,-2181.8872693802755,1818.5703491337517,True
1000,16,hapibd,ibd,-437.1658585571864,-1381.6718079771715,944.5059494199851,True
1000,16,hapibd,mixed,-372.3223102131393,-2242.9741167802026,1870.6518065670634,True
1000,16,true,ibd,-426.5870006371922,-1566.1812228410752,1139.594222203883,True
1000,16,true,mixed,-362.41287127399397,-2347.1980647578903,1984.7851934838964,True
1000,17,hapibd,ibd,-425.2238933946766,-1343.010493288443,917.7865998937664,True
1000,17,hapibd,mixed,-358.80363700794106,-2181.3530482580554,1822.5494112501144,True
1000,17,true,ibd,-431.9044980039086,-1554.1660325250275,1122.2615345211188,True
1000,17,true,mixed,-364.2227819693673,-2338.8883099638783,1974.665527994511,True
1000,18,hapibd,ibd,-430.0674544173399,-1347.538342634089,917.4708882167492,True
1000,18,hapibd,mixed,-363.9619505432296,-2176.150566122644,1812.188615579414,True
1000,18,true,ibd,-428.468279579826,-1552.366116074871,1123.8978364950449,True
1000,18,true,mixed,-364.8178409102493,-2330.196085075527,1965.378244165278,True
1000,19,hapibd,ibd,-430.81564686272753,-1256.4131454154303,825.5974985527027,True
1000,19,hapibd,mixed,-366.6472674686233,-2058.319500758606,1691.6722332899826,True
1000,19,true,ibd,-434.3018817161203,-1417.494361814277,983.1924800981567,True
1000,19,true,mixed,-372.27423459936534,-2133.3780041438135,1761.1037695444481,True
1000,20,hapibd,ibd,-431.61892420618307,-1311.3088263681884,879.6899021620054,True
1000,20,hapibd,mixed,-373.9306481931493,-2049.7336845992704,1675.803036406121,True
1000,20,true,ibd,-432.46408659014634,-1494.2309568482794,1061.7668702581332,True
1000,20,true,mixed,-368.8299957694423,-2222.6831623144103,1853.853166544968,True
1000,21,hapibd,ibd,-427.3926366839831,-1340.1865663292738,912.7939296452907,True
1000,21,hapibd,mixed,-366.6642377726906,-2213.951725235855,1847.2874874631643,True
1000,21,true,ibd,-421.61312116921516,-1578.8815322055457,1157.2684110363305,True
1000,21,true,mixed,-360.9380851366805,-2347.5010019054107,1986.5629167687302,True
1000,22,hapibd,ibd,-434.0170670488819,-1350.9024140449565,916.8853469960745,True
1000,22,hapibd,mixed,-367.20334218410005,-2178.639275930464,1811.4359337463638,True
1000,22,true,ibd,-442.2558178346117,-1616.581494376789,1174.3256765421772,True
1000,22,true,mixed,-382.5889065936974,-2383.3034530240716,2000.7145464303742,True
1000,23,hapibd,ibd,-441.03390390623736,-1343.625947459791,902.5920435535536,True
1000,23,hapibd,mixed,-380.0636660412767,-2211.8383337565065,1831.7746677152297,True
1000,23,true,ibd,-443.50897753433594,-1535.9696818320203,1092.4607042976845,True
1000,23,true,mixed,-375.5405795480507,-2353.7527406212325,1978.212161073182,True
1000,24,hapibd,ibd,-446.0832649753317,-1360.955275774205,914.8720107988731,True
1000,24,hapibd,mixed,-377.2426770995379,-2231.6380597523125,1854.3953826527745,True
1000,24,true,ibd,-443.33804911982793,-1608.1633033322348,1164.825254212407,True
1000,24,true,mixed,-376.733083418601,-2411.5866740950905,2034.8535906764896,True
1000,25,hapibd,ibd,-413.88126685186234,-1275.3954088093933,861.5141419575309,True
1000,25,hapibd,mixed,-350.5694669886085,-2123.683999475264,1773.1145324866557,True
1000,25,true,ibd,-426.33636844783126,-1531.2297961458942,1104.8934276980629,True
1000,25,true,mixed,-360.8105026703779,-2349.926767604799,1989.116264934421,True
1000,26,hapibd,ibd,-431.86207605669506,-1359.87012751221,928.008051455515,True
1000,26,hapibd,mixed,-370.9668328404248,-2290.2408648706078,1919.274032030183,True
1000,26,true,ibd,-441.01742927253326,-1572.0550260145008,1131.0375967419675,True
1000,26,true,mixed,-372.72323891218423,-2380.1120794604662,2007.3888405482821,True
1000,27,hapibd,ibd,-436.80161951473195,-1322.6570548280736,885.8554353133416,True
1000,27,hapibd,mixed,-372.97788927196,-2074.9368568033306,1701.9589675313705,True
1000,27,true,ibd,-436.2033247555996,-1502.0398074891668,1065.8364827335672,True
1000,27,true,mixed,-367.83588880137364,-2191.1404888785155,1823.304600077142,True
1000,28,hapibd,ibd,-436.8745316792149,-1365.1805347114387,928.3060030322238,True
1000,28,hapibd,mixed,-373.35189664629974,-2194.079971706993,1820.7280750606933,True
1000,28,true,ibd,-443.1018155772864,-1540.8576094460566,1097.75579386877,True
1000,28,true,mixed,-378.4882268130025,-2281.025996633024,1902.5377698200216,True
1000,29,hapibd,ibd,-421.30240737013963,-1275.9524570483995,854.6500496782598,True
1000,29,hapibd,mixed,-357.2120770411271,-2121.7368775250015,1764.5248004838745,True
1000,29,true,ibd,-424.169855582947,-1505.0927958686925,1080.9229402857454,True
1000,29,true,mixed,-355.3289746176199,-2273.5939132318917,1918.2649386142718,True
1000,30,hapibd,ibd,-439.7632812725245,-1304.5564476872414,864.7931664147169,True
1000,30,hapibd,mixed,-375.0177865653486,-2049.7122715810806,1674.694485015732,True
1000,30,true,ibd,-438.6059969982562,-1477.559567435144,1038.9535704368877,True
1000,30,true,mixed,-372.4226835049162,-2212.103095383455,1839.680411878539,True
1000,31,hapibd,ibd,-428.1088667735397,-1361.330819769508,933.2219529959683,True
1000,31,hapibd,mixed,-366.420793782209,-2221.410401097554,1854.989607315345,True
1000,31,true,ibd,-431.195086340641,-1557.2922651028193,1126.0971787621784,True
1000,31,true,mixed,-363.1244529220382,-2314.941740254418,1951.81728733238,True
1000,32,hapibd,ibd,-430.71629736336183,-1332.7890811358534,902.0727837724916,True
1000,32,hapibd,mixed,-366.3160591817271,-2162.4409579509365,1796.1248987692095,True
1000,32,true,ibd,-444.45297130327367,-1586.396025280599,1141.9430539773252,True
1000,32,true,mixed,-378.7610899379321,-2348.8532696537095,1970.0921797157773,True
1000,33,hapibd,ibd,-457.3440769460617,-1353.699379575749,896.3553026296872,True
1000,33,hapibd,mixed,-398.8830893128661,-2127.153246940086,1728.2701576272198,True
1000,33,true,ibd,-449.6165574009322,-1547.5048742589727,1097.8883168580405,True
1000,33,true,mixed,-383.91997134782304,-2247.6309960430976,1863.7110246952745,True
1000,34,hapibd,ibd,-427.3083942735874,-1377.0775232682506,949.7691289946632,True
1000,34,hapibd,mixed,-364.09031643943797,-2212.587550340234,1848.497233900796,True
1000,34,true,ibd,-426.25282979482864,-1587.6783279050344,1161.4254981102058,True
1000,34,true,mixed,-363.2630391313286,-2380.4092127831996,2017.1461736518709,True
1000,35,hapibd,ibd,-441.3937217961314,-1305.2889395423322,863.8952177462008,True
1000,35,hapibd,mixed,-374.35091744052187,-2111.9932107589498,1737.6422933184278,True
1000,35,true,ibd,-438.79305043690977,-1521.4225587805342,1082.6295083436244,True
1000,35,true,mixed,-377.2174278809329,-2241.322026143003,1864.1045982620699,True
1000,36,hapibd,ibd,-442.9240612115344,-1367.8800043355948,924.9559431240604,True
1000,36,hapibd,mixed,-374.8667894154395,-2102.5262454088,1727.6594559933606,True
1000,36,true,ibd,-439.4680101385115,-1602.8342371004337,1163.3662269619222,True
1000,36,true,mixed,-374.96778216486575,-2283.849645140199,1908.8818629753332,True
1000,37,hapibd,ibd,-456.72978124729576,-1415.1911156172123,958.4613343699166,True
1000,37,hapibd,mixed,-389.6720001331726,-2267.506977449588,1877.8349773164152,True
1000,37,true,ibd,-449.62979337533443,-1614.8567770849495,1165.226983709615,True
1000,37,true,mixed,-380.27888468221374,-2371.292838945266,1991.0139542630523,True
1000,38,hapibd,ibd,-436.7447126372837,-1279.9004380466579,843.1557254093741,True
1000,38,hapibd,mixed,-375.3220935971128,-2007.639661400028,1632.3175678029152,True
1000,38,true,ibd,-429.4883272196392,-1504.3074845697922,1074.819157350153,True
1000,38,true,mixed,-367.2789896939434,-2198.0988822611985,1830.819892567255,True
1000,39,hapibd,ibd,-414.61288255442537,-1321.6812971882632,907.0684146338378,True
1000,39,hapibd,mixed,-353.7268964810354,-2155.879960661444,1802.1530641804084,True
1000,39,true,ibd,-425.207175287593,-1577.4478238694346,1152.2406485818417,True
1000,39,true,mixed,-357.066333861069,-2381.14739414189,2024.081060280821,True
1000,40,hapibd,ibd,-437.9932454767474,-1317.5970240117551,879.6037785350077,True
1000,40,hapibd,mixed,-369.3476763445401,-2119.541425115175,1750.193748770635,True
1000,40,true,ibd,-439.7998352166312,-1541.079194536194,1101.279359319563,True
1000,40,true,mixed,-373.38449570773116,-2294.3124886907967,1920.9279929830655,True
1000,41,hapibd,ibd,-443.3860238579751,-1316.6805545767945,873.2945307188195,True
1000,41,hapibd,mixed,-375.43602110854437,-2078.4997445389095,1703.0637234303651,True
1000,41,true,ibd,-443.375017875653,-1514.6227837504734,1071.2477658748205,True
1000,41,true,mixed,-378.16842888852244,-2232.5811079451505,1854.4126790566281,True
1000,42,hapibd,ibd,-428.1206486306678,-1317.73638297629,889.6157343456223,True
1000,42,hapibd,mixed,-367.8621930772267,-2121.29433680191,1753.4321437246833,True
1000,42,true,ibd,-432.92401599856987,-1505.4600312782097,1072.5360152796397,True
1000,42,true,mixed,-363.37642343579336,-2216.5345239797375,1853.158100543944,True
1000,43,hapibd,ibd,-428.8077651751609,-1361.0628192625575,932.2550540873965,True
1000,43,hapibd,mixed,-371.2696513443665,-2225.2375496746013,1853.9678983302347,True
1000,43,true,ibd,-428.7131384751907,-1559.9109342652653,1131.1977957900745,True
1000,43,true,mixed,-366.51808807868946,-2294.7812057803617,1928.2631177016722,True
1000,44,hapibd,ibd,-446.14839694537653,-1311.3896639636478,865.2412670182712,True
1000,44,hapibd,mixed,-385.5449063452925,-2043.1704143985141,1657.6255080532217,True
1000,44,true,ibd,-445.6815117469825,-1516.5412397224814,1070.8597279754988,True
1000,44,true,mixed,-378.4107363557987,-2249.717463118929,1871.3067267631304,True
1000,45,hapibd,ibd,-422.28520178562184,-1344.3052504211505,922.0200486355286,True
1000,45,hapibd,mixed,-359.9455367653481,-2169.6809401866335,1809.7354034212854,True
1000,45,true,ibd,-433.2919449221379,-1554.915516820543,1121.623571898405,True
1000,45,true,mixed,-368.9179114770667,-2374.586016257781,2005.6681047807142,True
1000,46,hapibd,ibd,-438.6015096719671,-1403.2538921533423,964.6523824813753,True
1000,46,hapibd,mixed,-374.13304381908637,-2207.721380901388,1833.5883370823015,True
1000,46,true,ibd,-443.365696956043,-1609.3496108260128,1165.98391386997,True
1000,46,true,mixed,-376.00829456128696,-2305.999726933896,1929.991432372609,True
1000,47,hapibd,ibd,-422.3550404357973,-1340.9966034310573,918.6415629952601,True
1000,47,hapibd,mixed,-358.5780398177458,-2173.4956321290038,1814.917592311258,True
1000,47,true,ibd,-418.97830606879353,-1565.2358538196052,1146.2575477508117,True
1000,47,true,mixed,-353.8421338392737,-2332.75329674558,1978.9111629063063,True
1000,48,hapibd,ibd,-433.10953304354337,-1218.2833034944651,785.1737704509218,True
1000,48,hapibd,mixed,-370.5151505489752,-1932.6914725616691,1562.1763220126938,True
1000,48,true,ibd,-432.64915977364683,-1410.1279811148393,977.4788213411924,True
1000,48,true,mixed,-370.034705633275,-2081.7277091703754,1711.6930035371004,True
1000,49,hapibd,ibd,-433.7811758499319,-1313.8630723127003,880.0818964627683,True
1000,49,hapibd,mixed,-370.58624849134753,-2059.4624000431404,1688.8761515517929,True
1000,49,true,ibd,-437.159168447942,-1521.293448621544,1084.134280173602,True
1000,49,true,mixed,-377.09183259601156,-2216.6593796232205,1839.567547027209,True
1000,50,hapibd,ibd,-446.55868458429643,-1367.993027589884,921.4343430055875,True
1000,50,hapibd,mixed,-384.0350960493022,-2163.087962245126,1779.052866195824,True
1000,50,true,ibd,-450.2823047975722,-1554.9074006648343,1104.6250958672622,True
1000,50,true,mixed,-384.2908622023161,-2281.378905026664,1897.0880428243481,True
1000,51,hapibd,ibd,-435.6844799627483,-1351.1080524300066,915.4235724672583,True
1000,51,hapibd,mixed,-371.2220967105103,-2182.2800004416135,1811.0579037311031,True
1000,51,true,ibd,-431.38449786951264,-1559.1651465635082,1127.7806486939955,True
1000,51,true,mixed,-366.3430001637339,-2378.0533677515423,2011.7103675878084,True
1000,52,hapibd,ibd,-435.5079453069454,-1405.6271064850512,970.1191611781057,True
1000,52,hapibd,mixed,-372.1486896269296,-2258.7300481787656,1886.581358551836,True
1000,52,true,ibd,-441.1170870792417,-1630.0852954785328,1188.9682083992911,True
1000,52,true,mixed,-371.92215614001805,-2413.0473793302403,2041.1252231902222,True
1000,53,hapibd,ibd,-428.2507814015863,-1391.421431948087,963.1706505465007,True
1000,53,hapibd,mixed,-363.7542407031654,-2293.9257885502357,1930.1715478470703,True
1000,53,true,ibd,-430.7979336443573,-1627.0627076103692,1196.264773966012,True
1000,53,true,mixed,-368.61271970081634,-2482.7144538466746,2114.1017341458582,True
1000,54,hapibd,ibd,-427.6561272294835,-1345.813229846241,918.1571026167576,True
1000,54,hapibd,mixed,-364.2868480640665,-2257.495109707866,1893.2082616437997,True
1000,54,true,ibd,-430.3569484558744,-1531.6749808484478,1101.3180323925735,True
1000,54,true,mixed,-366.3184417397323,-2360.1008549513613,1993.7824132116289,True
1000,55,hapibd,ibd,-433.927656774041,-1316.2096785200708,882.2820217460298,True
1000,55,hapibd,mixed,-363.78580829297067,-2077.0281184335804,1713.2423101406098,True
1000,55,true,ibd,-423.99242022840525,-1543.4249247055081,1119.4325044771028,True
1000,55,true,mixed,-361.09249396549,-2222.3083971775527,1861.2159032120626,True
1000,56,hapibd,ibd,-413.0997617473532,-1289.5651553454538,876.4653935981006,True
1000,56,hapibd,mixed,-344.4674830378823,-2064.6670245114715,1720.1995414735893,True
1000,56,true,ibd,-430.8662611206447,-1506.0914301902828,1075.225169069638,True
1000,56,true,mixed,-365.3338224362336,-2276.1860829511425,1910.8522605149087,True
1000,57,hapibd,ibd,-426.7505400837057,-1310.0305603271893,883.2800202434836,True
1000,57,hapibd,mixed,-365.91978308182365,-2048.9949847630924,1683.0752016812687,True
1000,57,true,ibd,-434.2578590597926,-1523.7049824046228,1089.4471233448303,True
1000,57,true,mixed,-372.5225916152764,-2209.13172349229,1836.6091318770136,True
1000,58,hapibd,ibd,-430.0739047895691,-1307.2126051822822,877.1387003927132,True
1000,58,hapibd,mixed,-361.18622101394226,-2092.4792206961806,1731.2929996822384,True
1000,58,true,ibd,-424.3805719788211,-1497.8841844326148,1073.5036124537937,True
1000,58,true,mixed,-362.2134292627866,-2235.96125966324,1873.7478304004535,True
1000,59,hapibd,ibd,-447.3589693619659,-1310.6831562499017,863.3241868879359,True
1000,59,hapibd,mixed,-386.46705304222587,-2029.8448131286689,1643.377760086443,True
1000,59,true,ibd,-447.3319591493399,-1407.2793415762437,959.9473824269038,True
1000,59,true,mixed,-380.1782745028996,-2062.899518738397,1682.7212442354976,True
1000,60,hapibd,ibd,-431.0462313194089,-1308.4369665670984,877.3907352476895,True
1000,60,hapibd,mixed,-367.8007160086566,-2052.1487601068757,1684.3480440982191,True
1000,60,true,ibd,-423.1186542086172,-1586.788427180102,1163.6697729714847,True
1000,60,true,mixed,-360.70700154995126,-2269.8337018451534,1909.1267002952022,True
1000,61,hapibd,ibd,-437.30690672576907,-1292.9148848638704,855.6079781381013,True
1000,61,hapibd,mixed,-371.1928592715707,-2058.312901104137,1687.1200418325661,True
1000,61,true,ibd,-444.3738755071477,-1532.0813689910935,1087.7074934839459,True
1000,61,true,mixed,-380.53684446061646,-2257.21620905333,1876.6793645927137,True
1000,62,hapibd,ibd,-411.2376308144373,-1321.1751011923106,909.9374703778733,True
1000,62,hapibd,mixed,-345.02968765897896,-2253.3298557611524,1908.3001681021735,True
1000,62,true,ibd,-419.1586827005956,-1507.0507790955107,1087.8920963949151,True
1000,62,true,mixed,-351.3765868778858,-2354.9966843779125,2003.6200975000268,True
1000,63,hapibd,ibd,-420.9198960411942,-1346.985192230604,926.0652961894099,True
1000,63,hapibd,mixed,-358.634077554369,-2198.2986953967848,1839.6646178424157,True
1000,63,true,ibd,-418.5266040449722,-1546.7797001620945,1128.2530961171224,True
1000,63,true,mixed,-353.5915615683769,-2327.2843115929736,1973.6927500245968,True
1000,64,hapibd,ibd,-439.96225878629707,-1314.0999071441634,874.1376483578663,True
1000,64,hapibd,mixed,-376.4655975119004,-2169.910909373839,1793.4453118619385,True
1000,64,true,ibd,-441.4740688915496,-1499.585914292838,1058.1118454012883,True
1000,64,true,mixed,-378.5921109389361,-2283.3295672962004,1904.7374563572644,True
1000,65,hapibd,ibd,-429.2105407681671,-1359.2416460859813,930.0311053178142,True
1000,65,hapibd,mixed,-365.5476446399927,-2197.3280969379944,1831.7804522980016,True
1000,65,true,ibd,-429.0640899606311,-1562.3982452838559,1133.3341553232249,True
1000,65,true,mixed,-366.67239118372817,-2274.3343948389793,1907.662003655251,True
1000,66,hapibd,ibd,-429.07649088939837,-1250.593385335102,821.5168944457037,True
1000,66,hapibd,mixed,-369.14126315254936,-2029.0793221457075,1659.9380589931582,True
1000,66,true,ibd,-434.7882750120557,-1437.7383523886986,1002.9500773766429,True
1000,66,true,mixed,-364.66964505530893,-2120.1051287734326,1755.4354837181236,True
1000,67,hapibd,ibd,-427.3618221071351,-1303.6749961556802,876.3131740485451,True
1000,67,hapibd,mixed,-366.73629584915903,-2097.5429381876743,1730.8066423385153,True
1000,67,true,ibd,-440.4674119171942,-1582.5378030123368,1142.0703910951424,True
1000,67,true,mixed,-368.9015557631501,-2357.6522133696644,1988.7506576065143,True
1000,68,hapibd,ibd,-446.04730760216677,-1338.604251103776,892.5569435016093,True
1000,68,hapibd,mixed,-381.0388237691028,-2109.445582935932,1728.4067591668295,True
1000,68,true,ibd,-445.9274492707264,-1524.000627021012,1078.0731777502856,True
1000,68,true,mixed,-378.15637856865186,-2222.44365882256,1844.287280253908,True
1000,69,hapibd,ibd,-417.7850912624213,-1301.6090797749055,883.8239885124842,True
1000,69,hapibd,mixed,-354.1221967988342,-2116.822337601142,1762.7001408023077,True
1000,69,true,ibd,-425.2613775160464,-1504.196672121196,1078.9352946051495,True
1000,69,true,mixed,-364.4344470430909,-2265.561717468326,1901.127270425235,True
1000,70,hapibd,ibd,-452.8880771050597,-1352.2743435215793,899.3862664165197,True
1000,70,hapibd,mixed,-392.4662868346603,-2121.1103740891426,1728.6440872544822,True
1000,70,true,ibd,-442.038296476071,-1552.9570629926716,1110.9187665166005,True
1000,70,true,mixed,-379.54131667392096,-2276.411053963823,1896.8697372899023,True
1000,71,hapibd,ibd,-432.97906197711114,-1386.6953831145402,953.7163211374291,True
1000,71,hapibd,mixed,-365.61090619310204,-2199.5166841275927,1833.9057779344907,True
1000,71,true,ibd,-430.0628858655716,-1587.6387524864067,1157.575866620835,True
1000,71,true,mixed,-368.8588611509587,-2333.0014536186814,1964.1425924677226,True
1000,72,hapibd,ibd,-415.88107662522873,-1266.0500490850154,850.1689724597867,True
1000,72,hapibd,mixed,-351.8864544109559,-2087.9066583220106,1736.0202039110548,True
1000,72,true,ibd,-425.2728410252805,-1453.6595283807033,1028.3866873554227,True
1000,72,true,mixed,-361.8885641767913,-2169.4932525661065,1807.6046883893152,True
1000,73,hapibd,ibd,-422.5487665416724,-1304.6344849263803,882.0857183847079,True
1000,73,hapibd,mixed,-355.583171830254,-2130.3203071231687,1774.7371352929147,True
1000,73,true,ibd,-426.06796590545594,-1516.0059290654635,1089.9379631600077,True
1000,73,true,mixed,-360.8859388161277,-2285.768052287989,1924.8821134718614,True
1000,74,hapibd,ibd,-439.38676202027744,-1394.277523865257,954.8907618449796,True
1000,74,hapibd,mixed,-378.0633505254092,-2187.901185412344,1809.837834886935,True
1000,74,true,ibd,-442.13479374246845,-1626.6389933837127,1184.5041996412442,True
1000,74,true,mixed,-373.04535015632894,-2352.401201688937,1979.355851532608,True
1000,75,hapibd,ibd,-462.1503492918578,-1400.7383842529948,938.588034961137,True
1000,75,hapibd,mixed,-398.4945164463207,-2203.6201720915055,1805.125655645185,True
1000,75,true,ibd,-461.1445329585798,-1581.4090232415801,1120.2644902830002,True
1000,75,true,mixed,-401.4813288326881,-2364.868414591235,1963.3870857585466,True
1000,76,hapibd,ibd,-435.9390568196955,-1277.9912031962108,842.0521463765153,True
1000,76,hapibd,mixed,-370.449555942218,-1969.9290921562717,1599.4795362140537,True
1000,76,true,ibd,-435.8359942838172,-1474.4441427525142,1038.608148468697,True
1000,76,true,mixed,-373.3424192317921,-2151.276968422078,1777.934549190286,True
1000,77,hapibd,ibd,-433.622575180988,-1279.6454358946505,846.0228607136626,True
1000,77,hapibd,mixed,-373.9973304464419,-2115.119394329028,1741.1220638825862,True
1000,77,true,ibd,-437.18587517196244,-1461.5644465116459,1024.3785713396835,True
1000,77,true,mixed,-375.3113218162722,-2205.9422290596563,1830.6309072433842,True
1000,78,hapibd,ibd,-439.9940892317899,-1289.1362465916345,849.1421573598445,True
1000,78,hapibd,mixed,-379.600654998604,-2104.504355801423,1724.903700802819,True
1000,78,true,ibd,-446.7096200328823,-1471.8659236704625,1025.15630363758,True
1000,78,true,mixed,-377.6614897517814,-2246.671887603914,1869.0103978521327,True
1000,79,hapibd,ibd,-422.12473783109755,-1274.8070214935517,852.6822836624542,True
1000,79,hapibd,mixed,-359.1292093400741,-2044.653921826303,1685.524712486229,True
1000,79,true,ibd,-424.22736164380507,-1472.4974118078608,1048.2700501640556,True
1000,79,true,mixed,-358.6356036435922,-2202.706560543742,1844.0709569001497,True
1000,80,hapibd,ibd,-439.53983438464456,-1272.973191429182,833.4333570445374,True
1000,80,hapibd,mixed,-372.92571081097583,-2131.8431155015733,1758.9174046905973,True
1000,80,true,ibd,-437.53267465349506,-1459.3981481202509,1021.8654734667558,True
1000,80,true,mixed,-372.9469862102147,-2242.683617221458,1869.7366310112434,True
1000,81,hapibd,ibd,-448.4310810881537,-1234.0336759731276,785.602594884974,True
1000,81,hapibd,mixed,-388.5165121040411,-1879.001894701976,1490.4853825979349,True
1000,81,true,ibd,-444.4594149083473,-1393.5260981962547,949.0666832879074,True
1000,81,true,mixed,-376.8147494255825,-2003.7366953606547,1626.9219459350722,True
1000,82,hapibd,ibd,-421.9075592028047,-1343.741839721831,921.8342805190263,True
1000,82,hapibd,mixed,-357.88694164629806,-2152.6846413161097,1794.7976996698117,True
1000,82,true,ibd,-424.67328152911716,-1553.9188268975927,1129.2455453684756,True
1000,82,true,mixed,-358.6214809958917,-2326.0202949609993,1967.3988139651076,True
1000,83,hapibd,ibd,-423.26166996327055,-1272.1708430683764,848.9091731051058,True
1000,83,hapibd,mixed,-366.87503994559836,-1984.7547641526062,1617.8797242070077,True
1000,83,true,ibd,-435.01644086766873,-1479.5557160984795,1044.5392752308107,True
1000,83,true,mixed,-371.2164964063897,-2165.737292706403,1794.5207963000132,True
1000,84,hapibd,ibd,-453.5142041208086,-1382.2321043691816,928.717900248373,True
1000,84,hapibd,mixed,-390.47860554991405,-2198.394605370625,1807.915999820711,True
1000,84,true,ibd,-461.75272995381886,-1597.6865663280335,1135.9338363742145,True
1000,84,true,mixed,-396.91542566428603,-2376.9862177341533,1980.0707920698674,True
1000,85,hapibd,ibd,-434.3569401780783,-1368.2046927400138,933.8477525619355,True
1000,85,hapibd,mixed,-365.90272956624096,-2250.5457827577643,1884.6430531915234,True
1000,85,true,ibd,-448.5900212240543,-1565.5404956949878,1116.9504744709336,True
1000,85,true,mixed,-378.317306729119,-2325.8487807280926,1947.5314739989735,True
1000,86,hapibd,ibd,-423.54817311324433,-1369.942970746949,946.3947976337047,True
1000,86,hapibd,mixed,-361.56798757898133,-2246.843499363951,1885.27551178497,True
1000,86,true,ibd,-417.2076473757283,-1604.8985215250475,1187.6908741493191,True
1000,86,true,mixed,-349.043861282406,-2364.2714749666834,2015.2276136842775,True
1000,87,hapibd,ibd,-431.6751871986949,-1328.8887575746662,897.2135703759714,True
1000,87,hapibd,mixed,-367.5339117983405,-2080.571214316072,1713.0373025177316,True
1000,87,true,ibd,-431.79175805282813,-1570.7464612235578,1138.9547031707298,True
1000,87,true,mixed,-366.94000695111356,-2277.825372772973,1910.8853658218595,True
1000,88,hapibd,ibd,-430.74915816809585,-1345.4252320566588,914.676073888563,True
1000,88,hapibd,mixed,-371.7800374139292,-2175.8110662522868,1804.0310288383575,True
1000,88,true,ibd,-435.02998744212067,-1572.7446003299253,1137.7146128878046,True
1000,88,true,mixed,-370.0217714030419,-2366.3613225032177,1996.3395511001759,True
1000,89,hapibd,ibd,-434.49944107477774,-1413.5028692607818,979.0034281860042,True
1000,89,hapibd,mixed,-367.1909783519646,-2291.3066917243173,1924.1157133723527,True
1000,89,true,ibd,-432.7618965166098,-1667.6522051600061,1234.8903086433963,True
1000,89,true,mixed,-362.41199083349505,-2505.189286937965,2142.7772961044698,True
1000,90,hapibd,ibd,-419.77971472824123,-1315.3726754839963,895.592960755755,True
1000,90,hapibd,mixed,-362.1168629384172,-2144.132962391391,1782.016099452974,True
1000,90,true,ibd,-423.4174154108656,-1464.9089086452109,1041.4914932343454,True
1000,90,true,mixed,-364.72907602402245,-2194.9628057058007,1830.2337296817782,True
1000,91,hapibd,ibd,-430.98572856002676,-1339.2306270496608,908.2448984896341,True
1000,91,hapibd,mixed,-366.42299530333037,-2110.844379983125,1744.4213846797943,True
1000,91,true,ibd,-434.40019169596013,-1547.790318625368,1113.3901269294079,True
1000,91,true,mixed,-369.5363808694905,-2262.2428001848616,1892.706419315371,True
1000,92,hapibd,ibd,-420.79549193963965,-1334.2763111608992,913.4808192212596,True
1000,92,hapibd,mixed,-358.6408567594831,-2122.214784436381,1763.5739276768977,True
1000,92,true,ibd,-427.12796058210034,-1547.3459294300642,1120.217968847964,True
1000,92,true,mixed,-359.76458537559853,-2237.148944215706,1877.3843588401073,True
1000,93,hapibd,ibd,-438.9140504374519,-1350.7870245756155,911.8729741381636,True
1000,93,hapibd,mixed,-374.5935196130962,-2227.045636092806,1852.4521164797097,True
1000,93,true,ibd,-437.03343948594596,-1547.268832367601,1110.235392881655,True
1000,93,true,mixed,-372.1215661162233,-2332.477914359481,1960.3563482432578,True
1000,94,hapibd,ibd,-446.7179983977253,-1284.9485684634703,838.230570065745,True
1000,94,hapibd,mixed,-388.63570197688836,-2061.0282344718044,1672.392532494916,True
1000,94,true,ibd,-444.78790729336254,-1416.9939680568873,972.2060607635248,True
1000,94,true,mixed,-379.56601135633434,-2122.4549749003736,1742.8889635440391,True
1000,95,hapibd,ibd,-427.70007685904494,-1335.2414673130172,907.5413904539723,True
1000,95,hapibd,mixed,-361.2484455554569,-2166.612455550268,1805.364009994811,True
1000,95,true,ibd,-446.81753254025824,-1497.4990998183387,1050.6815672780804,True
1000,95,true,mixed,-376.61597242284614,-2224.253863576806,1847.6378911539598,True
1000,96,hapibd,ibd,-439.473993705192,-1296.8581550948886,857.3841613896966,True
1000,96,hapibd,mixed,-383.5381317195021,-2041.9794275211468,1658.4412958016446,True
1000,96,true,ibd,-440.7888385714645,-1495.9168596476568,1055.1280210761922,True
1000,96,true,mixed,-376.7023869568011,-2198.791926937475,1822.089539980674,True
1000,97,hapibd,ibd,-447.6656421021132,-1338.6560914662373,890.9904493641241,True
1000,97,hapibd,mixed,-382.7418846099166,-2119.09173762557,1736.3498530156535,True
1000,97,true,ibd,-436.604690011918,-1535.6968976094665,1099.0922075975486,True
1000,97,true,mixed,-371.27669082510096,-2269.355002496306,1898.078311671205,True
1000,98,hapibd,ibd,-436.57511959142346,-1347.7864045038707,911.2112849124472,True
1000,98,hapibd,mixed,-371.7348247624807,-2154.565698781672,1782.8308740191912,True
1000,98,true,ibd,-439.9730748165859,-1556.74635956965,1116.773284753064,True
1000,98,true,mixed,-373.575573124611,-2315.5969121520507,1942.0213390274396,True
1000,99,hapibd,ibd,-438.0226578807691,-1297.7933077365556,859.7706498557865,True
1000,99,hapibd,mixed,-384.05651325769236,-2120.3474268374807,1736.2909135797884,True
1000,99,true,ibd,-437.47822387731054,-1469.4166501077148,1031.9384262304043,True
1000,99,true,mixed,-377.6642587155728,-2208.6736372038135,1831.0093784882406,True
