scenario,pool,replicate,source,variant,search,rank,graph,newick,best_order,reliable,logz,elbo
growth,0,0,true,poisson_shared,loop_omitted,1,15,"((a,b.1),(b.2,c))",g15_o1,False,-192.42895169598583,-206.79681045756772
growth,0,0,true,poisson_shared,loop_omitted,2,9,"((a.1,b),(a.2,c))",g09_o1,False,-324.9879117605338,-394.0567140569781
growth,0,0,true,poisson_shared,loop_omitted,3,17,"(((a,c.1),b),c.2)",g17_o1,False,-403.1119321870844,-423.3375129008635
growth,0,0,true,poisson_shared,loop_omitted,4,1,"((a,b),c)",g01_o1,False,-445.2677255728952,-451.1838150668231
growth,0,0,true,poisson_shared,loop_omitted,5,16,"(((a,b),c.1),c.2)",g16_o2,False,-454.5155216557306,-474.3747695546244
growth,0,0,true,poisson_shared,loop_omitted,6,19,"(((b,c.1),a),c.2)",g19_o1,False,-459.38333142660576,-632.3860967062758
growth,0,0,true,poisson_shared,loop_omitted,7,10,"(((a,b.1),b.2),c)",g10_o1,False,-230.64340690242136,-693.9985887498855
growth,0,0,true,poisson_shared,loop_omitted,8,11,"(((a,b.1),c),b.2)",g11_o1,False,-233.2154445611977,-702.8846235632684
growth,0,0,true,poisson_shared,loop_omitted,9,5,"(((a.1,b),c),a.2)",g05_o1,False,-401.26079417858443,-797.5211825626196
growth,0,0,true,poisson_shared,loop_omitted,10,4,"(((a.1,b),a.2),c)",g04_o1,False,-401.3505677600832,-819.2368517159484
growth,0,0,true,poisson_shared,loop_omitted,11,14,"(((b.1,c),b.2),a)",g14_o1,False,-760.7644821171466,-854.3572021721009
growth,0,0,true,poisson_shared,loop_omitted,12,18,"(((a,c.1),c.2),b)",g18_o1,False,-752.6168388968505,-864.7338650260186
growth,0,0,true,poisson_shared,loop_omitted,13,13,"(((b.1,c),a),b.2)",g13_o1,False,-772.4057165554271,-867.1487856046399
growth,0,0,true,poisson_shared,loop_omitted,14,21,"((a,c.1),(b,c.2))",g21_o2,False,-808.6624442821931,-882.8476013479037
growth,0,0,true,poisson_shared,loop_omitted,15,6,"(((a.1,c),a.2),b)",g06_o1,False,-869.2850413170715,-889.9745420787422
growth,0,0,true,poisson_shared,loop_omitted,16,7,"(((a.1,c),b),a.2)",g07_o1,False,-854.0193590499698,-910.2383863517085
growth,0,0,true,poisson_shared,loop_omitted,17,20,"(((b,c.1),c.2),a)",g20_o1,False,-893.3712620105094,-941.8872342692384
growth,0,0,true,poisson_shared,loop_omitted,18,8,"(((b,c),a.1),a.2)",g08_o1,False,-1184.726194275938,-1208.382166686706
growth,0,0,true,poisson_shared,loop_omitted,19,12,"(((a,c),b.1),b.2)",g12_o1,False,-1157.1744539248045,-1214.316052837054
growth,0,0,true,poisson_shared,loop_omitted,20,2,"((a,c),b)",g02_o1,False,-1230.7282439336593,-1235.333677089238
growth,0,0,true,poisson_shared,loop_omitted,21,3,"((b,c),a)",g03_o1,False,-1183.119031617149,-1297.0707361635366
growth,0,0,true,poisson_shared,including_loop,1,15,"((a,b.1),(b.2,c))",g15_o1,False,-192.42895169598583,-206.79681045756772
growth,0,0,true,poisson_shared,including_loop,2,22,"b-loop + ((a,b.1),(b.2,c))",g22_o1,False,-209.29363210758603,-225.7000087345233
growth,0,0,true,poisson_shared,including_loop,3,9,"((a.1,b),(a.2,c))",g09_o1,False,-324.9879117605338,-394.0567140569781
growth,0,0,true,poisson_shared,including_loop,4,17,"(((a,c.1),b),c.2)",g17_o1,False,-403.1119321870844,-423.3375129008635
growth,0,0,true,poisson_shared,including_loop,5,1,"((a,b),c)",g01_o1,False,-445.2677255728952,-451.1838150668231
growth,0,0,true,poisson_shared,including_loop,6,16,"(((a,b),c.1),c.2)",g16_o2,False,-454.5155216557306,-474.3747695546244
growth,0,0,true,poisson_shared,including_loop,7,19,"(((b,c.1),a),c.2)",g19_o1,False,-459.38333142660576,-632.3860967062758
growth,0,0,true,poisson_shared,including_loop,8,10,"(((a,b.1),b.2),c)",g10_o1,False,-230.64340690242136,-693.9985887498855
growth,0,0,true,poisson_shared,including_loop,9,11,"(((a,b.1),c),b.2)",g11_o1,False,-233.2154445611977,-702.8846235632684
growth,0,0,true,poisson_shared,including_loop,10,5,"(((a.1,b),c),a.2)",g05_o1,False,-401.26079417858443,-797.5211825626196
growth,0,0,true,poisson_shared,including_loop,11,4,"(((a.1,b),a.2),c)",g04_o1,False,-401.3505677600832,-819.2368517159484
growth,0,0,true,poisson_shared,including_loop,12,14,"(((b.1,c),b.2),a)",g14_o1,False,-760.7644821171466,-854.3572021721009
growth,0,0,true,poisson_shared,including_loop,13,18,"(((a,c.1),c.2),b)",g18_o1,False,-752.6168388968505,-864.7338650260186
growth,0,0,true,poisson_shared,including_loop,14,13,"(((b.1,c),a),b.2)",g13_o1,False,-772.4057165554271,-867.1487856046399
growth,0,0,true,poisson_shared,including_loop,15,21,"((a,c.1),(b,c.2))",g21_o2,False,-808.6624442821931,-882.8476013479037
growth,0,0,true,poisson_shared,including_loop,16,6,"(((a.1,c),a.2),b)",g06_o1,False,-869.2850413170715,-889.9745420787422
growth,0,0,true,poisson_shared,including_loop,17,7,"(((a.1,c),b),a.2)",g07_o1,False,-854.0193590499698,-910.2383863517085
growth,0,0,true,poisson_shared,including_loop,18,20,"(((b,c.1),c.2),a)",g20_o1,False,-893.3712620105094,-941.8872342692384
growth,0,0,true,poisson_shared,including_loop,19,8,"(((b,c),a.1),a.2)",g08_o1,False,-1184.726194275938,-1208.382166686706
growth,0,0,true,poisson_shared,including_loop,20,12,"(((a,c),b.1),b.2)",g12_o1,False,-1157.1744539248045,-1214.316052837054
growth,0,0,true,poisson_shared,including_loop,21,2,"((a,c),b)",g02_o1,False,-1230.7282439336593,-1235.333677089238
growth,0,0,true,poisson_shared,including_loop,22,3,"((b,c),a)",g03_o1,False,-1183.119031617149,-1297.0707361635366
growth,0,0,true,poisson_separate,loop_omitted,1,15,"((a,b.1),(b.2,c))",g15_o2,False,-204.2934880216158,-251.93236321162973
growth,0,0,true,poisson_separate,loop_omitted,2,11,"(((a,b.1),c),b.2)",g11_o1,False,-235.61259715406266,-269.2104566231887
growth,0,0,true,poisson_separate,loop_omitted,3,10,"(((a,b.1),b.2),c)",g10_o1,False,-233.39135556951308,-295.0765167908506
growth,0,0,true,poisson_separate,loop_omitted,4,1,"((a,b),c)",g01_o1,False,-254.23764640764597,-297.8577721883508
growth,0,0,true,poisson_separate,loop_omitted,5,19,"(((b,c.1),a),c.2)",g19_o1,False,-277.3791767906015,-303.87039324166057
growth,0,0,true,poisson_separate,loop_omitted,6,17,"(((a,c.1),b),c.2)",g17_o1,False,-267.0015477047822,-312.35329900060873
growth,0,0,true,poisson_separate,loop_omitted,7,9,"((a.1,b),(a.2,c))",g09_o2,False,-269.3295622027118,-330.1656669553295
growth,0,0,true,poisson_separate,loop_omitted,8,16,"(((a,b),c.1),c.2)",g16_o1,False,-267.1302700579745,-382.15524975606974
growth,0,0,true,poisson_separate,loop_omitted,9,4,"(((a.1,b),a.2),c)",g04_o1,False,-276.6955875832372,-383.84272390169474
growth,0,0,true,poisson_separate,loop_omitted,10,5,"(((a.1,b),c),a.2)",g05_o1,False,-269.59483454051616,-406.25267073778855
growth,0,0,true,poisson_separate,loop_omitted,11,3,"((b,c),a)",g03_o1,False,-573.850385816398,-601.0772044560464
growth,0,0,true,poisson_separate,loop_omitted,12,2,"((a,c),b)",g02_o1,False,-578.4495075644262,-604.6663440395378
growth,0,0,true,poisson_separate,loop_omitted,13,7,"(((a.1,c),b),a.2)",g07_o1,False,-588.298289170538,-627.0629006178201
growth,0,0,true,poisson_separate,loop_omitted,14,20,"(((b,c.1),c.2),a)",g20_o1,False,-594.0288303713891,-633.7422050475411
growth,0,0,true,poisson_separate,loop_omitted,15,14,"(((b.1,c),b.2),a)",g14_o1,False,-600.0117588718241,-643.9792816122834
growth,0,0,true,poisson_separate,loop_omitted,16,13,"(((b.1,c),a),b.2)",g13_o1,False,-596.7845271059911,-647.7637306814805
growth,0,0,true,poisson_separate,loop_omitted,17,18,"(((a,c.1),c.2),b)",g18_o1,False,-595.183984798686,-663.004178680608
growth,0,0,true,poisson_separate,loop_omitted,18,21,"((a,c.1),(b,c.2))",g21_o2,False,-594.7119807610541,-669.9895942970626
growth,0,0,true,poisson_separate,loop_omitted,19,12,"(((a,c),b.1),b.2)",g12_o2,False,-599.1492782227809,-702.3384302673121
growth,0,0,true,poisson_separate,loop_omitted,20,8,"(((b,c),a.1),a.2)",g08_o1,False,-594.753091860916,-836.5997456093073
growth,0,0,true,poisson_separate,loop_omitted,21,6,"(((a.1,c),a.2),b)",g06_o1,False,-594.8716002122738,-958.9498777583204
growth,0,0,true,poisson_separate,including_loop,1,15,"((a,b.1),(b.2,c))",g15_o2,False,-204.2934880216158,-251.93236321162973
growth,0,0,true,poisson_separate,including_loop,2,22,"b-loop + ((a,b.1),(b.2,c))",g22_o2,False,-229.3462932346911,-265.5270959375388
growth,0,0,true,poisson_separate,including_loop,3,11,"(((a,b.1),c),b.2)",g11_o1,False,-235.61259715406266,-269.2104566231887
growth,0,0,true,poisson_separate,including_loop,4,10,"(((a,b.1),b.2),c)",g10_o1,False,-233.39135556951308,-295.0765167908506
growth,0,0,true,poisson_separate,including_loop,5,1,"((a,b),c)",g01_o1,False,-254.23764640764597,-297.8577721883508
growth,0,0,true,poisson_separate,including_loop,6,19,"(((b,c.1),a),c.2)",g19_o1,False,-277.3791767906015,-303.87039324166057
growth,0,0,true,poisson_separate,including_loop,7,17,"(((a,c.1),b),c.2)",g17_o1,False,-267.0015477047822,-312.35329900060873
growth,0,0,true,poisson_separate,including_loop,8,9,"((a.1,b),(a.2,c))",g09_o2,False,-269.3295622027118,-330.1656669553295
growth,0,0,true,poisson_separate,including_loop,9,16,"(((a,b),c.1),c.2)",g16_o1,False,-267.1302700579745,-382.15524975606974
growth,0,0,true,poisson_separate,including_loop,10,4,"(((a.1,b),a.2),c)",g04_o1,False,-276.6955875832372,-383.84272390169474
growth,0,0,true,poisson_separate,including_loop,11,5,"(((a.1,b),c),a.2)",g05_o1,False,-269.59483454051616,-406.25267073778855
growth,0,0,true,poisson_separate,including_loop,12,3,"((b,c),a)",g03_o1,False,-573.850385816398,-601.0772044560464
growth,0,0,true,poisson_separate,including_loop,13,2,"((a,c),b)",g02_o1,False,-578.4495075644262,-604.6663440395378
growth,0,0,true,poisson_separate,including_loop,14,7,"(((a.1,c),b),a.2)",g07_o1,False,-588.298289170538,-627.0629006178201
growth,0,0,true,poisson_separate,including_loop,15,20,"(((b,c.1),c.2),a)",g20_o1,False,-594.0288303713891,-633.7422050475411
growth,0,0,true,poisson_separate,including_loop,16,14,"(((b.1,c),b.2),a)",g14_o1,False,-600.0117588718241,-643.9792816122834
growth,0,0,true,poisson_separate,including_loop,17,13,"(((b.1,c),a),b.2)",g13_o1,False,-596.7845271059911,-647.7637306814805
growth,0,0,true,poisson_separate,including_loop,18,18,"(((a,c.1),c.2),b)",g18_o1,False,-595.183984798686,-663.004178680608
growth,0,0,true,poisson_separate,including_loop,19,21,"((a,c.1),(b,c.2))",g21_o2,False,-594.7119807610541,-669.9895942970626
growth,0,0,true,poisson_separate,including_loop,20,12,"(((a,c),b.1),b.2)",g12_o2,False,-599.1492782227809,-702.3384302673121
growth,0,0,true,poisson_separate,including_loop,21,8,"(((b,c),a.1),a.2)",g08_o1,False,-594.753091860916,-836.5997456093073
growth,0,0,true,poisson_separate,including_loop,22,6,"(((a.1,c),a.2),b)",g06_o1,False,-594.8716002122738,-958.9498777583204
growth,0,0,hapibd,poisson_shared,loop_omitted,1,15,"((a,b.1),(b.2,c))",g15_o1,False,-194.83885794728195,-207.12719224832313
growth,0,0,hapibd,poisson_shared,loop_omitted,2,9,"((a.1,b),(a.2,c))",g09_o1,False,-328.916720076485,-403.34780319205953
growth,0,0,hapibd,poisson_shared,loop_omitted,3,17,"(((a,c.1),b),c.2)",g17_o1,False,-401.2275890838004,-419.2714236254891
growth,0,0,hapibd,poisson_shared,loop_omitted,4,19,"(((b,c.1),a),c.2)",g19_o1,False,-452.38758086491765,-465.9476544567735
growth,0,0,hapibd,poisson_shared,loop_omitted,5,16,"(((a,b),c.1),c.2)",g16_o2,False,-446.80475582287,-477.4500528017475
growth,0,0,hapibd,poisson_shared,loop_omitted,6,10,"(((a,b.1),b.2),c)",g10_o1,False,-224.4831315005478,-688.4037700039424
growth,0,0,hapibd,poisson_shared,loop_omitted,7,11,"(((a,b.1),c),b.2)",g11_o1,False,-227.33510575190445,-694.2847218807386
growth,0,0,hapibd,poisson_shared,loop_omitted,8,1,"((a,b),c)",g01_o1,False,-440.8322027676337,-791.1425320489637
growth,0,0,hapibd,poisson_shared,loop_omitted,9,4,"(((a.1,b),a.2),c)",g04_o1,False,-397.49734089527163,-796.7800274638809
growth,0,0,hapibd,poisson_shared,loop_omitted,10,5,"(((a.1,b),c),a.2)",g05_o1,False,-407.7413950624444,-845.6427115815108
growth,0,0,hapibd,poisson_shared,loop_omitted,11,13,"(((b.1,c),a),b.2)",g13_o1,False,-756.7700915799885,-845.7703158924731
growth,0,0,hapibd,poisson_shared,loop_omitted,12,14,"(((b.1,c),b.2),a)",g14_o1,False,-763.2884157706766,-848.5367772032338
growth,0,0,hapibd,poisson_shared,loop_omitted,13,18,"(((a,c.1),c.2),b)",g18_o1,False,-793.6790756444143,-863.583769603598
growth,0,0,hapibd,poisson_shared,loop_omitted,14,6,"(((a.1,c),a.2),b)",g06_o1,False,-861.2025083444586,-886.0250968163831
growth,0,0,hapibd,poisson_shared,loop_omitted,15,21,"((a,c.1),(b,c.2))",g21_o2,False,-853.0043161159314,-932.8984837740571
growth,0,0,hapibd,poisson_shared,loop_omitted,16,20,"(((b,c.1),c.2),a)",g20_o1,False,-878.8419477702257,-937.5256223289085
growth,0,0,hapibd,poisson_shared,loop_omitted,17,7,"(((a.1,c),b),a.2)",g07_o1,False,-848.871515915669,-993.2164130513871
growth,0,0,hapibd,poisson_shared,loop_omitted,18,3,"((b,c),a)",g03_o1,False,-1176.7213608610225,-1183.9218454771246
growth,0,0,hapibd,poisson_shared,loop_omitted,19,12,"(((a,c),b.1),b.2)",g12_o1,False,-1156.3628155482586,-1227.6595729545272
growth,0,0,hapibd,poisson_shared,loop_omitted,20,8,"(((b,c),a.1),a.2)",g08_o1,False,-1175.761719640657,-1246.0554827239157
growth,0,0,hapibd,poisson_shared,loop_omitted,21,2,"((a,c),b)",g02_o1,False,-1226.7002440646115,-1305.940143276685
growth,0,0,hapibd,poisson_shared,including_loop,1,15,"((a,b.1),(b.2,c))",g15_o1,False,-194.83885794728195,-207.12719224832313
growth,0,0,hapibd,poisson_shared,including_loop,2,22,"b-loop + ((a,b.1),(b.2,c))",g22_o1,False,-200.32658500911805,-221.06394839635104
growth,0,0,hapibd,poisson_shared,including_loop,3,9,"((a.1,b),(a.2,c))",g09_o1,False,-328.916720076485,-403.34780319205953
growth,0,0,hapibd,poisson_shared,including_loop,4,17,"(((a,c.1),b),c.2)",g17_o1,False,-401.2275890838004,-419.2714236254891
growth,0,0,hapibd,poisson_shared,including_loop,5,19,"(((b,c.1),a),c.2)",g19_o1,False,-452.38758086491765,-465.9476544567735
growth,0,0,hapibd,poisson_shared,including_loop,6,16,"(((a,b),c.1),c.2)",g16_o2,False,-446.80475582287,-477.4500528017475
growth,0,0,hapibd,poisson_shared,including_loop,7,10,"(((a,b.1),b.2),c)",g10_o1,False,-224.4831315005478,-688.4037700039424
growth,0,0,hapibd,poisson_shared,including_loop,8,11,"(((a,b.1),c),b.2)",g11_o1,False,-227.33510575190445,-694.2847218807386
growth,0,0,hapibd,poisson_shared,including_loop,9,1,"((a,b),c)",g01_o1,False,-440.8322027676337,-791.1425320489637
growth,0,0,hapibd,poisson_shared,including_loop,10,4,"(((a.1,b),a.2),c)",g04_o1,False,-397.49734089527163,-796.7800274638809
growth,0,0,hapibd,poisson_shared,including_loop,11,5,"(((a.1,b),c),a.2)",g05_o1,False,-407.7413950624444,-845.6427115815108
growth,0,0,hapibd,poisson_shared,including_loop,12,13,"(((b.1,c),a),b.2)",g13_o1,False,-756.7700915799885,-845.7703158924731
growth,0,0,hapibd,poisson_shared,including_loop,13,14,"(((b.1,c),b.2),a)",g14_o1,False,-763.2884157706766,-848.5367772032338
growth,0,0,hapibd,poisson_shared,including_loop,14,18,"(((a,c.1),c.2),b)",g18_o1,False,-793.6790756444143,-863.583769603598
growth,0,0,hapibd,poisson_shared,including_loop,15,6,"(((a.1,c),a.2),b)",g06_o1,False,-861.2025083444586,-886.0250968163831
growth,0,0,hapibd,poisson_shared,including_loop,16,21,"((a,c.1),(b,c.2))",g21_o2,False,-853.0043161159314,-932.8984837740571
growth,0,0,hapibd,poisson_shared,including_loop,17,20,"(((b,c.1),c.2),a)",g20_o1,False,-878.8419477702257,-937.5256223289085
growth,0,0,hapibd,poisson_shared,including_loop,18,7,"(((a.1,c),b),a.2)",g07_o1,False,-848.871515915669,-993.2164130513871
growth,0,0,hapibd,poisson_shared,including_loop,19,3,"((b,c),a)",g03_o1,False,-1176.7213608610225,-1183.9218454771246
growth,0,0,hapibd,poisson_shared,including_loop,20,12,"(((a,c),b.1),b.2)",g12_o1,False,-1156.3628155482586,-1227.6595729545272
growth,0,0,hapibd,poisson_shared,including_loop,21,8,"(((b,c),a.1),a.2)",g08_o1,False,-1175.761719640657,-1246.0554827239157
growth,0,0,hapibd,poisson_shared,including_loop,22,2,"((a,c),b)",g02_o1,False,-1226.7002440646115,-1305.940143276685
growth,0,0,hapibd,poisson_separate,loop_omitted,1,15,"((a,b.1),(b.2,c))",g15_o1,False,-213.41118163422578,-231.10649540150584
growth,0,0,hapibd,poisson_separate,loop_omitted,2,11,"(((a,b.1),c),b.2)",g11_o1,False,-233.10362904688526,-249.55165274411203
growth,0,0,hapibd,poisson_separate,loop_omitted,3,10,"(((a,b.1),b.2),c)",g10_o1,False,-224.60209654741172,-255.29345436982285
growth,0,0,hapibd,poisson_separate,loop_omitted,4,19,"(((b,c.1),a),c.2)",g19_o1,False,-274.0844115100031,-306.7701904741555
growth,0,0,hapibd,poisson_separate,loop_omitted,5,17,"(((a,c.1),b),c.2)",g17_o1,False,-272.47281672630766,-312.58493243138463
growth,0,0,hapibd,poisson_separate,loop_omitted,6,9,"((a.1,b),(a.2,c))",g09_o2,False,-269.60000175807755,-320.4280197169968
growth,0,0,hapibd,poisson_separate,loop_omitted,7,1,"((a,b),c)",g01_o1,False,-252.255661175223,-371.6776934906816
growth,0,0,hapibd,poisson_separate,loop_omitted,8,4,"(((a.1,b),a.2),c)",g04_o1,False,-269.8795989691662,-377.3214169790213
growth,0,0,hapibd,poisson_separate,loop_omitted,9,16,"(((a,b),c.1),c.2)",g16_o1,False,-266.16047561820756,-385.6140121957767
growth,0,0,hapibd,poisson_separate,loop_omitted,10,5,"(((a.1,b),c),a.2)",g05_o1,False,-266.8623591181371,-431.65416166273565
growth,0,0,hapibd,poisson_separate,loop_omitted,11,3,"((b,c),a)",g03_o1,False,-568.000887080674,-586.2554805783146
growth,0,0,hapibd,poisson_separate,loop_omitted,12,7,"(((a.1,c),b),a.2)",g07_o1,False,-586.9531434256951,-619.2181252136005
growth,0,0,hapibd,poisson_separate,loop_omitted,13,14,"(((b.1,c),b.2),a)",g14_o1,False,-588.0997112636867,-625.2644138686801
growth,0,0,hapibd,poisson_separate,loop_omitted,14,2,"((a,c),b)",g02_o1,False,-571.8876987898517,-627.9796461632066
growth,0,0,hapibd,poisson_separate,loop_omitted,15,13,"(((b.1,c),a),b.2)",g13_o1,False,-575.3006543658953,-635.6327856333834
growth,0,0,hapibd,poisson_separate,loop_omitted,16,21,"((a,c.1),(b,c.2))",g21_o2,False,-583.9485699905629,-636.28850276259
growth,0,0,hapibd,poisson_separate,loop_omitted,17,18,"(((a,c.1),c.2),b)",g18_o1,False,-588.1791638925846,-637.9587224048406
growth,0,0,hapibd,poisson_separate,loop_omitted,18,20,"(((b,c.1),c.2),a)",g20_o1,False,-584.3480041893546,-836.5454198561729
growth,0,0,hapibd,poisson_separate,loop_omitted,19,8,"(((b,c),a.1),a.2)",g08_o1,False,-585.2315929014069,-845.1810290325748
growth,0,0,hapibd,poisson_separate,loop_omitted,20,12,"(((a,c),b.1),b.2)",g12_o1,False,-589.9059244004358,-864.0949221812402
growth,0,0,hapibd,poisson_separate,loop_omitted,21,6,"(((a.1,c),a.2),b)",g06_o1,False,-587.6713406668798,-955.4846780836112
growth,0,0,hapibd,poisson_separate,including_loop,1,15,"((a,b.1),(b.2,c))",g15_o1,False,-213.41118163422578,-231.10649540150584
growth,0,0,hapibd,poisson_separate,including_loop,2,11,"(((a,b.1),c),b.2)",g11_o1,False,-233.10362904688526,-249.55165274411203
growth,0,0,hapibd,poisson_separate,including_loop,3,10,"(((a,b.1),b.2),c)",g10_o1,False,-224.60209654741172,-255.29345436982285
growth,0,0,hapibd,poisson_separate,including_loop,4,22,"b-loop + ((a,b.1),(b.2,c))",g22_o2,False,-231.05367465845939,-269.45309176801527
growth,0,0,hapibd,poisson_separate,including_loop,5,19,"(((b,c.1),a),c.2)",g19_o1,False,-274.0844115100031,-306.7701904741555
growth,0,0,hapibd,poisson_separate,including_loop,6,17,"(((a,c.1),b),c.2)",g17_o1,False,-272.47281672630766,-312.58493243138463
growth,0,0,hapibd,poisson_separate,including_loop,7,9,"((a.1,b),(a.2,c))",g09_o2,False,-269.60000175807755,-320.4280197169968
growth,0,0,hapibd,poisson_separate,including_loop,8,1,"((a,b),c)",g01_o1,False,-252.255661175223,-371.6776934906816
growth,0,0,hapibd,poisson_separate,including_loop,9,4,"(((a.1,b),a.2),c)",g04_o1,False,-269.8795989691662,-377.3214169790213
growth,0,0,hapibd,poisson_separate,including_loop,10,16,"(((a,b),c.1),c.2)",g16_o1,False,-266.16047561820756,-385.6140121957767
growth,0,0,hapibd,poisson_separate,including_loop,11,5,"(((a.1,b),c),a.2)",g05_o1,False,-266.8623591181371,-431.65416166273565
growth,0,0,hapibd,poisson_separate,including_loop,12,3,"((b,c),a)",g03_o1,False,-568.000887080674,-586.2554805783146
growth,0,0,hapibd,poisson_separate,including_loop,13,7,"(((a.1,c),b),a.2)",g07_o1,False,-586.9531434256951,-619.2181252136005
growth,0,0,hapibd,poisson_separate,including_loop,14,14,"(((b.1,c),b.2),a)",g14_o1,False,-588.0997112636867,-625.2644138686801
growth,0,0,hapibd,poisson_separate,including_loop,15,2,"((a,c),b)",g02_o1,False,-571.8876987898517,-627.9796461632066
growth,0,0,hapibd,poisson_separate,including_loop,16,13,"(((b.1,c),a),b.2)",g13_o1,False,-575.3006543658953,-635.6327856333834
growth,0,0,hapibd,poisson_separate,including_loop,17,21,"((a,c.1),(b,c.2))",g21_o2,False,-583.9485699905629,-636.28850276259
growth,0,0,hapibd,poisson_separate,including_loop,18,18,"(((a,c.1),c.2),b)",g18_o1,False,-588.1791638925846,-637.9587224048406
growth,0,0,hapibd,poisson_separate,including_loop,19,20,"(((b,c.1),c.2),a)",g20_o1,False,-584.3480041893546,-836.5454198561729
growth,0,0,hapibd,poisson_separate,including_loop,20,8,"(((b,c),a.1),a.2)",g08_o1,False,-585.2315929014069,-845.1810290325748
growth,0,0,hapibd,poisson_separate,including_loop,21,12,"(((a,c),b.1),b.2)",g12_o1,False,-589.9059244004358,-864.0949221812402
growth,0,0,hapibd,poisson_separate,including_loop,22,6,"(((a.1,c),a.2),b)",g06_o1,False,-587.6713406668798,-955.4846780836112
growth,0,1,true,poisson_shared,loop_omitted,1,15,"((a,b.1),(b.2,c))",g15_o1,False,-193.5687972049205,-210.56604373275835
growth,0,1,true,poisson_shared,loop_omitted,2,17,"(((a,c.1),b),c.2)",g17_o1,False,-405.41682455225623,-426.9058734450061
growth,0,1,true,poisson_shared,loop_omitted,3,9,"((a.1,b),(a.2,c))",g09_o2,False,-321.64272118066054,-438.4102339610956
growth,0,1,true,poisson_shared,loop_omitted,4,1,"((a,b),c)",g01_o1,False,-438.96760195844035,-443.8352455891191
growth,0,1,true,poisson_shared,loop_omitted,5,19,"(((b,c.1),a),c.2)",g19_o1,False,-445.24789467780846,-461.62732478909504
growth,0,1,true,poisson_shared,loop_omitted,6,16,"(((a,b),c.1),c.2)",g16_o2,False,-441.59210384013295,-469.69944598352254
growth,0,1,true,poisson_shared,loop_omitted,7,11,"(((a,b.1),c),b.2)",g11_o1,False,-239.19075052333608,-662.1232867642244
growth,0,1,true,poisson_shared,loop_omitted,8,10,"(((a,b.1),b.2),c)",g10_o1,False,-230.53959982021743,-682.4393133865103
growth,0,1,true,poisson_shared,loop_omitted,9,5,"(((a.1,b),c),a.2)",g05_o1,False,-411.7855498966327,-699.9193099725518
growth,0,1,true,poisson_shared,loop_omitted,10,4,"(((a.1,b),a.2),c)",g04_o1,False,-404.6077254188966,-793.3151349398736
growth,0,1,true,poisson_shared,loop_omitted,11,13,"(((b.1,c),a),b.2)",g13_o1,False,-749.5440381481905,-823.4695334651445
growth,0,1,true,poisson_shared,loop_omitted,12,14,"(((b.1,c),b.2),a)",g14_o1,False,-752.0912339380798,-824.8857570664743
growth,0,1,true,poisson_shared,loop_omitted,13,18,"(((a,c.1),c.2),b)",g18_o1,False,-755.0113838575244,-854.9112224249087
growth,0,1,true,poisson_shared,loop_omitted,14,21,"((a,c.1),(b,c.2))",g21_o1,False,-829.7223055672883,-870.0455254968113
growth,0,1,true,poisson_shared,loop_omitted,15,7,"(((a.1,c),b),a.2)",g07_o1,False,-852.0706898328125,-894.2649911017425
growth,0,1,true,poisson_shared,loop_omitted,16,20,"(((b,c.1),c.2),a)",g20_o1,False,-882.4708496849493,-907.3546609352775
growth,0,1,true,poisson_shared,loop_omitted,17,6,"(((a.1,c),a.2),b)",g06_o1,False,-862.2891776879184,-939.5094968604017
growth,0,1,true,poisson_shared,loop_omitted,18,12,"(((a,c),b.1),b.2)",g12_o1,False,-1161.8623586676615,-1211.5826188257781
growth,0,1,true,poisson_shared,loop_omitted,19,2,"((a,c),b)",g02_o1,False,-1257.6208546286894,-1262.6538874859657
growth,0,1,true,poisson_shared,loop_omitted,20,8,"(((b,c),a.1),a.2)",g08_o2,False,-1198.528405248873,-1264.0162535142929
growth,0,1,true,poisson_shared,loop_omitted,21,3,"((b,c),a)",g03_o1,False,-1206.049709263899,-1286.653121456365
growth,0,1,true,poisson_shared,including_loop,1,15,"((a,b.1),(b.2,c))",g15_o1,False,-193.5687972049205,-210.56604373275835
growth,0,1,true,poisson_shared,including_loop,2,22,"b-loop + ((a,b.1),(b.2,c))",g22_o1,False,-209.6594175408385,-228.2027546700113
growth,0,1,true,poisson_shared,including_loop,3,17,"(((a,c.1),b),c.2)",g17_o1,False,-405.41682455225623,-426.9058734450061
growth,0,1,true,poisson_shared,including_loop,4,9,"((a.1,b),(a.2,c))",g09_o2,False,-321.64272118066054,-438.4102339610956
growth,0,1,true,poisson_shared,including_loop,5,1,"((a,b),c)",g01_o1,False,-438.96760195844035,-443.8352455891191
growth,0,1,true,poisson_shared,including_loop,6,19,"(((b,c.1),a),c.2)",g19_o1,False,-445.24789467780846,-461.62732478909504
growth,0,1,true,poisson_shared,including_loop,7,16,"(((a,b),c.1),c.2)",g16_o2,False,-441.59210384013295,-469.69944598352254
growth,0,1,true,poisson_shared,including_loop,8,11,"(((a,b.1),c),b.2)",g11_o1,False,-239.19075052333608,-662.1232867642244
growth,0,1,true,poisson_shared,including_loop,9,10,"(((a,b.1),b.2),c)",g10_o1,False,-230.53959982021743,-682.4393133865103
growth,0,1,true,poisson_shared,including_loop,10,5,"(((a.1,b),c),a.2)",g05_o1,False,-411.7855498966327,-699.9193099725518
growth,0,1,true,poisson_shared,including_loop,11,4,"(((a.1,b),a.2),c)",g04_o1,False,-404.6077254188966,-793.3151349398736
growth,0,1,true,poisson_shared,including_loop,12,13,"(((b.1,c),a),b.2)",g13_o1,False,-749.5440381481905,-823.4695334651445
growth,0,1,true,poisson_shared,including_loop,13,14,"(((b.1,c),b.2),a)",g14_o1,False,-752.0912339380798,-824.8857570664743
growth,0,1,true,poisson_shared,including_loop,14,18,"(((a,c.1),c.2),b)",g18_o1,False,-755.0113838575244,-854.9112224249087
growth,0,1,true,poisson_shared,including_loop,15,21,"((a,c.1),(b,c.2))",g21_o1,False,-829.7223055672883,-870.0455254968113
growth,0,1,true,poisson_shared,including_loop,16,7,"(((a.1,c),b),a.2)",g07_o1,False,-852.0706898328125,-894.2649911017425
growth,0,1,true,poisson_shared,including_loop,17,20,"(((b,c.1),c.2),a)",g20_o1,False,-882.4708496849493,-907.3546609352775
growth,0,1,true,poisson_shared,including_loop,18,6,"(((a.1,c),a.2),b)",g06_o1,False,-862.2891776879184,-939.5094968604017
growth,0,1,true,poisson_shared,including_loop,19,12,"(((a,c),b.1),b.2)",g12_o1,False,-1161.8623586676615,-1211.5826188257781
growth,0,1,true,poisson_shared,including_loop,20,2,"((a,c),b)",g02_o1,False,-1257.6208546286894,-1262.6538874859657
growth,0,1,true,poisson_shared,including_loop,21,8,"(((b,c),a.1),a.2)",g08_o2,False,-1198.528405248873,-1264.0162535142929
growth,0,1,true,poisson_shared,including_loop,22,3,"((b,c),a)",g03_o1,False,-1206.049709263899,-1286.653121456365
growth,0,1,true,poisson_separate,loop_omitted,1,10,"(((a,b.1),b.2),c)",g10_o1,False,-230.37550398552244,-265.04259035741944
growth,0,1,true,poisson_separate,loop_omitted,2,11,"(((a,b.1),c),b.2)",g11_o1,False,-231.07798688447662,-268.66491513814015
growth,0,1,true,poisson_separate,loop_omitted,3,15,"((a,b.1),(b.2,c))",g15_o2,False,-207.10134996697005,-274.9353751578429
growth,0,1,true,poisson_separate,loop_omitted,4,17,"(((a,c.1),b),c.2)",g17_o1,False,-269.41851855325956,-301.39851059098726
growth,0,1,true,poisson_separate,loop_omitted,5,19,"(((b,c.1),a),c.2)",g19_o1,False,-267.2578905355181,-314.999729742676
growth,0,1,true,poisson_separate,loop_omitted,6,9,"((a.1,b),(a.2,c))",g09_o2,False,-266.09148501384334,-330.5267256771612
growth,0,1,true,poisson_separate,loop_omitted,7,1,"((a,b),c)",g01_o1,False,-249.03739072322813,-362.995878966976
growth,0,1,true,poisson_separate,loop_omitted,8,4,"(((a.1,b),a.2),c)",g04_o1,False,-261.21691175539274,-373.1611541459852
growth,0,1,true,poisson_separate,loop_omitted,9,16,"(((a,b),c.1),c.2)",g16_o2,False,-266.04148122315473,-385.0113789328759
growth,0,1,true,poisson_separate,loop_omitted,10,5,"(((a.1,b),c),a.2)",g05_o1,False,-272.9455678698026,-391.00741708321146
growth,0,1,true,poisson_separate,loop_omitted,11,2,"((a,c),b)",g02_o1,False,-569.3404416813196,-585.5125458455848
growth,0,1,true,poisson_separate,loop_omitted,12,3,"((b,c),a)",g03_o1,False,-567.166057147237,-589.5462681906181
growth,0,1,true,poisson_separate,loop_omitted,13,18,"(((a,c.1),c.2),b)",g18_o1,False,-589.4188083867256,-623.0730582744743
growth,0,1,true,poisson_separate,loop_omitted,14,7,"(((a.1,c),b),a.2)",g07_o1,False,-580.9677563936342,-625.2466801126145
growth,0,1,true,poisson_separate,loop_omitted,15,13,"(((b.1,c),a),b.2)",g13_o1,False,-578.8634343419262,-632.0653944964323
growth,0,1,true,poisson_separate,loop_omitted,16,20,"(((b,c.1),c.2),a)",g20_o1,False,-589.8841134492568,-632.7480723745778
growth,0,1,true,poisson_separate,loop_omitted,17,21,"((a,c.1),(b,c.2))",g21_o2,False,-577.2461336411443,-638.0428379201537
growth,0,1,true,poisson_separate,loop_omitted,18,14,"(((b.1,c),b.2),a)",g14_o1,False,-596.1036847894223,-638.6410557049895
growth,0,1,true,poisson_separate,loop_omitted,19,6,"(((a.1,c),a.2),b)",g06_o1,False,-591.0757657108592,-644.2925863926679
growth,0,1,true,poisson_separate,loop_omitted,20,8,"(((b,c),a.1),a.2)",g08_o1,False,-580.5115583370012,-834.2338514155597
growth,0,1,true,poisson_separate,loop_omitted,21,12,"(((a,c),b.1),b.2)",g12_o2,False,-589.3525100751161,-881.5664246211437
growth,0,1,true,poisson_separate,including_loop,1,22,"b-loop + ((a,b.1),(b.2,c))",g22_o2,False,-222.66808265772133,-259.38252227799956
growth,0,1,true,poisson_separate,including_loop,2,10,"(((a,b.1),b.2),c)",g10_o1,False,-230.37550398552244,-265.04259035741944
growth,0,1,true,poisson_separate,including_loop,3,11,"(((a,b.1),c),b.2)",g11_o1,False,-231.07798688447662,-268.66491513814015
growth,0,1,true,poisson_separate,including_loop,4,15,"((a,b.1),(b.2,c))",g15_o2,False,-207.10134996697005,-274.9353751578429
growth,0,1,true,poisson_separate,including_loop,5,17,"(((a,c.1),b),c.2)",g17_o1,False,-269.41851855325956,-301.39851059098726
growth,0,1,true,poisson_separate,including_loop,6,19,"(((b,c.1),a),c.2)",g19_o1,False,-267.2578905355181,-314.999729742676
growth,0,1,true,poisson_separate,including_loop,7,9,"((a.1,b),(a.2,c))",g09_o2,False,-266.09148501384334,-330.5267256771612
growth,0,1,true,poisson_separate,including_loop,8,1,"((a,b),c)",g01_o1,False,-249.03739072322813,-362.995878966976
growth,0,1,true,poisson_separate,including_loop,9,4,"(((a.1,b),a.2),c)",g04_o1,False,-261.21691175539274,-373.1611541459852
growth,0,1,true,poisson_separate,including_loop,10,16,"(((a,b),c.1),c.2)",g16_o2,False,-266.04148122315473,-385.0113789328759
growth,0,1,true,poisson_separate,including_loop,11,5,"(((a.1,b),c),a.2)",g05_o1,False,-272.9455678698026,-391.00741708321146
growth,0,1,true,poisson_separate,including_loop,12,2,"((a,c),b)",g02_o1,False,-569.3404416813196,-585.5125458455848
growth,0,1,true,poisson_separate,including_loop,13,3,"((b,c),a)",g03_o1,False,-567.166057147237,-589.5462681906181
growth,0,1,true,poisson_separate,including_loop,14,18,"(((a,c.1),c.2),b)",g18_o1,False,-589.4188083867256,-623.0730582744743
growth,0,1,true,poisson_separate,including_loop,15,7,"(((a.1,c),b),a.2)",g07_o1,False,-580.9677563936342,-625.2466801126145
growth,0,1,true,poisson_separate,including_loop,16,13,"(((b.1,c),a),b.2)",g13_o1,False,-578.8634343419262,-632.0653944964323
growth,0,1,true,poisson_separate,including_loop,17,20,"(((b,c.1),c.2),a)",g20_o1,False,-589.8841134492568,-632.7480723745778
growth,0,1,true,poisson_separate,including_loop,18,21,"((a,c.1),(b,c.2))",g21_o2,False,-577.2461336411443,-638.0428379201537
growth,0,1,true,poisson_separate,including_loop,19,14,"(((b.1,c),b.2),a)",g14_o1,False,-596.1036847894223,-638.6410557049895
growth,0,1,true,poisson_separate,including_loop,20,6,"(((a.1,c),a.2),b)",g06_o1,False,-591.0757657108592,-644.2925863926679
growth,0,1,true,poisson_separate,including_loop,21,8,"(((b,c),a.1),a.2)",g08_o1,False,-580.5115583370012,-834.2338514155597
growth,0,1,true,poisson_separate,including_loop,22,12,"(((a,c),b.1),b.2)",g12_o2,False,-589.3525100751161,-881.5664246211437
growth,0,1,hapibd,poisson_shared,loop_omitted,1,15,"((a,b.1),(b.2,c))",g15_o1,False,-199.1264948493011,-215.3104679558405
growth,0,1,hapibd,poisson_shared,loop_omitted,2,10,"(((a,b.1),b.2),c)",g10_o1,False,-235.41935889997822,-260.2761407733216
growth,0,1,hapibd,poisson_shared,loop_omitted,3,9,"((a.1,b),(a.2,c))",g09_o1,False,-325.62704002616977,-396.2134339138818
growth,0,1,hapibd,poisson_shared,loop_omitted,4,17,"(((a,c.1),b),c.2)",g17_o1,False,-416.80233824110957,-433.26567862392255
growth,0,1,hapibd,poisson_shared,loop_omitted,5,1,"((a,b),c)",g01_o1,False,-443.55266687737435,-447.3155452935396
growth,0,1,hapibd,poisson_shared,loop_omitted,6,16,"(((a,b),c.1),c.2)",g16_o2,False,-444.3530550535168,-466.3349842137093
growth,0,1,hapibd,poisson_shared,loop_omitted,7,19,"(((b,c.1),a),c.2)",g19_o1,False,-443.479281490357,-468.5732904652554
growth,0,1,hapibd,poisson_shared,loop_omitted,8,11,"(((a,b.1),c),b.2)",g11_o1,False,-239.07807703970803,-664.4500941016486
growth,0,1,hapibd,poisson_shared,loop_omitted,9,5,"(((a.1,b),c),a.2)",g05_o1,False,-413.7489998614844,-779.1524025397829
growth,0,1,hapibd,poisson_shared,loop_omitted,10,4,"(((a.1,b),a.2),c)",g04_o1,False,-409.38251461159075,-785.9461505235183
growth,0,1,hapibd,poisson_shared,loop_omitted,11,13,"(((b.1,c),a),b.2)",g13_o1,False,-718.4983865187845,-796.49763549207
growth,0,1,hapibd,poisson_shared,loop_omitted,12,14,"(((b.1,c),b.2),a)",g14_o1,False,-727.6812889844232,-821.2196281081879
growth,0,1,hapibd,poisson_shared,loop_omitted,13,18,"(((a,c.1),c.2),b)",g18_o1,False,-752.8845297836913,-825.1993848221957
growth,0,1,hapibd,poisson_shared,loop_omitted,14,7,"(((a.1,c),b),a.2)",g07_o1,False,-826.4031608735352,-848.1657963192696
growth,0,1,hapibd,poisson_shared,loop_omitted,15,21,"((a,c.1),(b,c.2))",g21_o2,False,-769.4429942206673,-852.2933991490976
growth,0,1,hapibd,poisson_shared,loop_omitted,16,6,"(((a.1,c),a.2),b)",g06_o1,False,-842.2391694372465,-886.3272185940617
growth,0,1,hapibd,poisson_shared,loop_omitted,17,20,"(((b,c.1),c.2),a)",g20_o1,False,-856.0450597805908,-894.8846662047354
growth,0,1,hapibd,poisson_shared,loop_omitted,18,12,"(((a,c),b.1),b.2)",g12_o1,False,-1135.19427697464,-1183.0398911247496
growth,0,1,hapibd,poisson_shared,loop_omitted,19,8,"(((b,c),a.1),a.2)",g08_o1,False,-1174.7254277020731,-1230.581641788718
growth,0,1,hapibd,poisson_shared,loop_omitted,20,2,"((a,c),b)",g02_o1,False,-1227.9429072269654,-1233.3666903166495
growth,0,1,hapibd,poisson_shared,loop_omitted,21,3,"((b,c),a)",g03_o1,False,-1176.0845971852282,-1254.2081525063982
growth,0,1,hapibd,poisson_shared,including_loop,1,15,"((a,b.1),(b.2,c))",g15_o1,False,-199.1264948493011,-215.3104679558405
growth,0,1,hapibd,poisson_shared,including_loop,2,22,"b-loop + ((a,b.1),(b.2,c))",g22_o1,False,-212.15299970542074,-226.24171169941158
growth,0,1,hapibd,poisson_shared,including_loop,3,10,"(((a,b.1),b.2),c)",g10_o1,False,-235.41935889997822,-260.2761407733216
growth,0,1,hapibd,poisson_shared,including_loop,4,9,"((a.1,b),(a.2,c))",g09_o1,False,-325.62704002616977,-396.2134339138818
growth,0,1,hapibd,poisson_shared,including_loop,5,17,"(((a,c.1),b),c.2)",g17_o1,False,-416.80233824110957,-433.26567862392255
growth,0,1,hapibd,poisson_shared,including_loop,6,1,"((a,b),c)",g01_o1,False,-443.55266687737435,-447.3155452935396
growth,0,1,hapibd,poisson_shared,including_loop,7,16,"(((a,b),c.1),c.2)",g16_o2,False,-444.3530550535168,-466.3349842137093
growth,0,1,hapibd,poisson_shared,including_loop,8,19,"(((b,c.1),a),c.2)",g19_o1,False,-443.479281490357,-468.5732904652554
growth,0,1,hapibd,poisson_shared,including_loop,9,11,"(((a,b.1),c),b.2)",g11_o1,False,-239.07807703970803,-664.4500941016486
growth,0,1,hapibd,poisson_shared,including_loop,10,5,"(((a.1,b),c),a.2)",g05_o1,False,-413.7489998614844,-779.1524025397829
growth,0,1,hapibd,poisson_shared,including_loop,11,4,"(((a.1,b),a.2),c)",g04_o1,False,-409.38251461159075,-785.9461505235183
growth,0,1,hapibd,poisson_shared,including_loop,12,13,"(((b.1,c),a),b.2)",g13_o1,False,-718.4983865187845,-796.49763549207
growth,0,1,hapibd,poisson_shared,including_loop,13,14,"(((b.1,c),b.2),a)",g14_o1,False,-727.6812889844232,-821.2196281081879
growth,0,1,hapibd,poisson_shared,including_loop,14,18,"(((a,c.1),c.2),b)",g18_o1,False,-752.8845297836913,-825.1993848221957
growth,0,1,hapibd,poisson_shared,including_loop,15,7,"(((a.1,c),b),a.2)",g07_o1,False,-826.4031608735352,-848.1657963192696
growth,0,1,hapibd,poisson_shared,including_loop,16,21,"((a,c.1),(b,c.2))",g21_o2,False,-769.4429942206673,-852.2933991490976
growth,0,1,hapibd,poisson_shared,including_loop,17,6,"(((a.1,c),a.2),b)",g06_o1,False,-842.2391694372465,-886.3272185940617
growth,0,1,hapibd,poisson_shared,including_loop,18,20,"(((b,c.1),c.2),a)",g20_o1,False,-856.0450597805908,-894.8846662047354
growth,0,1,hapibd,poisson_shared,including_loop,19,12,"(((a,c),b.1),b.2)",g12_o1,False,-1135.19427697464,-1183.0398911247496
growth,0,1,hapibd,poisson_shared,including_loop,20,8,"(((b,c),a.1),a.2)",g08_o1,False,-1174.7254277020731,-1230.581641788718
growth,0,1,hapibd,poisson_shared,including_loop,21,2,"((a,c),b)",g02_o1,False,-1227.9429072269654,-1233.3666903166495
growth,0,1,hapibd,poisson_shared,including_loop,22,3,"((b,c),a)",g03_o1,False,-1176.0845971852282,-1254.2081525063982
growth,0,1,hapibd,poisson_separate,loop_omitted,1,11,"(((a,b.1),c),b.2)",g11_o1,False,-233.810077927035,-262.13251523721925
growth,0,1,hapibd,poisson_separate,loop_omitted,2,15,"((a,b.1),(b.2,c))",g15_o2,False,-214.5625792271251,-264.9299519087795
growth,0,1,hapibd,poisson_separate,loop_omitted,3,1,"((a,b),c)",g01_o1,False,-247.3139711948483,-286.34343560164575
growth,0,1,hapibd,poisson_separate,loop_omitted,4,10,"(((a,b.1),b.2),c)",g10_o1,False,-233.2838534566269,-298.6806285202276
growth,0,1,hapibd,poisson_separate,loop_omitted,5,19,"(((b,c.1),a),c.2)",g19_o1,False,-267.68565393532305,-311.24845076939437
growth,0,1,hapibd,poisson_separate,loop_omitted,6,9,"((a.1,b),(a.2,c))",g09_o2,False,-269.65231483913306,-316.0431121369291
growth,0,1,hapibd,poisson_separate,loop_omitted,7,17,"(((a,c.1),b),c.2)",g17_o1,False,-265.4105928556914,-317.2343610896454
growth,0,1,hapibd,poisson_separate,loop_omitted,8,4,"(((a.1,b),a.2),c)",g04_o1,False,-263.3953848058145,-366.0232076965758
growth,0,1,hapibd,poisson_separate,loop_omitted,9,16,"(((a,b),c.1),c.2)",g16_o1,False,-270.9570688065346,-391.0428042113808
growth,0,1,hapibd,poisson_separate,loop_omitted,10,5,"(((a.1,b),c),a.2)",g05_o1,False,-266.21450247978345,-410.18298775080234
growth,0,1,hapibd,poisson_separate,loop_omitted,11,3,"((b,c),a)",g03_o1,False,-544.5638199652791,-575.8793603442548
growth,0,1,hapibd,poisson_separate,loop_omitted,12,2,"((a,c),b)",g02_o1,False,-544.8770667101004,-603.3332366802156
growth,0,1,hapibd,poisson_separate,loop_omitted,13,13,"(((b.1,c),a),b.2)",g13_o1,False,-570.9880364008469,-606.227763488649
growth,0,1,hapibd,poisson_separate,loop_omitted,14,14,"(((b.1,c),b.2),a)",g14_o1,False,-562.8761214458588,-610.1586710952902
growth,0,1,hapibd,poisson_separate,loop_omitted,15,7,"(((a.1,c),b),a.2)",g07_o1,False,-566.8438268869965,-613.0193261356203
growth,0,1,hapibd,poisson_separate,loop_omitted,16,6,"(((a.1,c),a.2),b)",g06_o1,False,-577.1160438878187,-628.9182120815274
growth,0,1,hapibd,poisson_separate,loop_omitted,17,18,"(((a,c.1),c.2),b)",g18_o1,False,-576.5728026783798,-630.1629838158042
growth,0,1,hapibd,poisson_separate,loop_omitted,18,8,"(((b,c),a.1),a.2)",g08_o1,False,-565.377935456699,-810.5638900014283
growth,0,1,hapibd,poisson_separate,loop_omitted,19,20,"(((b,c.1),c.2),a)",g20_o1,False,-570.448716197995,-811.7489211658736
growth,0,1,hapibd,poisson_separate,loop_omitted,20,12,"(((a,c),b.1),b.2)",g12_o1,False,-572.5713588530205,-824.0205915456254
growth,0,1,hapibd,poisson_separate,loop_omitted,21,21,"((a,c.1),(b,c.2))",g21_o1,False,-566.7314298663819,-826.274519246859
growth,0,1,hapibd,poisson_separate,including_loop,1,11,"(((a,b.1),c),b.2)",g11_o1,False,-233.810077927035,-262.13251523721925
growth,0,1,hapibd,poisson_separate,including_loop,2,22,"b-loop + ((a,b.1),(b.2,c))",g22_o2,False,-228.53403896460236,-263.3968085356413
growth,0,1,hapibd,poisson_separate,including_loop,3,15,"((a,b.1),(b.2,c))",g15_o2,False,-214.5625792271251,-264.9299519087795
growth,0,1,hapibd,poisson_separate,including_loop,4,1,"((a,b),c)",g01_o1,False,-247.3139711948483,-286.34343560164575
growth,0,1,hapibd,poisson_separate,including_loop,5,10,"(((a,b.1),b.2),c)",g10_o1,False,-233.2838534566269,-298.6806285202276
growth,0,1,hapibd,poisson_separate,including_loop,6,19,"(((b,c.1),a),c.2)",g19_o1,False,-267.68565393532305,-311.24845076939437
growth,0,1,hapibd,poisson_separate,including_loop,7,9,"((a.1,b),(a.2,c))",g09_o2,False,-269.65231483913306,-316.0431121369291
growth,0,1,hapibd,poisson_separate,including_loop,8,17,"(((a,c.1),b),c.2)",g17_o1,False,-265.4105928556914,-317.2343610896454
growth,0,1,hapibd,poisson_separate,including_loop,9,4,"(((a.1,b),a.2),c)",g04_o1,False,-263.3953848058145,-366.0232076965758
growth,0,1,hapibd,poisson_separate,including_loop,10,16,"(((a,b),c.1),c.2)",g16_o1,False,-270.9570688065346,-391.0428042113808
growth,0,1,hapibd,poisson_separate,including_loop,11,5,"(((a.1,b),c),a.2)",g05_o1,False,-266.21450247978345,-410.18298775080234
growth,0,1,hapibd,poisson_separate,including_loop,12,3,"((b,c),a)",g03_o1,False,-544.5638199652791,-575.8793603442548
growth,0,1,hapibd,poisson_separate,including_loop,13,2,"((a,c),b)",g02_o1,False,-544.8770667101004,-603.3332366802156
growth,0,1,hapibd,poisson_separate,including_loop,14,13,"(((b.1,c),a),b.2)",g13_o1,False,-570.9880364008469,-606.227763488649
growth,0,1,hapibd,poisson_separate,including_loop,15,14,"(((b.1,c),b.2),a)",g14_o1,False,-562.8761214458588,-610.1586710952902
growth,0,1,hapibd,poisson_separate,including_loop,16,7,"(((a.1,c),b),a.2)",g07_o1,False,-566.8438268869965,-613.0193261356203
growth,0,1,hapibd,poisson_separate,including_loop,17,6,"(((a.1,c),a.2),b)",g06_o1,False,-577.1160438878187,-628.9182120815274
growth,0,1,hapibd,poisson_separate,including_loop,18,18,"(((a,c.1),c.2),b)",g18_o1,False,-576.5728026783798,-630.1629838158042
growth,0,1,hapibd,poisson_separate,including_loop,19,8,"(((b,c),a.1),a.2)",g08_o1,False,-565.377935456699,-810.5638900014283
growth,0,1,hapibd,poisson_separate,including_loop,20,20,"(((b,c.1),c.2),a)",g20_o1,False,-570.448716197995,-811.7489211658736
growth,0,1,hapibd,poisson_separate,including_loop,21,12,"(((a,c),b.1),b.2)",g12_o1,False,-572.5713588530205,-824.0205915456254
growth,0,1,hapibd,poisson_separate,including_loop,22,21,"((a,c.1),(b,c.2))",g21_o1,False,-566.7314298663819,-826.274519246859
growth,0,2,true,poisson_shared,loop_omitted,1,15,"((a,b.1),(b.2,c))",g15_o1,False,-193.1252488764154,-213.80846466534246
growth,0,2,true,poisson_shared,loop_omitted,2,11,"(((a,b.1),c),b.2)",g11_o1,False,-234.68408075838659,-266.6840259200452
growth,0,2,true,poisson_shared,loop_omitted,3,9,"((a.1,b),(a.2,c))",g09_o1,False,-334.5436296330383,-400.9585777267974
growth,0,2,true,poisson_shared,loop_omitted,4,17,"(((a,c.1),b),c.2)",g17_o1,False,-413.0416516248514,-438.8666078971037
growth,0,2,true,poisson_shared,loop_omitted,5,16,"(((a,b),c.1),c.2)",g16_o2,False,-452.0428755384413,-472.8818234421502
growth,0,2,true,poisson_shared,loop_omitted,6,10,"(((a,b.1),b.2),c)",g10_o1,False,-238.46961088380922,-755.5758965184007
growth,0,2,true,poisson_shared,loop_omitted,7,1,"((a,b),c)",g01_o1,False,-444.8433616651102,-805.3861707917503
growth,0,2,true,poisson_shared,loop_omitted,8,4,"(((a.1,b),a.2),c)",g04_o1,False,-407.7007051468238,-816.9641916288153
growth,0,2,true,poisson_shared,loop_omitted,9,5,"(((a.1,b),c),a.2)",g05_o1,False,-411.66964984983804,-817.1885714792583
growth,0,2,true,poisson_shared,loop_omitted,10,13,"(((b.1,c),a),b.2)",g13_o1,False,-783.6629244922889,-857.8700314695363
growth,0,2,true,poisson_shared,loop_omitted,11,19,"(((b,c.1),a),c.2)",g19_o1,False,-449.317880917883,-859.4198424567028
growth,0,2,true,poisson_shared,loop_omitted,12,14,"(((b.1,c),b.2),a)",g14_o1,False,-778.9685890936544,-871.3040035327971
growth,0,2,true,poisson_shared,loop_omitted,13,18,"(((a,c.1),c.2),b)",g18_o1,False,-768.0114331336354,-881.5370126287033
growth,0,2,true,poisson_shared,loop_omitted,14,20,"(((b,c.1),c.2),a)",g20_o1,False,-803.8270396008885,-898.6098199282414
growth,0,2,true,poisson_shared,loop_omitted,15,21,"((a,c.1),(b,c.2))",g21_o1,False,-887.496972562149,-904.544939784661
growth,0,2,true,poisson_shared,loop_omitted,16,7,"(((a.1,c),b),a.2)",g07_o1,False,-879.5087555338357,-936.298403551251
growth,0,2,true,poisson_shared,loop_omitted,17,6,"(((a.1,c),a.2),b)",g06_o1,False,-892.7520589017614,-937.0122518386373
growth,0,2,true,poisson_shared,loop_omitted,18,3,"((b,c),a)",g03_o1,False,-1228.2587504743208,-1233.9926866633855
growth,0,2,true,poisson_shared,loop_omitted,19,12,"(((a,c),b.1),b.2)",g12_o1,False,-1197.305520130429,-1244.5385520041325
growth,0,2,true,poisson_shared,loop_omitted,20,2,"((a,c),b)",g02_o1,False,-1267.7414918270595,-1279.780917038077
growth,0,2,true,poisson_shared,loop_omitted,21,8,"(((b,c),a.1),a.2)",g08_o1,False,-1231.6486388746277,-1280.0638207758216
growth,0,2,true,poisson_shared,including_loop,1,15,"((a,b.1),(b.2,c))",g15_o1,False,-193.1252488764154,-213.80846466534246
growth,0,2,true,poisson_shared,including_loop,2,22,"b-loop + ((a,b.1),(b.2,c))",g22_o1,False,-203.77059241052018,-227.53231950926576
growth,0,2,true,poisson_shared,including_loop,3,11,"(((a,b.1),c),b.2)",g11_o1,False,-234.68408075838659,-266.6840259200452
growth,0,2,true,poisson_shared,including_loop,4,9,"((a.1,b),(a.2,c))",g09_o1,False,-334.5436296330383,-400.9585777267974
growth,0,2,true,poisson_shared,including_loop,5,17,"(((a,c.1),b),c.2)",g17_o1,False,-413.0416516248514,-438.8666078971037
growth,0,2,true,poisson_shared,including_loop,6,16,"(((a,b),c.1),c.2)",g16_o2,False,-452.0428755384413,-472.8818234421502
growth,0,2,true,poisson_shared,including_loop,7,10,"(((a,b.1),b.2),c)",g10_o1,False,-238.46961088380922,-755.5758965184007
growth,0,2,true,poisson_shared,including_loop,8,1,"((a,b),c)",g01_o1,False,-444.8433616651102,-805.3861707917503
growth,0,2,true,poisson_shared,including_loop,9,4,"(((a.1,b),a.2),c)",g04_o1,False,-407.7007051468238,-816.9641916288153
growth,0,2,true,poisson_shared,including_loop,10,5,"(((a.1,b),c),a.2)",g05_o1,False,-411.66964984983804,-817.1885714792583
growth,0,2,true,poisson_shared,including_loop,11,13,"(((b.1,c),a),b.2)",g13_o1,False,-783.6629244922889,-857.8700314695363
growth,0,2,true,poisson_shared,including_loop,12,19,"(((b,c.1),a),c.2)",g19_o1,False,-449.317880917883,-859.4198424567028
growth,0,2,true,poisson_shared,including_loop,13,14,"(((b.1,c),b.2),a)",g14_o1,False,-778.9685890936544,-871.3040035327971
growth,0,2,true,poisson_shared,including_loop,14,18,"(((a,c.1),c.2),b)",g18_o1,False,-768.0114331336354,-881.5370126287033
growth,0,2,true,poisson_shared,including_loop,15,20,"(((b,c.1),c.2),a)",g20_o1,False,-803.8270396008885,-898.6098199282414
growth,0,2,true,poisson_shared,including_loop,16,21,"((a,c.1),(b,c.2))",g21_o1,False,-887.496972562149,-904.544939784661
growth,0,2,true,poisson_shared,including_loop,17,7,"(((a.1,c),b),a.2)",g07_o1,False,-879.5087555338357,-936.298403551251
growth,0,2,true,poisson_shared,including_loop,18,6,"(((a.1,c),a.2),b)",g06_o1,False,-892.7520589017614,-937.0122518386373
growth,0,2,true,poisson_shared,including_loop,19,3,"((b,c),a)",g03_o1,False,-1228.2587504743208,-1233.9926866633855
growth,0,2,true,poisson_shared,including_loop,20,12,"(((a,c),b.1),b.2)",g12_o1,False,-1197.305520130429,-1244.5385520041325
growth,0,2,true,poisson_shared,including_loop,21,2,"((a,c),b)",g02_o1,False,-1267.7414918270595,-1279.780917038077
growth,0,2,true,poisson_shared,including_loop,22,8,"(((b,c),a.1),a.2)",g08_o1,False,-1231.6486388746277,-1280.0638207758216
growth,0,2,true,poisson_separate,loop_omitted,1,15,"((a,b.1),(b.2,c))",g15_o2,False,-206.20821547741065,-280.1367058227213
growth,0,2,true,poisson_separate,loop_omitted,2,10,"(((a,b.1),b.2),c)",g10_o1,False,-231.76582171689697,-280.42632208213064
growth,0,2,true,poisson_separate,loop_omitted,3,1,"((a,b),c)",g01_o1,False,-249.65591689747936,-281.35202176832115
growth,0,2,true,poisson_separate,loop_omitted,4,11,"(((a,b.1),c),b.2)",g11_o1,False,-230.07256881594708,-283.38856498906074
growth,0,2,true,poisson_separate,loop_omitted,5,17,"(((a,c.1),b),c.2)",g17_o1,False,-275.0689834905915,-324.763863501116
growth,0,2,true,poisson_separate,loop_omitted,6,19,"(((b,c.1),a),c.2)",g19_o1,False,-272.69083502195383,-332.06371600095713
growth,0,2,true,poisson_separate,loop_omitted,7,4,"(((a.1,b),a.2),c)",g04_o1,False,-267.9744525644994,-379.70362381223293
growth,0,2,true,poisson_separate,loop_omitted,8,16,"(((a,b),c.1),c.2)",g16_o1,False,-276.35979692867295,-384.75420601978095
growth,0,2,true,poisson_separate,loop_omitted,9,9,"((a.1,b),(a.2,c))",g09_o2,False,-270.24943868750785,-409.5165689491147
growth,0,2,true,poisson_separate,loop_omitted,10,5,"(((a.1,b),c),a.2)",g05_o1,False,-272.13924822903533,-417.9131236894521
growth,0,2,true,poisson_separate,loop_omitted,11,3,"((b,c),a)",g03_o1,False,-586.6266063508958,-618.3553405136993
growth,0,2,true,poisson_separate,loop_omitted,12,2,"((a,c),b)",g02_o1,False,-586.841012320309,-621.5022326196998
growth,0,2,true,poisson_separate,loop_omitted,13,7,"(((a.1,c),b),a.2)",g07_o1,False,-604.2490511705483,-650.1690182104807
growth,0,2,true,poisson_separate,loop_omitted,14,13,"(((b.1,c),a),b.2)",g13_o1,False,-608.5495755051763,-655.0044542315798
growth,0,2,true,poisson_separate,loop_omitted,15,20,"(((b,c.1),c.2),a)",g20_o1,False,-607.3014737921097,-657.4917769729832
growth,0,2,true,poisson_separate,loop_omitted,16,14,"(((b.1,c),b.2),a)",g14_o1,False,-608.3080175258473,-663.2888485985983
growth,0,2,true,poisson_separate,loop_omitted,17,6,"(((a.1,c),a.2),b)",g06_o1,False,-604.5709059068819,-663.3238594297395
growth,0,2,true,poisson_separate,loop_omitted,18,18,"(((a,c.1),c.2),b)",g18_o1,False,-602.0998704229578,-667.8522163481381
growth,0,2,true,poisson_separate,loop_omitted,19,8,"(((b,c),a.1),a.2)",g08_o1,False,-598.8606385584693,-845.153236164881
growth,0,2,true,poisson_separate,loop_omitted,20,12,"(((a,c),b.1),b.2)",g12_o1,False,-615.4238678041747,-892.7537959227818
growth,0,2,true,poisson_separate,loop_omitted,21,21,"((a,c.1),(b,c.2))",g21_o2,False,-606.7564921601073,-973.9513256877782
growth,0,2,true,poisson_separate,including_loop,1,22,"b-loop + ((a,b.1),(b.2,c))",g22_o2,False,-224.0842692924083,-261.6671794327785
growth,0,2,true,poisson_separate,including_loop,2,15,"((a,b.1),(b.2,c))",g15_o2,False,-206.20821547741065,-280.1367058227213
growth,0,2,true,poisson_separate,including_loop,3,10,"(((a,b.1),b.2),c)",g10_o1,False,-231.76582171689697,-280.42632208213064
growth,0,2,true,poisson_separate,including_loop,4,1,"((a,b),c)",g01_o1,False,-249.65591689747936,-281.35202176832115
growth,0,2,true,poisson_separate,including_loop,5,11,"(((a,b.1),c),b.2)",g11_o1,False,-230.07256881594708,-283.38856498906074
growth,0,2,true,poisson_separate,including_loop,6,17,"(((a,c.1),b),c.2)",g17_o1,False,-275.0689834905915,-324.763863501116
growth,0,2,true,poisson_separate,including_loop,7,19,"(((b,c.1),a),c.2)",g19_o1,False,-272.69083502195383,-332.06371600095713
growth,0,2,true,poisson_separate,including_loop,8,4,"(((a.1,b),a.2),c)",g04_o1,False,-267.9744525644994,-379.70362381223293
growth,0,2,true,poisson_separate,including_loop,9,16,"(((a,b),c.1),c.2)",g16_o1,False,-276.35979692867295,-384.75420601978095
growth,0,2,true,poisson_separate,including_loop,10,9,"((a.1,b),(a.2,c))",g09_o2,False,-270.24943868750785,-409.5165689491147
growth,0,2,true,poisson_separate,including_loop,11,5,"(((a.1,b),c),a.2)",g05_o1,False,-272.13924822903533,-417.9131236894521
growth,0,2,true,poisson_separate,including_loop,12,3,"((b,c),a)",g03_o1,False,-586.6266063508958,-618.3553405136993
growth,0,2,true,poisson_separate,including_loop,13,2,"((a,c),b)",g02_o1,False,-586.841012320309,-621.5022326196998
growth,0,2,true,poisson_separate,including_loop,14,7,"(((a.1,c),b),a.2)",g07_o1,False,-604.2490511705483,-650.1690182104807
growth,0,2,true,poisson_separate,including_loop,15,13,"(((b.1,c),a),b.2)",g13_o1,False,-608.5495755051763,-655.0044542315798
growth,0,2,true,poisson_separate,including_loop,16,20,"(((b,c.1),c.2),a)",g20_o1,False,-607.3014737921097,-657.4917769729832
growth,0,2,true,poisson_separate,including_loop,17,14,"(((b.1,c),b.2),a)",g14_o1,False,-608.3080175258473,-663.2888485985983
growth,0,2,true,poisson_separate,including_loop,18,6,"(((a.1,c),a.2),b)",g06_o1,False,-604.5709059068819,-663.3238594297395
growth,0,2,true,poisson_separate,including_loop,19,18,"(((a,c.1),c.2),b)",g18_o1,False,-602.0998704229578,-667.8522163481381
growth,0,2,true,poisson_separate,including_loop,20,8,"(((b,c),a.1),a.2)",g08_o1,False,-598.8606385584693,-845.153236164881
growth,0,2,true,poisson_separate,including_loop,21,12,"(((a,c),b.1),b.2)",g12_o1,False,-615.4238678041747,-892.7537959227818
growth,0,2,true,poisson_separate,including_loop,22,21,"((a,c.1),(b,c.2))",g21_o2,False,-606.7564921601073,-973.9513256877782
growth,0,2,hapibd,poisson_shared,loop_omitted,1,15,"((a,b.1),(b.2,c))",g15_o1,False,-193.75926060673856,-210.9581792408576
growth,0,2,hapibd,poisson_shared,loop_omitted,2,9,"((a.1,b),(a.2,c))",g09_o2,False,-324.35036267986163,-431.84113700859547
growth,0,2,hapibd,poisson_shared,loop_omitted,3,17,"(((a,c.1),b),c.2)",g17_o1,False,-408.2967682022557,-436.91057760935394
growth,0,2,hapibd,poisson_shared,loop_omitted,4,1,"((a,b),c)",g01_o1,False,-437.0693974366665,-442.8546788693296
growth,0,2,hapibd,poisson_shared,loop_omitted,5,16,"(((a,b),c.1),c.2)",g16_o2,False,-443.84691208258965,-466.9588307545183
growth,0,2,hapibd,poisson_shared,loop_omitted,6,11,"(((a,b.1),c),b.2)",g11_o1,False,-236.4832779993336,-683.5417118590316
growth,0,2,hapibd,poisson_shared,loop_omitted,7,10,"(((a,b.1),b.2),c)",g10_o1,False,-222.52808688421777,-700.6392836848245
growth,0,2,hapibd,poisson_shared,loop_omitted,8,19,"(((b,c.1),a),c.2)",g19_o1,False,-446.2283900205665,-701.0544559816111
growth,0,2,hapibd,poisson_shared,loop_omitted,9,5,"(((a.1,b),c),a.2)",g05_o1,False,-413.4803364201109,-805.2414222050124
growth,0,2,hapibd,poisson_shared,loop_omitted,10,4,"(((a.1,b),a.2),c)",g04_o1,False,-402.6787234360998,-810.2432350168158
growth,0,2,hapibd,poisson_shared,loop_omitted,11,14,"(((b.1,c),b.2),a)",g14_o1,False,-780.3149951911536,-867.1089137947606
growth,0,2,hapibd,poisson_shared,loop_omitted,12,18,"(((a,c.1),c.2),b)",g18_o1,False,-770.0375725577923,-872.3996225808993
growth,0,2,hapibd,poisson_shared,loop_omitted,13,13,"(((b.1,c),a),b.2)",g13_o1,False,-786.8196543393956,-873.447844105363
growth,0,2,hapibd,poisson_shared,loop_omitted,14,21,"((a,c.1),(b,c.2))",g21_o1,False,-818.2254214200941,-896.8379091346837
growth,0,2,hapibd,poisson_shared,loop_omitted,15,6,"(((a.1,c),a.2),b)",g06_o1,False,-893.9702530332042,-931.5927742314342
growth,0,2,hapibd,poisson_shared,loop_omitted,16,20,"(((b,c.1),c.2),a)",g20_o1,False,-904.5811723567341,-934.7209410835031
growth,0,2,hapibd,poisson_shared,loop_omitted,17,7,"(((a.1,c),b),a.2)",g07_o1,False,-876.0074118110489,-1036.1374810702432
growth,0,2,hapibd,poisson_shared,loop_omitted,18,12,"(((a,c),b.1),b.2)",g12_o1,False,-1195.1539547665914,-1259.1891336250967
growth,0,2,hapibd,poisson_shared,loop_omitted,19,8,"(((b,c),a.1),a.2)",g08_o1,False,-1230.5474006524896,-1272.844359993475
growth,0,2,hapibd,poisson_shared,loop_omitted,20,2,"((a,c),b)",g02_o1,False,-1272.89386902926,-1277.138852775803
growth,0,2,hapibd,poisson_shared,loop_omitted,21,3,"((b,c),a)",g03_o1,False,-1228.1767743941073,-1315.8842001816972
growth,0,2,hapibd,poisson_shared,including_loop,1,15,"((a,b.1),(b.2,c))",g15_o1,False,-193.75926060673856,-210.9581792408576
growth,0,2,hapibd,poisson_shared,including_loop,2,22,"b-loop + ((a,b.1),(b.2,c))",g22_o1,False,-201.54674988009535,-221.3560544032115
growth,0,2,hapibd,poisson_shared,including_loop,3,9,"((a.1,b),(a.2,c))",g09_o2,False,-324.35036267986163,-431.84113700859547
growth,0,2,hapibd,poisson_shared,including_loop,4,17,"(((a,c.1),b),c.2)",g17_o1,False,-408.2967682022557,-436.91057760935394
growth,0,2,hapibd,poisson_shared,including_loop,5,1,"((a,b),c)",g01_o1,False,-437.0693974366665,-442.8546788693296
growth,0,2,hapibd,poisson_shared,including_loop,6,16,"(((a,b),c.1),c.2)",g16_o2,False,-443.84691208258965,-466.9588307545183
growth,0,2,hapibd,poisson_shared,including_loop,7,11,"(((a,b.1),c),b.2)",g11_o1,False,-236.4832779993336,-683.5417118590316
growth,0,2,hapibd,poisson_shared,including_loop,8,10,"(((a,b.1),b.2),c)",g10_o1,False,-222.52808688421777,-700.6392836848245
growth,0,2,hapibd,poisson_shared,including_loop,9,19,"(((b,c.1),a),c.2)",g19_o1,False,-446.2283900205665,-701.0544559816111
growth,0,2,hapibd,poisson_shared,including_loop,10,5,"(((a.1,b),c),a.2)",g05_o1,False,-413.4803364201109,-805.2414222050124
growth,0,2,hapibd,poisson_shared,including_loop,11,4,"(((a.1,b),a.2),c)",g04_o1,False,-402.6787234360998,-810.2432350168158
growth,0,2,hapibd,poisson_shared,including_loop,12,14,"(((b.1,c),b.2),a)",g14_o1,False,-780.3149951911536,-867.1089137947606
growth,0,2,hapibd,poisson_shared,including_loop,13,18,"(((a,c.1),c.2),b)",g18_o1,False,-770.0375725577923,-872.3996225808993
growth,0,2,hapibd,poisson_shared,including_loop,14,13,"(((b.1,c),a),b.2)",g13_o1,False,-786.8196543393956,-873.447844105363
growth,0,2,hapibd,poisson_shared,including_loop,15,21,"((a,c.1),(b,c.2))",g21_o1,False,-818.2254214200941,-896.8379091346837
growth,0,2,hapibd,poisson_shared,including_loop,16,6,"(((a.1,c),a.2),b)",g06_o1,False,-893.9702530332042,-931.5927742314342
growth,0,2,hapibd,poisson_shared,including_loop,17,20,"(((b,c.1),c.2),a)",g20_o1,False,-904.5811723567341,-934.7209410835031
growth,0,2,hapibd,poisson_shared,including_loop,18,7,"(((a.1,c),b),a.2)",g07_o1,False,-876.0074118110489,-1036.1374810702432
growth,0,2,hapibd,poisson_shared,including_loop,19,12,"(((a,c),b.1),b.2)",g12_o1,False,-1195.1539547665914,-1259.1891336250967
growth,0,2,hapibd,poisson_shared,including_loop,20,8,"(((b,c),a.1),a.2)",g08_o1,False,-1230.5474006524896,-1272.844359993475
growth,0,2,hapibd,poisson_shared,including_loop,21,2,"((a,c),b)",g02_o1,False,-1272.89386902926,-1277.138852775803
growth,0,2,hapibd,poisson_shared,including_loop,22,3,"((b,c),a)",g03_o1,False,-1228.1767743941073,-1315.8842001816972
growth,0,2,hapibd,poisson_separate,loop_omitted,1,15,"((a,b.1),(b.2,c))",g15_o1,False,-214.06836610308932,-264.50602791478866
growth,0,2,hapibd,poisson_separate,loop_omitted,2,10,"(((a,b.1),b.2),c)",g10_o1,False,-226.04196817715626,-268.3894214322925
growth,0,2,hapibd,poisson_separate,loop_omitted,3,11,"(((a,b.1),c),b.2)",g11_o1,False,-227.34646615282915,-296.6008665261799
growth,0,2,hapibd,poisson_separate,loop_omitted,4,17,"(((a,c.1),b),c.2)",g17_o1,False,-278.5566997832927,-311.9106209482773
growth,0,2,hapibd,poisson_separate,loop_omitted,5,19,"(((b,c.1),a),c.2)",g19_o1,False,-269.31122991805785,-317.2559253076927
growth,0,2,hapibd,poisson_separate,loop_omitted,6,9,"((a.1,b),(a.2,c))",g09_o2,False,-266.882723940007,-331.90137039021636
growth,0,2,hapibd,poisson_separate,loop_omitted,7,1,"((a,b),c)",g01_o1,False,-248.1984001358874,-362.8985352718754
growth,0,2,hapibd,poisson_separate,loop_omitted,8,16,"(((a,b),c.1),c.2)",g16_o1,False,-277.7569299499437,-379.4239442893835
growth,0,2,hapibd,poisson_separate,loop_omitted,9,4,"(((a.1,b),a.2),c)",g04_o1,False,-270.5192885994813,-390.4240194669891
growth,0,2,hapibd,poisson_separate,loop_omitted,10,5,"(((a.1,b),c),a.2)",g05_o1,False,-274.16750009865365,-430.19530741975086
growth,0,2,hapibd,poisson_separate,loop_omitted,11,3,"((b,c),a)",g03_o1,False,-590.3881205004644,-610.417316226686
growth,0,2,hapibd,poisson_separate,loop_omitted,12,2,"((a,c),b)",g02_o1,False,-591.8060869016718,-633.3250912115622
growth,0,2,hapibd,poisson_separate,loop_omitted,13,7,"(((a.1,c),b),a.2)",g07_o1,False,-605.9896765091194,-651.1514834791355
growth,0,2,hapibd,poisson_separate,loop_omitted,14,13,"(((b.1,c),a),b.2)",g13_o1,False,-606.8887938234734,-663.2717555135147
growth,0,2,hapibd,poisson_separate,loop_omitted,15,14,"(((b.1,c),b.2),a)",g14_o1,False,-608.8031847658439,-665.0782584578768
growth,0,2,hapibd,poisson_separate,loop_omitted,16,20,"(((b,c.1),c.2),a)",g20_o1,False,-613.3645521171521,-668.1390738424205
growth,0,2,hapibd,poisson_separate,loop_omitted,17,6,"(((a.1,c),a.2),b)",g06_o1,False,-614.0075629315621,-671.8765924883089
growth,0,2,hapibd,poisson_separate,loop_omitted,18,18,"(((a,c.1),c.2),b)",g18_o1,False,-613.174837427387,-675.2520683999617
growth,0,2,hapibd,poisson_separate,loop_omitted,19,21,"((a,c.1),(b,c.2))",g21_o2,False,-612.8278591650514,-676.6595015791958
growth,0,2,hapibd,poisson_separate,loop_omitted,20,8,"(((b,c),a.1),a.2)",g08_o1,False,-609.9895056929839,-863.6511430569359
growth,0,2,hapibd,poisson_separate,loop_omitted,21,12,"(((a,c),b.1),b.2)",g12_o1,False,-616.185191187277,-973.4796430202523
growth,0,2,hapibd,poisson_separate,including_loop,1,15,"((a,b.1),(b.2,c))",g15_o1,False,-214.06836610308932,-264.50602791478866
growth,0,2,hapibd,poisson_separate,including_loop,2,10,"(((a,b.1),b.2),c)",g10_o1,False,-226.04196817715626,-268.3894214322925
growth,0,2,hapibd,poisson_separate,including_loop,3,22,"b-loop + ((a,b.1),(b.2,c))",g22_o2,False,-228.2292553731063,-273.0093155239569
growth,0,2,hapibd,poisson_separate,including_loop,4,11,"(((a,b.1),c),b.2)",g11_o1,False,-227.34646615282915,-296.6008665261799
growth,0,2,hapibd,poisson_separate,including_loop,5,17,"(((a,c.1),b),c.2)",g17_o1,False,-278.5566997832927,-311.9106209482773
growth,0,2,hapibd,poisson_separate,including_loop,6,19,"(((b,c.1),a),c.2)",g19_o1,False,-269.31122991805785,-317.2559253076927
growth,0,2,hapibd,poisson_separate,including_loop,7,9,"((a.1,b),(a.2,c))",g09_o2,False,-266.882723940007,-331.90137039021636
growth,0,2,hapibd,poisson_separate,including_loop,8,1,"((a,b),c)",g01_o1,False,-248.1984001358874,-362.8985352718754
growth,0,2,hapibd,poisson_separate,including_loop,9,16,"(((a,b),c.1),c.2)",g16_o1,False,-277.7569299499437,-379.4239442893835
growth,0,2,hapibd,poisson_separate,including_loop,10,4,"(((a.1,b),a.2),c)",g04_o1,False,-270.5192885994813,-390.4240194669891
growth,0,2,hapibd,poisson_separate,including_loop,11,5,"(((a.1,b),c),a.2)",g05_o1,False,-274.16750009865365,-430.19530741975086
growth,0,2,hapibd,poisson_separate,including_loop,12,3,"((b,c),a)",g03_o1,False,-590.3881205004644,-610.417316226686
growth,0,2,hapibd,poisson_separate,including_loop,13,2,"((a,c),b)",g02_o1,False,-591.8060869016718,-633.3250912115622
growth,0,2,hapibd,poisson_separate,including_loop,14,7,"(((a.1,c),b),a.2)",g07_o1,False,-605.9896765091194,-651.1514834791355
growth,0,2,hapibd,poisson_separate,including_loop,15,13,"(((b.1,c),a),b.2)",g13_o1,False,-606.8887938234734,-663.2717555135147
growth,0,2,hapibd,poisson_separate,including_loop,16,14,"(((b.1,c),b.2),a)",g14_o1,False,-608.8031847658439,-665.0782584578768
growth,0,2,hapibd,poisson_separate,including_loop,17,20,"(((b,c.1),c.2),a)",g20_o1,False,-613.3645521171521,-668.1390738424205
growth,0,2,hapibd,poisson_separate,including_loop,18,6,"(((a.1,c),a.2),b)",g06_o1,False,-614.0075629315621,-671.8765924883089
growth,0,2,hapibd,poisson_separate,including_loop,19,18,"(((a,c.1),c.2),b)",g18_o1,False,-613.174837427387,-675.2520683999617
growth,0,2,hapibd,poisson_separate,including_loop,20,21,"((a,c.1),(b,c.2))",g21_o2,False,-612.8278591650514,-676.6595015791958
growth,0,2,hapibd,poisson_separate,including_loop,21,8,"(((b,c),a.1),a.2)",g08_o1,False,-609.9895056929839,-863.6511430569359
growth,0,2,hapibd,poisson_separate,including_loop,22,12,"(((a,c),b.1),b.2)",g12_o1,False,-616.185191187277,-973.4796430202523
growth,0,3,true,poisson_shared,loop_omitted,1,15,"((a,b.1),(b.2,c))",g15_o1,False,-198.40142193331536,-216.8291002487038
growth,0,3,true,poisson_shared,loop_omitted,2,9,"((a.1,b),(a.2,c))",g09_o1,False,-353.0449294008412,-428.7860651754725
growth,0,3,true,poisson_shared,loop_omitted,3,17,"(((a,c.1),b),c.2)",g17_o1,False,-436.07506566171725,-454.61125900966704
growth,0,3,true,poisson_shared,loop_omitted,4,19,"(((b,c.1),a),c.2)",g19_o1,False,-490.307099502391,-503.3862300518085
growth,0,3,true,poisson_shared,loop_omitted,5,16,"(((a,b),c.1),c.2)",g16_o1,False,-484.0827632651225,-527.6975976328652
growth,0,3,true,poisson_shared,loop_omitted,6,10,"(((a,b.1),b.2),c)",g10_o1,False,-233.60703473283337,-719.8437689801248
growth,0,3,true,poisson_shared,loop_omitted,7,11,"(((a,b.1),c),b.2)",g11_o1,False,-233.17265292611316,-726.158649364694
growth,0,3,true,poisson_shared,loop_omitted,8,1,"((a,b),c)",g01_o1,False,-475.47437954876995,-834.2226159260485
growth,0,3,true,poisson_shared,loop_omitted,9,4,"(((a.1,b),a.2),c)",g04_o1,False,-430.77426243431285,-843.2442872979659
growth,0,3,true,poisson_shared,loop_omitted,10,13,"(((b.1,c),a),b.2)",g13_o1,False,-754.0926875944263,-848.3178660783516
growth,0,3,true,poisson_shared,loop_omitted,11,5,"(((a.1,b),c),a.2)",g05_o1,False,-435.977485247443,-854.9813548047928
growth,0,3,true,poisson_shared,loop_omitted,12,14,"(((b.1,c),b.2),a)",g14_o1,False,-751.4936651630688,-870.850279808892
growth,0,3,true,poisson_shared,loop_omitted,13,18,"(((a,c.1),c.2),b)",g18_o1,False,-794.9845772153745,-878.7901111995631
growth,0,3,true,poisson_shared,loop_omitted,14,20,"(((b,c.1),c.2),a)",g20_o1,False,-829.9347464636568,-901.8372206888904
growth,0,3,true,poisson_shared,loop_omitted,15,21,"((a,c.1),(b,c.2))",g21_o1,False,-844.3315929351662,-902.6716470922755
growth,0,3,true,poisson_shared,loop_omitted,16,7,"(((a.1,c),b),a.2)",g07_o1,False,-872.5875558695612,-931.7674563047736
growth,0,3,true,poisson_shared,loop_omitted,17,6,"(((a.1,c),a.2),b)",g06_o1,False,-888.6206391171427,-944.7196517510877
growth,0,3,true,poisson_shared,loop_omitted,18,2,"((a,c),b)",g02_o1,False,-1267.4673418080827,-1271.3690579982626
growth,0,3,true,poisson_shared,loop_omitted,19,8,"(((b,c),a.1),a.2)",g08_o1,False,-1228.4790007503861,-1273.098966014805
growth,0,3,true,poisson_shared,loop_omitted,20,12,"(((a,c),b.1),b.2)",g12_o1,False,-1160.895155929723,-1311.1886803018479
growth,0,3,true,poisson_shared,loop_omitted,21,3,"((b,c),a)",g03_o1,False,-1209.4125327242898,-1320.786439961482
growth,0,3,true,poisson_shared,including_loop,1,15,"((a,b.1),(b.2,c))",g15_o1,False,-198.40142193331536,-216.8291002487038
growth,0,3,true,poisson_shared,including_loop,2,22,"b-loop + ((a,b.1),(b.2,c))",g22_o1,False,-203.61297306491588,-227.68043488625779
growth,0,3,true,poisson_shared,including_loop,3,9,"((a.1,b),(a.2,c))",g09_o1,False,-353.0449294008412,-428.7860651754725
growth,0,3,true,poisson_shared,including_loop,4,17,"(((a,c.1),b),c.2)",g17_o1,False,-436.07506566171725,-454.61125900966704
growth,0,3,true,poisson_shared,including_loop,5,19,"(((b,c.1),a),c.2)",g19_o1,False,-490.307099502391,-503.3862300518085
growth,0,3,true,poisson_shared,including_loop,6,16,"(((a,b),c.1),c.2)",g16_o1,False,-484.0827632651225,-527.6975976328652
growth,0,3,true,poisson_shared,including_loop,7,10,"(((a,b.1),b.2),c)",g10_o1,False,-233.60703473283337,-719.8437689801248
growth,0,3,true,poisson_shared,including_loop,8,11,"(((a,b.1),c),b.2)",g11_o1,False,-233.17265292611316,-726.158649364694
growth,0,3,true,poisson_shared,including_loop,9,1,"((a,b),c)",g01_o1,False,-475.47437954876995,-834.2226159260485
growth,0,3,true,poisson_shared,including_loop,10,4,"(((a.1,b),a.2),c)",g04_o1,False,-430.77426243431285,-843.2442872979659
growth,0,3,true,poisson_shared,including_loop,11,13,"(((b.1,c),a),b.2)",g13_o1,False,-754.0926875944263,-848.3178660783516
growth,0,3,true,poisson_shared,including_loop,12,5,"(((a.1,b),c),a.2)",g05_o1,False,-435.977485247443,-854.9813548047928
growth,0,3,true,poisson_shared,including_loop,13,14,"(((b.1,c),b.2),a)",g14_o1,False,-751.4936651630688,-870.850279808892
growth,0,3,true,poisson_shared,including_loop,14,18,"(((a,c.1),c.2),b)",g18_o1,False,-794.9845772153745,-878.7901111995631
growth,0,3,true,poisson_shared,including_loop,15,20,"(((b,c.1),c.2),a)",g20_o1,False,-829.9347464636568,-901.8372206888904
growth,0,3,true,poisson_shared,including_loop,16,21,"((a,c.1),(b,c.2))",g21_o1,False,-844.3315929351662,-902.6716470922755
growth,0,3,true,poisson_shared,including_loop,17,7,"(((a.1,c),b),a.2)",g07_o1,False,-872.5875558695612,-931.7674563047736
growth,0,3,true,poisson_shared,including_loop,18,6,"(((a.1,c),a.2),b)",g06_o1,False,-888.6206391171427,-944.7196517510877
growth,0,3,true,poisson_shared,including_loop,19,2,"((a,c),b)",g02_o1,False,-1267.4673418080827,-1271.3690579982626
growth,0,3,true,poisson_shared,including_loop,20,8,"(((b,c),a.1),a.2)",g08_o1,False,-1228.4790007503861,-1273.098966014805
growth,0,3,true,poisson_shared,including_loop,21,12,"(((a,c),b.1),b.2)",g12_o1,False,-1160.895155929723,-1311.1886803018479
growth,0,3,true,poisson_shared,including_loop,22,3,"((b,c),a)",g03_o1,False,-1209.4125327242898,-1320.786439961482
growth,0,3,true,poisson_separate,loop_omitted,1,15,"((a,b.1),(b.2,c))",g15_o2,False,-213.33889727130844,-283.9377547856013
growth,0,3,true,poisson_separate,loop_omitted,2,1,"((a,b),c)",g01_o1,False,-262.8701039122506,-284.86473472203596
growth,0,3,true,poisson_separate,loop_omitted,3,10,"(((a,b.1),b.2),c)",g10_o1,False,-237.738765461692,-290.41476984006476
growth,0,3,true,poisson_separate,loop_omitted,4,19,"(((b,c.1),a),c.2)",g19_o1,False,-282.6815182355822,-329.7865606200634
growth,0,3,true,poisson_separate,loop_omitted,5,11,"(((a,b.1),c),b.2)",g11_o1,False,-242.90139598081248,-331.1696261288117
growth,0,3,true,poisson_separate,loop_omitted,6,5,"(((a.1,b),c),a.2)",g05_o1,False,-281.9125520024425,-373.3956052005923
growth,0,3,true,poisson_separate,loop_omitted,7,9,"((a.1,b),(a.2,c))",g09_o2,False,-283.8424138709581,-388.69505866982513
growth,0,3,true,poisson_separate,loop_omitted,8,4,"(((a.1,b),a.2),c)",g04_o1,False,-283.66911080928753,-402.9504807160933
growth,0,3,true,poisson_separate,loop_omitted,9,16,"(((a,b),c.1),c.2)",g16_o1,False,-285.7182699191879,-404.35483897081474
growth,0,3,true,poisson_separate,loop_omitted,10,17,"(((a,c.1),b),c.2)",g17_o1,False,-289.8634215146768,-415.10823290433643
growth,0,3,true,poisson_separate,loop_omitted,11,3,"((b,c),a)",g03_o1,False,-582.6045352353875,-628.3171843299692
growth,0,3,true,poisson_separate,loop_omitted,12,2,"((a,c),b)",g02_o1,False,-583.8274627526256,-633.5599401910769
growth,0,3,true,poisson_separate,loop_omitted,13,13,"(((b.1,c),a),b.2)",g13_o1,False,-604.5751757817101,-640.9088743603598
growth,0,3,true,poisson_separate,loop_omitted,14,7,"(((a.1,c),b),a.2)",g07_o1,False,-606.6351937763795,-648.1535653513296
growth,0,3,true,poisson_separate,loop_omitted,15,21,"((a,c.1),(b,c.2))",g21_o2,False,-605.177870362428,-649.0635437272144
growth,0,3,true,poisson_separate,loop_omitted,16,6,"(((a.1,c),a.2),b)",g06_o1,False,-612.6115968804113,-663.9472569269996
growth,0,3,true,poisson_separate,loop_omitted,17,14,"(((b.1,c),b.2),a)",g14_o1,False,-601.3040921439431,-697.7123103153256
growth,0,3,true,poisson_separate,loop_omitted,18,20,"(((b,c.1),c.2),a)",g20_o1,False,-603.0660488983414,-852.2589755045789
growth,0,3,true,poisson_separate,loop_omitted,19,8,"(((b,c),a.1),a.2)",g08_o1,False,-600.0228413037793,-870.8723360503842
growth,0,3,true,poisson_separate,loop_omitted,20,12,"(((a,c),b.1),b.2)",g12_o2,False,-604.8283161144125,-963.521490456251
growth,0,3,true,poisson_separate,loop_omitted,21,18,"(((a,c.1),c.2),b)",g18_o1,False,-599.3388337572244,-976.380363277273
growth,0,3,true,poisson_separate,including_loop,1,22,"b-loop + ((a,b.1),(b.2,c))",g22_o1,False,-223.27806342470194,-254.09726744384906
growth,0,3,true,poisson_separate,including_loop,2,15,"((a,b.1),(b.2,c))",g15_o2,False,-213.33889727130844,-283.9377547856013
growth,0,3,true,poisson_separate,including_loop,3,1,"((a,b),c)",g01_o1,False,-262.8701039122506,-284.86473472203596
growth,0,3,true,poisson_separate,including_loop,4,10,"(((a,b.1),b.2),c)",g10_o1,False,-237.738765461692,-290.41476984006476
growth,0,3,true,poisson_separate,including_loop,5,19,"(((b,c.1),a),c.2)",g19_o1,False,-282.6815182355822,-329.7865606200634
growth,0,3,true,poisson_separate,including_loop,6,11,"(((a,b.1),c),b.2)",g11_o1,False,-242.90139598081248,-331.1696261288117
growth,0,3,true,poisson_separate,including_loop,7,5,"(((a.1,b),c),a.2)",g05_o1,False,-281.9125520024425,-373.3956052005923
growth,0,3,true,poisson_separate,including_loop,8,9,"((a.1,b),(a.2,c))",g09_o2,False,-283.8424138709581,-388.69505866982513
growth,0,3,true,poisson_separate,including_loop,9,4,"(((a.1,b),a.2),c)",g04_o1,False,-283.66911080928753,-402.9504807160933
growth,0,3,true,poisson_separate,including_loop,10,16,"(((a,b),c.1),c.2)",g16_o1,False,-285.7182699191879,-404.35483897081474
growth,0,3,true,poisson_separate,including_loop,11,17,"(((a,c.1),b),c.2)",g17_o1,False,-289.8634215146768,-415.10823290433643
growth,0,3,true,poisson_separate,including_loop,12,3,"((b,c),a)",g03_o1,False,-582.6045352353875,-628.3171843299692
growth,0,3,true,poisson_separate,including_loop,13,2,"((a,c),b)",g02_o1,False,-583.8274627526256,-633.5599401910769
growth,0,3,true,poisson_separate,including_loop,14,13,"(((b.1,c),a),b.2)",g13_o1,False,-604.5751757817101,-640.9088743603598
growth,0,3,true,poisson_separate,including_loop,15,7,"(((a.1,c),b),a.2)",g07_o1,False,-606.6351937763795,-648.1535653513296
growth,0,3,true,poisson_separate,including_loop,16,21,"((a,c.1),(b,c.2))",g21_o2,False,-605.177870362428,-649.0635437272144
growth,0,3,true,poisson_separate,including_loop,17,6,"(((a.1,c),a.2),b)",g06_o1,False,-612.6115968804113,-663.9472569269996
growth,0,3,true,poisson_separate,including_loop,18,14,"(((b.1,c),b.2),a)",g14_o1,False,-601.3040921439431,-697.7123103153256
growth,0,3,true,poisson_separate,including_loop,19,20,"(((b,c.1),c.2),a)",g20_o1,False,-603.0660488983414,-852.2589755045789
growth,0,3,true,poisson_separate,including_loop,20,8,"(((b,c),a.1),a.2)",g08_o1,False,-600.0228413037793,-870.8723360503842
growth,0,3,true,poisson_separate,including_loop,21,12,"(((a,c),b.1),b.2)",g12_o2,False,-604.8283161144125,-963.521490456251
growth,0,3,true,poisson_separate,including_loop,22,18,"(((a,c.1),c.2),b)",g18_o1,False,-599.3388337572244,-976.380363277273
growth,0,3,hapibd,poisson_shared,loop_omitted,1,15,"((a,b.1),(b.2,c))",g15_o1,False,-197.34730908297837,-211.58896390681736
growth,0,3,hapibd,poisson_shared,loop_omitted,2,9,"((a.1,b),(a.2,c))",g09_o2,False,-343.29808420893295,-461.31954135486296
growth,0,3,hapibd,poisson_shared,loop_omitted,3,17,"(((a,c.1),b),c.2)",g17_o1,False,-434.26507226545584,-467.9549698870865
growth,0,3,hapibd,poisson_shared,loop_omitted,4,1,"((a,b),c)",g01_o1,False,-472.3364715025775,-478.1280157098974
growth,0,3,hapibd,poisson_shared,loop_omitted,5,16,"(((a,b),c.1),c.2)",g16_o1,False,-487.44824263172006,-508.83989611616846
growth,0,3,hapibd,poisson_shared,loop_omitted,6,19,"(((b,c.1),a),c.2)",g19_o1,False,-490.4612886719103,-696.4226764801361
growth,0,3,hapibd,poisson_shared,loop_omitted,7,10,"(((a,b.1),b.2),c)",g10_o1,False,-230.46999908082736,-700.5636441554088
growth,0,3,hapibd,poisson_shared,loop_omitted,8,11,"(((a,b.1),c),b.2)",g11_o1,False,-229.00849739111482,-717.3684157238849
growth,0,3,hapibd,poisson_shared,loop_omitted,9,4,"(((a.1,b),a.2),c)",g04_o1,False,-431.1988164639437,-828.55516061671
growth,0,3,hapibd,poisson_shared,loop_omitted,10,5,"(((a.1,b),c),a.2)",g05_o1,False,-440.5352213672312,-842.4758352793788
growth,0,3,hapibd,poisson_shared,loop_omitted,11,13,"(((b.1,c),a),b.2)",g13_o1,False,-745.9825700721217,-844.5779508380964
growth,0,3,hapibd,poisson_shared,loop_omitted,12,14,"(((b.1,c),b.2),a)",g14_o1,False,-743.3781727591896,-858.8811106438708
growth,0,3,hapibd,poisson_shared,loop_omitted,13,18,"(((a,c.1),c.2),b)",g18_o1,False,-855.8754224098556,-903.1228974386772
growth,0,3,hapibd,poisson_shared,loop_omitted,14,21,"((a,c.1),(b,c.2))",g21_o1,False,-878.1433557694286,-917.6777147085637
growth,0,3,hapibd,poisson_shared,loop_omitted,15,6,"(((a.1,c),a.2),b)",g06_o1,False,-883.6002419363449,-943.5927008899888
growth,0,3,hapibd,poisson_shared,loop_omitted,16,20,"(((b,c.1),c.2),a)",g20_o1,False,-902.1744755884423,-966.1230159820545
growth,0,3,hapibd,poisson_shared,loop_omitted,17,7,"(((a.1,c),b),a.2)",g07_o1,False,-878.2548741460255,-1066.5035568103965
growth,0,3,hapibd,poisson_shared,loop_omitted,18,3,"((b,c),a)",g03_o1,False,-1211.1918039151697,-1218.122113368008
growth,0,3,hapibd,poisson_shared,loop_omitted,19,8,"(((b,c),a.1),a.2)",g08_o1,False,-1220.7353433838302,-1255.0872358858453
growth,0,3,hapibd,poisson_shared,loop_omitted,20,2,"((a,c),b)",g02_o1,False,-1268.5012164633918,-1273.3970283761726
growth,0,3,hapibd,poisson_shared,loop_omitted,21,12,"(((a,c),b.1),b.2)",g12_o1,False,-1170.9043481021338,-1276.3712413798798
growth,0,3,hapibd,poisson_shared,including_loop,1,15,"((a,b.1),(b.2,c))",g15_o1,False,-197.34730908297837,-211.58896390681736
growth,0,3,hapibd,poisson_shared,including_loop,2,22,"b-loop + ((a,b.1),(b.2,c))",g22_o1,False,-204.18841033161544,-232.95400717468834
growth,0,3,hapibd,poisson_shared,including_loop,3,9,"((a.1,b),(a.2,c))",g09_o2,False,-343.29808420893295,-461.31954135486296
growth,0,3,hapibd,poisson_shared,including_loop,4,17,"(((a,c.1),b),c.2)",g17_o1,False,-434.26507226545584,-467.9549698870865
growth,0,3,hapibd,poisson_shared,including_loop,5,1,"((a,b),c)",g01_o1,False,-472.3364715025775,-478.1280157098974
growth,0,3,hapibd,poisson_shared,including_loop,6,16,"(((a,b),c.1),c.2)",g16_o1,False,-487.44824263172006,-508.83989611616846
growth,0,3,hapibd,poisson_shared,including_loop,7,19,"(((b,c.1),a),c.2)",g19_o1,False,-490.4612886719103,-696.4226764801361
growth,0,3,hapibd,poisson_shared,including_loop,8,10,"(((a,b.1),b.2),c)",g10_o1,False,-230.46999908082736,-700.5636441554088
growth,0,3,hapibd,poisson_shared,including_loop,9,11,"(((a,b.1),c),b.2)",g11_o1,False,-229.00849739111482,-717.3684157238849
growth,0,3,hapibd,poisson_shared,including_loop,10,4,"(((a.1,b),a.2),c)",g04_o1,False,-431.1988164639437,-828.55516061671
growth,0,3,hapibd,poisson_shared,including_loop,11,5,"(((a.1,b),c),a.2)",g05_o1,False,-440.5352213672312,-842.4758352793788
growth,0,3,hapibd,poisson_shared,including_loop,12,13,"(((b.1,c),a),b.2)",g13_o1,False,-745.9825700721217,-844.5779508380964
growth,0,3,hapibd,poisson_shared,including_loop,13,14,"(((b.1,c),b.2),a)",g14_o1,False,-743.3781727591896,-858.8811106438708
growth,0,3,hapibd,poisson_shared,including_loop,14,18,"(((a,c.1),c.2),b)",g18_o1,False,-855.8754224098556,-903.1228974386772
growth,0,3,hapibd,poisson_shared,including_loop,15,21,"((a,c.1),(b,c.2))",g21_o1,False,-878.1433557694286,-917.6777147085637
growth,0,3,hapibd,poisson_shared,including_loop,16,6,"(((a.1,c),a.2),b)",g06_o1,False,-883.6002419363449,-943.5927008899888
growth,0,3,hapibd,poisson_shared,including_loop,17,20,"(((b,c.1),c.2),a)",g20_o1,False,-902.1744755884423,-966.1230159820545
growth,0,3,hapibd,poisson_shared,including_loop,18,7,"(((a.1,c),b),a.2)",g07_o1,False,-878.2548741460255,-1066.5035568103965
growth,0,3,hapibd,poisson_shared,including_loop,19,3,"((b,c),a)",g03_o1,False,-1211.1918039151697,-1218.122113368008
growth,0,3,hapibd,poisson_shared,including_loop,20,8,"(((b,c),a.1),a.2)",g08_o1,False,-1220.7353433838302,-1255.0872358858453
growth,0,3,hapibd,poisson_shared,including_loop,21,2,"((a,c),b)",g02_o1,False,-1268.5012164633918,-1273.3970283761726
growth,0,3,hapibd,poisson_shared,including_loop,22,12,"(((a,c),b.1),b.2)",g12_o1,False,-1170.9043481021338,-1276.3712413798798
growth,0,3,hapibd,poisson_separate,loop_omitted,1,11,"(((a,b.1),c),b.2)",g11_o1,False,-231.94121483906568,-266.30088408970676
growth,0,3,hapibd,poisson_separate,loop_omitted,2,1,"((a,b),c)",g01_o1,False,-249.77942941454276,-275.41571092602686
growth,0,3,hapibd,poisson_separate,loop_omitted,3,10,"(((a,b.1),b.2),c)",g10_o1,False,-227.67570509613842,-278.58691774270426
growth,0,3,hapibd,poisson_separate,loop_omitted,4,15,"((a,b.1),(b.2,c))",g15_o2,False,-209.0037473914268,-305.15302173280196
growth,0,3,hapibd,poisson_separate,loop_omitted,5,9,"((a.1,b),(a.2,c))",g09_o2,False,-278.3199881797827,-317.78993580561263
growth,0,3,hapibd,poisson_separate,loop_omitted,6,17,"(((a,c.1),b),c.2)",g17_o1,False,-274.921714034934,-325.278832212584
growth,0,3,hapibd,poisson_separate,loop_omitted,7,19,"(((b,c.1),a),c.2)",g19_o1,False,-280.7356974828387,-325.48965536139184
growth,0,3,hapibd,poisson_separate,loop_omitted,8,4,"(((a.1,b),a.2),c)",g04_o1,False,-280.6194288289254,-395.12200522571885
growth,0,3,hapibd,poisson_separate,loop_omitted,9,16,"(((a,b),c.1),c.2)",g16_o1,False,-282.6982565730136,-411.21811449948495
growth,0,3,hapibd,poisson_separate,loop_omitted,10,5,"(((a.1,b),c),a.2)",g05_o1,False,-276.6147269525243,-440.8241174368413
growth,0,3,hapibd,poisson_separate,loop_omitted,11,2,"((a,c),b)",g02_o1,False,-581.2022847630966,-617.0799373615496
growth,0,3,hapibd,poisson_separate,loop_omitted,12,14,"(((b.1,c),b.2),a)",g14_o1,False,-589.3143753972613,-641.8207265303973
growth,0,3,hapibd,poisson_separate,loop_omitted,13,7,"(((a.1,c),b),a.2)",g07_o1,False,-599.772950017947,-645.1672295874732
growth,0,3,hapibd,poisson_separate,loop_omitted,14,13,"(((b.1,c),a),b.2)",g13_o1,False,-590.3299170029146,-648.6674597460701
growth,0,3,hapibd,poisson_separate,loop_omitted,15,6,"(((a.1,c),a.2),b)",g06_o1,False,-597.2108241262606,-666.1826874899531
growth,0,3,hapibd,poisson_separate,loop_omitted,16,21,"((a,c.1),(b,c.2))",g21_o2,False,-592.7151851671911,-671.9790617940803
growth,0,3,hapibd,poisson_separate,loop_omitted,17,8,"(((b,c),a.1),a.2)",g08_o1,False,-588.0417395759025,-839.4360847967575
growth,0,3,hapibd,poisson_separate,loop_omitted,18,20,"(((b,c.1),c.2),a)",g20_o1,False,-592.7684638881285,-877.5640731934806
growth,0,3,hapibd,poisson_separate,loop_omitted,19,12,"(((a,c),b.1),b.2)",g12_o2,False,-597.7529150088288,-904.7864983983029
growth,0,3,hapibd,poisson_separate,loop_omitted,20,3,"((b,c),a)",g03_o1,False,-574.342692254101,-926.2750838876416
growth,0,3,hapibd,poisson_separate,loop_omitted,21,18,"(((a,c.1),c.2),b)",g18_o1,False,-598.8517450501448,-986.4723125627073
growth,0,3,hapibd,poisson_separate,including_loop,1,22,"b-loop + ((a,b.1),(b.2,c))",g22_o1,False,-225.62517286379548,-248.54493623139723
growth,0,3,hapibd,poisson_separate,including_loop,2,11,"(((a,b.1),c),b.2)",g11_o1,False,-231.94121483906568,-266.30088408970676
growth,0,3,hapibd,poisson_separate,including_loop,3,1,"((a,b),c)",g01_o1,False,-249.77942941454276,-275.41571092602686
growth,0,3,hapibd,poisson_separate,including_loop,4,10,"(((a,b.1),b.2),c)",g10_o1,False,-227.67570509613842,-278.58691774270426
growth,0,3,hapibd,poisson_separate,including_loop,5,15,"((a,b.1),(b.2,c))",g15_o2,False,-209.0037473914268,-305.15302173280196
growth,0,3,hapibd,poisson_separate,including_loop,6,9,"((a.1,b),(a.2,c))",g09_o2,False,-278.3199881797827,-317.78993580561263
growth,0,3,hapibd,poisson_separate,including_loop,7,17,"(((a,c.1),b),c.2)",g17_o1,False,-274.921714034934,-325.278832212584
growth,0,3,hapibd,poisson_separate,including_loop,8,19,"(((b,c.1),a),c.2)",g19_o1,False,-280.7356974828387,-325.48965536139184
growth,0,3,hapibd,poisson_separate,including_loop,9,4,"(((a.1,b),a.2),c)",g04_o1,False,-280.6194288289254,-395.12200522571885
growth,0,3,hapibd,poisson_separate,including_loop,10,16,"(((a,b),c.1),c.2)",g16_o1,False,-282.6982565730136,-411.21811449948495
growth,0,3,hapibd,poisson_separate,including_loop,11,5,"(((a.1,b),c),a.2)",g05_o1,False,-276.6147269525243,-440.8241174368413
growth,0,3,hapibd,poisson_separate,including_loop,12,2,"((a,c),b)",g02_o1,False,-581.2022847630966,-617.0799373615496
growth,0,3,hapibd,poisson_separate,including_loop,13,14,"(((b.1,c),b.2),a)",g14_o1,False,-589.3143753972613,-641.8207265303973
growth,0,3,hapibd,poisson_separate,including_loop,14,7,"(((a.1,c),b),a.2)",g07_o1,False,-599.772950017947,-645.1672295874732
growth,0,3,hapibd,poisson_separate,including_loop,15,13,"(((b.1,c),a),b.2)",g13_o1,False,-590.3299170029146,-648.6674597460701
growth,0,3,hapibd,poisson_separate,including_loop,16,6,"(((a.1,c),a.2),b)",g06_o1,False,-597.2108241262606,-666.1826874899531
growth,0,3,hapibd,poisson_separate,including_loop,17,21,"((a,c.1),(b,c.2))",g21_o2,False,-592.7151851671911,-671.9790617940803
growth,0,3,hapibd,poisson_separate,including_loop,18,8,"(((b,c),a.1),a.2)",g08_o1,False,-588.0417395759025,-839.4360847967575
growth,0,3,hapibd,poisson_separate,including_loop,19,20,"(((b,c.1),c.2),a)",g20_o1,False,-592.7684638881285,-877.5640731934806
growth,0,3,hapibd,poisson_separate,including_loop,20,12,"(((a,c),b.1),b.2)",g12_o2,False,-597.7529150088288,-904.7864983983029
growth,0,3,hapibd,poisson_separate,including_loop,21,3,"((b,c),a)",g03_o1,False,-574.342692254101,-926.2750838876416
growth,0,3,hapibd,poisson_separate,including_loop,22,18,"(((a,c.1),c.2),b)",g18_o1,False,-598.8517450501448,-986.4723125627073
growth,0,4,true,poisson_shared,loop_omitted,1,15,"((a,b.1),(b.2,c))",g15_o1,False,-192.26311950993247,-212.7088297338382
growth,0,4,true,poisson_shared,loop_omitted,2,11,"(((a,b.1),c),b.2)",g11_o1,False,-218.63487031310615,-239.4260598008858
growth,0,4,true,poisson_shared,loop_omitted,3,9,"((a.1,b),(a.2,c))",g09_o1,False,-313.13535460471525,-377.9656601225409
growth,0,4,true,poisson_shared,loop_omitted,4,17,"(((a,c.1),b),c.2)",g17_o1,False,-375.93183233987753,-398.7350714040863
growth,0,4,true,poisson_shared,loop_omitted,5,16,"(((a,b),c.1),c.2)",g16_o2,False,-428.1086822507943,-445.3990024972704
growth,0,4,true,poisson_shared,loop_omitted,6,19,"(((b,c.1),a),c.2)",g19_o1,False,-430.2939174963699,-449.53896190968516
growth,0,4,true,poisson_shared,loop_omitted,7,10,"(((a,b.1),b.2),c)",g10_o1,False,-219.08770727034806,-683.0891782879245
growth,0,4,true,poisson_shared,loop_omitted,8,1,"((a,b),c)",g01_o1,False,-415.64137193050493,-775.6113460476269
growth,0,4,true,poisson_shared,loop_omitted,9,5,"(((a.1,b),c),a.2)",g05_o1,False,-377.99768942922856,-778.6266190204667
growth,0,4,true,poisson_shared,loop_omitted,10,4,"(((a.1,b),a.2),c)",g04_o1,False,-378.2559679431567,-793.7630972227781
growth,0,4,true,poisson_shared,loop_omitted,11,18,"(((a,c.1),c.2),b)",g18_o1,False,-741.3407541225939,-851.067789003461
growth,0,4,true,poisson_shared,loop_omitted,12,14,"(((b.1,c),b.2),a)",g14_o1,False,-760.7002039552656,-854.9667819168181
growth,0,4,true,poisson_shared,loop_omitted,13,13,"(((b.1,c),a),b.2)",g13_o1,False,-768.6122169030261,-862.4701539642728
growth,0,4,true,poisson_shared,loop_omitted,14,7,"(((a.1,c),b),a.2)",g07_o1,False,-850.7963552659071,-874.8386132883066
growth,0,4,true,poisson_shared,loop_omitted,15,21,"((a,c.1),(b,c.2))",g21_o1,False,-796.3188334718257,-884.2463436224648
growth,0,4,true,poisson_shared,loop_omitted,16,6,"(((a.1,c),a.2),b)",g06_o1,False,-863.1957841348357,-910.2605990853453
growth,0,4,true,poisson_shared,loop_omitted,17,20,"(((b,c.1),c.2),a)",g20_o1,False,-883.5668986332474,-911.953421296112
growth,0,4,true,poisson_shared,loop_omitted,18,3,"((b,c),a)",g03_o1,False,-1209.5328233192786,-1216.1069274771296
growth,0,4,true,poisson_shared,loop_omitted,19,8,"(((b,c),a.1),a.2)",g08_o1,False,-1219.3165752020786,-1256.1061562624554
growth,0,4,true,poisson_shared,loop_omitted,20,12,"(((a,c),b.1),b.2)",g12_o1,False,-1183.677429485298,-1258.9054420854673
growth,0,4,true,poisson_shared,loop_omitted,21,2,"((a,c),b)",g02_o1,False,-1258.1544430900196,-1263.8902357075913
growth,0,4,true,poisson_shared,including_loop,1,15,"((a,b.1),(b.2,c))",g15_o1,False,-192.26311950993247,-212.7088297338382
growth,0,4,true,poisson_shared,including_loop,2,22,"b-loop + ((a,b.1),(b.2,c))",g22_o1,False,-200.45412716898227,-224.7476524648424
growth,0,4,true,poisson_shared,including_loop,3,11,"(((a,b.1),c),b.2)",g11_o1,False,-218.63487031310615,-239.4260598008858
growth,0,4,true,poisson_shared,including_loop,4,9,"((a.1,b),(a.2,c))",g09_o1,False,-313.13535460471525,-377.9656601225409
growth,0,4,true,poisson_shared,including_loop,5,17,"(((a,c.1),b),c.2)",g17_o1,False,-375.93183233987753,-398.7350714040863
growth,0,4,true,poisson_shared,including_loop,6,16,"(((a,b),c.1),c.2)",g16_o2,False,-428.1086822507943,-445.3990024972704
growth,0,4,true,poisson_shared,including_loop,7,19,"(((b,c.1),a),c.2)",g19_o1,False,-430.2939174963699,-449.53896190968516
growth,0,4,true,poisson_shared,including_loop,8,10,"(((a,b.1),b.2),c)",g10_o1,False,-219.08770727034806,-683.0891782879245
growth,0,4,true,poisson_shared,including_loop,9,1,"((a,b),c)",g01_o1,False,-415.64137193050493,-775.6113460476269
growth,0,4,true,poisson_shared,including_loop,10,5,"(((a.1,b),c),a.2)",g05_o1,False,-377.99768942922856,-778.6266190204667
growth,0,4,true,poisson_shared,including_loop,11,4,"(((a.1,b),a.2),c)",g04_o1,False,-378.2559679431567,-793.7630972227781
growth,0,4,true,poisson_shared,including_loop,12,18,"(((a,c.1),c.2),b)",g18_o1,False,-741.3407541225939,-851.067789003461
growth,0,4,true,poisson_shared,including_loop,13,14,"(((b.1,c),b.2),a)",g14_o1,False,-760.7002039552656,-854.9667819168181
growth,0,4,true,poisson_shared,including_loop,14,13,"(((b.1,c),a),b.2)",g13_o1,False,-768.6122169030261,-862.4701539642728
growth,0,4,true,poisson_shared,including_loop,15,7,"(((a.1,c),b),a.2)",g07_o1,False,-850.7963552659071,-874.8386132883066
growth,0,4,true,poisson_shared,including_loop,16,21,"((a,c.1),(b,c.2))",g21_o1,False,-796.3188334718257,-884.2463436224648
growth,0,4,true,poisson_shared,including_loop,17,6,"(((a.1,c),a.2),b)",g06_o1,False,-863.1957841348357,-910.2605990853453
growth,0,4,true,poisson_shared,including_loop,18,20,"(((b,c.1),c.2),a)",g20_o1,False,-883.5668986332474,-911.953421296112
growth,0,4,true,poisson_shared,including_loop,19,3,"((b,c),a)",g03_o1,False,-1209.5328233192786,-1216.1069274771296
growth,0,4,true,poisson_shared,including_loop,20,8,"(((b,c),a.1),a.2)",g08_o1,False,-1219.3165752020786,-1256.1061562624554
growth,0,4,true,poisson_shared,including_loop,21,12,"(((a,c),b.1),b.2)",g12_o1,False,-1183.677429485298,-1258.9054420854673
growth,0,4,true,poisson_shared,including_loop,22,2,"((a,c),b)",g02_o1,False,-1258.1544430900196,-1263.8902357075913
growth,0,4,true,poisson_separate,loop_omitted,1,10,"(((a,b.1),b.2),c)",g10_o1,False,-221.25588331373137,-269.2240353843974
growth,0,4,true,poisson_separate,loop_omitted,2,15,"((a,b.1),(b.2,c))",g15_o2,False,-210.43177505539182,-269.2508152548564
growth,0,4,true,poisson_separate,loop_omitted,3,11,"(((a,b.1),c),b.2)",g11_o1,False,-224.1925281193513,-288.5879740795814
growth,0,4,true,poisson_separate,loop_omitted,4,17,"(((a,c.1),b),c.2)",g17_o1,False,-264.427036644942,-299.9765336233518
growth,0,4,true,poisson_separate,loop_omitted,5,1,"((a,b),c)",g01_o1,False,-241.5315783290341,-326.67900111936046
growth,0,4,true,poisson_separate,loop_omitted,6,5,"(((a.1,b),c),a.2)",g05_o1,False,-261.7072987099392,-331.32732636166253
growth,0,4,true,poisson_separate,loop_omitted,7,19,"(((b,c.1),a),c.2)",g19_o1,False,-266.0279648755049,-344.39423574417265
growth,0,4,true,poisson_separate,loop_omitted,8,9,"((a.1,b),(a.2,c))",g09_o2,False,-265.4301348333822,-344.6671022686101
growth,0,4,true,poisson_separate,loop_omitted,9,16,"(((a,b),c.1),c.2)",g16_o1,False,-266.8878801098866,-369.55050478246284
growth,0,4,true,poisson_separate,loop_omitted,10,4,"(((a.1,b),a.2),c)",g04_o1,False,-258.9570586225394,-387.19816577917857
growth,0,4,true,poisson_separate,loop_omitted,11,3,"((b,c),a)",g03_o1,False,-576.1288967877787,-606.1308280776487
growth,0,4,true,poisson_separate,loop_omitted,12,6,"(((a.1,c),a.2),b)",g06_o1,False,-585.8804791284023,-629.2069816898002
growth,0,4,true,poisson_separate,loop_omitted,13,21,"((a,c.1),(b,c.2))",g21_o2,False,-589.1821681028679,-635.4192095757496
growth,0,4,true,poisson_separate,loop_omitted,14,7,"(((a.1,c),b),a.2)",g07_o1,False,-589.9223996718409,-635.5985519982356
growth,0,4,true,poisson_separate,loop_omitted,15,20,"(((b,c.1),c.2),a)",g20_o1,False,-592.5385966782795,-635.8846447255587
growth,0,4,true,poisson_separate,loop_omitted,16,13,"(((b.1,c),a),b.2)",g13_o1,False,-598.8693189674393,-637.4891574991353
growth,0,4,true,poisson_separate,loop_omitted,17,2,"((a,c),b)",g02_o1,False,-574.248130808707,-650.8628766749372
growth,0,4,true,poisson_separate,loop_omitted,18,14,"(((b.1,c),b.2),a)",g14_o1,False,-594.4920110148717,-651.8636265073201
growth,0,4,true,poisson_separate,loop_omitted,19,8,"(((b,c),a.1),a.2)",g08_o1,False,-591.882236004817,-824.6787726593874
growth,0,4,true,poisson_separate,loop_omitted,20,12,"(((a,c),b.1),b.2)",g12_o1,False,-604.8514849476413,-870.3752911029683
growth,0,4,true,poisson_separate,loop_omitted,21,18,"(((a,c.1),c.2),b)",g18_o1,False,-595.0257088932063,-943.3439064782855
growth,0,4,true,poisson_separate,including_loop,1,22,"b-loop + ((a,b.1),(b.2,c))",g22_o2,False,-227.26128865642227,-259.99126923741164
growth,0,4,true,poisson_separate,including_loop,2,10,"(((a,b.1),b.2),c)",g10_o1,False,-221.25588331373137,-269.2240353843974
growth,0,4,true,poisson_separate,including_loop,3,15,"((a,b.1),(b.2,c))",g15_o2,False,-210.43177505539182,-269.2508152548564
growth,0,4,true,poisson_separate,including_loop,4,11,"(((a,b.1),c),b.2)",g11_o1,False,-224.1925281193513,-288.5879740795814
growth,0,4,true,poisson_separate,including_loop,5,17,"(((a,c.1),b),c.2)",g17_o1,False,-264.427036644942,-299.9765336233518
growth,0,4,true,poisson_separate,including_loop,6,1,"((a,b),c)",g01_o1,False,-241.5315783290341,-326.67900111936046
growth,0,4,true,poisson_separate,including_loop,7,5,"(((a.1,b),c),a.2)",g05_o1,False,-261.7072987099392,-331.32732636166253
growth,0,4,true,poisson_separate,including_loop,8,19,"(((b,c.1),a),c.2)",g19_o1,False,-266.0279648755049,-344.39423574417265
growth,0,4,true,poisson_separate,including_loop,9,9,"((a.1,b),(a.2,c))",g09_o2,False,-265.4301348333822,-344.6671022686101
growth,0,4,true,poisson_separate,including_loop,10,16,"(((a,b),c.1),c.2)",g16_o1,False,-266.8878801098866,-369.55050478246284
growth,0,4,true,poisson_separate,including_loop,11,4,"(((a.1,b),a.2),c)",g04_o1,False,-258.9570586225394,-387.19816577917857
growth,0,4,true,poisson_separate,including_loop,12,3,"((b,c),a)",g03_o1,False,-576.1288967877787,-606.1308280776487
growth,0,4,true,poisson_separate,including_loop,13,6,"(((a.1,c),a.2),b)",g06_o1,False,-585.8804791284023,-629.2069816898002
growth,0,4,true,poisson_separate,including_loop,14,21,"((a,c.1),(b,c.2))",g21_o2,False,-589.1821681028679,-635.4192095757496
growth,0,4,true,poisson_separate,including_loop,15,7,"(((a.1,c),b),a.2)",g07_o1,False,-589.9223996718409,-635.5985519982356
growth,0,4,true,poisson_separate,including_loop,16,20,"(((b,c.1),c.2),a)",g20_o1,False,-592.5385966782795,-635.8846447255587
growth,0,4,true,poisson_separate,including_loop,17,13,"(((b.1,c),a),b.2)",g13_o1,False,-598.8693189674393,-637.4891574991353
growth,0,4,true,poisson_separate,including_loop,18,2,"((a,c),b)",g02_o1,False,-574.248130808707,-650.8628766749372
growth,0,4,true,poisson_separate,including_loop,19,14,"(((b.1,c),b.2),a)",g14_o1,False,-594.4920110148717,-651.8636265073201
growth,0,4,true,poisson_separate,including_loop,20,8,"(((b,c),a.1),a.2)",g08_o1,False,-591.882236004817,-824.6787726593874
growth,0,4,true,poisson_separate,including_loop,21,12,"(((a,c),b.1),b.2)",g12_o1,False,-604.8514849476413,-870.3752911029683
growth,0,4,true,poisson_separate,including_loop,22,18,"(((a,c.1),c.2),b)",g18_o1,False,-595.0257088932063,-943.3439064782855
growth,0,4,hapibd,poisson_shared,loop_omitted,1,15,"((a,b.1),(b.2,c))",g15_o1,False,-196.56288526280463,-213.17259055251327
growth,0,4,hapibd,poisson_shared,loop_omitted,2,9,"((a.1,b),(a.2,c))",g09_o1,False,-314.4681233368726,-375.02427026234193
growth,0,4,hapibd,poisson_shared,loop_omitted,3,17,"(((a,c.1),b),c.2)",g17_o1,False,-374.55795665441053,-397.93684616597136
growth,0,4,hapibd,poisson_shared,loop_omitted,4,16,"(((a,b),c.1),c.2)",g16_o2,False,-423.27344369929403,-445.71752938861357
growth,0,4,hapibd,poisson_shared,loop_omitted,5,19,"(((b,c.1),a),c.2)",g19_o1,False,-422.61984325796504,-471.1731956029261
growth,0,4,hapibd,poisson_shared,loop_omitted,6,11,"(((a,b.1),c),b.2)",g11_o1,False,-225.44983624315884,-594.5765528607483
growth,0,4,hapibd,poisson_shared,loop_omitted,7,10,"(((a,b.1),b.2),c)",g10_o1,False,-216.7307730331356,-675.2873375301612
growth,0,4,hapibd,poisson_shared,loop_omitted,8,1,"((a,b),c)",g01_o1,False,-412.99178831807296,-771.0760320508817
growth,0,4,hapibd,poisson_shared,loop_omitted,9,5,"(((a.1,b),c),a.2)",g05_o1,False,-375.6886965922036,-777.1622394996199
growth,0,4,hapibd,poisson_shared,loop_omitted,10,4,"(((a.1,b),a.2),c)",g04_o1,False,-370.32211707078136,-798.6645729231893
growth,0,4,hapibd,poisson_shared,loop_omitted,11,14,"(((b.1,c),b.2),a)",g14_o1,False,-735.6038401640245,-810.6893711667483
growth,0,4,hapibd,poisson_shared,loop_omitted,12,13,"(((b.1,c),a),b.2)",g13_o1,False,-743.0453731568451,-820.9100221899366
growth,0,4,hapibd,poisson_shared,loop_omitted,13,18,"(((a,c.1),c.2),b)",g18_o1,False,-751.6291076173083,-849.8605998253745
growth,0,4,hapibd,poisson_shared,loop_omitted,14,21,"((a,c.1),(b,c.2))",g21_o2,False,-770.4585695310004,-878.544729555651
growth,0,4,hapibd,poisson_shared,loop_omitted,15,7,"(((a.1,c),b),a.2)",g07_o1,False,-833.1380344780813,-881.795447068551
growth,0,4,hapibd,poisson_shared,loop_omitted,16,6,"(((a.1,c),a.2),b)",g06_o1,False,-839.1722866695928,-896.1710176591486
growth,0,4,hapibd,poisson_shared,loop_omitted,17,20,"(((b,c.1),c.2),a)",g20_o1,False,-860.6992138664051,-911.660627481481
growth,0,4,hapibd,poisson_shared,loop_omitted,18,3,"((b,c),a)",g03_o1,False,-1174.2661265491831,-1179.8478608197865
growth,0,4,hapibd,poisson_shared,loop_omitted,19,12,"(((a,c),b.1),b.2)",g12_o1,False,-1130.6930612275953,-1201.3771911465528
growth,0,4,hapibd,poisson_shared,loop_omitted,20,2,"((a,c),b)",g02_o1,False,-1224.5081672921106,-1229.4349684573167
growth,0,4,hapibd,poisson_shared,loop_omitted,21,8,"(((b,c),a.1),a.2)",g08_o1,False,-1192.2583143049121,-1232.2987154658113
growth,0,4,hapibd,poisson_shared,including_loop,1,15,"((a,b.1),(b.2,c))",g15_o1,False,-196.56288526280463,-213.17259055251327
growth,0,4,hapibd,poisson_shared,including_loop,2,22,"b-loop + ((a,b.1),(b.2,c))",g22_o1,False,-203.98010758662784,-219.54302588688816
growth,0,4,hapibd,poisson_shared,including_loop,3,9,"((a.1,b),(a.2,c))",g09_o1,False,-314.4681233368726,-375.02427026234193
growth,0,4,hapibd,poisson_shared,including_loop,4,17,"(((a,c.1),b),c.2)",g17_o1,False,-374.55795665441053,-397.93684616597136
growth,0,4,hapibd,poisson_shared,including_loop,5,16,"(((a,b),c.1),c.2)",g16_o2,False,-423.27344369929403,-445.71752938861357
growth,0,4,hapibd,poisson_shared,including_loop,6,19,"(((b,c.1),a),c.2)",g19_o1,False,-422.61984325796504,-471.1731956029261
growth,0,4,hapibd,poisson_shared,including_loop,7,11,"(((a,b.1),c),b.2)",g11_o1,False,-225.44983624315884,-594.5765528607483
growth,0,4,hapibd,poisson_shared,including_loop,8,10,"(((a,b.1),b.2),c)",g10_o1,False,-216.7307730331356,-675.2873375301612
growth,0,4,hapibd,poisson_shared,including_loop,9,1,"((a,b),c)",g01_o1,False,-412.99178831807296,-771.0760320508817
growth,0,4,hapibd,poisson_shared,including_loop,10,5,"(((a.1,b),c),a.2)",g05_o1,False,-375.6886965922036,-777.1622394996199
growth,0,4,hapibd,poisson_shared,including_loop,11,4,"(((a.1,b),a.2),c)",g04_o1,False,-370.32211707078136,-798.6645729231893
growth,0,4,hapibd,poisson_shared,including_loop,12,14,"(((b.1,c),b.2),a)",g14_o1,False,-735.6038401640245,-810.6893711667483
growth,0,4,hapibd,poisson_shared,including_loop,13,13,"(((b.1,c),a),b.2)",g13_o1,False,-743.0453731568451,-820.9100221899366
growth,0,4,hapibd,poisson_shared,including_loop,14,18,"(((a,c.1),c.2),b)",g18_o1,False,-751.6291076173083,-849.8605998253745
growth,0,4,hapibd,poisson_shared,including_loop,15,21,"((a,c.1),(b,c.2))",g21_o2,False,-770.4585695310004,-878.544729555651
growth,0,4,hapibd,poisson_shared,including_loop,16,7,"(((a.1,c),b),a.2)",g07_o1,False,-833.1380344780813,-881.795447068551
growth,0,4,hapibd,poisson_shared,including_loop,17,6,"(((a.1,c),a.2),b)",g06_o1,False,-839.1722866695928,-896.1710176591486
growth,0,4,hapibd,poisson_shared,including_loop,18,20,"(((b,c.1),c.2),a)",g20_o1,False,-860.6992138664051,-911.660627481481
growth,0,4,hapibd,poisson_shared,including_loop,19,3,"((b,c),a)",g03_o1,False,-1174.2661265491831,-1179.8478608197865
growth,0,4,hapibd,poisson_shared,including_loop,20,12,"(((a,c),b.1),b.2)",g12_o1,False,-1130.6930612275953,-1201.3771911465528
growth,0,4,hapibd,poisson_shared,including_loop,21,2,"((a,c),b)",g02_o1,False,-1224.5081672921106,-1229.4349684573167
growth,0,4,hapibd,poisson_shared,including_loop,22,8,"(((b,c),a.1),a.2)",g08_o1,False,-1192.2583143049121,-1232.2987154658113
growth,0,4,hapibd,poisson_separate,loop_omitted,1,11,"(((a,b.1),c),b.2)",g11_o1,False,-219.42988552668984,-254.82662391899956
growth,0,4,hapibd,poisson_separate,loop_omitted,2,10,"(((a,b.1),b.2),c)",g10_o1,False,-219.92492291634923,-255.23976626627135
growth,0,4,hapibd,poisson_separate,loop_omitted,3,1,"((a,b),c)",g01_o1,False,-245.85759668249008,-265.84946094831594
growth,0,4,hapibd,poisson_separate,loop_omitted,4,15,"((a,b.1),(b.2,c))",g15_o2,False,-211.9031679655518,-287.0166843452002
growth,0,4,hapibd,poisson_separate,loop_omitted,5,17,"(((a,c.1),b),c.2)",g17_o1,False,-263.36079552325225,-321.89517542574487
growth,0,4,hapibd,poisson_separate,loop_omitted,6,9,"((a.1,b),(a.2,c))",g09_o2,False,-264.5509287531429,-323.7034691686001
growth,0,4,hapibd,poisson_separate,loop_omitted,7,19,"(((b,c.1),a),c.2)",g19_o1,False,-271.35912199246155,-347.15445180360996
growth,0,4,hapibd,poisson_separate,loop_omitted,8,4,"(((a.1,b),a.2),c)",g04_o1,False,-260.3979883162637,-379.6511531371343
growth,0,4,hapibd,poisson_separate,loop_omitted,9,16,"(((a,b),c.1),c.2)",g16_o2,False,-267.42448091650397,-387.1598325863775
growth,0,4,hapibd,poisson_separate,loop_omitted,10,5,"(((a.1,b),c),a.2)",g05_o1,False,-257.7222835263185,-414.5886025606855
growth,0,4,hapibd,poisson_separate,loop_omitted,11,3,"((b,c),a)",g03_o1,False,-562.0351270999718,-589.9506710396072
growth,0,4,hapibd,poisson_separate,loop_omitted,12,2,"((a,c),b)",g02_o1,False,-569.3776079049245,-615.393292171158
growth,0,4,hapibd,poisson_separate,loop_omitted,13,7,"(((a.1,c),b),a.2)",g07_o1,False,-588.5767117484127,-619.1309215996881
growth,0,4,hapibd,poisson_separate,loop_omitted,14,6,"(((a.1,c),a.2),b)",g06_o1,False,-578.5799236299299,-631.4551049018589
growth,0,4,hapibd,poisson_separate,loop_omitted,15,21,"((a,c.1),(b,c.2))",g21_o2,False,-582.7307672686501,-642.1856551260851
growth,0,4,hapibd,poisson_separate,loop_omitted,16,14,"(((b.1,c),b.2),a)",g14_o1,False,-584.222948725794,-651.805933301559
growth,0,4,hapibd,poisson_separate,loop_omitted,17,20,"(((b,c.1),c.2),a)",g20_o1,False,-596.7564959546908,-656.2911505462139
growth,0,4,hapibd,poisson_separate,loop_omitted,18,12,"(((a,c),b.1),b.2)",g12_o1,False,-582.2069695054363,-709.410465804773
growth,0,4,hapibd,poisson_separate,loop_omitted,19,8,"(((b,c),a.1),a.2)",g08_o1,False,-578.2945467502585,-821.3368463756292
growth,0,4,hapibd,poisson_separate,loop_omitted,20,13,"(((b.1,c),a),b.2)",g13_o1,False,-586.3558377569882,-918.5054227383677
growth,0,4,hapibd,poisson_separate,loop_omitted,21,18,"(((a,c.1),c.2),b)",g18_o1,False,-580.028735480739,-921.9128172901059
growth,0,4,hapibd,poisson_separate,including_loop,1,11,"(((a,b.1),c),b.2)",g11_o1,False,-219.42988552668984,-254.82662391899956
growth,0,4,hapibd,poisson_separate,including_loop,2,10,"(((a,b.1),b.2),c)",g10_o1,False,-219.92492291634923,-255.23976626627135
growth,0,4,hapibd,poisson_separate,including_loop,3,22,"b-loop + ((a,b.1),(b.2,c))",g22_o2,False,-232.583210399066,-265.7010748859869
growth,0,4,hapibd,poisson_separate,including_loop,4,1,"((a,b),c)",g01_o1,False,-245.85759668249008,-265.84946094831594
growth,0,4,hapibd,poisson_separate,including_loop,5,15,"((a,b.1),(b.2,c))",g15_o2,False,-211.9031679655518,-287.0166843452002
growth,0,4,hapibd,poisson_separate,including_loop,6,17,"(((a,c.1),b),c.2)",g17_o1,False,-263.36079552325225,-321.89517542574487
growth,0,4,hapibd,poisson_separate,including_loop,7,9,"((a.1,b),(a.2,c))",g09_o2,False,-264.5509287531429,-323.7034691686001
growth,0,4,hapibd,poisson_separate,including_loop,8,19,"(((b,c.1),a),c.2)",g19_o1,False,-271.35912199246155,-347.15445180360996
growth,0,4,hapibd,poisson_separate,including_loop,9,4,"(((a.1,b),a.2),c)",g04_o1,False,-260.3979883162637,-379.6511531371343
growth,0,4,hapibd,poisson_separate,including_loop,10,16,"(((a,b),c.1),c.2)",g16_o2,False,-267.42448091650397,-387.1598325863775
growth,0,4,hapibd,poisson_separate,including_loop,11,5,"(((a.1,b),c),a.2)",g05_o1,False,-257.7222835263185,-414.5886025606855
growth,0,4,hapibd,poisson_separate,including_loop,12,3,"((b,c),a)",g03_o1,False,-562.0351270999718,-589.9506710396072
growth,0,4,hapibd,poisson_separate,including_loop,13,2,"((a,c),b)",g02_o1,False,-569.3776079049245,-615.393292171158
growth,0,4,hapibd,poisson_separate,including_loop,14,7,"(((a.1,c),b),a.2)",g07_o1,False,-588.5767117484127,-619.1309215996881
growth,0,4,hapibd,poisson_separate,including_loop,15,6,"(((a.1,c),a.2),b)",g06_o1,False,-578.5799236299299,-631.4551049018589
growth,0,4,hapibd,poisson_separate,including_loop,16,21,"((a,c.1),(b,c.2))",g21_o2,False,-582.7307672686501,-642.1856551260851
growth,0,4,hapibd,poisson_separate,including_loop,17,14,"(((b.1,c),b.2),a)",g14_o1,False,-584.222948725794,-651.805933301559
growth,0,4,hapibd,poisson_separate,including_loop,18,20,"(((b,c.1),c.2),a)",g20_o1,False,-596.7564959546908,-656.2911505462139
growth,0,4,hapibd,poisson_separate,including_loop,19,12,"(((a,c),b.1),b.2)",g12_o1,False,-582.2069695054363,-709.410465804773
growth,0,4,hapibd,poisson_separate,including_loop,20,8,"(((b,c),a.1),a.2)",g08_o1,False,-578.2945467502585,-821.3368463756292
growth,0,4,hapibd,poisson_separate,including_loop,21,13,"(((b.1,c),a),b.2)",g13_o1,False,-586.3558377569882,-918.5054227383677
growth,0,4,hapibd,poisson_separate,including_loop,22,18,"(((a,c.1),c.2),b)",g18_o1,False,-580.028735480739,-921.9128172901059
growth,0,5,true,poisson_shared,loop_omitted,1,15,"((a,b.1),(b.2,c))",g15_o1,False,-195.09600187336346,-209.64181502011874
growth,0,5,true,poisson_shared,loop_omitted,2,9,"((a.1,b),(a.2,c))",g09_o1,False,-320.97342214202905,-386.5257434105526
growth,0,5,true,poisson_shared,loop_omitted,3,5,"(((a.1,b),c),a.2)",g05_o1,False,-336.5255569285444,-402.64363052882766
growth,0,5,true,poisson_shared,loop_omitted,4,17,"(((a,c.1),b),c.2)",g17_o1,False,-391.95117632732405,-429.4750380603904
growth,0,5,true,poisson_shared,loop_omitted,5,16,"(((a,b),c.1),c.2)",g16_o2,False,-422.46113783318657,-454.6619129403175
growth,0,5,true,poisson_shared,loop_omitted,6,19,"(((b,c.1),a),c.2)",g19_o1,False,-420.8768233084697,-607.293254106478
growth,0,5,true,poisson_shared,loop_omitted,7,11,"(((a,b.1),c),b.2)",g11_o1,False,-237.38104412226593,-694.759883784741
growth,0,5,true,poisson_shared,loop_omitted,8,10,"(((a,b.1),b.2),c)",g10_o1,False,-231.48735238824165,-704.4031282045282
growth,0,5,true,poisson_shared,loop_omitted,9,4,"(((a.1,b),a.2),c)",g04_o1,False,-391.0993468130378,-804.1980995980526
growth,0,5,true,poisson_shared,loop_omitted,10,1,"((a,b),c)",g01_o1,False,-419.2068275276443,-810.3986357488707
growth,0,5,true,poisson_shared,loop_omitted,11,14,"(((b.1,c),b.2),a)",g14_o1,False,-771.4896256707807,-849.9749782807954
growth,0,5,true,poisson_shared,loop_omitted,12,21,"((a,c.1),(b,c.2))",g21_o1,False,-762.8098260776707,-856.4693365355529
growth,0,5,true,poisson_shared,loop_omitted,13,18,"(((a,c.1),c.2),b)",g18_o1,False,-757.1240657345497,-864.9589306540643
growth,0,5,true,poisson_shared,loop_omitted,14,6,"(((a.1,c),a.2),b)",g06_o1,False,-877.2046075834194,-893.4000383531373
growth,0,5,true,poisson_shared,loop_omitted,15,7,"(((a.1,c),b),a.2)",g07_o1,False,-867.0853980387332,-904.4838204933427
growth,0,5,true,poisson_shared,loop_omitted,16,13,"(((b.1,c),a),b.2)",g13_o1,False,-806.5030796825891,-913.6911466629741
growth,0,5,true,poisson_shared,loop_omitted,17,20,"(((b,c.1),c.2),a)",g20_o1,False,-889.557336092443,-945.2426524533231
growth,0,5,true,poisson_shared,loop_omitted,18,12,"(((a,c),b.1),b.2)",g12_o1,False,-1196.126360203044,-1248.8488711217028
growth,0,5,true,poisson_shared,loop_omitted,19,8,"(((b,c),a.1),a.2)",g08_o2,False,-1195.122635113895,-1274.7348544021647
growth,0,5,true,poisson_shared,loop_omitted,20,2,"((a,c),b)",g02_o1,False,-1279.4307852944453,-1285.6354975868744
growth,0,5,true,poisson_shared,loop_omitted,21,3,"((b,c),a)",g03_o1,False,-1236.8822315630523,-1317.742433468938
growth,0,5,true,poisson_shared,including_loop,1,15,"((a,b.1),(b.2,c))",g15_o1,False,-195.09600187336346,-209.64181502011874
growth,0,5,true,poisson_shared,including_loop,2,22,"b-loop + ((a,b.1),(b.2,c))",g22_o1,False,-201.56991566985616,-226.70301061181638
growth,0,5,true,poisson_shared,including_loop,3,9,"((a.1,b),(a.2,c))",g09_o1,False,-320.97342214202905,-386.5257434105526
growth,0,5,true,poisson_shared,including_loop,4,5,"(((a.1,b),c),a.2)",g05_o1,False,-336.5255569285444,-402.64363052882766
growth,0,5,true,poisson_shared,including_loop,5,17,"(((a,c.1),b),c.2)",g17_o1,False,-391.95117632732405,-429.4750380603904
growth,0,5,true,poisson_shared,including_loop,6,16,"(((a,b),c.1),c.2)",g16_o2,False,-422.46113783318657,-454.6619129403175
growth,0,5,true,poisson_shared,including_loop,7,19,"(((b,c.1),a),c.2)",g19_o1,False,-420.8768233084697,-607.293254106478
growth,0,5,true,poisson_shared,including_loop,8,11,"(((a,b.1),c),b.2)",g11_o1,False,-237.38104412226593,-694.759883784741
growth,0,5,true,poisson_shared,including_loop,9,10,"(((a,b.1),b.2),c)",g10_o1,False,-231.48735238824165,-704.4031282045282
growth,0,5,true,poisson_shared,including_loop,10,4,"(((a.1,b),a.2),c)",g04_o1,False,-391.0993468130378,-804.1980995980526
growth,0,5,true,poisson_shared,including_loop,11,1,"((a,b),c)",g01_o1,False,-419.2068275276443,-810.3986357488707
growth,0,5,true,poisson_shared,including_loop,12,14,"(((b.1,c),b.2),a)",g14_o1,False,-771.4896256707807,-849.9749782807954
growth,0,5,true,poisson_shared,including_loop,13,21,"((a,c.1),(b,c.2))",g21_o1,False,-762.8098260776707,-856.4693365355529
growth,0,5,true,poisson_shared,including_loop,14,18,"(((a,c.1),c.2),b)",g18_o1,False,-757.1240657345497,-864.9589306540643
growth,0,5,true,poisson_shared,including_loop,15,6,"(((a.1,c),a.2),b)",g06_o1,False,-877.2046075834194,-893.4000383531373
growth,0,5,true,poisson_shared,including_loop,16,7,"(((a.1,c),b),a.2)",g07_o1,False,-867.0853980387332,-904.4838204933427
growth,0,5,true,poisson_shared,including_loop,17,13,"(((b.1,c),a),b.2)",g13_o1,False,-806.5030796825891,-913.6911466629741
growth,0,5,true,poisson_shared,including_loop,18,20,"(((b,c.1),c.2),a)",g20_o1,False,-889.557336092443,-945.2426524533231
growth,0,5,true,poisson_shared,including_loop,19,12,"(((a,c),b.1),b.2)",g12_o1,False,-1196.126360203044,-1248.8488711217028
growth,0,5,true,poisson_shared,including_loop,20,8,"(((b,c),a.1),a.2)",g08_o2,False,-1195.122635113895,-1274.7348544021647
growth,0,5,true,poisson_shared,including_loop,21,2,"((a,c),b)",g02_o1,False,-1279.4307852944453,-1285.6354975868744
growth,0,5,true,poisson_shared,including_loop,22,3,"((b,c),a)",g03_o1,False,-1236.8822315630523,-1317.742433468938
growth,0,5,true,poisson_separate,loop_omitted,1,11,"(((a,b.1),c),b.2)",g11_o1,False,-236.0612006905354,-254.38590349167347
growth,0,5,true,poisson_separate,loop_omitted,2,1,"((a,b),c)",g01_o1,False,-246.25778941889905,-265.43676613781446
growth,0,5,true,poisson_separate,loop_omitted,3,15,"((a,b.1),(b.2,c))",g15_o2,False,-210.37692098624947,-274.68740639811494
growth,0,5,true,poisson_separate,loop_omitted,4,10,"(((a,b.1),b.2),c)",g10_o1,False,-236.88627792593866,-283.1864693820637
growth,0,5,true,poisson_separate,loop_omitted,5,19,"(((b,c.1),a),c.2)",g19_o1,False,-255.01286114604142,-292.99694680704954
growth,0,5,true,poisson_separate,loop_omitted,6,17,"(((a,c.1),b),c.2)",g17_o1,False,-263.17678410790984,-301.08603426117577
growth,0,5,true,poisson_separate,loop_omitted,7,16,"(((a,b),c.1),c.2)",g16_o1,False,-265.85978824655103,-319.7635669896121
growth,0,5,true,poisson_separate,loop_omitted,8,9,"((a.1,b),(a.2,c))",g09_o2,False,-262.81735596906003,-329.0630840147886
growth,0,5,true,poisson_separate,loop_omitted,9,4,"(((a.1,b),a.2),c)",g04_o1,False,-267.778218070197,-379.69902973956414
growth,0,5,true,poisson_separate,loop_omitted,10,5,"(((a.1,b),c),a.2)",g05_o1,False,-266.0538631023226,-472.4438666294624
growth,0,5,true,poisson_separate,loop_omitted,11,2,"((a,c),b)",g02_o1,False,-578.373460720351,-601.0812941966423
growth,0,5,true,poisson_separate,loop_omitted,12,3,"((b,c),a)",g03_o1,False,-574.7879674730216,-605.8310499263433
growth,0,5,true,poisson_separate,loop_omitted,13,7,"(((a.1,c),b),a.2)",g07_o1,False,-601.9402983910104,-641.1108676846795
growth,0,5,true,poisson_separate,loop_omitted,14,14,"(((b.1,c),b.2),a)",g14_o1,False,-590.9821662830285,-645.2938053919387
growth,0,5,true,poisson_separate,loop_omitted,15,6,"(((a.1,c),a.2),b)",g06_o1,False,-594.761870316899,-659.4544407588656
growth,0,5,true,poisson_separate,loop_omitted,16,21,"((a,c.1),(b,c.2))",g21_o2,False,-596.6976667895798,-747.1942390152125
growth,0,5,true,poisson_separate,loop_omitted,17,8,"(((b,c),a.1),a.2)",g08_o1,False,-592.3557261867728,-816.3859865859764
growth,0,5,true,poisson_separate,loop_omitted,18,20,"(((b,c.1),c.2),a)",g20_o1,False,-598.5631881675961,-835.7807290009588
growth,0,5,true,poisson_separate,loop_omitted,19,12,"(((a,c),b.1),b.2)",g12_o2,False,-605.5682415186775,-881.5108622109423
growth,0,5,true,poisson_separate,loop_omitted,20,18,"(((a,c.1),c.2),b)",g18_o1,False,-601.7272218594928,-953.2509783237113
growth,0,5,true,poisson_separate,loop_omitted,21,13,"(((b.1,c),a),b.2)",g13_o1,False,-593.246690899316,-1000.3938975959068
growth,0,5,true,poisson_separate,including_loop,1,22,"b-loop + ((a,b.1),(b.2,c))",g22_o1,False,-225.95638230456618,-250.36395646939215
growth,0,5,true,poisson_separate,including_loop,2,11,"(((a,b.1),c),b.2)",g11_o1,False,-236.0612006905354,-254.38590349167347
growth,0,5,true,poisson_separate,including_loop,3,1,"((a,b),c)",g01_o1,False,-246.25778941889905,-265.43676613781446
growth,0,5,true,poisson_separate,including_loop,4,15,"((a,b.1),(b.2,c))",g15_o2,False,-210.37692098624947,-274.68740639811494
growth,0,5,true,poisson_separate,including_loop,5,10,"(((a,b.1),b.2),c)",g10_o1,False,-236.88627792593866,-283.1864693820637
growth,0,5,true,poisson_separate,including_loop,6,19,"(((b,c.1),a),c.2)",g19_o1,False,-255.01286114604142,-292.99694680704954
growth,0,5,true,poisson_separate,including_loop,7,17,"(((a,c.1),b),c.2)",g17_o1,False,-263.17678410790984,-301.08603426117577
growth,0,5,true,poisson_separate,including_loop,8,16,"(((a,b),c.1),c.2)",g16_o1,False,-265.85978824655103,-319.7635669896121
growth,0,5,true,poisson_separate,including_loop,9,9,"((a.1,b),(a.2,c))",g09_o2,False,-262.81735596906003,-329.0630840147886
growth,0,5,true,poisson_separate,including_loop,10,4,"(((a.1,b),a.2),c)",g04_o1,False,-267.778218070197,-379.69902973956414
growth,0,5,true,poisson_separate,including_loop,11,5,"(((a.1,b),c),a.2)",g05_o1,False,-266.0538631023226,-472.4438666294624
growth,0,5,true,poisson_separate,including_loop,12,2,"((a,c),b)",g02_o1,False,-578.373460720351,-601.0812941966423
growth,0,5,true,poisson_separate,including_loop,13,3,"((b,c),a)",g03_o1,False,-574.7879674730216,-605.8310499263433
growth,0,5,true,poisson_separate,including_loop,14,7,"(((a.1,c),b),a.2)",g07_o1,False,-601.9402983910104,-641.1108676846795
growth,0,5,true,poisson_separate,including_loop,15,14,"(((b.1,c),b.2),a)",g14_o1,False,-590.9821662830285,-645.2938053919387
growth,0,5,true,poisson_separate,including_loop,16,6,"(((a.1,c),a.2),b)",g06_o1,False,-594.761870316899,-659.4544407588656
growth,0,5,true,poisson_separate,including_loop,17,21,"((a,c.1),(b,c.2))",g21_o2,False,-596.6976667895798,-747.1942390152125
growth,0,5,true,poisson_separate,including_loop,18,8,"(((b,c),a.1),a.2)",g08_o1,False,-592.3557261867728,-816.3859865859764
growth,0,5,true,poisson_separate,including_loop,19,20,"(((b,c.1),c.2),a)",g20_o1,False,-598.5631881675961,-835.7807290009588
growth,0,5,true,poisson_separate,including_loop,20,12,"(((a,c),b.1),b.2)",g12_o2,False,-605.5682415186775,-881.5108622109423
growth,0,5,true,poisson_separate,including_loop,21,18,"(((a,c.1),c.2),b)",g18_o1,False,-601.7272218594928,-953.2509783237113
growth,0,5,true,poisson_separate,including_loop,22,13,"(((b.1,c),a),b.2)",g13_o1,False,-593.246690899316,-1000.3938975959068
growth,0,5,hapibd,poisson_shared,loop_omitted,1,15,"((a,b.1),(b.2,c))",g15_o1,False,-193.4582102103053,-208.33655903150319
growth,0,5,hapibd,poisson_shared,loop_omitted,2,9,"((a.1,b),(a.2,c))",g09_o1,False,-317.7996168287465,-380.401168629272
growth,0,5,hapibd,poisson_shared,loop_omitted,3,17,"(((a,c.1),b),c.2)",g17_o1,False,-394.5902003951108,-414.21392568170984
growth,0,5,hapibd,poisson_shared,loop_omitted,4,16,"(((a,b),c.1),c.2)",g16_o2,False,-421.1141919406612,-442.83427283285283
growth,0,5,hapibd,poisson_shared,loop_omitted,5,19,"(((b,c.1),a),c.2)",g19_o1,False,-418.07822466060003,-449.2420731436852
growth,0,5,hapibd,poisson_shared,loop_omitted,6,11,"(((a,b.1),c),b.2)",g11_o1,False,-237.22760484326977,-680.6874942582201
growth,0,5,hapibd,poisson_shared,loop_omitted,7,1,"((a,b),c)",g01_o1,False,-416.50274857581974,-763.0087633604122
growth,0,5,hapibd,poisson_shared,loop_omitted,8,5,"(((a.1,b),c),a.2)",g05_o1,False,-397.03528672344953,-776.0046321354331
growth,0,5,hapibd,poisson_shared,loop_omitted,9,4,"(((a.1,b),a.2),c)",g04_o1,False,-396.0865813907992,-790.6732045717748
growth,0,5,hapibd,poisson_shared,loop_omitted,10,14,"(((b.1,c),b.2),a)",g14_o1,False,-728.5998893337779,-806.4155694240305
growth,0,5,hapibd,poisson_shared,loop_omitted,11,13,"(((b.1,c),a),b.2)",g13_o1,False,-734.0981329092704,-822.1611421851612
growth,0,5,hapibd,poisson_shared,loop_omitted,12,18,"(((a,c.1),c.2),b)",g18_o1,False,-728.6256321110708,-825.6848337823625
growth,0,5,hapibd,poisson_shared,loop_omitted,13,21,"((a,c.1),(b,c.2))",g21_o1,False,-753.6148362473783,-826.7792573714161
growth,0,5,hapibd,poisson_shared,loop_omitted,14,20,"(((b,c.1),c.2),a)",g20_o1,False,-793.9844566300801,-868.5819880726366
growth,0,5,hapibd,poisson_shared,loop_omitted,15,10,"(((a,b.1),b.2),c)",g10_o1,False,-231.82904695104162,-874.6389384606285
growth,0,5,hapibd,poisson_shared,loop_omitted,16,6,"(((a.1,c),a.2),b)",g06_o1,False,-838.1358806535,-882.1144579793203
growth,0,5,hapibd,poisson_shared,loop_omitted,17,7,"(((a.1,c),b),a.2)",g07_o1,False,-821.2387146646313,-1004.7426201884933
growth,0,5,hapibd,poisson_shared,loop_omitted,18,3,"((b,c),a)",g03_o1,False,-1180.7994678149507,-1210.6326363632902
growth,0,5,hapibd,poisson_shared,loop_omitted,19,12,"(((a,c),b.1),b.2)",g12_o1,False,-1144.1223723555054,-1217.4251280035273
growth,0,5,hapibd,poisson_shared,loop_omitted,20,2,"((a,c),b)",g02_o1,False,-1229.1388872618934,-1234.6585244358098
growth,0,5,hapibd,poisson_shared,loop_omitted,21,8,"(((b,c),a.1),a.2)",g08_o1,False,-1214.4725515443263,-1244.2388070302718
growth,0,5,hapibd,poisson_shared,including_loop,1,15,"((a,b.1),(b.2,c))",g15_o1,False,-193.4582102103053,-208.33655903150319
growth,0,5,hapibd,poisson_shared,including_loop,2,22,"b-loop + ((a,b.1),(b.2,c))",g22_o1,False,-199.8118333937219,-222.86180948465108
growth,0,5,hapibd,poisson_shared,including_loop,3,9,"((a.1,b),(a.2,c))",g09_o1,False,-317.7996168287465,-380.401168629272
growth,0,5,hapibd,poisson_shared,including_loop,4,17,"(((a,c.1),b),c.2)",g17_o1,False,-394.5902003951108,-414.21392568170984
growth,0,5,hapibd,poisson_shared,including_loop,5,16,"(((a,b),c.1),c.2)",g16_o2,False,-421.1141919406612,-442.83427283285283
growth,0,5,hapibd,poisson_shared,including_loop,6,19,"(((b,c.1),a),c.2)",g19_o1,False,-418.07822466060003,-449.2420731436852
growth,0,5,hapibd,poisson_shared,including_loop,7,11,"(((a,b.1),c),b.2)",g11_o1,False,-237.22760484326977,-680.6874942582201
growth,0,5,hapibd,poisson_shared,including_loop,8,1,"((a,b),c)",g01_o1,False,-416.50274857581974,-763.0087633604122
growth,0,5,hapibd,poisson_shared,including_loop,9,5,"(((a.1,b),c),a.2)",g05_o1,False,-397.03528672344953,-776.0046321354331
growth,0,5,hapibd,poisson_shared,including_loop,10,4,"(((a.1,b),a.2),c)",g04_o1,False,-396.0865813907992,-790.6732045717748
growth,0,5,hapibd,poisson_shared,including_loop,11,14,"(((b.1,c),b.2),a)",g14_o1,False,-728.5998893337779,-806.4155694240305
growth,0,5,hapibd,poisson_shared,including_loop,12,13,"(((b.1,c),a),b.2)",g13_o1,False,-734.0981329092704,-822.1611421851612
growth,0,5,hapibd,poisson_shared,including_loop,13,18,"(((a,c.1),c.2),b)",g18_o1,False,-728.6256321110708,-825.6848337823625
growth,0,5,hapibd,poisson_shared,including_loop,14,21,"((a,c.1),(b,c.2))",g21_o1,False,-753.6148362473783,-826.7792573714161
growth,0,5,hapibd,poisson_shared,including_loop,15,20,"(((b,c.1),c.2),a)",g20_o1,False,-793.9844566300801,-868.5819880726366
growth,0,5,hapibd,poisson_shared,including_loop,16,10,"(((a,b.1),b.2),c)",g10_o1,False,-231.82904695104162,-874.6389384606285
growth,0,5,hapibd,poisson_shared,including_loop,17,6,"(((a.1,c),a.2),b)",g06_o1,False,-838.1358806535,-882.1144579793203
growth,0,5,hapibd,poisson_shared,including_loop,18,7,"(((a.1,c),b),a.2)",g07_o1,False,-821.2387146646313,-1004.7426201884933
growth,0,5,hapibd,poisson_shared,including_loop,19,3,"((b,c),a)",g03_o1,False,-1180.7994678149507,-1210.6326363632902
growth,0,5,hapibd,poisson_shared,including_loop,20,12,"(((a,c),b.1),b.2)",g12_o1,False,-1144.1223723555054,-1217.4251280035273
growth,0,5,hapibd,poisson_shared,including_loop,21,2,"((a,c),b)",g02_o1,False,-1229.1388872618934,-1234.6585244358098
growth,0,5,hapibd,poisson_shared,including_loop,22,8,"(((b,c),a.1),a.2)",g08_o1,False,-1214.4725515443263,-1244.2388070302718
growth,0,5,hapibd,poisson_separate,loop_omitted,1,10,"(((a,b.1),b.2),c)",g10_o1,False,-230.45284274618456,-260.84008238071954
growth,0,5,hapibd,poisson_separate,loop_omitted,2,11,"(((a,b.1),c),b.2)",g11_o1,False,-226.4396836245246,-263.0157449465149
growth,0,5,hapibd,poisson_separate,loop_omitted,3,15,"((a,b.1),(b.2,c))",g15_o2,False,-207.9129178676414,-263.28096944110456
growth,0,5,hapibd,poisson_separate,loop_omitted,4,19,"(((b,c.1),a),c.2)",g19_o1,False,-260.3123051600081,-302.79187903841614
growth,0,5,hapibd,poisson_separate,loop_omitted,5,17,"(((a,c.1),b),c.2)",g17_o1,False,-255.2801980482999,-304.72089871974913
growth,0,5,hapibd,poisson_separate,loop_omitted,6,16,"(((a,b),c.1),c.2)",g16_o2,False,-265.0256382363317,-306.41688971780496
growth,0,5,hapibd,poisson_separate,loop_omitted,7,9,"((a.1,b),(a.2,c))",g09_o2,False,-260.32694195837877,-309.72712271299883
growth,0,5,hapibd,poisson_separate,loop_omitted,8,1,"((a,b),c)",g01_o1,False,-240.90046150683511,-363.4205480515222
growth,0,5,hapibd,poisson_separate,loop_omitted,9,4,"(((a.1,b),a.2),c)",g04_o1,False,-258.644132427432,-379.548107059218
growth,0,5,hapibd,poisson_separate,loop_omitted,10,5,"(((a.1,b),c),a.2)",g05_o1,False,-259.78007704893434,-400.79530207114436
growth,0,5,hapibd,poisson_separate,loop_omitted,11,3,"((b,c),a)",g03_o1,False,-544.77554036757,-569.9934758229722
growth,0,5,hapibd,poisson_separate,loop_omitted,12,2,"((a,c),b)",g02_o1,False,-543.5733463641766,-573.8065898664483
growth,0,5,hapibd,poisson_separate,loop_omitted,13,13,"(((b.1,c),a),b.2)",g13_o1,False,-575.117684200308,-608.3480055026432
growth,0,5,hapibd,poisson_separate,loop_omitted,14,7,"(((a.1,c),b),a.2)",g07_o1,False,-569.9574174580059,-614.1810911174912
growth,0,5,hapibd,poisson_separate,loop_omitted,15,14,"(((b.1,c),b.2),a)",g14_o1,False,-567.5286782351728,-620.0005356327592
growth,0,5,hapibd,poisson_separate,loop_omitted,16,21,"((a,c.1),(b,c.2))",g21_o2,False,-566.8854220703025,-621.681345047088
growth,0,5,hapibd,poisson_separate,loop_omitted,17,6,"(((a.1,c),a.2),b)",g06_o1,False,-574.8503940350384,-640.9244787942176
growth,0,5,hapibd,poisson_separate,loop_omitted,18,8,"(((b,c),a.1),a.2)",g08_o1,False,-569.4866851968161,-798.4286601574594
growth,0,5,hapibd,poisson_separate,loop_omitted,19,20,"(((b,c.1),c.2),a)",g20_o1,False,-563.144596994388,-824.3058891224342
growth,0,5,hapibd,poisson_separate,loop_omitted,20,12,"(((a,c),b.1),b.2)",g12_o2,False,-566.7452507839757,-867.2955801132782
growth,0,5,hapibd,poisson_separate,loop_omitted,21,18,"(((a,c.1),c.2),b)",g18_o1,False,-575.9131889183641,-919.1287757536578
growth,0,5,hapibd,poisson_separate,including_loop,1,22,"b-loop + ((a,b.1),(b.2,c))",g22_o1,False,-224.39244450502582,-244.93153314609495
growth,0,5,hapibd,poisson_separate,including_loop,2,10,"(((a,b.1),b.2),c)",g10_o1,False,-230.45284274618456,-260.84008238071954
growth,0,5,hapibd,poisson_separate,including_loop,3,11,"(((a,b.1),c),b.2)",g11_o1,False,-226.4396836245246,-263.0157449465149
growth,0,5,hapibd,poisson_separate,including_loop,4,15,"((a,b.1),(b.2,c))",g15_o2,False,-207.9129178676414,-263.28096944110456
growth,0,5,hapibd,poisson_separate,including_loop,5,19,"(((b,c.1),a),c.2)",g19_o1,False,-260.3123051600081,-302.79187903841614
growth,0,5,hapibd,poisson_separate,including_loop,6,17,"(((a,c.1),b),c.2)",g17_o1,False,-255.2801980482999,-304.72089871974913
growth,0,5,hapibd,poisson_separate,including_loop,7,16,"(((a,b),c.1),c.2)",g16_o2,False,-265.0256382363317,-306.41688971780496
growth,0,5,hapibd,poisson_separate,including_loop,8,9,"((a.1,b),(a.2,c))",g09_o2,False,-260.32694195837877,-309.72712271299883
growth,0,5,hapibd,poisson_separate,including_loop,9,1,"((a,b),c)",g01_o1,False,-240.90046150683511,-363.4205480515222
growth,0,5,hapibd,poisson_separate,including_loop,10,4,"(((a.1,b),a.2),c)",g04_o1,False,-258.644132427432,-379.548107059218
growth,0,5,hapibd,poisson_separate,including_loop,11,5,"(((a.1,b),c),a.2)",g05_o1,False,-259.78007704893434,-400.79530207114436
growth,0,5,hapibd,poisson_separate,including_loop,12,3,"((b,c),a)",g03_o1,False,-544.77554036757,-569.9934758229722
growth,0,5,hapibd,poisson_separate,including_loop,13,2,"((a,c),b)",g02_o1,False,-543.5733463641766,-573.8065898664483
growth,0,5,hapibd,poisson_separate,including_loop,14,13,"(((b.1,c),a),b.2)",g13_o1,False,-575.117684200308,-608.3480055026432
growth,0,5,hapibd,poisson_separate,including_loop,15,7,"(((a.1,c),b),a.2)",g07_o1,False,-569.9574174580059,-614.1810911174912
growth,0,5,hapibd,poisson_separate,including_loop,16,14,"(((b.1,c),b.2),a)",g14_o1,False,-567.5286782351728,-620.0005356327592
growth,0,5,hapibd,poisson_separate,including_loop,17,21,"((a,c.1),(b,c.2))",g21_o2,False,-566.8854220703025,-621.681345047088
growth,0,5,hapibd,poisson_separate,including_loop,18,6,"(((a.1,c),a.2),b)",g06_o1,False,-574.8503940350384,-640.9244787942176
growth,0,5,hapibd,poisson_separate,including_loop,19,8,"(((b,c),a.1),a.2)",g08_o1,False,-569.4866851968161,-798.4286601574594
growth,0,5,hapibd,poisson_separate,including_loop,20,20,"(((b,c.1),c.2),a)",g20_o1,False,-563.144596994388,-824.3058891224342
growth,0,5,hapibd,poisson_separate,including_loop,21,12,"(((a,c),b.1),b.2)",g12_o2,False,-566.7452507839757,-867.2955801132782
growth,0,5,hapibd,poisson_separate,including_loop,22,18,"(((a,c.1),c.2),b)",g18_o1,False,-575.9131889183641,-919.1287757536578
growth,0,6,true,poisson_shared,loop_omitted,1,15,"((a,b.1),(b.2,c))",g15_o1,False,-193.95524947760495,-215.8555896123638
growth,0,6,true,poisson_shared,loop_omitted,2,9,"((a.1,b),(a.2,c))",g09_o1,False,-340.1942641687737,-411.31843770232257
growth,0,6,true,poisson_shared,loop_omitted,3,5,"(((a.1,b),c),a.2)",g05_o1,False,-330.3494092726636,-420.318478847649
growth,0,6,true,poisson_shared,loop_omitted,4,17,"(((a,c.1),b),c.2)",g17_o1,False,-420.889988959672,-438.32853993029534
growth,0,6,true,poisson_shared,loop_omitted,5,1,"((a,b),c)",g01_o1,False,-460.7140985913662,-464.6472704647033
growth,0,6,true,poisson_shared,loop_omitted,6,16,"(((a,b),c.1),c.2)",g16_o2,False,-466.6991738300852,-493.3985222565775
growth,0,6,true,poisson_shared,loop_omitted,7,11,"(((a,b.1),c),b.2)",g11_o1,False,-245.53129521241019,-696.1728841801028
growth,0,6,true,poisson_shared,loop_omitted,8,10,"(((a,b.1),b.2),c)",g10_o1,False,-233.17067224831246,-716.2329269095268
growth,0,6,true,poisson_shared,loop_omitted,9,4,"(((a.1,b),a.2),c)",g04_o1,False,-419.90998116146795,-833.416280429472
growth,0,6,true,poisson_shared,loop_omitted,10,19,"(((b,c.1),a),c.2)",g19_o1,False,-466.2769778933183,-851.0098877530523
growth,0,6,true,poisson_shared,loop_omitted,11,13,"(((b.1,c),a),b.2)",g13_o1,False,-782.5234880533732,-861.434499819067
growth,0,6,true,poisson_shared,loop_omitted,12,14,"(((b.1,c),b.2),a)",g14_o1,False,-782.8894468441267,-867.8065921000009
growth,0,6,true,poisson_shared,loop_omitted,13,18,"(((a,c.1),c.2),b)",g18_o1,False,-776.3014882670888,-884.9970883238946
growth,0,6,true,poisson_shared,loop_omitted,14,21,"((a,c.1),(b,c.2))",g21_o2,False,-802.9124881508712,-896.8670124911363
growth,0,6,true,poisson_shared,loop_omitted,15,6,"(((a.1,c),a.2),b)",g06_o1,False,-897.9308214923947,-938.7124094358866
growth,0,6,true,poisson_shared,loop_omitted,16,20,"(((b,c.1),c.2),a)",g20_o1,False,-913.6899990407485,-944.6146456503383
growth,0,6,true,poisson_shared,loop_omitted,17,7,"(((a.1,c),b),a.2)",g07_o1,False,-884.6465917957717,-1055.4041918605287
growth,0,6,true,poisson_shared,loop_omitted,18,3,"((b,c),a)",g03_o1,False,-1223.3656386078464,-1236.7882010489252
growth,0,6,true,poisson_shared,loop_omitted,19,12,"(((a,c),b.1),b.2)",g12_o1,False,-1198.101761833473,-1264.0845614939678
growth,0,6,true,poisson_shared,loop_omitted,20,8,"(((b,c),a.1),a.2)",g08_o2,False,-1234.6375816691843,-1280.0551961301805
growth,0,6,true,poisson_shared,loop_omitted,21,2,"((a,c),b)",g02_o1,False,-1276.4716055493902,-1280.909447130995
growth,0,6,true,poisson_shared,including_loop,1,15,"((a,b.1),(b.2,c))",g15_o1,False,-193.95524947760495,-215.8555896123638
growth,0,6,true,poisson_shared,including_loop,2,22,"b-loop + ((a,b.1),(b.2,c))",g22_o1,False,-207.02185868482044,-228.59148828020986
growth,0,6,true,poisson_shared,including_loop,3,9,"((a.1,b),(a.2,c))",g09_o1,False,-340.1942641687737,-411.31843770232257
growth,0,6,true,poisson_shared,including_loop,4,5,"(((a.1,b),c),a.2)",g05_o1,False,-330.3494092726636,-420.318478847649
growth,0,6,true,poisson_shared,including_loop,5,17,"(((a,c.1),b),c.2)",g17_o1,False,-420.889988959672,-438.32853993029534
growth,0,6,true,poisson_shared,including_loop,6,1,"((a,b),c)",g01_o1,False,-460.7140985913662,-464.6472704647033
growth,0,6,true,poisson_shared,including_loop,7,16,"(((a,b),c.1),c.2)",g16_o2,False,-466.6991738300852,-493.3985222565775
growth,0,6,true,poisson_shared,including_loop,8,11,"(((a,b.1),c),b.2)",g11_o1,False,-245.53129521241019,-696.1728841801028
growth,0,6,true,poisson_shared,including_loop,9,10,"(((a,b.1),b.2),c)",g10_o1,False,-233.17067224831246,-716.2329269095268
growth,0,6,true,poisson_shared,including_loop,10,4,"(((a.1,b),a.2),c)",g04_o1,False,-419.90998116146795,-833.416280429472
growth,0,6,true,poisson_shared,including_loop,11,19,"(((b,c.1),a),c.2)",g19_o1,False,-466.2769778933183,-851.0098877530523
growth,0,6,true,poisson_shared,including_loop,12,13,"(((b.1,c),a),b.2)",g13_o1,False,-782.5234880533732,-861.434499819067
growth,0,6,true,poisson_shared,including_loop,13,14,"(((b.1,c),b.2),a)",g14_o1,False,-782.8894468441267,-867.8065921000009
growth,0,6,true,poisson_shared,including_loop,14,18,"(((a,c.1),c.2),b)",g18_o1,False,-776.3014882670888,-884.9970883238946
growth,0,6,true,poisson_shared,including_loop,15,21,"((a,c.1),(b,c.2))",g21_o2,False,-802.9124881508712,-896.8670124911363
growth,0,6,true,poisson_shared,including_loop,16,6,"(((a.1,c),a.2),b)",g06_o1,False,-897.9308214923947,-938.7124094358866
growth,0,6,true,poisson_shared,including_loop,17,20,"(((b,c.1),c.2),a)",g20_o1,False,-913.6899990407485,-944.6146456503383
growth,0,6,true,poisson_shared,including_loop,18,7,"(((a.1,c),b),a.2)",g07_o1,False,-884.6465917957717,-1055.4041918605287
growth,0,6,true,poisson_shared,including_loop,19,3,"((b,c),a)",g03_o1,False,-1223.3656386078464,-1236.7882010489252
growth,0,6,true,poisson_shared,including_loop,20,12,"(((a,c),b.1),b.2)",g12_o1,False,-1198.101761833473,-1264.0845614939678
growth,0,6,true,poisson_shared,including_loop,21,8,"(((b,c),a.1),a.2)",g08_o2,False,-1234.6375816691843,-1280.0551961301805
growth,0,6,true,poisson_shared,including_loop,22,2,"((a,c),b)",g02_o1,False,-1276.4716055493902,-1280.909447130995
growth,0,6,true,poisson_separate,loop_omitted,1,15,"((a,b.1),(b.2,c))",g15_o1,False,-211.22515570489657,-244.57895979771843
growth,0,6,true,poisson_separate,loop_omitted,2,10,"(((a,b.1),b.2),c)",g10_o1,False,-237.60745345466054,-283.4940063073733
growth,0,6,true,poisson_separate,loop_omitted,3,11,"(((a,b.1),c),b.2)",g11_o1,False,-232.04829678215052,-285.13946705072055
growth,0,6,true,poisson_separate,loop_omitted,4,17,"(((a,c.1),b),c.2)",g17_o1,False,-280.49461963201406,-312.61214695395194
growth,0,6,true,poisson_separate,loop_omitted,5,19,"(((b,c.1),a),c.2)",g19_o1,False,-277.6276690465924,-313.6613471553206
growth,0,6,true,poisson_separate,loop_omitted,6,1,"((a,b),c)",g01_o1,False,-257.2396474996382,-376.42997837812754
growth,0,6,true,poisson_separate,loop_omitted,7,16,"(((a,b),c.1),c.2)",g16_o1,False,-276.24511862704554,-382.2959253612666
growth,0,6,true,poisson_separate,loop_omitted,8,4,"(((a.1,b),a.2),c)",g04_o1,False,-280.55984856084314,-406.4220690818811
growth,0,6,true,poisson_separate,loop_omitted,9,9,"((a.1,b),(a.2,c))",g09_o1,False,-277.121722645886,-417.52430503461795
growth,0,6,true,poisson_separate,loop_omitted,10,5,"(((a.1,b),c),a.2)",g05_o1,False,-279.8791905278775,-468.57960628595686
growth,0,6,true,poisson_separate,loop_omitted,11,3,"((b,c),a)",g03_o1,False,-581.243362154684,-600.0244949428742
growth,0,6,true,poisson_separate,loop_omitted,12,2,"((a,c),b)",g02_o1,False,-580.3849640543691,-622.8939813806671
growth,0,6,true,poisson_separate,loop_omitted,13,18,"(((a,c.1),c.2),b)",g18_o1,False,-592.1042605129182,-632.622441081399
growth,0,6,true,poisson_separate,loop_omitted,14,7,"(((a.1,c),b),a.2)",g07_o1,False,-599.0794972025714,-640.1215256824369
growth,0,6,true,poisson_separate,loop_omitted,15,6,"(((a.1,c),a.2),b)",g06_o1,False,-603.3532686811219,-641.7329962671951
growth,0,6,true,poisson_separate,loop_omitted,16,13,"(((b.1,c),a),b.2)",g13_o1,False,-601.8919653214225,-642.9302093503759
growth,0,6,true,poisson_separate,loop_omitted,17,14,"(((b.1,c),b.2),a)",g14_o1,False,-601.745357178664,-659.2759307306663
growth,0,6,true,poisson_separate,loop_omitted,18,20,"(((b,c.1),c.2),a)",g20_o1,False,-603.4905118657641,-674.0320161958309
growth,0,6,true,poisson_separate,loop_omitted,19,21,"((a,c.1),(b,c.2))",g21_o2,False,-595.0930440848905,-684.1084961669153
growth,0,6,true,poisson_separate,loop_omitted,20,8,"(((b,c),a.1),a.2)",g08_o1,False,-591.001683469445,-840.4569941771531
growth,0,6,true,poisson_separate,loop_omitted,21,12,"(((a,c),b.1),b.2)",g12_o1,False,-609.3623385958791,-940.0565068083343
growth,0,6,true,poisson_separate,including_loop,1,15,"((a,b.1),(b.2,c))",g15_o1,False,-211.22515570489657,-244.57895979771843
growth,0,6,true,poisson_separate,including_loop,2,22,"b-loop + ((a,b.1),(b.2,c))",g22_o1,False,-216.05177143869219,-262.1215680926179
growth,0,6,true,poisson_separate,including_loop,3,10,"(((a,b.1),b.2),c)",g10_o1,False,-237.60745345466054,-283.4940063073733
growth,0,6,true,poisson_separate,including_loop,4,11,"(((a,b.1),c),b.2)",g11_o1,False,-232.04829678215052,-285.13946705072055
growth,0,6,true,poisson_separate,including_loop,5,17,"(((a,c.1),b),c.2)",g17_o1,False,-280.49461963201406,-312.61214695395194
growth,0,6,true,poisson_separate,including_loop,6,19,"(((b,c.1),a),c.2)",g19_o1,False,-277.6276690465924,-313.6613471553206
growth,0,6,true,poisson_separate,including_loop,7,1,"((a,b),c)",g01_o1,False,-257.2396474996382,-376.42997837812754
growth,0,6,true,poisson_separate,including_loop,8,16,"(((a,b),c.1),c.2)",g16_o1,False,-276.24511862704554,-382.2959253612666
growth,0,6,true,poisson_separate,including_loop,9,4,"(((a.1,b),a.2),c)",g04_o1,False,-280.55984856084314,-406.4220690818811
growth,0,6,true,poisson_separate,including_loop,10,9,"((a.1,b),(a.2,c))",g09_o1,False,-277.121722645886,-417.52430503461795
growth,0,6,true,poisson_separate,including_loop,11,5,"(((a.1,b),c),a.2)",g05_o1,False,-279.8791905278775,-468.57960628595686
growth,0,6,true,poisson_separate,including_loop,12,3,"((b,c),a)",g03_o1,False,-581.243362154684,-600.0244949428742
growth,0,6,true,poisson_separate,including_loop,13,2,"((a,c),b)",g02_o1,False,-580.3849640543691,-622.8939813806671
growth,0,6,true,poisson_separate,including_loop,14,18,"(((a,c.1),c.2),b)",g18_o1,False,-592.1042605129182,-632.622441081399
growth,0,6,true,poisson_separate,including_loop,15,7,"(((a.1,c),b),a.2)",g07_o1,False,-599.0794972025714,-640.1215256824369
growth,0,6,true,poisson_separate,including_loop,16,6,"(((a.1,c),a.2),b)",g06_o1,False,-603.3532686811219,-641.7329962671951
growth,0,6,true,poisson_separate,including_loop,17,13,"(((b.1,c),a),b.2)",g13_o1,False,-601.8919653214225,-642.9302093503759
growth,0,6,true,poisson_separate,including_loop,18,14,"(((b.1,c),b.2),a)",g14_o1,False,-601.745357178664,-659.2759307306663
growth,0,6,true,poisson_separate,including_loop,19,20,"(((b,c.1),c.2),a)",g20_o1,False,-603.4905118657641,-674.0320161958309
growth,0,6,true,poisson_separate,including_loop,20,21,"((a,c.1),(b,c.2))",g21_o2,False,-595.0930440848905,-684.1084961669153
growth,0,6,true,poisson_separate,including_loop,21,8,"(((b,c),a.1),a.2)",g08_o1,False,-591.001683469445,-840.4569941771531
growth,0,6,true,poisson_separate,including_loop,22,12,"(((a,c),b.1),b.2)",g12_o1,False,-609.3623385958791,-940.0565068083343
growth,0,6,hapibd,poisson_shared,loop_omitted,1,15,"((a,b.1),(b.2,c))",g15_o1,False,-197.42298320563623,-211.73866248072997
growth,0,6,hapibd,poisson_shared,loop_omitted,2,11,"(((a,b.1),c),b.2)",g11_o1,False,-230.60922574471826,-256.5657047890541
growth,0,6,hapibd,poisson_shared,loop_omitted,3,9,"((a.1,b),(a.2,c))",g09_o1,False,-331.44553863246443,-407.74871894112505
growth,0,6,hapibd,poisson_shared,loop_omitted,4,5,"(((a.1,b),c),a.2)",g05_o1,False,-341.67578515062525,-417.5245311936006
growth,0,6,hapibd,poisson_shared,loop_omitted,5,17,"(((a,c.1),b),c.2)",g17_o1,False,-413.4700226523828,-438.3219882254714
growth,0,6,hapibd,poisson_shared,loop_omitted,6,16,"(((a,b),c.1),c.2)",g16_o2,False,-459.11218792474546,-483.8252425752461
growth,0,6,hapibd,poisson_shared,loop_omitted,7,10,"(((a,b.1),b.2),c)",g10_o1,False,-227.63707005503517,-683.2765629890828
growth,0,6,hapibd,poisson_shared,loop_omitted,8,19,"(((b,c.1),a),c.2)",g19_o1,False,-465.70849015700696,-783.8553510964717
growth,0,6,hapibd,poisson_shared,loop_omitted,9,1,"((a,b),c)",g01_o1,False,-449.40867974558927,-796.6545044978172
growth,0,6,hapibd,poisson_shared,loop_omitted,10,4,"(((a.1,b),a.2),c)",g04_o1,False,-411.34793550910615,-811.1300664860323
growth,0,6,hapibd,poisson_shared,loop_omitted,11,14,"(((b.1,c),b.2),a)",g14_o1,False,-733.936555066584,-834.7857936809079
growth,0,6,hapibd,poisson_shared,loop_omitted,12,13,"(((b.1,c),a),b.2)",g13_o1,False,-737.706003375115,-838.9178697367086
growth,0,6,hapibd,poisson_shared,loop_omitted,13,21,"((a,c.1),(b,c.2))",g21_o1,False,-782.2436849175847,-869.4618821242218
growth,0,6,hapibd,poisson_shared,loop_omitted,14,18,"(((a,c.1),c.2),b)",g18_o1,False,-769.5110842767157,-871.7443920517142
growth,0,6,hapibd,poisson_shared,loop_omitted,15,7,"(((a.1,c),b),a.2)",g07_o1,False,-849.1324111288453,-895.1299574591455
growth,0,6,hapibd,poisson_shared,loop_omitted,16,20,"(((b,c.1),c.2),a)",g20_o1,False,-884.349213920462,-906.684115937052
growth,0,6,hapibd,poisson_shared,loop_omitted,17,6,"(((a.1,c),a.2),b)",g06_o1,False,-859.7708120844853,-907.7757998314838
growth,0,6,hapibd,poisson_shared,loop_omitted,18,3,"((b,c),a)",g03_o1,False,-1181.5103192343774,-1190.4860774838476
growth,0,6,hapibd,poisson_shared,loop_omitted,19,12,"(((a,c),b.1),b.2)",g12_o1,False,-1145.283953068762,-1205.1909654571798
growth,0,6,hapibd,poisson_shared,loop_omitted,20,8,"(((b,c),a.1),a.2)",g08_o1,False,-1193.8216230351545,-1229.3260924059762
growth,0,6,hapibd,poisson_shared,loop_omitted,21,2,"((a,c),b)",g02_o1,False,-1230.5528999724218,-1238.0126525775893
growth,0,6,hapibd,poisson_shared,including_loop,1,15,"((a,b.1),(b.2,c))",g15_o1,False,-197.42298320563623,-211.73866248072997
growth,0,6,hapibd,poisson_shared,including_loop,2,22,"b-loop + ((a,b.1),(b.2,c))",g22_o1,False,-201.35511637465837,-232.39490299766018
growth,0,6,hapibd,poisson_shared,including_loop,3,11,"(((a,b.1),c),b.2)",g11_o1,False,-230.60922574471826,-256.5657047890541
growth,0,6,hapibd,poisson_shared,including_loop,4,9,"((a.1,b),(a.2,c))",g09_o1,False,-331.44553863246443,-407.74871894112505
growth,0,6,hapibd,poisson_shared,including_loop,5,5,"(((a.1,b),c),a.2)",g05_o1,False,-341.67578515062525,-417.5245311936006
growth,0,6,hapibd,poisson_shared,including_loop,6,17,"(((a,c.1),b),c.2)",g17_o1,False,-413.4700226523828,-438.3219882254714
growth,0,6,hapibd,poisson_shared,including_loop,7,16,"(((a,b),c.1),c.2)",g16_o2,False,-459.11218792474546,-483.8252425752461
growth,0,6,hapibd,poisson_shared,including_loop,8,10,"(((a,b.1),b.2),c)",g10_o1,False,-227.63707005503517,-683.2765629890828
growth,0,6,hapibd,poisson_shared,including_loop,9,19,"(((b,c.1),a),c.2)",g19_o1,False,-465.70849015700696,-783.8553510964717
growth,0,6,hapibd,poisson_shared,including_loop,10,1,"((a,b),c)",g01_o1,False,-449.40867974558927,-796.6545044978172
growth,0,6,hapibd,poisson_shared,including_loop,11,4,"(((a.1,b),a.2),c)",g04_o1,False,-411.34793550910615,-811.1300664860323
growth,0,6,hapibd,poisson_shared,including_loop,12,14,"(((b.1,c),b.2),a)",g14_o1,False,-733.936555066584,-834.7857936809079
growth,0,6,hapibd,poisson_shared,including_loop,13,13,"(((b.1,c),a),b.2)",g13_o1,False,-737.706003375115,-838.9178697367086
growth,0,6,hapibd,poisson_shared,including_loop,14,21,"((a,c.1),(b,c.2))",g21_o1,False,-782.2436849175847,-869.4618821242218
growth,0,6,hapibd,poisson_shared,including_loop,15,18,"(((a,c.1),c.2),b)",g18_o1,False,-769.5110842767157,-871.7443920517142
growth,0,6,hapibd,poisson_shared,including_loop,16,7,"(((a.1,c),b),a.2)",g07_o1,False,-849.1324111288453,-895.1299574591455
growth,0,6,hapibd,poisson_shared,including_loop,17,20,"(((b,c.1),c.2),a)",g20_o1,False,-884.349213920462,-906.684115937052
growth,0,6,hapibd,poisson_shared,including_loop,18,6,"(((a.1,c),a.2),b)",g06_o1,False,-859.7708120844853,-907.7757998314838
growth,0,6,hapibd,poisson_shared,including_loop,19,3,"((b,c),a)",g03_o1,False,-1181.5103192343774,-1190.4860774838476
growth,0,6,hapibd,poisson_shared,including_loop,20,12,"(((a,c),b.1),b.2)",g12_o1,False,-1145.283953068762,-1205.1909654571798
growth,0,6,hapibd,poisson_shared,including_loop,21,8,"(((b,c),a.1),a.2)",g08_o1,False,-1193.8216230351545,-1229.3260924059762
growth,0,6,hapibd,poisson_shared,including_loop,22,2,"((a,c),b)",g02_o1,False,-1230.5528999724218,-1238.0126525775893
growth,0,6,hapibd,poisson_separate,loop_omitted,1,10,"(((a,b.1),b.2),c)",g10_o1,False,-227.06192681152575,-254.16301605669395
growth,0,6,hapibd,poisson_separate,loop_omitted,2,11,"(((a,b.1),c),b.2)",g11_o1,False,-227.95803156174512,-260.1574355365391
growth,0,6,hapibd,poisson_separate,loop_omitted,3,15,"((a,b.1),(b.2,c))",g15_o2,False,-213.7103635856313,-282.1596567209763
growth,0,6,hapibd,poisson_separate,loop_omitted,4,17,"(((a,c.1),b),c.2)",g17_o1,False,-272.60665272381465,-297.87169337058987
growth,0,6,hapibd,poisson_separate,loop_omitted,5,19,"(((b,c.1),a),c.2)",g19_o1,False,-275.267617013819,-315.4035374929215
growth,0,6,hapibd,poisson_separate,loop_omitted,6,1,"((a,b),c)",g01_o1,False,-253.6460477435645,-365.14643632455517
growth,0,6,hapibd,poisson_separate,loop_omitted,7,4,"(((a.1,b),a.2),c)",g04_o1,False,-272.05472076002377,-394.5521999176053
growth,0,6,hapibd,poisson_separate,loop_omitted,8,16,"(((a,b),c.1),c.2)",g16_o1,False,-277.0734266337591,-403.29101233427826
growth,0,6,hapibd,poisson_separate,loop_omitted,9,9,"((a.1,b),(a.2,c))",g09_o1,False,-269.67390758312337,-412.6704210096827
growth,0,6,hapibd,poisson_separate,loop_omitted,10,5,"(((a.1,b),c),a.2)",g05_o1,False,-269.2410170184556,-425.1706190209854
growth,0,6,hapibd,poisson_separate,loop_omitted,11,3,"((b,c),a)",g03_o1,False,-550.9509348894728,-587.1039959749611
growth,0,6,hapibd,poisson_separate,loop_omitted,12,14,"(((b.1,c),b.2),a)",g14_o1,False,-570.4761631319442,-623.1283046004722
growth,0,6,hapibd,poisson_separate,loop_omitted,13,21,"((a,c.1),(b,c.2))",g21_o2,False,-580.263204331936,-623.4857936589168
growth,0,6,hapibd,poisson_separate,loop_omitted,14,7,"(((a.1,c),b),a.2)",g07_o1,False,-576.9586442571527,-628.144140609415
growth,0,6,hapibd,poisson_separate,loop_omitted,15,13,"(((b.1,c),a),b.2)",g13_o1,False,-587.546949552823,-629.0707415061592
growth,0,6,hapibd,poisson_separate,loop_omitted,16,2,"((a,c),b)",g02_o1,False,-565.106097638625,-635.1167721626633
growth,0,6,hapibd,poisson_separate,loop_omitted,17,8,"(((b,c),a.1),a.2)",g08_o1,False,-574.3322696073685,-806.1650045239626
growth,0,6,hapibd,poisson_separate,loop_omitted,18,20,"(((b,c.1),c.2),a)",g20_o1,False,-584.4325906394193,-896.8881365081438
growth,0,6,hapibd,poisson_separate,loop_omitted,19,18,"(((a,c.1),c.2),b)",g18_o1,False,-584.235833410171,-938.3817609250219
growth,0,6,hapibd,poisson_separate,loop_omitted,20,12,"(((a,c),b.1),b.2)",g12_o1,False,-588.1641807286344,-947.5130475260058
growth,0,6,hapibd,poisson_separate,loop_omitted,21,6,"(((a.1,c),a.2),b)",g06_o1,False,-582.0751141212479,-948.5021347415335
growth,0,6,hapibd,poisson_separate,including_loop,1,10,"(((a,b.1),b.2),c)",g10_o1,False,-227.06192681152575,-254.16301605669395
growth,0,6,hapibd,poisson_separate,including_loop,2,11,"(((a,b.1),c),b.2)",g11_o1,False,-227.95803156174512,-260.1574355365391
growth,0,6,hapibd,poisson_separate,including_loop,3,22,"b-loop + ((a,b.1),(b.2,c))",g22_o2,False,-234.44782992065933,-265.7909757029571
growth,0,6,hapibd,poisson_separate,including_loop,4,15,"((a,b.1),(b.2,c))",g15_o2,False,-213.7103635856313,-282.1596567209763
growth,0,6,hapibd,poisson_separate,including_loop,5,17,"(((a,c.1),b),c.2)",g17_o1,False,-272.60665272381465,-297.87169337058987
growth,0,6,hapibd,poisson_separate,including_loop,6,19,"(((b,c.1),a),c.2)",g19_o1,False,-275.267617013819,-315.4035374929215
growth,0,6,hapibd,poisson_separate,including_loop,7,1,"((a,b),c)",g01_o1,False,-253.6460477435645,-365.14643632455517
growth,0,6,hapibd,poisson_separate,including_loop,8,4,"(((a.1,b),a.2),c)",g04_o1,False,-272.05472076002377,-394.5521999176053
growth,0,6,hapibd,poisson_separate,including_loop,9,16,"(((a,b),c.1),c.2)",g16_o1,False,-277.0734266337591,-403.29101233427826
growth,0,6,hapibd,poisson_separate,including_loop,10,9,"((a.1,b),(a.2,c))",g09_o1,False,-269.67390758312337,-412.6704210096827
growth,0,6,hapibd,poisson_separate,including_loop,11,5,"(((a.1,b),c),a.2)",g05_o1,False,-269.2410170184556,-425.1706190209854
growth,0,6,hapibd,poisson_separate,including_loop,12,3,"((b,c),a)",g03_o1,False,-550.9509348894728,-587.1039959749611
growth,0,6,hapibd,poisson_separate,including_loop,13,14,"(((b.1,c),b.2),a)",g14_o1,False,-570.4761631319442,-623.1283046004722
growth,0,6,hapibd,poisson_separate,including_loop,14,21,"((a,c.1),(b,c.2))",g21_o2,False,-580.263204331936,-623.4857936589168
growth,0,6,hapibd,poisson_separate,including_loop,15,7,"(((a.1,c),b),a.2)",g07_o1,False,-576.9586442571527,-628.144140609415
growth,0,6,hapibd,poisson_separate,including_loop,16,13,"(((b.1,c),a),b.2)",g13_o1,False,-587.546949552823,-629.0707415061592
growth,0,6,hapibd,poisson_separate,including_loop,17,2,"((a,c),b)",g02_o1,False,-565.106097638625,-635.1167721626633
growth,0,6,hapibd,poisson_separate,including_loop,18,8,"(((b,c),a.1),a.2)",g08_o1,False,-574.3322696073685,-806.1650045239626
growth,0,6,hapibd,poisson_separate,including_loop,19,20,"(((b,c.1),c.2),a)",g20_o1,False,-584.4325906394193,-896.8881365081438
growth,0,6,hapibd,poisson_separate,including_loop,20,18,"(((a,c.1),c.2),b)",g18_o1,False,-584.235833410171,-938.3817609250219
growth,0,6,hapibd,poisson_separate,including_loop,21,12,"(((a,c),b.1),b.2)",g12_o1,False,-588.1641807286344,-947.5130475260058
growth,0,6,hapibd,poisson_separate,including_loop,22,6,"(((a.1,c),a.2),b)",g06_o1,False,-582.0751141212479,-948.5021347415335
growth,0,7,true,poisson_shared,loop_omitted,1,15,"((a,b.1),(b.2,c))",g15_o1,False,-188.12743895063866,-205.63874541762308
growth,0,7,true,poisson_shared,loop_omitted,2,5,"(((a.1,b),c),a.2)",g05_o1,False,-364.0286787654472,-441.93443705496753
growth,0,7,true,poisson_shared,loop_omitted,3,9,"((a.1,b),(a.2,c))",g09_o1,False,-359.18379012122256,-446.2146666518783
growth,0,7,true,poisson_shared,loop_omitted,4,17,"(((a,c.1),b),c.2)",g17_o1,False,-447.27597848344936,-467.80711675659023
growth,0,7,true,poisson_shared,loop_omitted,5,1,"((a,b),c)",g01_o1,False,-481.79339679899255,-486.98637503668505
growth,0,7,true,poisson_shared,loop_omitted,6,19,"(((b,c.1),a),c.2)",g19_o1,False,-473.3669542201176,-490.0274798483553
growth,0,7,true,poisson_shared,loop_omitted,7,16,"(((a,b),c.1),c.2)",g16_o1,False,-479.26294186447325,-500.69872947674486
growth,0,7,true,poisson_shared,loop_omitted,8,11,"(((a,b.1),c),b.2)",g11_o1,False,-246.22371436644772,-709.0710091077375
growth,0,7,true,poisson_shared,loop_omitted,9,10,"(((a,b.1),b.2),c)",g10_o1,False,-243.37693989536618,-717.0853220608146
growth,0,7,true,poisson_shared,loop_omitted,10,4,"(((a.1,b),a.2),c)",g04_o1,False,-447.28379370646394,-842.1258710669197
growth,0,7,true,poisson_shared,loop_omitted,11,14,"(((b.1,c),b.2),a)",g14_o1,False,-774.1563511271687,-863.866546731225
growth,0,7,true,poisson_shared,loop_omitted,12,13,"(((b.1,c),a),b.2)",g13_o1,False,-778.4187850424455,-864.237772857274
growth,0,7,true,poisson_shared,loop_omitted,13,18,"(((a,c.1),c.2),b)",g18_o1,False,-842.5907928291907,-915.5308017265754
growth,0,7,true,poisson_shared,loop_omitted,14,21,"((a,c.1),(b,c.2))",g21_o1,False,-893.8155825735535,-925.0110784612914
growth,0,7,true,poisson_shared,loop_omitted,15,7,"(((a.1,c),b),a.2)",g07_o1,False,-900.233836001244,-928.7877206912683
growth,0,7,true,poisson_shared,loop_omitted,16,6,"(((a.1,c),a.2),b)",g06_o1,False,-918.7188966933298,-934.4012401831164
growth,0,7,true,poisson_shared,loop_omitted,17,20,"(((b,c.1),c.2),a)",g20_o1,False,-836.5707177962298,-934.4119656649656
growth,0,7,true,poisson_shared,loop_omitted,18,3,"((b,c),a)",g03_o1,False,-1260.5556884895598,-1265.8223870402016
growth,0,7,true,poisson_shared,loop_omitted,19,12,"(((a,c),b.1),b.2)",g12_o1,False,-1221.736640380588,-1275.8960808253348
growth,0,7,true,poisson_shared,loop_omitted,20,8,"(((b,c),a.1),a.2)",g08_o1,False,-1270.7712885222904,-1307.4354181730591
growth,0,7,true,poisson_shared,loop_omitted,21,2,"((a,c),b)",g02_o1,False,-1308.4829128777278,-1313.9829345824714
growth,0,7,true,poisson_shared,including_loop,1,15,"((a,b.1),(b.2,c))",g15_o1,False,-188.12743895063866,-205.63874541762308
growth,0,7,true,poisson_shared,including_loop,2,22,"b-loop + ((a,b.1),(b.2,c))",g22_o1,False,-202.05693901263703,-225.83078296120084
growth,0,7,true,poisson_shared,including_loop,3,5,"(((a.1,b),c),a.2)",g05_o1,False,-364.0286787654472,-441.93443705496753
growth,0,7,true,poisson_shared,including_loop,4,9,"((a.1,b),(a.2,c))",g09_o1,False,-359.18379012122256,-446.2146666518783
growth,0,7,true,poisson_shared,including_loop,5,17,"(((a,c.1),b),c.2)",g17_o1,False,-447.27597848344936,-467.80711675659023
growth,0,7,true,poisson_shared,including_loop,6,1,"((a,b),c)",g01_o1,False,-481.79339679899255,-486.98637503668505
growth,0,7,true,poisson_shared,including_loop,7,19,"(((b,c.1),a),c.2)",g19_o1,False,-473.3669542201176,-490.0274798483553
growth,0,7,true,poisson_shared,including_loop,8,16,"(((a,b),c.1),c.2)",g16_o1,False,-479.26294186447325,-500.69872947674486
growth,0,7,true,poisson_shared,including_loop,9,11,"(((a,b.1),c),b.2)",g11_o1,False,-246.22371436644772,-709.0710091077375
growth,0,7,true,poisson_shared,including_loop,10,10,"(((a,b.1),b.2),c)",g10_o1,False,-243.37693989536618,-717.0853220608146
growth,0,7,true,poisson_shared,including_loop,11,4,"(((a.1,b),a.2),c)",g04_o1,False,-447.28379370646394,-842.1258710669197
growth,0,7,true,poisson_shared,including_loop,12,14,"(((b.1,c),b.2),a)",g14_o1,False,-774.1563511271687,-863.866546731225
growth,0,7,true,poisson_shared,including_loop,13,13,"(((b.1,c),a),b.2)",g13_o1,False,-778.4187850424455,-864.237772857274
growth,0,7,true,poisson_shared,including_loop,14,18,"(((a,c.1),c.2),b)",g18_o1,False,-842.5907928291907,-915.5308017265754
growth,0,7,true,poisson_shared,including_loop,15,21,"((a,c.1),(b,c.2))",g21_o1,False,-893.8155825735535,-925.0110784612914
growth,0,7,true,poisson_shared,including_loop,16,7,"(((a.1,c),b),a.2)",g07_o1,False,-900.233836001244,-928.7877206912683
growth,0,7,true,poisson_shared,including_loop,17,6,"(((a.1,c),a.2),b)",g06_o1,False,-918.7188966933298,-934.4012401831164
growth,0,7,true,poisson_shared,including_loop,18,20,"(((b,c.1),c.2),a)",g20_o1,False,-836.5707177962298,-934.4119656649656
growth,0,7,true,poisson_shared,including_loop,19,3,"((b,c),a)",g03_o1,False,-1260.5556884895598,-1265.8223870402016
growth,0,7,true,poisson_shared,including_loop,20,12,"(((a,c),b.1),b.2)",g12_o1,False,-1221.736640380588,-1275.8960808253348
growth,0,7,true,poisson_shared,including_loop,21,8,"(((b,c),a.1),a.2)",g08_o1,False,-1270.7712885222904,-1307.4354181730591
growth,0,7,true,poisson_shared,including_loop,22,2,"((a,c),b)",g02_o1,False,-1308.4829128777278,-1313.9829345824714
growth,0,7,true,poisson_separate,loop_omitted,1,11,"(((a,b.1),c),b.2)",g11_o1,False,-240.09289373441922,-265.41337882294374
growth,0,7,true,poisson_separate,loop_omitted,2,10,"(((a,b.1),b.2),c)",g10_o1,False,-239.43848507606714,-267.61661709393337
growth,0,7,true,poisson_separate,loop_omitted,3,15,"((a,b.1),(b.2,c))",g15_o1,False,-203.4361258344787,-271.96250621850055
growth,0,7,true,poisson_separate,loop_omitted,4,1,"((a,b),c)",g01_o1,False,-269.48566376876147,-295.4083720943865
growth,0,7,true,poisson_separate,loop_omitted,5,19,"(((b,c.1),a),c.2)",g19_o1,False,-291.46014938598785,-325.4175134856666
growth,0,7,true,poisson_separate,loop_omitted,6,9,"((a.1,b),(a.2,c))",g09_o2,False,-293.6975174197031,-341.325926176428
growth,0,7,true,poisson_separate,loop_omitted,7,16,"(((a,b),c.1),c.2)",g16_o1,False,-292.3105358509532,-397.17305477702735
growth,0,7,true,poisson_separate,loop_omitted,8,4,"(((a.1,b),a.2),c)",g04_o1,False,-287.48431022697963,-405.5111141542286
growth,0,7,true,poisson_separate,loop_omitted,9,17,"(((a,c.1),b),c.2)",g17_o1,False,-284.9059191990637,-410.62175007338055
growth,0,7,true,poisson_separate,loop_omitted,10,5,"(((a.1,b),c),a.2)",g05_o1,False,-292.9534582976862,-422.55090307235275
growth,0,7,true,poisson_separate,loop_omitted,11,2,"((a,c),b)",g02_o1,False,-588.165156455923,-611.7439234098771
growth,0,7,true,poisson_separate,loop_omitted,12,3,"((b,c),a)",g03_o1,False,-587.4073233212084,-612.2035669764782
growth,0,7,true,poisson_separate,loop_omitted,13,7,"(((a.1,c),b),a.2)",g07_o1,False,-612.3443507702489,-649.2098360549217
growth,0,7,true,poisson_separate,loop_omitted,14,13,"(((b.1,c),a),b.2)",g13_o1,False,-607.1887436476001,-650.5746750612035
growth,0,7,true,poisson_separate,loop_omitted,15,6,"(((a.1,c),a.2),b)",g06_o1,False,-615.0063463926286,-658.3287667582547
growth,0,7,true,poisson_separate,loop_omitted,16,14,"(((b.1,c),b.2),a)",g14_o1,False,-609.2646108907215,-667.7502141226754
growth,0,7,true,poisson_separate,loop_omitted,17,21,"((a,c.1),(b,c.2))",g21_o2,False,-606.7344844725085,-688.3795786224082
growth,0,7,true,poisson_separate,loop_omitted,18,20,"(((b,c.1),c.2),a)",g20_o1,False,-615.7546833583029,-711.2306011933206
growth,0,7,true,poisson_separate,loop_omitted,19,8,"(((b,c),a.1),a.2)",g08_o1,False,-602.4525061482339,-845.1149591560759
growth,0,7,true,poisson_separate,loop_omitted,20,12,"(((a,c),b.1),b.2)",g12_o2,False,-619.2439201258627,-914.5351646227532
growth,0,7,true,poisson_separate,loop_omitted,21,18,"(((a,c.1),c.2),b)",g18_o1,False,-615.3268744194123,-983.3262381592697
growth,0,7,true,poisson_separate,including_loop,1,11,"(((a,b.1),c),b.2)",g11_o1,False,-240.09289373441922,-265.41337882294374
growth,0,7,true,poisson_separate,including_loop,2,22,"b-loop + ((a,b.1),(b.2,c))",g22_o2,False,-226.710215394809,-266.05385599008866
growth,0,7,true,poisson_separate,including_loop,3,10,"(((a,b.1),b.2),c)",g10_o1,False,-239.43848507606714,-267.61661709393337
growth,0,7,true,poisson_separate,including_loop,4,15,"((a,b.1),(b.2,c))",g15_o1,False,-203.4361258344787,-271.96250621850055
growth,0,7,true,poisson_separate,including_loop,5,1,"((a,b),c)",g01_o1,False,-269.48566376876147,-295.4083720943865
growth,0,7,true,poisson_separate,including_loop,6,19,"(((b,c.1),a),c.2)",g19_o1,False,-291.46014938598785,-325.4175134856666
growth,0,7,true,poisson_separate,including_loop,7,9,"((a.1,b),(a.2,c))",g09_o2,False,-293.6975174197031,-341.325926176428
growth,0,7,true,poisson_separate,including_loop,8,16,"(((a,b),c.1),c.2)",g16_o1,False,-292.3105358509532,-397.17305477702735
growth,0,7,true,poisson_separate,including_loop,9,4,"(((a.1,b),a.2),c)",g04_o1,False,-287.48431022697963,-405.5111141542286
growth,0,7,true,poisson_separate,including_loop,10,17,"(((a,c.1),b),c.2)",g17_o1,False,-284.9059191990637,-410.62175007338055
growth,0,7,true,poisson_separate,including_loop,11,5,"(((a.1,b),c),a.2)",g05_o1,False,-292.9534582976862,-422.55090307235275
growth,0,7,true,poisson_separate,including_loop,12,2,"((a,c),b)",g02_o1,False,-588.165156455923,-611.7439234098771
growth,0,7,true,poisson_separate,including_loop,13,3,"((b,c),a)",g03_o1,False,-587.4073233212084,-612.2035669764782
growth,0,7,true,poisson_separate,including_loop,14,7,"(((a.1,c),b),a.2)",g07_o1,False,-612.3443507702489,-649.2098360549217
growth,0,7,true,poisson_separate,including_loop,15,13,"(((b.1,c),a),b.2)",g13_o1,False,-607.1887436476001,-650.5746750612035
growth,0,7,true,poisson_separate,including_loop,16,6,"(((a.1,c),a.2),b)",g06_o1,False,-615.0063463926286,-658.3287667582547
growth,0,7,true,poisson_separate,including_loop,17,14,"(((b.1,c),b.2),a)",g14_o1,False,-609.2646108907215,-667.7502141226754
growth,0,7,true,poisson_separate,including_loop,18,21,"((a,c.1),(b,c.2))",g21_o2,False,-606.7344844725085,-688.3795786224082
growth,0,7,true,poisson_separate,including_loop,19,20,"(((b,c.1),c.2),a)",g20_o1,False,-615.7546833583029,-711.2306011933206
growth,0,7,true,poisson_separate,including_loop,20,8,"(((b,c),a.1),a.2)",g08_o1,False,-602.4525061482339,-845.1149591560759
growth,0,7,true,poisson_separate,including_loop,21,12,"(((a,c),b.1),b.2)",g12_o2,False,-619.2439201258627,-914.5351646227532
growth,0,7,true,poisson_separate,including_loop,22,18,"(((a,c.1),c.2),b)",g18_o1,False,-615.3268744194123,-983.3262381592697
growth,0,7,hapibd,poisson_shared,loop_omitted,1,15,"((a,b.1),(b.2,c))",g15_o1,False,-194.17240945262768,-206.63638573943064
growth,0,7,hapibd,poisson_shared,loop_omitted,2,9,"((a.1,b),(a.2,c))",g09_o1,False,-353.6775878257532,-436.42090081648587
growth,0,7,hapibd,poisson_shared,loop_omitted,3,17,"(((a,c.1),b),c.2)",g17_o1,False,-445.37011542027864,-463.77731808146245
growth,0,7,hapibd,poisson_shared,loop_omitted,4,19,"(((b,c.1),a),c.2)",g19_o1,False,-478.88792986283477,-492.20879440638174
growth,0,7,hapibd,poisson_shared,loop_omitted,5,16,"(((a,b),c.1),c.2)",g16_o2,False,-481.1640855852899,-500.638120176495
growth,0,7,hapibd,poisson_shared,loop_omitted,6,11,"(((a,b.1),c),b.2)",g11_o1,False,-243.89298213436666,-670.904634081417
growth,0,7,hapibd,poisson_shared,loop_omitted,7,10,"(((a,b.1),b.2),c)",g10_o1,False,-236.46581136018628,-690.6585650419952
growth,0,7,hapibd,poisson_shared,loop_omitted,8,1,"((a,b),c)",g01_o1,False,-477.74868700937554,-814.4541782406069
growth,0,7,hapibd,poisson_shared,loop_omitted,9,5,"(((a.1,b),c),a.2)",g05_o1,False,-445.70198647544566,-822.8653356946496
growth,0,7,hapibd,poisson_shared,loop_omitted,10,4,"(((a.1,b),a.2),c)",g04_o1,False,-446.094176369336,-824.7444640177215
growth,0,7,hapibd,poisson_shared,loop_omitted,11,14,"(((b.1,c),b.2),a)",g14_o1,False,-749.8286501504759,-838.6064522438579
growth,0,7,hapibd,poisson_shared,loop_omitted,12,13,"(((b.1,c),a),b.2)",g13_o1,False,-753.1690406178318,-843.4644732705414
growth,0,7,hapibd,poisson_shared,loop_omitted,13,18,"(((a,c.1),c.2),b)",g18_o1,False,-776.4344594432825,-876.4819532200574
growth,0,7,hapibd,poisson_shared,loop_omitted,14,21,"((a,c.1),(b,c.2))",g21_o2,False,-785.8504419089421,-900.7225818424869
growth,0,7,hapibd,poisson_shared,loop_omitted,15,20,"(((b,c.1),c.2),a)",g20_o1,False,-908.9455324597503,-938.483802560209
growth,0,7,hapibd,poisson_shared,loop_omitted,16,6,"(((a.1,c),a.2),b)",g06_o1,False,-897.5536032905117,-948.4706350505639
growth,0,7,hapibd,poisson_shared,loop_omitted,17,7,"(((a.1,c),b),a.2)",g07_o1,False,-878.3646959025596,-1066.24710062912
growth,0,7,hapibd,poisson_shared,loop_omitted,18,3,"((b,c),a)",g03_o1,False,-1237.4756608014036,-1242.353733754922
growth,0,7,hapibd,poisson_shared,loop_omitted,19,12,"(((a,c),b.1),b.2)",g12_o1,False,-1183.9926061662354,-1262.137655545104
growth,0,7,hapibd,poisson_shared,loop_omitted,20,8,"(((b,c),a.1),a.2)",g08_o1,False,-1210.1944499757094,-1282.3423111295774
growth,0,7,hapibd,poisson_shared,loop_omitted,21,2,"((a,c),b)",g02_o1,False,-1287.517643809721,-1292.254935504614
growth,0,7,hapibd,poisson_shared,including_loop,1,15,"((a,b.1),(b.2,c))",g15_o1,False,-194.17240945262768,-206.63638573943064
growth,0,7,hapibd,poisson_shared,including_loop,2,22,"b-loop + ((a,b.1),(b.2,c))",g22_o1,False,-203.97513975570504,-222.93429250768887
growth,0,7,hapibd,poisson_shared,including_loop,3,9,"((a.1,b),(a.2,c))",g09_o1,False,-353.6775878257532,-436.42090081648587
growth,0,7,hapibd,poisson_shared,including_loop,4,17,"(((a,c.1),b),c.2)",g17_o1,False,-445.37011542027864,-463.77731808146245
growth,0,7,hapibd,poisson_shared,including_loop,5,19,"(((b,c.1),a),c.2)",g19_o1,False,-478.88792986283477,-492.20879440638174
growth,0,7,hapibd,poisson_shared,including_loop,6,16,"(((a,b),c.1),c.2)",g16_o2,False,-481.1640855852899,-500.638120176495
growth,0,7,hapibd,poisson_shared,including_loop,7,11,"(((a,b.1),c),b.2)",g11_o1,False,-243.89298213436666,-670.904634081417
growth,0,7,hapibd,poisson_shared,including_loop,8,10,"(((a,b.1),b.2),c)",g10_o1,False,-236.46581136018628,-690.6585650419952
growth,0,7,hapibd,poisson_shared,including_loop,9,1,"((a,b),c)",g01_o1,False,-477.74868700937554,-814.4541782406069
growth,0,7,hapibd,poisson_shared,including_loop,10,5,"(((a.1,b),c),a.2)",g05_o1,False,-445.70198647544566,-822.8653356946496
growth,0,7,hapibd,poisson_shared,including_loop,11,4,"(((a.1,b),a.2),c)",g04_o1,False,-446.094176369336,-824.7444640177215
growth,0,7,hapibd,poisson_shared,including_loop,12,14,"(((b.1,c),b.2),a)",g14_o1,False,-749.8286501504759,-838.6064522438579
growth,0,7,hapibd,poisson_shared,including_loop,13,13,"(((b.1,c),a),b.2)",g13_o1,False,-753.1690406178318,-843.4644732705414
growth,0,7,hapibd,poisson_shared,including_loop,14,18,"(((a,c.1),c.2),b)",g18_o1,False,-776.4344594432825,-876.4819532200574
growth,0,7,hapibd,poisson_shared,including_loop,15,21,"((a,c.1),(b,c.2))",g21_o2,False,-785.8504419089421,-900.7225818424869
growth,0,7,hapibd,poisson_shared,including_loop,16,20,"(((b,c.1),c.2),a)",g20_o1,False,-908.9455324597503,-938.483802560209
growth,0,7,hapibd,poisson_shared,including_loop,17,6,"(((a.1,c),a.2),b)",g06_o1,False,-897.5536032905117,-948.4706350505639
growth,0,7,hapibd,poisson_shared,including_loop,18,7,"(((a.1,c),b),a.2)",g07_o1,False,-878.3646959025596,-1066.24710062912
growth,0,7,hapibd,poisson_shared,including_loop,19,3,"((b,c),a)",g03_o1,False,-1237.4756608014036,-1242.353733754922
growth,0,7,hapibd,poisson_shared,including_loop,20,12,"(((a,c),b.1),b.2)",g12_o1,False,-1183.9926061662354,-1262.137655545104
growth,0,7,hapibd,poisson_shared,including_loop,21,8,"(((b,c),a.1),a.2)",g08_o1,False,-1210.1944499757094,-1282.3423111295774
growth,0,7,hapibd,poisson_shared,including_loop,22,2,"((a,c),b)",g02_o1,False,-1287.517643809721,-1292.254935504614
growth,0,7,hapibd,poisson_separate,loop_omitted,1,10,"(((a,b.1),b.2),c)",g10_o1,False,-236.6602400552248,-286.941526261598
growth,0,7,hapibd,poisson_separate,loop_omitted,2,1,"((a,b),c)",g01_o1,False,-268.34859240157215,-307.95705465235716
growth,0,7,hapibd,poisson_separate,loop_omitted,3,11,"(((a,b.1),c),b.2)",g11_o1,False,-235.32122685044664,-308.4948755029987
growth,0,7,hapibd,poisson_separate,loop_omitted,4,9,"((a.1,b),(a.2,c))",g09_o2,False,-288.02610632415616,-334.5211003404621
growth,0,7,hapibd,poisson_separate,loop_omitted,5,17,"(((a,c.1),b),c.2)",g17_o1,False,-289.7866537023793,-338.5818174196046
growth,0,7,hapibd,poisson_separate,loop_omitted,6,15,"((a,b.1),(b.2,c))",g15_o2,False,-208.8679822426713,-355.2811230787082
growth,0,7,hapibd,poisson_separate,loop_omitted,7,5,"(((a.1,b),c),a.2)",g05_o1,False,-294.47497340608777,-356.7057255174027
growth,0,7,hapibd,poisson_separate,loop_omitted,8,16,"(((a,b),c.1),c.2)",g16_o1,False,-291.308739071543,-393.63322083358094
growth,0,7,hapibd,poisson_separate,loop_omitted,9,4,"(((a.1,b),a.2),c)",g04_o1,False,-292.91665220911176,-403.30624386504445
growth,0,7,hapibd,poisson_separate,loop_omitted,10,19,"(((b,c.1),a),c.2)",g19_o1,False,-297.1469162932107,-414.4211376813964
growth,0,7,hapibd,poisson_separate,loop_omitted,11,3,"((b,c),a)",g03_o1,False,-575.6611440834984,-600.0040536513277
growth,0,7,hapibd,poisson_separate,loop_omitted,12,14,"(((b.1,c),b.2),a)",g14_o1,False,-599.3003606403884,-646.3257210984
growth,0,7,hapibd,poisson_separate,loop_omitted,13,18,"(((a,c.1),c.2),b)",g18_o1,False,-591.7335917475442,-656.6928262073616
growth,0,7,hapibd,poisson_separate,loop_omitted,14,7,"(((a.1,c),b),a.2)",g07_o1,False,-594.4878567763254,-658.2675394889627
growth,0,7,hapibd,poisson_separate,loop_omitted,15,6,"(((a.1,c),a.2),b)",g06_o1,False,-601.6388936989904,-661.2086628383837
growth,0,7,hapibd,poisson_separate,loop_omitted,16,21,"((a,c.1),(b,c.2))",g21_o2,False,-597.856801986123,-684.9843249868032
growth,0,7,hapibd,poisson_separate,loop_omitted,17,20,"(((b,c.1),c.2),a)",g20_o1,False,-597.8826034364182,-828.9552744587604
growth,0,7,hapibd,poisson_separate,loop_omitted,18,8,"(((b,c),a.1),a.2)",g08_o1,False,-600.2091235402379,-852.8787844625849
growth,0,7,hapibd,poisson_separate,loop_omitted,19,12,"(((a,c),b.1),b.2)",g12_o1,False,-601.2766958611987,-861.604920928944
growth,0,7,hapibd,poisson_separate,loop_omitted,20,13,"(((b.1,c),a),b.2)",g13_o1,False,-608.2499078488268,-945.008977597408
growth,0,7,hapibd,poisson_separate,loop_omitted,21,2,"((a,c),b)",g02_o1,False,-578.6619188006516,-948.0755198455698
growth,0,7,hapibd,poisson_separate,including_loop,1,22,"b-loop + ((a,b.1),(b.2,c))",g22_o2,False,-222.13734873961693,-271.4515252683011
growth,0,7,hapibd,poisson_separate,including_loop,2,10,"(((a,b.1),b.2),c)",g10_o1,False,-236.6602400552248,-286.941526261598
growth,0,7,hapibd,poisson_separate,including_loop,3,1,"((a,b),c)",g01_o1,False,-268.34859240157215,-307.95705465235716
growth,0,7,hapibd,poisson_separate,including_loop,4,11,"(((a,b.1),c),b.2)",g11_o1,False,-235.32122685044664,-308.4948755029987
growth,0,7,hapibd,poisson_separate,including_loop,5,9,"((a.1,b),(a.2,c))",g09_o2,False,-288.02610632415616,-334.5211003404621
growth,0,7,hapibd,poisson_separate,including_loop,6,17,"(((a,c.1),b),c.2)",g17_o1,False,-289.7866537023793,-338.5818174196046
growth,0,7,hapibd,poisson_separate,including_loop,7,15,"((a,b.1),(b.2,c))",g15_o2,False,-208.8679822426713,-355.2811230787082
growth,0,7,hapibd,poisson_separate,including_loop,8,5,"(((a.1,b),c),a.2)",g05_o1,False,-294.47497340608777,-356.7057255174027
growth,0,7,hapibd,poisson_separate,including_loop,9,16,"(((a,b),c.1),c.2)",g16_o1,False,-291.308739071543,-393.63322083358094
growth,0,7,hapibd,poisson_separate,including_loop,10,4,"(((a.1,b),a.2),c)",g04_o1,False,-292.91665220911176,-403.30624386504445
growth,0,7,hapibd,poisson_separate,including_loop,11,19,"(((b,c.1),a),c.2)",g19_o1,False,-297.1469162932107,-414.4211376813964
growth,0,7,hapibd,poisson_separate,including_loop,12,3,"((b,c),a)",g03_o1,False,-575.6611440834984,-600.0040536513277
growth,0,7,hapibd,poisson_separate,including_loop,13,14,"(((b.1,c),b.2),a)",g14_o1,False,-599.3003606403884,-646.3257210984
growth,0,7,hapibd,poisson_separate,including_loop,14,18,"(((a,c.1),c.2),b)",g18_o1,False,-591.7335917475442,-656.6928262073616
growth,0,7,hapibd,poisson_separate,including_loop,15,7,"(((a.1,c),b),a.2)",g07_o1,False,-594.4878567763254,-658.2675394889627
growth,0,7,hapibd,poisson_separate,including_loop,16,6,"(((a.1,c),a.2),b)",g06_o1,False,-601.6388936989904,-661.2086628383837
growth,0,7,hapibd,poisson_separate,including_loop,17,21,"((a,c.1),(b,c.2))",g21_o2,False,-597.856801986123,-684.9843249868032
growth,0,7,hapibd,poisson_separate,including_loop,18,20,"(((b,c.1),c.2),a)",g20_o1,False,-597.8826034364182,-828.9552744587604
growth,0,7,hapibd,poisson_separate,including_loop,19,8,"(((b,c),a.1),a.2)",g08_o1,False,-600.2091235402379,-852.8787844625849
growth,0,7,hapibd,poisson_separate,including_loop,20,12,"(((a,c),b.1),b.2)",g12_o1,False,-601.2766958611987,-861.604920928944
growth,0,7,hapibd,poisson_separate,including_loop,21,13,"(((b.1,c),a),b.2)",g13_o1,False,-608.2499078488268,-945.008977597408
growth,0,7,hapibd,poisson_separate,including_loop,22,2,"((a,c),b)",g02_o1,False,-578.6619188006516,-948.0755198455698
growth,0,8,true,poisson_shared,loop_omitted,1,15,"((a,b.1),(b.2,c))",g15_o1,False,-207.0393369985713,-231.67302626972008
growth,0,8,true,poisson_shared,loop_omitted,2,9,"((a.1,b),(a.2,c))",g09_o1,False,-327.8325026402989,-394.0968075966785
growth,0,8,true,poisson_shared,loop_omitted,3,5,"(((a.1,b),c),a.2)",g05_o1,False,-344.1228716480078,-410.70913322233463
growth,0,8,true,poisson_shared,loop_omitted,4,19,"(((b,c.1),a),c.2)",g19_o1,False,-449.4592466641582,-467.53376152889444
growth,0,8,true,poisson_shared,loop_omitted,5,16,"(((a,b),c.1),c.2)",g16_o1,False,-452.07528499375906,-476.7004438801919
growth,0,8,true,poisson_shared,loop_omitted,6,17,"(((a,c.1),b),c.2)",g17_o1,False,-406.40855289987957,-491.11536001861793
growth,0,8,true,poisson_shared,loop_omitted,7,10,"(((a,b.1),b.2),c)",g10_o1,False,-243.84779311859302,-697.4387641293173
growth,0,8,true,poisson_shared,loop_omitted,8,11,"(((a,b.1),c),b.2)",g11_o1,False,-251.80314468294202,-734.4866874129657
growth,0,8,true,poisson_shared,loop_omitted,9,1,"((a,b),c)",g01_o1,False,-444.63585060468563,-801.9990796071903
growth,0,8,true,poisson_shared,loop_omitted,10,4,"(((a.1,b),a.2),c)",g04_o1,False,-401.06197062540895,-806.4914788294642
growth,0,8,true,poisson_shared,loop_omitted,11,13,"(((b.1,c),a),b.2)",g13_o1,False,-779.5465733162789,-858.1136239902073
growth,0,8,true,poisson_shared,loop_omitted,12,14,"(((b.1,c),b.2),a)",g14_o1,False,-777.1936068087234,-862.7363274366396
growth,0,8,true,poisson_shared,loop_omitted,13,18,"(((a,c.1),c.2),b)",g18_o1,False,-772.1656196873479,-872.7617080773102
growth,0,8,true,poisson_shared,loop_omitted,14,7,"(((a.1,c),b),a.2)",g07_o1,False,-872.7429578191582,-891.0436947500125
growth,0,8,true,poisson_shared,loop_omitted,15,21,"((a,c.1),(b,c.2))",g21_o1,False,-885.2471551348145,-923.9931855106956
growth,0,8,true,poisson_shared,loop_omitted,16,6,"(((a.1,c),a.2),b)",g06_o1,False,-887.5807632026737,-933.5446950940335
growth,0,8,true,poisson_shared,loop_omitted,17,20,"(((b,c.1),c.2),a)",g20_o1,False,-898.9034479463317,-938.6947089973415
growth,0,8,true,poisson_shared,loop_omitted,18,3,"((b,c),a)",g03_o1,False,-1247.9746797675107,-1254.3578535137851
growth,0,8,true,poisson_shared,loop_omitted,19,8,"(((b,c),a.1),a.2)",g08_o2,False,-1199.2840931344929,-1290.474227890836
growth,0,8,true,poisson_shared,loop_omitted,20,2,"((a,c),b)",g02_o1,False,-1301.34900637197,-1307.438424431371
growth,0,8,true,poisson_shared,loop_omitted,21,12,"(((a,c),b.1),b.2)",g12_o1,False,-1207.1073269892352,-1319.1529691812125
growth,0,8,true,poisson_shared,including_loop,1,15,"((a,b.1),(b.2,c))",g15_o1,False,-207.0393369985713,-231.67302626972008
growth,0,8,true,poisson_shared,including_loop,2,22,"b-loop + ((a,b.1),(b.2,c))",g22_o1,False,-217.55798889649287,-237.02221327401304
growth,0,8,true,poisson_shared,including_loop,3,9,"((a.1,b),(a.2,c))",g09_o1,False,-327.8325026402989,-394.0968075966785
growth,0,8,true,poisson_shared,including_loop,4,5,"(((a.1,b),c),a.2)",g05_o1,False,-344.1228716480078,-410.70913322233463
growth,0,8,true,poisson_shared,including_loop,5,19,"(((b,c.1),a),c.2)",g19_o1,False,-449.4592466641582,-467.53376152889444
growth,0,8,true,poisson_shared,including_loop,6,16,"(((a,b),c.1),c.2)",g16_o1,False,-452.07528499375906,-476.7004438801919
growth,0,8,true,poisson_shared,including_loop,7,17,"(((a,c.1),b),c.2)",g17_o1,False,-406.40855289987957,-491.11536001861793
growth,0,8,true,poisson_shared,including_loop,8,10,"(((a,b.1),b.2),c)",g10_o1,False,-243.84779311859302,-697.4387641293173
growth,0,8,true,poisson_shared,including_loop,9,11,"(((a,b.1),c),b.2)",g11_o1,False,-251.80314468294202,-734.4866874129657
growth,0,8,true,poisson_shared,including_loop,10,1,"((a,b),c)",g01_o1,False,-444.63585060468563,-801.9990796071903
growth,0,8,true,poisson_shared,including_loop,11,4,"(((a.1,b),a.2),c)",g04_o1,False,-401.06197062540895,-806.4914788294642
growth,0,8,true,poisson_shared,including_loop,12,13,"(((b.1,c),a),b.2)",g13_o1,False,-779.5465733162789,-858.1136239902073
growth,0,8,true,poisson_shared,including_loop,13,14,"(((b.1,c),b.2),a)",g14_o1,False,-777.1936068087234,-862.7363274366396
growth,0,8,true,poisson_shared,including_loop,14,18,"(((a,c.1),c.2),b)",g18_o1,False,-772.1656196873479,-872.7617080773102
growth,0,8,true,poisson_shared,including_loop,15,7,"(((a.1,c),b),a.2)",g07_o1,False,-872.7429578191582,-891.0436947500125
growth,0,8,true,poisson_shared,including_loop,16,21,"((a,c.1),(b,c.2))",g21_o1,False,-885.2471551348145,-923.9931855106956
growth,0,8,true,poisson_shared,including_loop,17,6,"(((a.1,c),a.2),b)",g06_o1,False,-887.5807632026737,-933.5446950940335
growth,0,8,true,poisson_shared,including_loop,18,20,"(((b,c.1),c.2),a)",g20_o1,False,-898.9034479463317,-938.6947089973415
growth,0,8,true,poisson_shared,including_loop,19,3,"((b,c),a)",g03_o1,False,-1247.9746797675107,-1254.3578535137851
growth,0,8,true,poisson_shared,including_loop,20,8,"(((b,c),a.1),a.2)",g08_o2,False,-1199.2840931344929,-1290.474227890836
growth,0,8,true,poisson_shared,including_loop,21,2,"((a,c),b)",g02_o1,False,-1301.34900637197,-1307.438424431371
growth,0,8,true,poisson_shared,including_loop,22,12,"(((a,c),b.1),b.2)",g12_o1,False,-1207.1073269892352,-1319.1529691812125
growth,0,8,true,poisson_separate,loop_omitted,1,11,"(((a,b.1),c),b.2)",g11_o1,False,-250.14470014446394,-276.73264592083507
growth,0,8,true,poisson_separate,loop_omitted,2,15,"((a,b.1),(b.2,c))",g15_o2,False,-227.7672114180271,-278.44860564299967
growth,0,8,true,poisson_separate,loop_omitted,3,1,"((a,b),c)",g01_o1,False,-259.03696993956487,-282.3538548920177
growth,0,8,true,poisson_separate,loop_omitted,4,17,"(((a,c.1),b),c.2)",g17_o1,False,-273.3437112101129,-314.2448466159837
growth,0,8,true,poisson_separate,loop_omitted,5,9,"((a.1,b),(a.2,c))",g09_o2,False,-279.08414544256095,-316.298611941416
growth,0,8,true,poisson_separate,loop_omitted,6,19,"(((b,c.1),a),c.2)",g19_o1,False,-273.56304467900753,-318.48157873187483
growth,0,8,true,poisson_separate,loop_omitted,7,16,"(((a,b),c.1),c.2)",g16_o1,False,-282.38198425714836,-394.18602806779126
growth,0,8,true,poisson_separate,loop_omitted,8,4,"(((a.1,b),a.2),c)",g04_o1,False,-274.9496190487415,-411.36449249171335
growth,0,8,true,poisson_separate,loop_omitted,9,5,"(((a.1,b),c),a.2)",g05_o1,False,-274.24988968676763,-412.60140456116153
growth,0,8,true,poisson_separate,loop_omitted,10,10,"(((a,b.1),b.2),c)",g10_o1,False,-248.57487473165168,-498.19724839362823
growth,0,8,true,poisson_separate,loop_omitted,11,3,"((b,c),a)",g03_o1,False,-585.4806049638495,-609.1698975801027
growth,0,8,true,poisson_separate,loop_omitted,12,2,"((a,c),b)",g02_o1,False,-582.8576324821931,-635.5282001504441
growth,0,8,true,poisson_separate,loop_omitted,13,14,"(((b.1,c),b.2),a)",g14_o1,False,-601.1162544666888,-646.3635293894457
growth,0,8,true,poisson_separate,loop_omitted,14,7,"(((a.1,c),b),a.2)",g07_o1,False,-597.0256901983917,-646.383142385719
growth,0,8,true,poisson_separate,loop_omitted,15,13,"(((b.1,c),a),b.2)",g13_o1,False,-607.3823578186209,-663.1234158004345
growth,0,8,true,poisson_separate,loop_omitted,16,18,"(((a,c.1),c.2),b)",g18_o1,False,-605.3048722824215,-671.5108419387176
growth,0,8,true,poisson_separate,loop_omitted,17,6,"(((a.1,c),a.2),b)",g06_o1,False,-595.2775318681533,-740.9331257630889
growth,0,8,true,poisson_separate,loop_omitted,18,20,"(((b,c.1),c.2),a)",g20_o1,False,-600.941644181134,-849.5974262422724
growth,0,8,true,poisson_separate,loop_omitted,19,8,"(((b,c),a.1),a.2)",g08_o1,False,-600.2330878934662,-852.2737845455362
growth,0,8,true,poisson_separate,loop_omitted,20,12,"(((a,c),b.1),b.2)",g12_o2,False,-610.7658256142721,-918.6304230592881
growth,0,8,true,poisson_separate,loop_omitted,21,21,"((a,c.1),(b,c.2))",g21_o2,False,-599.5667631247401,-960.3149561422063
growth,0,8,true,poisson_separate,including_loop,1,22,"b-loop + ((a,b.1),(b.2,c))",g22_o2,False,-239.91766540291508,-271.3639302680995
growth,0,8,true,poisson_separate,including_loop,2,11,"(((a,b.1),c),b.2)",g11_o1,False,-250.14470014446394,-276.73264592083507
growth,0,8,true,poisson_separate,including_loop,3,15,"((a,b.1),(b.2,c))",g15_o2,False,-227.7672114180271,-278.44860564299967
growth,0,8,true,poisson_separate,including_loop,4,1,"((a,b),c)",g01_o1,False,-259.03696993956487,-282.3538548920177
growth,0,8,true,poisson_separate,including_loop,5,17,"(((a,c.1),b),c.2)",g17_o1,False,-273.3437112101129,-314.2448466159837
growth,0,8,true,poisson_separate,including_loop,6,9,"((a.1,b),(a.2,c))",g09_o2,False,-279.08414544256095,-316.298611941416
growth,0,8,true,poisson_separate,including_loop,7,19,"(((b,c.1),a),c.2)",g19_o1,False,-273.56304467900753,-318.48157873187483
growth,0,8,true,poisson_separate,including_loop,8,16,"(((a,b),c.1),c.2)",g16_o1,False,-282.38198425714836,-394.18602806779126
growth,0,8,true,poisson_separate,including_loop,9,4,"(((a.1,b),a.2),c)",g04_o1,False,-274.9496190487415,-411.36449249171335
growth,0,8,true,poisson_separate,including_loop,10,5,"(((a.1,b),c),a.2)",g05_o1,False,-274.24988968676763,-412.60140456116153
growth,0,8,true,poisson_separate,including_loop,11,10,"(((a,b.1),b.2),c)",g10_o1,False,-248.57487473165168,-498.19724839362823
growth,0,8,true,poisson_separate,including_loop,12,3,"((b,c),a)",g03_o1,False,-585.4806049638495,-609.1698975801027
growth,0,8,true,poisson_separate,including_loop,13,2,"((a,c),b)",g02_o1,False,-582.8576324821931,-635.5282001504441
growth,0,8,true,poisson_separate,including_loop,14,14,"(((b.1,c),b.2),a)",g14_o1,False,-601.1162544666888,-646.3635293894457
growth,0,8,true,poisson_separate,including_loop,15,7,"(((a.1,c),b),a.2)",g07_o1,False,-597.0256901983917,-646.383142385719
growth,0,8,true,poisson_separate,including_loop,16,13,"(((b.1,c),a),b.2)",g13_o1,False,-607.3823578186209,-663.1234158004345
growth,0,8,true,poisson_separate,including_loop,17,18,"(((a,c.1),c.2),b)",g18_o1,False,-605.3048722824215,-671.5108419387176
growth,0,8,true,poisson_separate,including_loop,18,6,"(((a.1,c),a.2),b)",g06_o1,False,-595.2775318681533,-740.9331257630889
growth,0,8,true,poisson_separate,including_loop,19,20,"(((b,c.1),c.2),a)",g20_o1,False,-600.941644181134,-849.5974262422724
growth,0,8,true,poisson_separate,including_loop,20,8,"(((b,c),a.1),a.2)",g08_o1,False,-600.2330878934662,-852.2737845455362
growth,0,8,true,poisson_separate,including_loop,21,12,"(((a,c),b.1),b.2)",g12_o2,False,-610.7658256142721,-918.6304230592881
growth,0,8,true,poisson_separate,including_loop,22,21,"((a,c.1),(b,c.2))",g21_o2,False,-599.5667631247401,-960.3149561422063
growth,0,8,hapibd,poisson_shared,loop_omitted,1,15,"((a,b.1),(b.2,c))",g15_o1,False,-210.6834316261051,-227.99496181485682
growth,0,8,hapibd,poisson_shared,loop_omitted,2,17,"(((a,c.1),b),c.2)",g17_o1,False,-408.6359848800323,-434.55471199576334
growth,0,8,hapibd,poisson_shared,loop_omitted,3,9,"((a.1,b),(a.2,c))",g09_o2,False,-329.416324947335,-440.86308064242786
growth,0,8,hapibd,poisson_shared,loop_omitted,4,16,"(((a,b),c.1),c.2)",g16_o1,False,-448.49988708230853,-473.29643561172145
growth,0,8,hapibd,poisson_shared,loop_omitted,5,19,"(((b,c.1),a),c.2)",g19_o1,False,-454.8985156871778,-655.5829277905559
growth,0,8,hapibd,poisson_shared,loop_omitted,6,10,"(((a,b.1),b.2),c)",g10_o1,False,-240.71586680857703,-682.5128358006226
growth,0,8,hapibd,poisson_shared,loop_omitted,7,11,"(((a,b.1),c),b.2)",g11_o1,False,-246.52186742590982,-701.8556065171257
growth,0,8,hapibd,poisson_shared,loop_omitted,8,1,"((a,b),c)",g01_o1,False,-443.48817659299084,-790.0682580556145
growth,0,8,hapibd,poisson_shared,loop_omitted,9,5,"(((a.1,b),c),a.2)",g05_o1,False,-408.5673209468018,-797.6575119408864
growth,0,8,hapibd,poisson_shared,loop_omitted,10,4,"(((a.1,b),a.2),c)",g04_o1,False,-398.91521432366903,-814.5764425490216
growth,0,8,hapibd,poisson_shared,loop_omitted,11,14,"(((b.1,c),b.2),a)",g14_o1,False,-778.7022645722673,-850.8674436328536
growth,0,8,hapibd,poisson_shared,loop_omitted,12,7,"(((a.1,c),b),a.2)",g07_o1,False,-867.075917287254,-887.9234174497477
growth,0,8,hapibd,poisson_shared,loop_omitted,13,18,"(((a,c.1),c.2),b)",g18_o1,False,-819.3196604541066,-889.9573843287025
growth,0,8,hapibd,poisson_shared,loop_omitted,14,20,"(((b,c.1),c.2),a)",g20_o1,False,-801.2814720409876,-893.293961387982
growth,0,8,hapibd,poisson_shared,loop_omitted,15,21,"((a,c.1),(b,c.2))",g21_o2,False,-876.8925010333959,-914.9697686448134
growth,0,8,hapibd,poisson_shared,loop_omitted,16,6,"(((a.1,c),a.2),b)",g06_o1,False,-888.5753781397218,-919.3762855571443
growth,0,8,hapibd,poisson_shared,loop_omitted,17,13,"(((b.1,c),a),b.2)",g13_o1,False,-774.9408338726793,-1031.4707323251066
growth,0,8,hapibd,poisson_shared,loop_omitted,18,12,"(((a,c),b.1),b.2)",g12_o1,False,-1196.0544016313365,-1239.7507277116658
growth,0,8,hapibd,poisson_shared,loop_omitted,19,3,"((b,c),a)",g03_o1,False,-1239.7027437077377,-1249.4976596899173
growth,0,8,hapibd,poisson_shared,loop_omitted,20,8,"(((b,c),a.1),a.2)",g08_o1,False,-1246.6746298919513,-1292.7022701990468
growth,0,8,hapibd,poisson_shared,loop_omitted,21,2,"((a,c),b)",g02_o1,False,-1293.4527022983693,-1299.6538920442913
growth,0,8,hapibd,poisson_shared,including_loop,1,15,"((a,b.1),(b.2,c))",g15_o1,False,-210.6834316261051,-227.99496181485682
growth,0,8,hapibd,poisson_shared,including_loop,2,22,"b-loop + ((a,b.1),(b.2,c))",g22_o1,False,-231.09202251744924,-246.60795398084468
growth,0,8,hapibd,poisson_shared,including_loop,3,17,"(((a,c.1),b),c.2)",g17_o1,False,-408.6359848800323,-434.55471199576334
growth,0,8,hapibd,poisson_shared,including_loop,4,9,"((a.1,b),(a.2,c))",g09_o2,False,-329.416324947335,-440.86308064242786
growth,0,8,hapibd,poisson_shared,including_loop,5,16,"(((a,b),c.1),c.2)",g16_o1,False,-448.49988708230853,-473.29643561172145
growth,0,8,hapibd,poisson_shared,including_loop,6,19,"(((b,c.1),a),c.2)",g19_o1,False,-454.8985156871778,-655.5829277905559
growth,0,8,hapibd,poisson_shared,including_loop,7,10,"(((a,b.1),b.2),c)",g10_o1,False,-240.71586680857703,-682.5128358006226
growth,0,8,hapibd,poisson_shared,including_loop,8,11,"(((a,b.1),c),b.2)",g11_o1,False,-246.52186742590982,-701.8556065171257
growth,0,8,hapibd,poisson_shared,including_loop,9,1,"((a,b),c)",g01_o1,False,-443.48817659299084,-790.0682580556145
growth,0,8,hapibd,poisson_shared,including_loop,10,5,"(((a.1,b),c),a.2)",g05_o1,False,-408.5673209468018,-797.6575119408864
growth,0,8,hapibd,poisson_shared,including_loop,11,4,"(((a.1,b),a.2),c)",g04_o1,False,-398.91521432366903,-814.5764425490216
growth,0,8,hapibd,poisson_shared,including_loop,12,14,"(((b.1,c),b.2),a)",g14_o1,False,-778.7022645722673,-850.8674436328536
growth,0,8,hapibd,poisson_shared,including_loop,13,7,"(((a.1,c),b),a.2)",g07_o1,False,-867.075917287254,-887.9234174497477
growth,0,8,hapibd,poisson_shared,including_loop,14,18,"(((a,c.1),c.2),b)",g18_o1,False,-819.3196604541066,-889.9573843287025
growth,0,8,hapibd,poisson_shared,including_loop,15,20,"(((b,c.1),c.2),a)",g20_o1,False,-801.2814720409876,-893.293961387982
growth,0,8,hapibd,poisson_shared,including_loop,16,21,"((a,c.1),(b,c.2))",g21_o2,False,-876.8925010333959,-914.9697686448134
growth,0,8,hapibd,poisson_shared,including_loop,17,6,"(((a.1,c),a.2),b)",g06_o1,False,-888.5753781397218,-919.3762855571443
growth,0,8,hapibd,poisson_shared,including_loop,18,13,"(((b.1,c),a),b.2)",g13_o1,False,-774.9408338726793,-1031.4707323251066
growth,0,8,hapibd,poisson_shared,including_loop,19,12,"(((a,c),b.1),b.2)",g12_o1,False,-1196.0544016313365,-1239.7507277116658
growth,0,8,hapibd,poisson_shared,including_loop,20,3,"((b,c),a)",g03_o1,False,-1239.7027437077377,-1249.4976596899173
growth,0,8,hapibd,poisson_shared,including_loop,21,8,"(((b,c),a.1),a.2)",g08_o1,False,-1246.6746298919513,-1292.7022701990468
growth,0,8,hapibd,poisson_shared,including_loop,22,2,"((a,c),b)",g02_o1,False,-1293.4527022983693,-1299.6538920442913
growth,0,8,hapibd,poisson_separate,loop_omitted,1,15,"((a,b.1),(b.2,c))",g15_o2,False,-232.47605819664528,-289.8202055138229
growth,0,8,hapibd,poisson_separate,loop_omitted,2,10,"(((a,b.1),b.2),c)",g10_o1,False,-243.96835476238263,-296.08310982137476
growth,0,8,hapibd,poisson_separate,loop_omitted,3,11,"(((a,b.1),c),b.2)",g11_o1,False,-246.68858283052853,-316.39486122022345
growth,0,8,hapibd,poisson_separate,loop_omitted,4,9,"((a.1,b),(a.2,c))",g09_o2,False,-275.4073023036765,-320.95938871665726
growth,0,8,hapibd,poisson_separate,loop_omitted,5,19,"(((b,c.1),a),c.2)",g19_o1,False,-270.60567974947605,-327.1529058351424
growth,0,8,hapibd,poisson_separate,loop_omitted,6,17,"(((a,c.1),b),c.2)",g17_o1,False,-285.2703186968687,-364.43247003510675
growth,0,8,hapibd,poisson_separate,loop_omitted,7,1,"((a,b),c)",g01_o1,False,-258.2533123059787,-379.61017307200245
growth,0,8,hapibd,poisson_separate,loop_omitted,8,16,"(((a,b),c.1),c.2)",g16_o1,False,-283.23758776880334,-387.7465600042627
growth,0,8,hapibd,poisson_separate,loop_omitted,9,4,"(((a.1,b),a.2),c)",g04_o1,False,-276.55288550685594,-397.2094680235169
growth,0,8,hapibd,poisson_separate,loop_omitted,10,5,"(((a.1,b),c),a.2)",g05_o1,False,-271.15563078659954,-440.2609746510111
growth,0,8,hapibd,poisson_separate,loop_omitted,11,3,"((b,c),a)",g03_o1,False,-588.7011221447827,-611.4295881631633
growth,0,8,hapibd,poisson_separate,loop_omitted,12,2,"((a,c),b)",g02_o1,False,-591.6601371933215,-632.2934743819641
growth,0,8,hapibd,poisson_separate,loop_omitted,13,7,"(((a.1,c),b),a.2)",g07_o1,False,-607.0714370442023,-643.3039234379196
growth,0,8,hapibd,poisson_separate,loop_omitted,14,13,"(((b.1,c),a),b.2)",g13_o1,False,-613.0318348271657,-659.4020966083124
growth,0,8,hapibd,poisson_separate,loop_omitted,15,6,"(((a.1,c),a.2),b)",g06_o1,False,-600.4373752593024,-667.5836273995887
growth,0,8,hapibd,poisson_separate,loop_omitted,16,18,"(((a,c.1),c.2),b)",g18_o1,False,-607.6433965024729,-675.9223435280289
growth,0,8,hapibd,poisson_separate,loop_omitted,17,21,"((a,c.1),(b,c.2))",g21_o2,False,-604.8286041080105,-684.976555779951
growth,0,8,hapibd,poisson_separate,loop_omitted,18,14,"(((b.1,c),b.2),a)",g14_o1,False,-611.9792624169235,-688.8106003882489
growth,0,8,hapibd,poisson_separate,loop_omitted,19,8,"(((b,c),a.1),a.2)",g08_o1,False,-611.4328579692989,-844.5747723097141
growth,0,8,hapibd,poisson_separate,loop_omitted,20,12,"(((a,c),b.1),b.2)",g12_o2,False,-618.3773368241655,-911.124034259389
growth,0,8,hapibd,poisson_separate,loop_omitted,21,20,"(((b,c.1),c.2),a)",g20_o1,False,-613.2437295711263,-2719.9909151463416
growth,0,8,hapibd,poisson_separate,including_loop,1,22,"b-loop + ((a,b.1),(b.2,c))",g22_o2,False,-248.33514435196307,-279.5331643001368
growth,0,8,hapibd,poisson_separate,including_loop,2,15,"((a,b.1),(b.2,c))",g15_o2,False,-232.47605819664528,-289.8202055138229
growth,0,8,hapibd,poisson_separate,including_loop,3,10,"(((a,b.1),b.2),c)",g10_o1,False,-243.96835476238263,-296.08310982137476
growth,0,8,hapibd,poisson_separate,including_loop,4,11,"(((a,b.1),c),b.2)",g11_o1,False,-246.68858283052853,-316.39486122022345
growth,0,8,hapibd,poisson_separate,including_loop,5,9,"((a.1,b),(a.2,c))",g09_o2,False,-275.4073023036765,-320.95938871665726
growth,0,8,hapibd,poisson_separate,including_loop,6,19,"(((b,c.1),a),c.2)",g19_o1,False,-270.60567974947605,-327.1529058351424
growth,0,8,hapibd,poisson_separate,including_loop,7,17,"(((a,c.1),b),c.2)",g17_o1,False,-285.2703186968687,-364.43247003510675
growth,0,8,hapibd,poisson_separate,including_loop,8,1,"((a,b),c)",g01_o1,False,-258.2533123059787,-379.61017307200245
growth,0,8,hapibd,poisson_separate,including_loop,9,16,"(((a,b),c.1),c.2)",g16_o1,False,-283.23758776880334,-387.7465600042627
growth,0,8,hapibd,poisson_separate,including_loop,10,4,"(((a.1,b),a.2),c)",g04_o1,False,-276.55288550685594,-397.2094680235169
growth,0,8,hapibd,poisson_separate,including_loop,11,5,"(((a.1,b),c),a.2)",g05_o1,False,-271.15563078659954,-440.2609746510111
growth,0,8,hapibd,poisson_separate,including_loop,12,3,"((b,c),a)",g03_o1,False,-588.7011221447827,-611.4295881631633
growth,0,8,hapibd,poisson_separate,including_loop,13,2,"((a,c),b)",g02_o1,False,-591.6601371933215,-632.2934743819641
growth,0,8,hapibd,poisson_separate,including_loop,14,7,"(((a.1,c),b),a.2)",g07_o1,False,-607.0714370442023,-643.3039234379196
growth,0,8,hapibd,poisson_separate,including_loop,15,13,"(((b.1,c),a),b.2)",g13_o1,False,-613.0318348271657,-659.4020966083124
growth,0,8,hapibd,poisson_separate,including_loop,16,6,"(((a.1,c),a.2),b)",g06_o1,False,-600.4373752593024,-667.5836273995887
growth,0,8,hapibd,poisson_separate,including_loop,17,18,"(((a,c.1),c.2),b)",g18_o1,False,-607.6433965024729,-675.9223435280289
growth,0,8,hapibd,poisson_separate,including_loop,18,21,"((a,c.1),(b,c.2))",g21_o2,False,-604.8286041080105,-684.976555779951
growth,0,8,hapibd,poisson_separate,including_loop,19,14,"(((b.1,c),b.2),a)",g14_o1,False,-611.9792624169235,-688.8106003882489
growth,0,8,hapibd,poisson_separate,including_loop,20,8,"(((b,c),a.1),a.2)",g08_o1,False,-611.4328579692989,-844.5747723097141
growth,0,8,hapibd,poisson_separate,including_loop,21,12,"(((a,c),b.1),b.2)",g12_o2,False,-618.3773368241655,-911.124034259389
growth,0,8,hapibd,poisson_separate,including_loop,22,20,"(((b,c.1),c.2),a)",g20_o1,False,-613.2437295711263,-2719.9909151463416
growth,0,9,true,poisson_shared,loop_omitted,1,15,"((a,b.1),(b.2,c))",g15_o1,False,-206.52804268288966,-222.37991660874528
growth,0,9,true,poisson_shared,loop_omitted,2,11,"(((a,b.1),c),b.2)",g11_o1,False,-235.64076763957223,-259.01136588804604
growth,0,9,true,poisson_shared,loop_omitted,3,5,"(((a.1,b),c),a.2)",g05_o1,False,-312.75510635201874,-385.0638115131218
growth,0,9,true,poisson_shared,loop_omitted,4,4,"(((a.1,b),a.2),c)",g04_o1,False,-309.7637574173923,-386.9986886246197
growth,0,9,true,poisson_shared,loop_omitted,5,9,"((a.1,b),(a.2,c))",g09_o1,False,-323.82212030307335,-395.9275578040733
growth,0,9,true,poisson_shared,loop_omitted,6,17,"(((a,c.1),b),c.2)",g17_o1,False,-403.98051202510607,-431.2283335371713
growth,0,9,true,poisson_shared,loop_omitted,7,19,"(((b,c.1),a),c.2)",g19_o1,False,-451.6099935466654,-466.4543119406512
growth,0,9,true,poisson_shared,loop_omitted,8,16,"(((a,b),c.1),c.2)",g16_o2,False,-448.7459515387511,-471.1972595525023
growth,0,9,true,poisson_shared,loop_omitted,9,10,"(((a,b.1),b.2),c)",g10_o1,False,-231.46483937455224,-720.8513859697459
growth,0,9,true,poisson_shared,loop_omitted,10,1,"((a,b),c)",g01_o1,False,-441.4296702136096,-808.8135699609445
growth,0,9,true,poisson_shared,loop_omitted,11,14,"(((b.1,c),b.2),a)",g14_o1,False,-774.899190387048,-863.0893460758593
growth,0,9,true,poisson_shared,loop_omitted,12,13,"(((b.1,c),a),b.2)",g13_o1,False,-774.9793385205955,-867.9874073864091
growth,0,9,true,poisson_shared,loop_omitted,13,18,"(((a,c.1),c.2),b)",g18_o1,False,-764.3091102943833,-884.5774681277958
growth,0,9,true,poisson_shared,loop_omitted,14,20,"(((b,c.1),c.2),a)",g20_o1,False,-806.8833142709851,-898.4613849431652
growth,0,9,true,poisson_shared,loop_omitted,15,21,"((a,c.1),(b,c.2))",g21_o1,False,-873.187327073255,-915.6873752431453
growth,0,9,true,poisson_shared,loop_omitted,16,6,"(((a.1,c),a.2),b)",g06_o1,False,-879.9071712558788,-923.5948701860926
growth,0,9,true,poisson_shared,loop_omitted,17,7,"(((a.1,c),b),a.2)",g07_o1,False,-862.2461027148026,-926.7499829820432
growth,0,9,true,poisson_shared,loop_omitted,18,12,"(((a,c),b.1),b.2)",g12_o1,False,-1149.4747319776689,-1232.5900520842263
growth,0,9,true,poisson_shared,loop_omitted,19,8,"(((b,c),a.1),a.2)",g08_o1,False,-1199.674770127883,-1244.6527166357357
growth,0,9,true,poisson_shared,loop_omitted,20,2,"((a,c),b)",g02_o1,False,-1243.0968806581266,-1248.5854642087795
growth,0,9,true,poisson_shared,loop_omitted,21,3,"((b,c),a)",g03_o1,False,-1197.7745540850785,-1312.6451685233483
growth,0,9,true,poisson_shared,including_loop,1,15,"((a,b.1),(b.2,c))",g15_o1,False,-206.52804268288966,-222.37991660874528
growth,0,9,true,poisson_shared,including_loop,2,22,"b-loop + ((a,b.1),(b.2,c))",g22_o1,False,-217.2319529819882,-240.99363988184206
growth,0,9,true,poisson_shared,including_loop,3,11,"(((a,b.1),c),b.2)",g11_o1,False,-235.64076763957223,-259.01136588804604
growth,0,9,true,poisson_shared,including_loop,4,5,"(((a.1,b),c),a.2)",g05_o1,False,-312.75510635201874,-385.0638115131218
growth,0,9,true,poisson_shared,including_loop,5,4,"(((a.1,b),a.2),c)",g04_o1,False,-309.7637574173923,-386.9986886246197
growth,0,9,true,poisson_shared,including_loop,6,9,"((a.1,b),(a.2,c))",g09_o1,False,-323.82212030307335,-395.9275578040733
growth,0,9,true,poisson_shared,including_loop,7,17,"(((a,c.1),b),c.2)",g17_o1,False,-403.98051202510607,-431.2283335371713
growth,0,9,true,poisson_shared,including_loop,8,19,"(((b,c.1),a),c.2)",g19_o1,False,-451.6099935466654,-466.4543119406512
growth,0,9,true,poisson_shared,including_loop,9,16,"(((a,b),c.1),c.2)",g16_o2,False,-448.7459515387511,-471.1972595525023
growth,0,9,true,poisson_shared,including_loop,10,10,"(((a,b.1),b.2),c)",g10_o1,False,-231.46483937455224,-720.8513859697459
growth,0,9,true,poisson_shared,including_loop,11,1,"((a,b),c)",g01_o1,False,-441.4296702136096,-808.8135699609445
growth,0,9,true,poisson_shared,including_loop,12,14,"(((b.1,c),b.2),a)",g14_o1,False,-774.899190387048,-863.0893460758593
growth,0,9,true,poisson_shared,including_loop,13,13,"(((b.1,c),a),b.2)",g13_o1,False,-774.9793385205955,-867.9874073864091
growth,0,9,true,poisson_shared,including_loop,14,18,"(((a,c.1),c.2),b)",g18_o1,False,-764.3091102943833,-884.5774681277958
growth,0,9,true,poisson_shared,including_loop,15,20,"(((b,c.1),c.2),a)",g20_o1,False,-806.8833142709851,-898.4613849431652
growth,0,9,true,poisson_shared,including_loop,16,21,"((a,c.1),(b,c.2))",g21_o1,False,-873.187327073255,-915.6873752431453
growth,0,9,true,poisson_shared,including_loop,17,6,"(((a.1,c),a.2),b)",g06_o1,False,-879.9071712558788,-923.5948701860926
growth,0,9,true,poisson_shared,including_loop,18,7,"(((a.1,c),b),a.2)",g07_o1,False,-862.2461027148026,-926.7499829820432
growth,0,9,true,poisson_shared,including_loop,19,12,"(((a,c),b.1),b.2)",g12_o1,False,-1149.4747319776689,-1232.5900520842263
growth,0,9,true,poisson_shared,including_loop,20,8,"(((b,c),a.1),a.2)",g08_o1,False,-1199.674770127883,-1244.6527166357357
growth,0,9,true,poisson_shared,including_loop,21,2,"((a,c),b)",g02_o1,False,-1243.0968806581266,-1248.5854642087795
growth,0,9,true,poisson_shared,including_loop,22,3,"((b,c),a)",g03_o1,False,-1197.7745540850785,-1312.6451685233483
growth,0,9,true,poisson_separate,loop_omitted,1,10,"(((a,b.1),b.2),c)",g10_o1,False,-235.09791058482082,-282.3095473991424
growth,0,9,true,poisson_separate,loop_omitted,2,11,"(((a,b.1),c),b.2)",g11_o1,False,-240.61793302631415,-287.50925399222945
growth,0,9,true,poisson_separate,loop_omitted,3,15,"((a,b.1),(b.2,c))",g15_o2,False,-228.6780439289792,-287.9227993115451
growth,0,9,true,poisson_separate,loop_omitted,4,17,"(((a,c.1),b),c.2)",g17_o1,False,-269.4224187367777,-329.87674548301067
growth,0,9,true,poisson_separate,loop_omitted,5,9,"((a.1,b),(a.2,c))",g09_o2,False,-269.5118145614346,-357.4409624745979
growth,0,9,true,poisson_separate,loop_omitted,6,1,"((a,b),c)",g01_o1,False,-255.104442365678,-380.5963732915577
growth,0,9,true,poisson_separate,loop_omitted,7,16,"(((a,b),c.1),c.2)",g16_o2,False,-276.2091019408869,-400.9274451381859
growth,0,9,true,poisson_separate,loop_omitted,8,4,"(((a.1,b),a.2),c)",g04_o1,False,-269.19127648682786,-402.70029647126313
growth,0,9,true,poisson_separate,loop_omitted,9,19,"(((b,c.1),a),c.2)",g19_o1,False,-270.03253107806296,-416.72327021268626
growth,0,9,true,poisson_separate,loop_omitted,10,5,"(((a.1,b),c),a.2)",g05_o1,False,-269.81993731329675,-424.4699491739405
growth,0,9,true,poisson_separate,loop_omitted,11,3,"((b,c),a)",g03_o1,False,-585.6494772537737,-608.0334279364662
growth,0,9,true,poisson_separate,loop_omitted,12,14,"(((b.1,c),b.2),a)",g14_o1,False,-608.0258849516355,-653.7842714408686
growth,0,9,true,poisson_separate,loop_omitted,13,7,"(((a.1,c),b),a.2)",g07_o1,False,-607.2692227033781,-660.1243891115786
growth,0,9,true,poisson_separate,loop_omitted,14,18,"(((a,c.1),c.2),b)",g18_o1,False,-601.0999874668602,-670.9842751498779
growth,0,9,true,poisson_separate,loop_omitted,15,21,"((a,c.1),(b,c.2))",g21_o2,False,-596.4331432359116,-672.2149216536662
growth,0,9,true,poisson_separate,loop_omitted,16,2,"((a,c),b)",g02_o1,False,-589.8158584241703,-706.8382868539393
growth,0,9,true,poisson_separate,loop_omitted,17,13,"(((b.1,c),a),b.2)",g13_o1,False,-608.0148539939177,-756.2951438162823
growth,0,9,true,poisson_separate,loop_omitted,18,8,"(((b,c),a.1),a.2)",g08_o1,False,-599.6280219590548,-840.2489174883606
growth,0,9,true,poisson_separate,loop_omitted,19,20,"(((b,c.1),c.2),a)",g20_o1,False,-613.2412436216239,-898.3894386588406
growth,0,9,true,poisson_separate,loop_omitted,20,6,"(((a.1,c),a.2),b)",g06_o1,False,-601.3763993387785,-970.518685249057
growth,0,9,true,poisson_separate,loop_omitted,21,12,"(((a,c),b.1),b.2)",g12_o1,False,-611.982299365548,-1001.6007742288534
growth,0,9,true,poisson_separate,including_loop,1,22,"b-loop + ((a,b.1),(b.2,c))",g22_o1,False,-238.6901807131514,-271.8977407976417
growth,0,9,true,poisson_separate,including_loop,2,10,"(((a,b.1),b.2),c)",g10_o1,False,-235.09791058482082,-282.3095473991424
growth,0,9,true,poisson_separate,including_loop,3,11,"(((a,b.1),c),b.2)",g11_o1,False,-240.61793302631415,-287.50925399222945
growth,0,9,true,poisson_separate,including_loop,4,15,"((a,b.1),(b.2,c))",g15_o2,False,-228.6780439289792,-287.9227993115451
growth,0,9,true,poisson_separate,including_loop,5,17,"(((a,c.1),b),c.2)",g17_o1,False,-269.4224187367777,-329.87674548301067
growth,0,9,true,poisson_separate,including_loop,6,9,"((a.1,b),(a.2,c))",g09_o2,False,-269.5118145614346,-357.4409624745979
growth,0,9,true,poisson_separate,including_loop,7,1,"((a,b),c)",g01_o1,False,-255.104442365678,-380.5963732915577
growth,0,9,true,poisson_separate,including_loop,8,16,"(((a,b),c.1),c.2)",g16_o2,False,-276.2091019408869,-400.9274451381859
growth,0,9,true,poisson_separate,including_loop,9,4,"(((a.1,b),a.2),c)",g04_o1,False,-269.19127648682786,-402.70029647126313
growth,0,9,true,poisson_separate,including_loop,10,19,"(((b,c.1),a),c.2)",g19_o1,False,-270.03253107806296,-416.72327021268626
growth,0,9,true,poisson_separate,including_loop,11,5,"(((a.1,b),c),a.2)",g05_o1,False,-269.81993731329675,-424.4699491739405
growth,0,9,true,poisson_separate,including_loop,12,3,"((b,c),a)",g03_o1,False,-585.6494772537737,-608.0334279364662
growth,0,9,true,poisson_separate,including_loop,13,14,"(((b.1,c),b.2),a)",g14_o1,False,-608.0258849516355,-653.7842714408686
growth,0,9,true,poisson_separate,including_loop,14,7,"(((a.1,c),b),a.2)",g07_o1,False,-607.2692227033781,-660.1243891115786
growth,0,9,true,poisson_separate,including_loop,15,18,"(((a,c.1),c.2),b)",g18_o1,False,-601.0999874668602,-670.9842751498779
growth,0,9,true,poisson_separate,including_loop,16,21,"((a,c.1),(b,c.2))",g21_o2,False,-596.4331432359116,-672.2149216536662
growth,0,9,true,poisson_separate,including_loop,17,2,"((a,c),b)",g02_o1,False,-589.8158584241703,-706.8382868539393
growth,0,9,true,poisson_separate,including_loop,18,13,"(((b.1,c),a),b.2)",g13_o1,False,-608.0148539939177,-756.2951438162823
growth,0,9,true,poisson_separate,including_loop,19,8,"(((b,c),a.1),a.2)",g08_o1,False,-599.6280219590548,-840.2489174883606
growth,0,9,true,poisson_separate,including_loop,20,20,"(((b,c.1),c.2),a)",g20_o1,False,-613.2412436216239,-898.3894386588406
growth,0,9,true,poisson_separate,including_loop,21,6,"(((a.1,c),a.2),b)",g06_o1,False,-601.3763993387785,-970.518685249057
growth,0,9,true,poisson_separate,including_loop,22,12,"(((a,c),b.1),b.2)",g12_o1,False,-611.982299365548,-1001.6007742288534
growth,0,9,hapibd,poisson_shared,loop_omitted,1,15,"((a,b.1),(b.2,c))",g15_o1,False,-208.0156467733379,-224.8855278079999
growth,0,9,hapibd,poisson_shared,loop_omitted,2,9,"((a.1,b),(a.2,c))",g09_o1,False,-329.0122406332239,-394.58685658782616
growth,0,9,hapibd,poisson_shared,loop_omitted,3,17,"(((a,c.1),b),c.2)",g17_o1,False,-404.4774259764926,-429.2904502986047
growth,0,9,hapibd,poisson_shared,loop_omitted,4,16,"(((a,b),c.1),c.2)",g16_o2,False,-446.11091133871116,-475.4094498532524
growth,0,9,hapibd,poisson_shared,loop_omitted,5,11,"(((a,b.1),c),b.2)",g11_o1,False,-232.72604742765014,-598.9692342347948
growth,0,9,hapibd,poisson_shared,loop_omitted,6,19,"(((b,c.1),a),c.2)",g19_o1,False,-454.3559549186644,-636.7365274816765
growth,0,9,hapibd,poisson_shared,loop_omitted,7,10,"(((a,b.1),b.2),c)",g10_o1,False,-234.08285604183357,-691.997542114804
growth,0,9,hapibd,poisson_shared,loop_omitted,8,5,"(((a.1,b),c),a.2)",g05_o1,False,-405.07763803471346,-777.9637052655559
growth,0,9,hapibd,poisson_shared,loop_omitted,9,1,"((a,b),c)",g01_o1,False,-441.8214592556111,-786.0984985914977
growth,0,9,hapibd,poisson_shared,loop_omitted,10,4,"(((a.1,b),a.2),c)",g04_o1,False,-402.7844631478245,-804.7880185727611
growth,0,9,hapibd,poisson_shared,loop_omitted,11,14,"(((b.1,c),b.2),a)",g14_o1,False,-741.6917062502265,-816.9991065015957
growth,0,9,hapibd,poisson_shared,loop_omitted,12,13,"(((b.1,c),a),b.2)",g13_o1,False,-745.8018615713221,-830.0518368836396
growth,0,9,hapibd,poisson_shared,loop_omitted,13,18,"(((a,c.1),c.2),b)",g18_o1,False,-748.0056777074915,-857.1387917973376
growth,0,9,hapibd,poisson_shared,loop_omitted,14,20,"(((b,c.1),c.2),a)",g20_o1,False,-866.6524793660743,-896.5292784778856
growth,0,9,hapibd,poisson_shared,loop_omitted,15,21,"((a,c.1),(b,c.2))",g21_o1,False,-843.7423303943968,-899.5336747125301
growth,0,9,hapibd,poisson_shared,loop_omitted,16,6,"(((a.1,c),a.2),b)",g06_o1,False,-854.1545822260559,-903.4181018418523
growth,0,9,hapibd,poisson_shared,loop_omitted,17,7,"(((a.1,c),b),a.2)",g07_o1,False,-839.9242773694524,-1008.1343042177915
growth,0,9,hapibd,poisson_shared,loop_omitted,18,3,"((b,c),a)",g03_o1,False,-1171.6959821435353,-1177.8553074350282
growth,0,9,hapibd,poisson_shared,loop_omitted,19,8,"(((b,c),a.1),a.2)",g08_o1,False,-1177.0116955888316,-1205.6556641043012
growth,0,9,hapibd,poisson_shared,loop_omitted,20,12,"(((a,c),b.1),b.2)",g12_o1,False,-1135.215206400595,-1213.4118028865691
growth,0,9,hapibd,poisson_shared,loop_omitted,21,2,"((a,c),b)",g02_o1,False,-1219.081264952974,-1224.3787835477779
growth,0,9,hapibd,poisson_shared,including_loop,1,15,"((a,b.1),(b.2,c))",g15_o1,False,-208.0156467733379,-224.8855278079999
growth,0,9,hapibd,poisson_shared,including_loop,2,22,"b-loop + ((a,b.1),(b.2,c))",g22_o1,False,-216.3440952092176,-237.59294496513985
growth,0,9,hapibd,poisson_shared,including_loop,3,9,"((a.1,b),(a.2,c))",g09_o1,False,-329.0122406332239,-394.58685658782616
growth,0,9,hapibd,poisson_shared,including_loop,4,17,"(((a,c.1),b),c.2)",g17_o1,False,-404.4774259764926,-429.2904502986047
growth,0,9,hapibd,poisson_shared,including_loop,5,16,"(((a,b),c.1),c.2)",g16_o2,False,-446.11091133871116,-475.4094498532524
growth,0,9,hapibd,poisson_shared,including_loop,6,11,"(((a,b.1),c),b.2)",g11_o1,False,-232.72604742765014,-598.9692342347948
growth,0,9,hapibd,poisson_shared,including_loop,7,19,"(((b,c.1),a),c.2)",g19_o1,False,-454.3559549186644,-636.7365274816765
growth,0,9,hapibd,poisson_shared,including_loop,8,10,"(((a,b.1),b.2),c)",g10_o1,False,-234.08285604183357,-691.997542114804
growth,0,9,hapibd,poisson_shared,including_loop,9,5,"(((a.1,b),c),a.2)",g05_o1,False,-405.07763803471346,-777.9637052655559
growth,0,9,hapibd,poisson_shared,including_loop,10,1,"((a,b),c)",g01_o1,False,-441.8214592556111,-786.0984985914977
growth,0,9,hapibd,poisson_shared,including_loop,11,4,"(((a.1,b),a.2),c)",g04_o1,False,-402.7844631478245,-804.7880185727611
growth,0,9,hapibd,poisson_shared,including_loop,12,14,"(((b.1,c),b.2),a)",g14_o1,False,-741.6917062502265,-816.9991065015957
growth,0,9,hapibd,poisson_shared,including_loop,13,13,"(((b.1,c),a),b.2)",g13_o1,False,-745.8018615713221,-830.0518368836396
growth,0,9,hapibd,poisson_shared,including_loop,14,18,"(((a,c.1),c.2),b)",g18_o1,False,-748.0056777074915,-857.1387917973376
growth,0,9,hapibd,poisson_shared,including_loop,15,20,"(((b,c.1),c.2),a)",g20_o1,False,-866.6524793660743,-896.5292784778856
growth,0,9,hapibd,poisson_shared,including_loop,16,21,"((a,c.1),(b,c.2))",g21_o1,False,-843.7423303943968,-899.5336747125301
growth,0,9,hapibd,poisson_shared,including_loop,17,6,"(((a.1,c),a.2),b)",g06_o1,False,-854.1545822260559,-903.4181018418523
growth,0,9,hapibd,poisson_shared,including_loop,18,7,"(((a.1,c),b),a.2)",g07_o1,False,-839.9242773694524,-1008.1343042177915
growth,0,9,hapibd,poisson_shared,including_loop,19,3,"((b,c),a)",g03_o1,False,-1171.6959821435353,-1177.8553074350282
growth,0,9,hapibd,poisson_shared,including_loop,20,8,"(((b,c),a.1),a.2)",g08_o1,False,-1177.0116955888316,-1205.6556641043012
growth,0,9,hapibd,poisson_shared,including_loop,21,12,"(((a,c),b.1),b.2)",g12_o1,False,-1135.215206400595,-1213.4118028865691
growth,0,9,hapibd,poisson_shared,including_loop,22,2,"((a,c),b)",g02_o1,False,-1219.081264952974,-1224.3787835477779
growth,0,9,hapibd,poisson_separate,loop_omitted,1,10,"(((a,b.1),b.2),c)",g10_o1,False,-242.11919768813945,-284.07958062027217
growth,0,9,hapibd,poisson_separate,loop_omitted,2,15,"((a,b.1),(b.2,c))",g15_o2,False,-230.77888526395833,-284.2725741408449
growth,0,9,hapibd,poisson_separate,loop_omitted,3,1,"((a,b),c)",g01_o1,False,-249.1871226378126,-287.19317367620874
growth,0,9,hapibd,poisson_separate,loop_omitted,4,11,"(((a,b.1),c),b.2)",g11_o1,False,-237.7711744284642,-293.623424973009
growth,0,9,hapibd,poisson_separate,loop_omitted,5,17,"(((a,c.1),b),c.2)",g17_o1,False,-269.5654006375519,-303.4497606170686
growth,0,9,hapibd,poisson_separate,loop_omitted,6,19,"(((b,c.1),a),c.2)",g19_o1,False,-278.7835745655354,-309.3408392918969
growth,0,9,hapibd,poisson_separate,loop_omitted,7,16,"(((a,b),c.1),c.2)",g16_o1,False,-263.5306904939998,-390.39803699783107
growth,0,9,hapibd,poisson_separate,loop_omitted,8,4,"(((a.1,b),a.2),c)",g04_o1,False,-274.3163487760967,-397.17843412354324
growth,0,9,hapibd,poisson_separate,loop_omitted,9,9,"((a.1,b),(a.2,c))",g09_o2,False,-265.9203417117356,-420.7870573203729
growth,0,9,hapibd,poisson_separate,loop_omitted,10,5,"(((a.1,b),c),a.2)",g05_o1,False,-275.11388534075775,-506.4465159591856
growth,0,9,hapibd,poisson_separate,loop_omitted,11,3,"((b,c),a)",g03_o1,False,-558.6028494863366,-588.3800779200506
growth,0,9,hapibd,poisson_separate,loop_omitted,12,7,"(((a.1,c),b),a.2)",g07_o1,False,-579.06645537099,-616.3094106621986
growth,0,9,hapibd,poisson_separate,loop_omitted,13,14,"(((b.1,c),b.2),a)",g14_o1,False,-576.9915067001965,-628.0304347278002
growth,0,9,hapibd,poisson_separate,loop_omitted,14,18,"(((a,c.1),c.2),b)",g18_o1,False,-578.736396320487,-630.1268216983048
growth,0,9,hapibd,poisson_separate,loop_omitted,15,13,"(((b.1,c),a),b.2)",g13_o1,False,-579.5798858851334,-633.9397067170858
growth,0,9,hapibd,poisson_separate,loop_omitted,16,6,"(((a.1,c),a.2),b)",g06_o1,False,-573.8806502820677,-640.5878028847808
growth,0,9,hapibd,poisson_separate,loop_omitted,17,20,"(((b,c.1),c.2),a)",g20_o1,False,-584.7070859322982,-661.5147973921004
growth,0,9,hapibd,poisson_separate,loop_omitted,18,21,"((a,c.1),(b,c.2))",g21_o2,False,-582.2650205046297,-664.037751152765
growth,0,9,hapibd,poisson_separate,loop_omitted,19,8,"(((b,c),a.1),a.2)",g08_o1,False,-580.0606275692219,-822.8498971037762
growth,0,9,hapibd,poisson_separate,loop_omitted,20,12,"(((a,c),b.1),b.2)",g12_o2,False,-591.9004233411036,-894.2443278607416
growth,0,9,hapibd,poisson_separate,loop_omitted,21,2,"((a,c),b)",g02_o1,False,-562.1398706676762,-939.4335729567794
growth,0,9,hapibd,poisson_separate,including_loop,1,22,"b-loop + ((a,b.1),(b.2,c))",g22_o2,False,-241.34002511951596,-275.2534472177917
growth,0,9,hapibd,poisson_separate,including_loop,2,10,"(((a,b.1),b.2),c)",g10_o1,False,-242.11919768813945,-284.07958062027217
growth,0,9,hapibd,poisson_separate,including_loop,3,15,"((a,b.1),(b.2,c))",g15_o2,False,-230.77888526395833,-284.2725741408449
growth,0,9,hapibd,poisson_separate,including_loop,4,1,"((a,b),c)",g01_o1,False,-249.1871226378126,-287.19317367620874
growth,0,9,hapibd,poisson_separate,including_loop,5,11,"(((a,b.1),c),b.2)",g11_o1,False,-237.7711744284642,-293.623424973009
growth,0,9,hapibd,poisson_separate,including_loop,6,17,"(((a,c.1),b),c.2)",g17_o1,False,-269.5654006375519,-303.4497606170686
growth,0,9,hapibd,poisson_separate,including_loop,7,19,"(((b,c.1),a),c.2)",g19_o1,False,-278.7835745655354,-309.3408392918969
growth,0,9,hapibd,poisson_separate,including_loop,8,16,"(((a,b),c.1),c.2)",g16_o1,False,-263.5306904939998,-390.39803699783107
growth,0,9,hapibd,poisson_separate,including_loop,9,4,"(((a.1,b),a.2),c)",g04_o1,False,-274.3163487760967,-397.17843412354324
growth,0,9,hapibd,poisson_separate,including_loop,10,9,"((a.1,b),(a.2,c))",g09_o2,False,-265.9203417117356,-420.7870573203729
growth,0,9,hapibd,poisson_separate,including_loop,11,5,"(((a.1,b),c),a.2)",g05_o1,False,-275.11388534075775,-506.4465159591856
growth,0,9,hapibd,poisson_separate,including_loop,12,3,"((b,c),a)",g03_o1,False,-558.6028494863366,-588.3800779200506
growth,0,9,hapibd,poisson_separate,including_loop,13,7,"(((a.1,c),b),a.2)",g07_o1,False,-579.06645537099,-616.3094106621986
growth,0,9,hapibd,poisson_separate,including_loop,14,14,"(((b.1,c),b.2),a)",g14_o1,False,-576.9915067001965,-628.0304347278002
growth,0,9,hapibd,poisson_separate,including_loop,15,18,"(((a,c.1),c.2),b)",g18_o1,False,-578.736396320487,-630.1268216983048
growth,0,9,hapibd,poisson_separate,including_loop,16,13,"(((b.1,c),a),b.2)",g13_o1,False,-579.5798858851334,-633.9397067170858
growth,0,9,hapibd,poisson_separate,including_loop,17,6,"(((a.1,c),a.2),b)",g06_o1,False,-573.8806502820677,-640.5878028847808
growth,0,9,hapibd,poisson_separate,including_loop,18,20,"(((b,c.1),c.2),a)",g20_o1,False,-584.7070859322982,-661.5147973921004
growth,0,9,hapibd,poisson_separate,including_loop,19,21,"((a,c.1),(b,c.2))",g21_o2,False,-582.2650205046297,-664.037751152765
growth,0,9,hapibd,poisson_separate,including_loop,20,8,"(((b,c),a.1),a.2)",g08_o1,False,-580.0606275692219,-822.8498971037762
growth,0,9,hapibd,poisson_separate,including_loop,21,12,"(((a,c),b.1),b.2)",g12_o2,False,-591.9004233411036,-894.2443278607416
growth,0,9,hapibd,poisson_separate,including_loop,22,2,"((a,c),b)",g02_o1,False,-562.1398706676762,-939.4335729567794
constant,0,0,true,poisson_shared,loop_omitted,1,15,"((a,b.1),(b.2,c))",g15_o1,False,-215.14633324630447,-234.5101137662409
constant,0,0,true,poisson_shared,loop_omitted,2,10,"(((a,b.1),b.2),c)",g10_o1,False,-288.83529309707836,-310.30199406207146
constant,0,0,true,poisson_shared,loop_omitted,3,4,"(((a.1,b),a.2),c)",g04_o1,False,-367.91685497853246,-380.8077968355152
constant,0,0,true,poisson_shared,loop_omitted,4,9,"((a.1,b),(a.2,c))",g09_o1,False,-387.1169453325855,-427.48859584803233
constant,0,0,true,poisson_shared,loop_omitted,5,19,"(((b,c.1),a),c.2)",g19_o1,False,-436.38184501323184,-454.1639880983532
constant,0,0,true,poisson_shared,loop_omitted,6,1,"((a,b),c)",g01_o1,False,-451.9739162806263,-455.6598193282691
constant,0,0,true,poisson_shared,loop_omitted,7,16,"(((a,b),c.1),c.2)",g16_o1,False,-441.1593964421891,-459.107852208886
constant,0,0,true,poisson_shared,loop_omitted,8,17,"(((a,c.1),b),c.2)",g17_o1,False,-442.2059605356148,-460.3254516930443
constant,0,0,true,poisson_shared,loop_omitted,9,11,"(((a,b.1),c),b.2)",g11_o1,False,-295.1294703581461,-764.5394139654551
constant,0,0,true,poisson_shared,loop_omitted,10,5,"(((a.1,b),c),a.2)",g05_o1,False,-474.64432684939084,-883.8345086922229
constant,0,0,true,poisson_shared,loop_omitted,11,14,"(((b.1,c),b.2),a)",g14_o1,False,-883.468727307326,-957.5832957883254
constant,0,0,true,poisson_shared,loop_omitted,12,13,"(((b.1,c),a),b.2)",g13_o1,False,-887.3186005534228,-961.0068677561907
constant,0,0,true,poisson_shared,loop_omitted,13,21,"((a,c.1),(b,c.2))",g21_o2,False,-844.4531147017813,-963.1175551495713
constant,0,0,true,poisson_shared,loop_omitted,14,18,"(((a,c.1),c.2),b)",g18_o1,False,-856.3652837393414,-977.0769528654406
constant,0,0,true,poisson_shared,loop_omitted,15,6,"(((a.1,c),a.2),b)",g06_o1,False,-976.4871831495363,-1014.5366623200903
constant,0,0,true,poisson_shared,loop_omitted,16,20,"(((b,c.1),c.2),a)",g20_o1,False,-974.3949418286023,-1024.978641744124
constant,0,0,true,poisson_shared,loop_omitted,17,7,"(((a.1,c),b),a.2)",g07_o1,False,-978.4231702589391,-1147.9287940652132
constant,0,0,true,poisson_shared,loop_omitted,18,3,"((b,c),a)",g03_o1,False,-1216.025979312961,-1325.9508279229901
constant,0,0,true,poisson_shared,loop_omitted,19,8,"(((b,c),a.1),a.2)",g08_o2,False,-1236.2089277070677,-1377.09904163861
constant,0,0,true,poisson_shared,loop_omitted,20,2,"((a,c),b)",g02_o1,False,-1407.86691384811,-1413.005549334502
constant,0,0,true,poisson_shared,loop_omitted,21,12,"(((a,c),b.1),b.2)",g12_o1,False,-1343.0632825193204,-1422.49987497897
constant,0,0,true,poisson_shared,including_loop,1,15,"((a,b.1),(b.2,c))",g15_o1,False,-215.14633324630447,-234.5101137662409
constant,0,0,true,poisson_shared,including_loop,2,22,"b-loop + ((a,b.1),(b.2,c))",g22_o1,False,-217.77536285227595,-245.5636826370365
constant,0,0,true,poisson_shared,including_loop,3,10,"(((a,b.1),b.2),c)",g10_o1,False,-288.83529309707836,-310.30199406207146
constant,0,0,true,poisson_shared,including_loop,4,4,"(((a.1,b),a.2),c)",g04_o1,False,-367.91685497853246,-380.8077968355152
constant,0,0,true,poisson_shared,including_loop,5,9,"((a.1,b),(a.2,c))",g09_o1,False,-387.1169453325855,-427.48859584803233
constant,0,0,true,poisson_shared,including_loop,6,19,"(((b,c.1),a),c.2)",g19_o1,False,-436.38184501323184,-454.1639880983532
constant,0,0,true,poisson_shared,including_loop,7,1,"((a,b),c)",g01_o1,False,-451.9739162806263,-455.6598193282691
constant,0,0,true,poisson_shared,including_loop,8,16,"(((a,b),c.1),c.2)",g16_o1,False,-441.1593964421891,-459.107852208886
constant,0,0,true,poisson_shared,including_loop,9,17,"(((a,c.1),b),c.2)",g17_o1,False,-442.2059605356148,-460.3254516930443
constant,0,0,true,poisson_shared,including_loop,10,11,"(((a,b.1),c),b.2)",g11_o1,False,-295.1294703581461,-764.5394139654551
constant,0,0,true,poisson_shared,including_loop,11,5,"(((a.1,b),c),a.2)",g05_o1,False,-474.64432684939084,-883.8345086922229
constant,0,0,true,poisson_shared,including_loop,12,14,"(((b.1,c),b.2),a)",g14_o1,False,-883.468727307326,-957.5832957883254
constant,0,0,true,poisson_shared,including_loop,13,13,"(((b.1,c),a),b.2)",g13_o1,False,-887.3186005534228,-961.0068677561907
constant,0,0,true,poisson_shared,including_loop,14,21,"((a,c.1),(b,c.2))",g21_o2,False,-844.4531147017813,-963.1175551495713
constant,0,0,true,poisson_shared,including_loop,15,18,"(((a,c.1),c.2),b)",g18_o1,False,-856.3652837393414,-977.0769528654406
constant,0,0,true,poisson_shared,including_loop,16,6,"(((a.1,c),a.2),b)",g06_o1,False,-976.4871831495363,-1014.5366623200903
constant,0,0,true,poisson_shared,including_loop,17,20,"(((b,c.1),c.2),a)",g20_o1,False,-974.3949418286023,-1024.978641744124
constant,0,0,true,poisson_shared,including_loop,18,7,"(((a.1,c),b),a.2)",g07_o1,False,-978.4231702589391,-1147.9287940652132
constant,0,0,true,poisson_shared,including_loop,19,3,"((b,c),a)",g03_o1,False,-1216.025979312961,-1325.9508279229901
constant,0,0,true,poisson_shared,including_loop,20,8,"(((b,c),a.1),a.2)",g08_o2,False,-1236.2089277070677,-1377.09904163861
constant,0,0,true,poisson_shared,including_loop,21,2,"((a,c),b)",g02_o1,False,-1407.86691384811,-1413.005549334502
constant,0,0,true,poisson_shared,including_loop,22,12,"(((a,c),b.1),b.2)",g12_o1,False,-1343.0632825193204,-1422.49987497897
constant,0,0,true,poisson_separate,loop_omitted,1,10,"(((a,b.1),b.2),c)",g10_o1,False,-269.2703695014808,-299.3856846796919
constant,0,0,true,poisson_separate,loop_omitted,2,15,"((a,b.1),(b.2,c))",g15_o1,False,-234.71834215824887,-301.6944850820708
constant,0,0,true,poisson_separate,loop_omitted,3,11,"(((a,b.1),c),b.2)",g11_o1,False,-266.0345949954649,-319.39210940065436
constant,0,0,true,poisson_separate,loop_omitted,4,19,"(((b,c.1),a),c.2)",g19_o1,False,-313.2534274400374,-354.45327071961697
constant,0,0,true,poisson_separate,loop_omitted,5,17,"(((a,c.1),b),c.2)",g17_o1,False,-319.2341823723946,-387.21825896235725
constant,0,0,true,poisson_separate,loop_omitted,6,5,"(((a.1,b),c),a.2)",g05_o1,False,-332.3742184074151,-403.64386350675954
constant,0,0,true,poisson_separate,loop_omitted,7,1,"((a,b),c)",g01_o1,False,-306.37870036477784,-410.8494901186029
constant,0,0,true,poisson_separate,loop_omitted,8,9,"((a.1,b),(a.2,c))",g09_o2,False,-322.80254114161573,-453.8966567693217
constant,0,0,true,poisson_separate,loop_omitted,9,4,"(((a.1,b),a.2),c)",g04_o1,False,-332.4944332844418,-462.89038617050284
constant,0,0,true,poisson_separate,loop_omitted,10,16,"(((a,b),c.1),c.2)",g16_o1,False,-327.8342876175588,-467.4873599075687
constant,0,0,true,poisson_separate,loop_omitted,11,3,"((b,c),a)",g03_o1,False,-648.2161913910833,-682.2498534877883
constant,0,0,true,poisson_separate,loop_omitted,12,14,"(((b.1,c),b.2),a)",g14_o1,False,-659.4177228368383,-705.4580977624403
constant,0,0,true,poisson_separate,loop_omitted,13,13,"(((b.1,c),a),b.2)",g13_o1,False,-663.741959337921,-709.6449524879384
constant,0,0,true,poisson_separate,loop_omitted,14,7,"(((a.1,c),b),a.2)",g07_o1,False,-667.0395519904895,-713.072479483524
constant,0,0,true,poisson_separate,loop_omitted,15,6,"(((a.1,c),a.2),b)",g06_o1,False,-669.6348490662749,-716.108577630025
constant,0,0,true,poisson_separate,loop_omitted,16,18,"(((a,c.1),c.2),b)",g18_o1,False,-667.2850727016337,-724.6934092030783
constant,0,0,true,poisson_separate,loop_omitted,17,20,"(((b,c.1),c.2),a)",g20_o1,False,-681.1911246653333,-731.5025755053988
constant,0,0,true,poisson_separate,loop_omitted,18,8,"(((b,c),a.1),a.2)",g08_o1,False,-672.7924850123112,-881.9786917618379
constant,0,0,true,poisson_separate,loop_omitted,19,12,"(((a,c),b.1),b.2)",g12_o1,False,-681.4483051840239,-972.3011673355135
constant,0,0,true,poisson_separate,loop_omitted,20,2,"((a,c),b)",g02_o1,False,-652.9355830631997,-1036.4881189619625
constant,0,0,true,poisson_separate,loop_omitted,21,21,"((a,c.1),(b,c.2))",g21_o2,False,-671.9845186993936,-1047.5367109489998
constant,0,0,true,poisson_separate,including_loop,1,22,"b-loop + ((a,b.1),(b.2,c))",g22_o1,False,-246.52987905350486,-292.7377110687065
constant,0,0,true,poisson_separate,including_loop,2,10,"(((a,b.1),b.2),c)",g10_o1,False,-269.2703695014808,-299.3856846796919
constant,0,0,true,poisson_separate,including_loop,3,15,"((a,b.1),(b.2,c))",g15_o1,False,-234.71834215824887,-301.6944850820708
constant,0,0,true,poisson_separate,including_loop,4,11,"(((a,b.1),c),b.2)",g11_o1,False,-266.0345949954649,-319.39210940065436
constant,0,0,true,poisson_separate,including_loop,5,19,"(((b,c.1),a),c.2)",g19_o1,False,-313.2534274400374,-354.45327071961697
constant,0,0,true,poisson_separate,including_loop,6,17,"(((a,c.1),b),c.2)",g17_o1,False,-319.2341823723946,-387.21825896235725
constant,0,0,true,poisson_separate,including_loop,7,5,"(((a.1,b),c),a.2)",g05_o1,False,-332.3742184074151,-403.64386350675954
constant,0,0,true,poisson_separate,including_loop,8,1,"((a,b),c)",g01_o1,False,-306.37870036477784,-410.8494901186029
constant,0,0,true,poisson_separate,including_loop,9,9,"((a.1,b),(a.2,c))",g09_o2,False,-322.80254114161573,-453.8966567693217
constant,0,0,true,poisson_separate,including_loop,10,4,"(((a.1,b),a.2),c)",g04_o1,False,-332.4944332844418,-462.89038617050284
constant,0,0,true,poisson_separate,including_loop,11,16,"(((a,b),c.1),c.2)",g16_o1,False,-327.8342876175588,-467.4873599075687
constant,0,0,true,poisson_separate,including_loop,12,3,"((b,c),a)",g03_o1,False,-648.2161913910833,-682.2498534877883
constant,0,0,true,poisson_separate,including_loop,13,14,"(((b.1,c),b.2),a)",g14_o1,False,-659.4177228368383,-705.4580977624403
constant,0,0,true,poisson_separate,including_loop,14,13,"(((b.1,c),a),b.2)",g13_o1,False,-663.741959337921,-709.6449524879384
constant,0,0,true,poisson_separate,including_loop,15,7,"(((a.1,c),b),a.2)",g07_o1,False,-667.0395519904895,-713.072479483524
constant,0,0,true,poisson_separate,including_loop,16,6,"(((a.1,c),a.2),b)",g06_o1,False,-669.6348490662749,-716.108577630025
constant,0,0,true,poisson_separate,including_loop,17,18,"(((a,c.1),c.2),b)",g18_o1,False,-667.2850727016337,-724.6934092030783
constant,0,0,true,poisson_separate,including_loop,18,20,"(((b,c.1),c.2),a)",g20_o1,False,-681.1911246653333,-731.5025755053988
constant,0,0,true,poisson_separate,including_loop,19,8,"(((b,c),a.1),a.2)",g08_o1,False,-672.7924850123112,-881.9786917618379
constant,0,0,true,poisson_separate,including_loop,20,12,"(((a,c),b.1),b.2)",g12_o1,False,-681.4483051840239,-972.3011673355135
constant,0,0,true,poisson_separate,including_loop,21,2,"((a,c),b)",g02_o1,False,-652.9355830631997,-1036.4881189619625
constant,0,0,true,poisson_separate,including_loop,22,21,"((a,c.1),(b,c.2))",g21_o2,False,-671.9845186993936,-1047.5367109489998
constant,0,0,hapibd,poisson_shared,loop_omitted,1,15,"((a,b.1),(b.2,c))",g15_o1,False,-211.52428821987118,-232.64956022577505
constant,0,0,hapibd,poisson_shared,loop_omitted,2,10,"(((a,b.1),b.2),c)",g10_o1,False,-299.49798982593006,-325.81880005274087
constant,0,0,hapibd,poisson_shared,loop_omitted,3,9,"((a.1,b),(a.2,c))",g09_o1,False,-399.61046118614695,-439.9029123323873
constant,0,0,hapibd,poisson_shared,loop_omitted,4,19,"(((b,c.1),a),c.2)",g19_o1,False,-446.68758758785907,-465.5081077412023
constant,0,0,hapibd,poisson_shared,loop_omitted,5,1,"((a,b),c)",g01_o1,False,-469.6964783424038,-478.5692404502379
constant,0,0,hapibd,poisson_shared,loop_omitted,6,17,"(((a,c.1),b),c.2)",g17_o1,False,-455.449855920705,-480.05892020374165
constant,0,0,hapibd,poisson_shared,loop_omitted,7,16,"(((a,b),c.1),c.2)",g16_o1,False,-454.57246645271965,-483.2360188352499
constant,0,0,hapibd,poisson_shared,loop_omitted,8,11,"(((a,b.1),c),b.2)",g11_o1,False,-311.545949854352,-754.3862723894289
constant,0,0,hapibd,poisson_shared,loop_omitted,9,4,"(((a.1,b),a.2),c)",g04_o1,False,-373.56018340312517,-802.7376911215996
constant,0,0,hapibd,poisson_shared,loop_omitted,10,5,"(((a.1,b),c),a.2)",g05_o1,False,-493.0346331809241,-862.477074605867
constant,0,0,hapibd,poisson_shared,loop_omitted,11,13,"(((b.1,c),a),b.2)",g13_o1,False,-818.8294513981808,-876.4336487413176
constant,0,0,hapibd,poisson_shared,loop_omitted,12,14,"(((b.1,c),b.2),a)",g14_o1,False,-814.2861736869643,-891.2235293326254
constant,0,0,hapibd,poisson_shared,loop_omitted,13,18,"(((a,c.1),c.2),b)",g18_o1,False,-797.7208440650099,-919.5200430592931
constant,0,0,hapibd,poisson_shared,loop_omitted,14,21,"((a,c.1),(b,c.2))",g21_o2,False,-798.1833799354714,-943.3732898340727
constant,0,0,hapibd,poisson_shared,loop_omitted,15,20,"(((b,c.1),c.2),a)",g20_o1,False,-940.3263076852224,-962.2259091345715
constant,0,0,hapibd,poisson_shared,loop_omitted,16,6,"(((a.1,c),a.2),b)",g06_o1,False,-920.6587221102733,-962.3342236791418
constant,0,0,hapibd,poisson_shared,loop_omitted,17,7,"(((a.1,c),b),a.2)",g07_o1,False,-920.0895070684982,-1105.2781571509522
constant,0,0,hapibd,poisson_shared,loop_omitted,18,3,"((b,c),a)",g03_o1,False,-1314.961995483189,-1318.8790051862413
constant,0,0,hapibd,poisson_shared,loop_omitted,19,8,"(((b,c),a.1),a.2)",g08_o1,False,-1173.715570396515,-1327.3395582477945
constant,0,0,hapibd,poisson_shared,loop_omitted,20,12,"(((a,c),b.1),b.2)",g12_o1,False,-1275.604886049159,-1330.8688288720834
constant,0,0,hapibd,poisson_shared,loop_omitted,21,2,"((a,c),b)",g02_o1,False,-1352.9836236238832,-1359.0521554362188
constant,0,0,hapibd,poisson_shared,including_loop,1,15,"((a,b.1),(b.2,c))",g15_o1,False,-211.52428821987118,-232.64956022577505
constant,0,0,hapibd,poisson_shared,including_loop,2,22,"b-loop + ((a,b.1),(b.2,c))",g22_o1,False,-223.55437710361065,-237.49612214305338
constant,0,0,hapibd,poisson_shared,including_loop,3,10,"(((a,b.1),b.2),c)",g10_o1,False,-299.49798982593006,-325.81880005274087
constant,0,0,hapibd,poisson_shared,including_loop,4,9,"((a.1,b),(a.2,c))",g09_o1,False,-399.61046118614695,-439.9029123323873
constant,0,0,hapibd,poisson_shared,including_loop,5,19,"(((b,c.1),a),c.2)",g19_o1,False,-446.68758758785907,-465.5081077412023
constant,0,0,hapibd,poisson_shared,including_loop,6,1,"((a,b),c)",g01_o1,False,-469.6964783424038,-478.5692404502379
constant,0,0,hapibd,poisson_shared,including_loop,7,17,"(((a,c.1),b),c.2)",g17_o1,False,-455.449855920705,-480.05892020374165
constant,0,0,hapibd,poisson_shared,including_loop,8,16,"(((a,b),c.1),c.2)",g16_o1,False,-454.57246645271965,-483.2360188352499
constant,0,0,hapibd,poisson_shared,including_loop,9,11,"(((a,b.1),c),b.2)",g11_o1,False,-311.545949854352,-754.3862723894289
constant,0,0,hapibd,poisson_shared,including_loop,10,4,"(((a.1,b),a.2),c)",g04_o1,False,-373.56018340312517,-802.7376911215996
constant,0,0,hapibd,poisson_shared,including_loop,11,5,"(((a.1,b),c),a.2)",g05_o1,False,-493.0346331809241,-862.477074605867
constant,0,0,hapibd,poisson_shared,including_loop,12,13,"(((b.1,c),a),b.2)",g13_o1,False,-818.8294513981808,-876.4336487413176
constant,0,0,hapibd,poisson_shared,including_loop,13,14,"(((b.1,c),b.2),a)",g14_o1,False,-814.2861736869643,-891.2235293326254
constant,0,0,hapibd,poisson_shared,including_loop,14,18,"(((a,c.1),c.2),b)",g18_o1,False,-797.7208440650099,-919.5200430592931
constant,0,0,hapibd,poisson_shared,including_loop,15,21,"((a,c.1),(b,c.2))",g21_o2,False,-798.1833799354714,-943.3732898340727
constant,0,0,hapibd,poisson_shared,including_loop,16,20,"(((b,c.1),c.2),a)",g20_o1,False,-940.3263076852224,-962.2259091345715
constant,0,0,hapibd,poisson_shared,including_loop,17,6,"(((a.1,c),a.2),b)",g06_o1,False,-920.6587221102733,-962.3342236791418
constant,0,0,hapibd,poisson_shared,including_loop,18,7,"(((a.1,c),b),a.2)",g07_o1,False,-920.0895070684982,-1105.2781571509522
constant,0,0,hapibd,poisson_shared,including_loop,19,3,"((b,c),a)",g03_o1,False,-1314.961995483189,-1318.8790051862413
constant,0,0,hapibd,poisson_shared,including_loop,20,8,"(((b,c),a.1),a.2)",g08_o1,False,-1173.715570396515,-1327.3395582477945
constant,0,0,hapibd,poisson_shared,including_loop,21,12,"(((a,c),b.1),b.2)",g12_o1,False,-1275.604886049159,-1330.8688288720834
constant,0,0,hapibd,poisson_shared,including_loop,22,2,"((a,c),b)",g02_o1,False,-1352.9836236238832,-1359.0521554362188
constant,0,0,hapibd,poisson_separate,loop_omitted,1,11,"(((a,b.1),c),b.2)",g11_o1,False,-270.4355402236872,-300.47186820150216
constant,0,0,hapibd,poisson_separate,loop_omitted,2,15,"((a,b.1),(b.2,c))",g15_o1,False,-231.43605988451037,-310.2714048463733
constant,0,0,hapibd,poisson_separate,loop_omitted,3,10,"(((a,b.1),b.2),c)",g10_o1,False,-269.1830494491042,-316.709203527704
constant,0,0,hapibd,poisson_separate,loop_omitted,4,1,"((a,b),c)",g01_o1,False,-299.362557905111,-317.8967204203249
constant,0,0,hapibd,poisson_separate,loop_omitted,5,19,"(((b,c.1),a),c.2)",g19_o1,False,-329.7234599903467,-368.58716194387347
constant,0,0,hapibd,poisson_separate,loop_omitted,6,17,"(((a,c.1),b),c.2)",g17_o1,False,-328.86156388426673,-382.09213029005565
constant,0,0,hapibd,poisson_separate,loop_omitted,7,16,"(((a,b),c.1),c.2)",g16_o2,False,-327.78020746478813,-475.4846817769156
constant,0,0,hapibd,poisson_separate,loop_omitted,8,5,"(((a.1,b),c),a.2)",g05_o1,False,-334.53977642277425,-476.42977143475105
constant,0,0,hapibd,poisson_separate,loop_omitted,9,9,"((a.1,b),(a.2,c))",g09_o2,False,-338.0242923389193,-481.8446069100177
constant,0,0,hapibd,poisson_separate,loop_omitted,10,4,"(((a.1,b),a.2),c)",g04_o1,False,-329.48255774150135,-485.06530943137506
constant,0,0,hapibd,poisson_separate,loop_omitted,11,2,"((a,c),b)",g02_o1,False,-597.2154713889258,-624.8580495272487
constant,0,0,hapibd,poisson_separate,loop_omitted,12,13,"(((b.1,c),a),b.2)",g13_o1,False,-616.1743343089032,-655.4408740424805
constant,0,0,hapibd,poisson_separate,loop_omitted,13,18,"(((a,c.1),c.2),b)",g18_o1,False,-618.9917909247094,-659.1901610291558
constant,0,0,hapibd,poisson_separate,loop_omitted,14,7,"(((a.1,c),b),a.2)",g07_o1,False,-605.6109383821454,-663.8262489102701
constant,0,0,hapibd,poisson_separate,loop_omitted,15,3,"((b,c),a)",g03_o1,False,-592.4457256944958,-664.0714255983739
constant,0,0,hapibd,poisson_separate,loop_omitted,16,21,"((a,c.1),(b,c.2))",g21_o2,False,-618.3862072785147,-665.3075833455327
constant,0,0,hapibd,poisson_separate,loop_omitted,17,14,"(((b.1,c),b.2),a)",g14_o1,False,-620.7032670159384,-666.9400242341766
constant,0,0,hapibd,poisson_separate,loop_omitted,18,6,"(((a.1,c),a.2),b)",g06_o1,False,-617.3907580501916,-681.86363071774
constant,0,0,hapibd,poisson_separate,loop_omitted,19,20,"(((b,c.1),c.2),a)",g20_o1,False,-615.5732085381833,-831.5748948740439
constant,0,0,hapibd,poisson_separate,loop_omitted,20,8,"(((b,c),a.1),a.2)",g08_o1,False,-617.8484757144437,-838.8724122633439
constant,0,0,hapibd,poisson_separate,loop_omitted,21,12,"(((a,c),b.1),b.2)",g12_o1,False,-619.4616454334937,-957.2062237142427
constant,0,0,hapibd,poisson_separate,including_loop,1,22,"b-loop + ((a,b.1),(b.2,c))",g22_o1,False,-239.30140508124035,-276.4631533060981
constant,0,0,hapibd,poisson_separate,including_loop,2,11,"(((a,b.1),c),b.2)",g11_o1,False,-270.4355402236872,-300.47186820150216
constant,0,0,hapibd,poisson_separate,including_loop,3,15,"((a,b.1),(b.2,c))",g15_o1,False,-231.43605988451037,-310.2714048463733
constant,0,0,hapibd,poisson_separate,including_loop,4,10,"(((a,b.1),b.2),c)",g10_o1,False,-269.1830494491042,-316.709203527704
constant,0,0,hapibd,poisson_separate,including_loop,5,1,"((a,b),c)",g01_o1,False,-299.362557905111,-317.8967204203249
constant,0,0,hapibd,poisson_separate,including_loop,6,19,"(((b,c.1),a),c.2)",g19_o1,False,-329.7234599903467,-368.58716194387347
constant,0,0,hapibd,poisson_separate,including_loop,7,17,"(((a,c.1),b),c.2)",g17_o1,False,-328.86156388426673,-382.09213029005565
constant,0,0,hapibd,poisson_separate,including_loop,8,16,"(((a,b),c.1),c.2)",g16_o2,False,-327.78020746478813,-475.4846817769156
constant,0,0,hapibd,poisson_separate,including_loop,9,5,"(((a.1,b),c),a.2)",g05_o1,False,-334.53977642277425,-476.42977143475105
constant,0,0,hapibd,poisson_separate,including_loop,10,9,"((a.1,b),(a.2,c))",g09_o2,False,-338.0242923389193,-481.8446069100177
constant,0,0,hapibd,poisson_separate,including_loop,11,4,"(((a.1,b),a.2),c)",g04_o1,False,-329.48255774150135,-485.06530943137506
constant,0,0,hapibd,poisson_separate,including_loop,12,2,"((a,c),b)",g02_o1,False,-597.2154713889258,-624.8580495272487
constant,0,0,hapibd,poisson_separate,including_loop,13,13,"(((b.1,c),a),b.2)",g13_o1,False,-616.1743343089032,-655.4408740424805
constant,0,0,hapibd,poisson_separate,including_loop,14,18,"(((a,c.1),c.2),b)",g18_o1,False,-618.9917909247094,-659.1901610291558
constant,0,0,hapibd,poisson_separate,including_loop,15,7,"(((a.1,c),b),a.2)",g07_o1,False,-605.6109383821454,-663.8262489102701
constant,0,0,hapibd,poisson_separate,including_loop,16,3,"((b,c),a)",g03_o1,False,-592.4457256944958,-664.0714255983739
constant,0,0,hapibd,poisson_separate,including_loop,17,21,"((a,c.1),(b,c.2))",g21_o2,False,-618.3862072785147,-665.3075833455327
constant,0,0,hapibd,poisson_separate,including_loop,18,14,"(((b.1,c),b.2),a)",g14_o1,False,-620.7032670159384,-666.9400242341766
constant,0,0,hapibd,poisson_separate,including_loop,19,6,"(((a.1,c),a.2),b)",g06_o1,False,-617.3907580501916,-681.86363071774
constant,0,0,hapibd,poisson_separate,including_loop,20,20,"(((b,c.1),c.2),a)",g20_o1,False,-615.5732085381833,-831.5748948740439
constant,0,0,hapibd,poisson_separate,including_loop,21,8,"(((b,c),a.1),a.2)",g08_o1,False,-617.8484757144437,-838.8724122633439
constant,0,0,hapibd,poisson_separate,including_loop,22,12,"(((a,c),b.1),b.2)",g12_o1,False,-619.4616454334937,-957.2062237142427
constant,0,1,true,poisson_shared,loop_omitted,1,15,"((a,b.1),(b.2,c))",g15_o1,False,-219.79363521322767,-237.55054326544297
constant,0,1,true,poisson_shared,loop_omitted,2,11,"(((a,b.1),c),b.2)",g11_o1,False,-276.2034510887651,-303.87825185876915
constant,0,1,true,poisson_shared,loop_omitted,3,9,"((a.1,b),(a.2,c))",g09_o1,False,-405.3207790976736,-455.2273812872414
constant,0,1,true,poisson_shared,loop_omitted,4,1,"((a,b),c)",g01_o1,False,-459.6033411103613,-465.5726958618705
constant,0,1,true,poisson_shared,loop_omitted,5,16,"(((a,b),c.1),c.2)",g16_o2,False,-454.4548796299763,-479.4811591216322
constant,0,1,true,poisson_shared,loop_omitted,6,17,"(((a,c.1),b),c.2)",g17_o1,False,-460.31425606923403,-480.17691310664094
constant,0,1,true,poisson_shared,loop_omitted,7,5,"(((a.1,b),c),a.2)",g05_o1,False,-407.95953782192544,-482.64632751223746
constant,0,1,true,poisson_shared,loop_omitted,8,19,"(((b,c.1),a),c.2)",g19_o1,False,-460.1557824026234,-663.6873697942915
constant,0,1,true,poisson_shared,loop_omitted,9,10,"(((a,b.1),b.2),c)",g10_o1,False,-275.0060498694202,-801.7321291310571
constant,0,1,true,poisson_shared,loop_omitted,10,4,"(((a.1,b),a.2),c)",g04_o1,False,-437.31736271243415,-906.8008873148738
constant,0,1,true,poisson_shared,loop_omitted,11,13,"(((b.1,c),a),b.2)",g13_o1,False,-941.1881872300635,-994.0840947816872
constant,0,1,true,poisson_shared,loop_omitted,12,14,"(((b.1,c),b.2),a)",g14_o1,False,-937.594519141351,-999.1002230572844
constant,0,1,true,poisson_shared,loop_omitted,13,21,"((a,c.1),(b,c.2))",g21_o2,False,-898.8114607385877,-1034.4742255951508
constant,0,1,true,poisson_shared,loop_omitted,14,18,"(((a,c.1),c.2),b)",g18_o1,False,-907.2117550981918,-1040.5395783458303
constant,0,1,true,poisson_shared,loop_omitted,15,20,"(((b,c.1),c.2),a)",g20_o1,False,-988.2531183884972,-1070.3014073934298
constant,0,1,true,poisson_shared,loop_omitted,16,6,"(((a.1,c),a.2),b)",g06_o1,False,-1029.2721075328272,-1074.7721368397085
constant,0,1,true,poisson_shared,loop_omitted,17,7,"(((a.1,c),b),a.2)",g07_o1,False,-1023.9007630331884,-1201.0083512190283
constant,0,1,true,poisson_shared,loop_omitted,18,3,"((b,c),a)",g03_o1,False,-1428.3845595258936,-1432.9856345814262
constant,0,1,true,poisson_shared,loop_omitted,19,8,"(((b,c),a.1),a.2)",g08_o2,False,-1303.8158345291695,-1444.8876680085152
constant,0,1,true,poisson_shared,loop_omitted,20,2,"((a,c),b)",g02_o1,False,-1456.3227797363963,-1460.6567396119246
constant,0,1,true,poisson_shared,loop_omitted,21,12,"(((a,c),b.1),b.2)",g12_o1,False,-1397.3061742964233,-1478.1066536174803
constant,0,1,true,poisson_shared,including_loop,1,15,"((a,b.1),(b.2,c))",g15_o1,False,-219.79363521322767,-237.55054326544297
constant,0,1,true,poisson_shared,including_loop,2,22,"b-loop + ((a,b.1),(b.2,c))",g22_o1,False,-225.38853085320017,-244.28192447998737
constant,0,1,true,poisson_shared,including_loop,3,11,"(((a,b.1),c),b.2)",g11_o1,False,-276.2034510887651,-303.87825185876915
constant,0,1,true,poisson_shared,including_loop,4,9,"((a.1,b),(a.2,c))",g09_o1,False,-405.3207790976736,-455.2273812872414
constant,0,1,true,poisson_shared,including_loop,5,1,"((a,b),c)",g01_o1,False,-459.6033411103613,-465.5726958618705
constant,0,1,true,poisson_shared,including_loop,6,16,"(((a,b),c.1),c.2)",g16_o2,False,-454.4548796299763,-479.4811591216322
constant,0,1,true,poisson_shared,including_loop,7,17,"(((a,c.1),b),c.2)",g17_o1,False,-460.31425606923403,-480.17691310664094
constant,0,1,true,poisson_shared,including_loop,8,5,"(((a.1,b),c),a.2)",g05_o1,False,-407.95953782192544,-482.64632751223746
constant,0,1,true,poisson_shared,including_loop,9,19,"(((b,c.1),a),c.2)",g19_o1,False,-460.1557824026234,-663.6873697942915
constant,0,1,true,poisson_shared,including_loop,10,10,"(((a,b.1),b.2),c)",g10_o1,False,-275.0060498694202,-801.7321291310571
constant,0,1,true,poisson_shared,including_loop,11,4,"(((a.1,b),a.2),c)",g04_o1,False,-437.31736271243415,-906.8008873148738
constant,0,1,true,poisson_shared,including_loop,12,13,"(((b.1,c),a),b.2)",g13_o1,False,-941.1881872300635,-994.0840947816872
constant,0,1,true,poisson_shared,including_loop,13,14,"(((b.1,c),b.2),a)",g14_o1,False,-937.594519141351,-999.1002230572844
constant,0,1,true,poisson_shared,including_loop,14,21,"((a,c.1),(b,c.2))",g21_o2,False,-898.8114607385877,-1034.4742255951508
constant,0,1,true,poisson_shared,including_loop,15,18,"(((a,c.1),c.2),b)",g18_o1,False,-907.2117550981918,-1040.5395783458303
constant,0,1,true,poisson_shared,including_loop,16,20,"(((b,c.1),c.2),a)",g20_o1,False,-988.2531183884972,-1070.3014073934298
constant,0,1,true,poisson_shared,including_loop,17,6,"(((a.1,c),a.2),b)",g06_o1,False,-1029.2721075328272,-1074.7721368397085
constant,0,1,true,poisson_shared,including_loop,18,7,"(((a.1,c),b),a.2)",g07_o1,False,-1023.9007630331884,-1201.0083512190283
constant,0,1,true,poisson_shared,including_loop,19,3,"((b,c),a)",g03_o1,False,-1428.3845595258936,-1432.9856345814262
constant,0,1,true,poisson_shared,including_loop,20,8,"(((b,c),a.1),a.2)",g08_o2,False,-1303.8158345291695,-1444.8876680085152
constant,0,1,true,poisson_shared,including_loop,21,2,"((a,c),b)",g02_o1,False,-1456.3227797363963,-1460.6567396119246
constant,0,1,true,poisson_shared,including_loop,22,12,"(((a,c),b.1),b.2)",g12_o1,False,-1397.3061742964233,-1478.1066536174803
constant,0,1,true,poisson_separate,loop_omitted,1,10,"(((a,b.1),b.2),c)",g10_o1,False,-265.05851688536893,-293.74891333128306
constant,0,1,true,poisson_separate,loop_omitted,2,15,"((a,b.1),(b.2,c))",g15_o1,False,-238.02077439536203,-308.6265712779849
constant,0,1,true,poisson_separate,loop_omitted,3,11,"(((a,b.1),c),b.2)",g11_o1,False,-263.02386810317176,-329.2077705411554
constant,0,1,true,poisson_separate,loop_omitted,4,1,"((a,b),c)",g01_o1,False,-315.53506902648917,-333.9569036093796
constant,0,1,true,poisson_separate,loop_omitted,5,19,"(((b,c.1),a),c.2)",g19_o1,False,-341.6282519682326,-374.21803013295084
constant,0,1,true,poisson_separate,loop_omitted,6,9,"((a.1,b),(a.2,c))",g09_o2,False,-342.3233187695361,-396.4340830114888
constant,0,1,true,poisson_separate,loop_omitted,7,17,"(((a,c.1),b),c.2)",g17_o1,False,-342.8395839925568,-406.4663072545018
constant,0,1,true,poisson_separate,loop_omitted,8,16,"(((a,b),c.1),c.2)",g16_o2,False,-342.7655384816505,-484.9787852742175
constant,0,1,true,poisson_separate,loop_omitted,9,5,"(((a.1,b),c),a.2)",g05_o1,False,-346.77580909144757,-499.46758731157513
constant,0,1,true,poisson_separate,loop_omitted,10,4,"(((a.1,b),a.2),c)",g04_o1,False,-341.76985257380557,-506.66077951876105
constant,0,1,true,poisson_separate,loop_omitted,11,3,"((b,c),a)",g03_o1,False,-693.2138264994652,-731.162308354586
constant,0,1,true,poisson_separate,loop_omitted,12,2,"((a,c),b)",g02_o1,False,-695.2909822987068,-749.6843698931259
constant,0,1,true,poisson_separate,loop_omitted,13,14,"(((b.1,c),b.2),a)",g14_o1,False,-722.6601560030858,-760.9274573247438
constant,0,1,true,poisson_separate,loop_omitted,14,13,"(((b.1,c),a),b.2)",g13_o1,False,-717.2231298327985,-762.2068180983166
constant,0,1,true,poisson_separate,loop_omitted,15,7,"(((a.1,c),b),a.2)",g07_o1,False,-720.8963857965972,-764.9198502070155
constant,0,1,true,poisson_separate,loop_omitted,16,18,"(((a,c.1),c.2),b)",g18_o1,False,-717.1477553900504,-774.765576998393
constant,0,1,true,poisson_separate,loop_omitted,17,20,"(((b,c.1),c.2),a)",g20_o1,False,-725.2245839846285,-790.5230881974766
constant,0,1,true,poisson_separate,loop_omitted,18,6,"(((a.1,c),a.2),b)",g06_o1,False,-720.7815832108839,-791.6326869968631
constant,0,1,true,poisson_separate,loop_omitted,19,8,"(((b,c),a.1),a.2)",g08_o2,False,-729.9614312924426,-986.6511344578053
constant,0,1,true,poisson_separate,loop_omitted,20,12,"(((a,c),b.1),b.2)",g12_o2,False,-726.5529690689381,-1070.496223962149
constant,0,1,true,poisson_separate,loop_omitted,21,21,"((a,c.1),(b,c.2))",g21_o2,False,-732.9464071019526,-1132.5681689118137
constant,0,1,true,poisson_separate,including_loop,1,22,"b-loop + ((a,b.1),(b.2,c))",g22_o1,False,-248.85704109532173,-282.2734219511607
constant,0,1,true,poisson_separate,including_loop,2,10,"(((a,b.1),b.2),c)",g10_o1,False,-265.05851688536893,-293.74891333128306
constant,0,1,true,poisson_separate,including_loop,3,15,"((a,b.1),(b.2,c))",g15_o1,False,-238.02077439536203,-308.6265712779849
constant,0,1,true,poisson_separate,including_loop,4,11,"(((a,b.1),c),b.2)",g11_o1,False,-263.02386810317176,-329.2077705411554
constant,0,1,true,poisson_separate,including_loop,5,1,"((a,b),c)",g01_o1,False,-315.53506902648917,-333.9569036093796
constant,0,1,true,poisson_separate,including_loop,6,19,"(((b,c.1),a),c.2)",g19_o1,False,-341.6282519682326,-374.21803013295084
constant,0,1,true,poisson_separate,including_loop,7,9,"((a.1,b),(a.2,c))",g09_o2,False,-342.3233187695361,-396.4340830114888
constant,0,1,true,poisson_separate,including_loop,8,17,"(((a,c.1),b),c.2)",g17_o1,False,-342.8395839925568,-406.4663072545018
constant,0,1,true,poisson_separate,including_loop,9,16,"(((a,b),c.1),c.2)",g16_o2,False,-342.7655384816505,-484.9787852742175
constant,0,1,true,poisson_separate,including_loop,10,5,"(((a.1,b),c),a.2)",g05_o1,False,-346.77580909144757,-499.46758731157513
constant,0,1,true,poisson_separate,including_loop,11,4,"(((a.1,b),a.2),c)",g04_o1,False,-341.76985257380557,-506.66077951876105
constant,0,1,true,poisson_separate,including_loop,12,3,"((b,c),a)",g03_o1,False,-693.2138264994652,-731.162308354586
constant,0,1,true,poisson_separate,including_loop,13,2,"((a,c),b)",g02_o1,False,-695.2909822987068,-749.6843698931259
constant,0,1,true,poisson_separate,including_loop,14,14,"(((b.1,c),b.2),a)",g14_o1,False,-722.6601560030858,-760.9274573247438
constant,0,1,true,poisson_separate,including_loop,15,13,"(((b.1,c),a),b.2)",g13_o1,False,-717.2231298327985,-762.2068180983166
constant,0,1,true,poisson_separate,including_loop,16,7,"(((a.1,c),b),a.2)",g07_o1,False,-720.8963857965972,-764.9198502070155
constant,0,1,true,poisson_separate,including_loop,17,18,"(((a,c.1),c.2),b)",g18_o1,False,-717.1477553900504,-774.765576998393
constant,0,1,true,poisson_separate,including_loop,18,20,"(((b,c.1),c.2),a)",g20_o1,False,-725.2245839846285,-790.5230881974766
constant,0,1,true,poisson_separate,including_loop,19,6,"(((a.1,c),a.2),b)",g06_o1,False,-720.7815832108839,-791.6326869968631
constant,0,1,true,poisson_separate,including_loop,20,8,"(((b,c),a.1),a.2)",g08_o2,False,-729.9614312924426,-986.6511344578053
constant,0,1,true,poisson_separate,including_loop,21,12,"(((a,c),b.1),b.2)",g12_o2,False,-726.5529690689381,-1070.496223962149
constant,0,1,true,poisson_separate,including_loop,22,21,"((a,c.1),(b,c.2))",g21_o2,False,-732.9464071019526,-1132.5681689118137
constant,0,1,hapibd,poisson_shared,loop_omitted,1,15,"((a,b.1),(b.2,c))",g15_o1,False,-217.94634114292964,-228.6525455218128
constant,0,1,hapibd,poisson_shared,loop_omitted,2,9,"((a.1,b),(a.2,c))",g09_o1,False,-402.3966433943902,-461.68032041117107
constant,0,1,hapibd,poisson_shared,loop_omitted,3,19,"(((b,c.1),a),c.2)",g19_o1,False,-465.0134686855432,-476.7500733752645
constant,0,1,hapibd,poisson_shared,loop_omitted,4,1,"((a,b),c)",g01_o1,False,-476.48281393031243,-482.8432250728902
constant,0,1,hapibd,poisson_shared,loop_omitted,5,16,"(((a,b),c.1),c.2)",g16_o1,False,-466.29307545442595,-491.26642851610285
constant,0,1,hapibd,poisson_shared,loop_omitted,6,5,"(((a.1,b),c),a.2)",g05_o1,False,-459.3827575588329,-504.23818883637057
constant,0,1,hapibd,poisson_shared,loop_omitted,7,17,"(((a,c.1),b),c.2)",g17_o1,False,-472.2658655032462,-576.9611024595172
constant,0,1,hapibd,poisson_shared,loop_omitted,8,11,"(((a,b.1),c),b.2)",g11_o1,False,-293.22084795178256,-763.7776444621509
constant,0,1,hapibd,poisson_shared,loop_omitted,9,10,"(((a,b.1),b.2),c)",g10_o1,False,-282.9525756951281,-768.7606986558335
constant,0,1,hapibd,poisson_shared,loop_omitted,10,4,"(((a.1,b),a.2),c)",g04_o1,False,-443.52839871372737,-874.8645734482213
constant,0,1,hapibd,poisson_shared,loop_omitted,11,13,"(((b.1,c),a),b.2)",g13_o1,False,-865.0002781780972,-924.7924208879456
constant,0,1,hapibd,poisson_shared,loop_omitted,12,14,"(((b.1,c),b.2),a)",g14_o1,False,-865.1380699245649,-942.079157248645
constant,0,1,hapibd,poisson_shared,loop_omitted,13,18,"(((a,c.1),c.2),b)",g18_o1,False,-861.031145800817,-965.3177315899868
constant,0,1,hapibd,poisson_shared,loop_omitted,14,21,"((a,c.1),(b,c.2))",g21_o2,False,-846.0937478763617,-976.8700075869452
constant,0,1,hapibd,poisson_shared,loop_omitted,15,20,"(((b,c.1),c.2),a)",g20_o1,False,-982.3478769135551,-1016.9459730133998
constant,0,1,hapibd,poisson_shared,loop_omitted,16,6,"(((a.1,c),a.2),b)",g06_o1,False,-1000.1839485956917,-1027.623485248276
constant,0,1,hapibd,poisson_shared,loop_omitted,17,7,"(((a.1,c),b),a.2)",g07_o1,False,-977.3596419090901,-1144.6343650233032
constant,0,1,hapibd,poisson_shared,loop_omitted,18,3,"((b,c),a)",g03_o1,False,-1356.6712118811445,-1368.9312780798468
constant,0,1,hapibd,poisson_shared,loop_omitted,19,8,"(((b,c),a.1),a.2)",g08_o2,False,-1245.955824348921,-1387.137461759482
constant,0,1,hapibd,poisson_shared,loop_omitted,20,12,"(((a,c),b.1),b.2)",g12_o1,False,-1320.6714948720287,-1387.2341977306203
constant,0,1,hapibd,poisson_shared,loop_omitted,21,2,"((a,c),b)",g02_o1,False,-1393.3943039227495,-1398.3033746280034
constant,0,1,hapibd,poisson_shared,including_loop,1,15,"((a,b.1),(b.2,c))",g15_o1,False,-217.94634114292964,-228.6525455218128
constant,0,1,hapibd,poisson_shared,including_loop,2,22,"b-loop + ((a,b.1),(b.2,c))",g22_o1,False,-226.18189765669806,-238.70222362350796
constant,0,1,hapibd,poisson_shared,including_loop,3,9,"((a.1,b),(a.2,c))",g09_o1,False,-402.3966433943902,-461.68032041117107
constant,0,1,hapibd,poisson_shared,including_loop,4,19,"(((b,c.1),a),c.2)",g19_o1,False,-465.0134686855432,-476.7500733752645
constant,0,1,hapibd,poisson_shared,including_loop,5,1,"((a,b),c)",g01_o1,False,-476.48281393031243,-482.8432250728902
constant,0,1,hapibd,poisson_shared,including_loop,6,16,"(((a,b),c.1),c.2)",g16_o1,False,-466.29307545442595,-491.26642851610285
constant,0,1,hapibd,poisson_shared,including_loop,7,5,"(((a.1,b),c),a.2)",g05_o1,False,-459.3827575588329,-504.23818883637057
constant,0,1,hapibd,poisson_shared,including_loop,8,17,"(((a,c.1),b),c.2)",g17_o1,False,-472.2658655032462,-576.9611024595172
constant,0,1,hapibd,poisson_shared,including_loop,9,11,"(((a,b.1),c),b.2)",g11_o1,False,-293.22084795178256,-763.7776444621509
constant,0,1,hapibd,poisson_shared,including_loop,10,10,"(((a,b.1),b.2),c)",g10_o1,False,-282.9525756951281,-768.7606986558335
constant,0,1,hapibd,poisson_shared,including_loop,11,4,"(((a.1,b),a.2),c)",g04_o1,False,-443.52839871372737,-874.8645734482213
constant,0,1,hapibd,poisson_shared,including_loop,12,13,"(((b.1,c),a),b.2)",g13_o1,False,-865.0002781780972,-924.7924208879456
constant,0,1,hapibd,poisson_shared,including_loop,13,14,"(((b.1,c),b.2),a)",g14_o1,False,-865.1380699245649,-942.079157248645
constant,0,1,hapibd,poisson_shared,including_loop,14,18,"(((a,c.1),c.2),b)",g18_o1,False,-861.031145800817,-965.3177315899868
constant,0,1,hapibd,poisson_shared,including_loop,15,21,"((a,c.1),(b,c.2))",g21_o2,False,-846.0937478763617,-976.8700075869452
constant,0,1,hapibd,poisson_shared,including_loop,16,20,"(((b,c.1),c.2),a)",g20_o1,False,-982.3478769135551,-1016.9459730133998
constant,0,1,hapibd,poisson_shared,including_loop,17,6,"(((a.1,c),a.2),b)",g06_o1,False,-1000.1839485956917,-1027.623485248276
constant,0,1,hapibd,poisson_shared,including_loop,18,7,"(((a.1,c),b),a.2)",g07_o1,False,-977.3596419090901,-1144.6343650233032
constant,0,1,hapibd,poisson_shared,including_loop,19,3,"((b,c),a)",g03_o1,False,-1356.6712118811445,-1368.9312780798468
constant,0,1,hapibd,poisson_shared,including_loop,20,8,"(((b,c),a.1),a.2)",g08_o2,False,-1245.955824348921,-1387.137461759482
constant,0,1,hapibd,poisson_shared,including_loop,21,12,"(((a,c),b.1),b.2)",g12_o1,False,-1320.6714948720287,-1387.2341977306203
constant,0,1,hapibd,poisson_shared,including_loop,22,2,"((a,c),b)",g02_o1,False,-1393.3943039227495,-1398.3033746280034
constant,0,1,hapibd,poisson_separate,loop_omitted,1,15,"((a,b.1),(b.2,c))",g15_o2,False,-236.5156088482634,-305.35360460330764
constant,0,1,hapibd,poisson_separate,loop_omitted,2,10,"(((a,b.1),b.2),c)",g10_o1,False,-258.79422672115334,-309.2162920162018
constant,0,1,hapibd,poisson_separate,loop_omitted,3,11,"(((a,b.1),c),b.2)",g11_o1,False,-266.44868837633743,-310.26603334438647
constant,0,1,hapibd,poisson_separate,loop_omitted,4,1,"((a,b),c)",g01_o1,False,-316.8252334027485,-334.9325203486098
constant,0,1,hapibd,poisson_separate,loop_omitted,5,17,"(((a,c.1),b),c.2)",g17_o1,False,-336.75121572507175,-373.5829756766387
constant,0,1,hapibd,poisson_separate,loop_omitted,6,19,"(((b,c.1),a),c.2)",g19_o1,False,-337.3520818214703,-375.40503756142147
constant,0,1,hapibd,poisson_separate,loop_omitted,7,16,"(((a,b),c.1),c.2)",g16_o2,False,-340.58575450923036,-479.92428254086417
constant,0,1,hapibd,poisson_separate,loop_omitted,8,9,"((a.1,b),(a.2,c))",g09_o1,False,-341.6110183434394,-484.32317266224413
constant,0,1,hapibd,poisson_separate,loop_omitted,9,4,"(((a.1,b),a.2),c)",g04_o1,False,-339.5433213600761,-484.75070748905557
constant,0,1,hapibd,poisson_separate,loop_omitted,10,5,"(((a.1,b),c),a.2)",g05_o1,False,-349.94915947916394,-515.0027508910181
constant,0,1,hapibd,poisson_separate,loop_omitted,11,3,"((b,c),a)",g03_o1,False,-638.8716829137602,-669.057285811025
constant,0,1,hapibd,poisson_separate,loop_omitted,12,2,"((a,c),b)",g02_o1,False,-638.0351048587324,-670.0139285147691
constant,0,1,hapibd,poisson_separate,loop_omitted,13,13,"(((b.1,c),a),b.2)",g13_o1,False,-652.809253655792,-696.0305550449924
constant,0,1,hapibd,poisson_separate,loop_omitted,14,21,"((a,c.1),(b,c.2))",g21_o2,False,-663.4260010339231,-699.3043395891164
constant,0,1,hapibd,poisson_separate,loop_omitted,15,7,"(((a.1,c),b),a.2)",g07_o1,False,-657.4047026443673,-702.849338127578
constant,0,1,hapibd,poisson_separate,loop_omitted,16,14,"(((b.1,c),b.2),a)",g14_o1,False,-659.624735787471,-704.8190887567159
constant,0,1,hapibd,poisson_separate,loop_omitted,17,18,"(((a,c.1),c.2),b)",g18_o1,False,-667.1536441705584,-713.7989873953624
constant,0,1,hapibd,poisson_separate,loop_omitted,18,20,"(((b,c.1),c.2),a)",g20_o1,False,-658.0828330810774,-890.2652227091187
constant,0,1,hapibd,poisson_separate,loop_omitted,19,8,"(((b,c),a.1),a.2)",g08_o1,False,-663.7076470106407,-891.0119703146763
constant,0,1,hapibd,poisson_separate,loop_omitted,20,12,"(((a,c),b.1),b.2)",g12_o2,False,-665.6673477497171,-1006.3890969665645
constant,0,1,hapibd,poisson_separate,loop_omitted,21,6,"(((a.1,c),a.2),b)",g06_o1,False,-665.5118852386014,-1070.11576863951
constant,0,1,hapibd,poisson_separate,including_loop,1,22,"b-loop + ((a,b.1),(b.2,c))",g22_o1,False,-243.12551474210719,-294.67556453172625
constant,0,1,hapibd,poisson_separate,including_loop,2,15,"((a,b.1),(b.2,c))",g15_o2,False,-236.5156088482634,-305.35360460330764
constant,0,1,hapibd,poisson_separate,including_loop,3,10,"(((a,b.1),b.2),c)",g10_o1,False,-258.79422672115334,-309.2162920162018
constant,0,1,hapibd,poisson_separate,including_loop,4,11,"(((a,b.1),c),b.2)",g11_o1,False,-266.44868837633743,-310.26603334438647
constant,0,1,hapibd,poisson_separate,including_loop,5,1,"((a,b),c)",g01_o1,False,-316.8252334027485,-334.9325203486098
constant,0,1,hapibd,poisson_separate,including_loop,6,17,"(((a,c.1),b),c.2)",g17_o1,False,-336.75121572507175,-373.5829756766387
constant,0,1,hapibd,poisson_separate,including_loop,7,19,"(((b,c.1),a),c.2)",g19_o1,False,-337.3520818214703,-375.40503756142147
constant,0,1,hapibd,poisson_separate,including_loop,8,16,"(((a,b),c.1),c.2)",g16_o2,False,-340.58575450923036,-479.92428254086417
constant,0,1,hapibd,poisson_separate,including_loop,9,9,"((a.1,b),(a.2,c))",g09_o1,False,-341.6110183434394,-484.32317266224413
constant,0,1,hapibd,poisson_separate,including_loop,10,4,"(((a.1,b),a.2),c)",g04_o1,False,-339.5433213600761,-484.75070748905557
constant,0,1,hapibd,poisson_separate,including_loop,11,5,"(((a.1,b),c),a.2)",g05_o1,False,-349.94915947916394,-515.0027508910181
constant,0,1,hapibd,poisson_separate,including_loop,12,3,"((b,c),a)",g03_o1,False,-638.8716829137602,-669.057285811025
constant,0,1,hapibd,poisson_separate,including_loop,13,2,"((a,c),b)",g02_o1,False,-638.0351048587324,-670.0139285147691
constant,0,1,hapibd,poisson_separate,including_loop,14,13,"(((b.1,c),a),b.2)",g13_o1,False,-652.809253655792,-696.0305550449924
constant,0,1,hapibd,poisson_separate,including_loop,15,21,"((a,c.1),(b,c.2))",g21_o2,False,-663.4260010339231,-699.3043395891164
constant,0,1,hapibd,poisson_separate,including_loop,16,7,"(((a.1,c),b),a.2)",g07_o1,False,-657.4047026443673,-702.849338127578
constant,0,1,hapibd,poisson_separate,including_loop,17,14,"(((b.1,c),b.2),a)",g14_o1,False,-659.624735787471,-704.8190887567159
constant,0,1,hapibd,poisson_separate,including_loop,18,18,"(((a,c.1),c.2),b)",g18_o1,False,-667.1536441705584,-713.7989873953624
constant,0,1,hapibd,poisson_separate,including_loop,19,20,"(((b,c.1),c.2),a)",g20_o1,False,-658.0828330810774,-890.2652227091187
constant,0,1,hapibd,poisson_separate,including_loop,20,8,"(((b,c),a.1),a.2)",g08_o1,False,-663.7076470106407,-891.0119703146763
constant,0,1,hapibd,poisson_separate,including_loop,21,12,"(((a,c),b.1),b.2)",g12_o2,False,-665.6673477497171,-1006.3890969665645
constant,0,1,hapibd,poisson_separate,including_loop,22,6,"(((a.1,c),a.2),b)",g06_o1,False,-665.5118852386014,-1070.11576863951
constant,0,2,true,poisson_shared,loop_omitted,1,15,"((a,b.1),(b.2,c))",g15_o1,False,-216.41595408398462,-231.83482913453983
constant,0,2,true,poisson_shared,loop_omitted,2,9,"((a.1,b),(a.2,c))",g09_o1,False,-414.0264949486934,-463.61544765402584
constant,0,2,true,poisson_shared,loop_omitted,3,1,"((a,b),c)",g01_o1,False,-479.09645882467873,-484.46661917674174
constant,0,2,true,poisson_shared,loop_omitted,4,17,"(((a,c.1),b),c.2)",g17_o1,False,-469.1377702310021,-486.13503376211054
constant,0,2,true,poisson_shared,loop_omitted,5,16,"(((a,b),c.1),c.2)",g16_o1,False,-470.5729446030871,-495.9404127319598
constant,0,2,true,poisson_shared,loop_omitted,6,5,"(((a.1,b),c),a.2)",g05_o1,False,-426.91053330116733,-502.0037326757357
constant,0,2,true,poisson_shared,loop_omitted,7,19,"(((b,c.1),a),c.2)",g19_o1,False,-465.17833674272737,-559.5041551539522
constant,0,2,true,poisson_shared,loop_omitted,8,10,"(((a,b.1),b.2),c)",g10_o1,False,-295.592508109771,-800.0595612968782
constant,0,2,true,poisson_shared,loop_omitted,9,11,"(((a,b.1),c),b.2)",g11_o1,False,-295.6003599470009,-803.3243753554135
constant,0,2,true,poisson_shared,loop_omitted,10,4,"(((a.1,b),a.2),c)",g04_o1,False,-406.6163876275386,-872.4040717597338
constant,0,2,true,poisson_shared,loop_omitted,11,13,"(((b.1,c),a),b.2)",g13_o1,False,-928.5575411541219,-983.0798122706584
constant,0,2,true,poisson_shared,loop_omitted,12,14,"(((b.1,c),b.2),a)",g14_o1,False,-920.9336245566952,-998.4767349204159
constant,0,2,true,poisson_shared,loop_omitted,13,18,"(((a,c.1),c.2),b)",g18_o1,False,-906.3571693751873,-1038.6761062012688
constant,0,2,true,poisson_shared,loop_omitted,14,21,"((a,c.1),(b,c.2))",g21_o1,False,-977.4799405509,-1048.2712994721558
constant,0,2,true,poisson_shared,loop_omitted,15,6,"(((a.1,c),a.2),b)",g06_o1,False,-1017.0420758453483,-1053.773625538516
constant,0,2,true,poisson_shared,loop_omitted,16,20,"(((b,c.1),c.2),a)",g20_o1,False,-1040.6951802189196,-1090.6741789568412
constant,0,2,true,poisson_shared,loop_omitted,17,7,"(((a.1,c),b),a.2)",g07_o1,False,-1027.47128283007,-1214.3583717834456
constant,0,2,true,poisson_shared,loop_omitted,18,3,"((b,c),a)",g03_o1,False,-1437.2860204312597,-1441.8646029657684
constant,0,2,true,poisson_shared,loop_omitted,19,8,"(((b,c),a.1),a.2)",g08_o2,False,-1289.751770563653,-1456.8474680702557
constant,0,2,true,poisson_shared,loop_omitted,20,12,"(((a,c),b.1),b.2)",g12_o1,False,-1396.1929276615647,-1470.3653152475067
constant,0,2,true,poisson_shared,loop_omitted,21,2,"((a,c),b)",g02_o1,False,-1466.8422784287307,-1523.9011206562695
constant,0,2,true,poisson_shared,including_loop,1,15,"((a,b.1),(b.2,c))",g15_o1,False,-216.41595408398462,-231.83482913453983
constant,0,2,true,poisson_shared,including_loop,2,22,"b-loop + ((a,b.1),(b.2,c))",g22_o1,False,-231.0570886974224,-246.10069109381197
constant,0,2,true,poisson_shared,including_loop,3,9,"((a.1,b),(a.2,c))",g09_o1,False,-414.0264949486934,-463.61544765402584
constant,0,2,true,poisson_shared,including_loop,4,1,"((a,b),c)",g01_o1,False,-479.09645882467873,-484.46661917674174
constant,0,2,true,poisson_shared,including_loop,5,17,"(((a,c.1),b),c.2)",g17_o1,False,-469.1377702310021,-486.13503376211054
constant,0,2,true,poisson_shared,including_loop,6,16,"(((a,b),c.1),c.2)",g16_o1,False,-470.5729446030871,-495.9404127319598
constant,0,2,true,poisson_shared,including_loop,7,5,"(((a.1,b),c),a.2)",g05_o1,False,-426.91053330116733,-502.0037326757357
constant,0,2,true,poisson_shared,including_loop,8,19,"(((b,c.1),a),c.2)",g19_o1,False,-465.17833674272737,-559.5041551539522
constant,0,2,true,poisson_shared,including_loop,9,10,"(((a,b.1),b.2),c)",g10_o1,False,-295.592508109771,-800.0595612968782
constant,0,2,true,poisson_shared,including_loop,10,11,"(((a,b.1),c),b.2)",g11_o1,False,-295.6003599470009,-803.3243753554135
constant,0,2,true,poisson_shared,including_loop,11,4,"(((a.1,b),a.2),c)",g04_o1,False,-406.6163876275386,-872.4040717597338
constant,0,2,true,poisson_shared,including_loop,12,13,"(((b.1,c),a),b.2)",g13_o1,False,-928.5575411541219,-983.0798122706584
constant,0,2,true,poisson_shared,including_loop,13,14,"(((b.1,c),b.2),a)",g14_o1,False,-920.9336245566952,-998.4767349204159
constant,0,2,true,poisson_shared,including_loop,14,18,"(((a,c.1),c.2),b)",g18_o1,False,-906.3571693751873,-1038.6761062012688
constant,0,2,true,poisson_shared,including_loop,15,21,"((a,c.1),(b,c.2))",g21_o1,False,-977.4799405509,-1048.2712994721558
constant,0,2,true,poisson_shared,including_loop,16,6,"(((a.1,c),a.2),b)",g06_o1,False,-1017.0420758453483,-1053.773625538516
constant,0,2,true,poisson_shared,including_loop,17,20,"(((b,c.1),c.2),a)",g20_o1,False,-1040.6951802189196,-1090.6741789568412
constant,0,2,true,poisson_shared,including_loop,18,7,"(((a.1,c),b),a.2)",g07_o1,False,-1027.47128283007,-1214.3583717834456
constant,0,2,true,poisson_shared,including_loop,19,3,"((b,c),a)",g03_o1,False,-1437.2860204312597,-1441.8646029657684
constant,0,2,true,poisson_shared,including_loop,20,8,"(((b,c),a.1),a.2)",g08_o2,False,-1289.751770563653,-1456.8474680702557
constant,0,2,true,poisson_shared,including_loop,21,12,"(((a,c),b.1),b.2)",g12_o1,False,-1396.1929276615647,-1470.3653152475067
constant,0,2,true,poisson_shared,including_loop,22,2,"((a,c),b)",g02_o1,False,-1466.8422784287307,-1523.9011206562695
constant,0,2,true,poisson_separate,loop_omitted,1,11,"(((a,b.1),c),b.2)",g11_o1,False,-269.1108831841052,-317.36636864988213
constant,0,2,true,poisson_separate,loop_omitted,2,15,"((a,b.1),(b.2,c))",g15_o1,False,-243.87146826146906,-327.63388460245324
constant,0,2,true,poisson_separate,loop_omitted,3,10,"(((a,b.1),b.2),c)",g10_o1,False,-269.1720780807215,-333.4150781684448
constant,0,2,true,poisson_separate,loop_omitted,4,1,"((a,b),c)",g01_o1,False,-321.65306077185664,-345.8644824050334
constant,0,2,true,poisson_separate,loop_omitted,5,19,"(((b,c.1),a),c.2)",g19_o1,False,-348.4245084759249,-374.80472690040864
constant,0,2,true,poisson_separate,loop_omitted,6,4,"(((a.1,b),a.2),c)",g04_o1,False,-347.814401030551,-377.44610800553437
constant,0,2,true,poisson_separate,loop_omitted,7,9,"((a.1,b),(a.2,c))",g09_o2,False,-349.5327265963029,-381.39056753056474
constant,0,2,true,poisson_separate,loop_omitted,8,17,"(((a,c.1),b),c.2)",g17_o1,False,-343.99291343467803,-398.97244224274704
constant,0,2,true,poisson_separate,loop_omitted,9,16,"(((a,b),c.1),c.2)",g16_o2,False,-343.6975462263812,-485.33147776511623
constant,0,2,true,poisson_separate,loop_omitted,10,5,"(((a.1,b),c),a.2)",g05_o1,False,-345.9758707441364,-514.8049424158414
constant,0,2,true,poisson_separate,loop_omitted,11,3,"((b,c),a)",g03_o1,False,-689.1713428927744,-716.3299375180475
constant,0,2,true,poisson_separate,loop_omitted,12,2,"((a,c),b)",g02_o1,False,-696.5981546738931,-723.2258260462746
constant,0,2,true,poisson_separate,loop_omitted,13,18,"(((a,c.1),c.2),b)",g18_o1,False,-712.3090493266482,-756.360597857284
constant,0,2,true,poisson_separate,loop_omitted,14,13,"(((b.1,c),a),b.2)",g13_o1,False,-710.9940222752291,-760.6126970089165
constant,0,2,true,poisson_separate,loop_omitted,15,7,"(((a.1,c),b),a.2)",g07_o1,False,-712.9106722738537,-767.6046255668833
constant,0,2,true,poisson_separate,loop_omitted,16,6,"(((a.1,c),a.2),b)",g06_o1,False,-713.7203656275616,-775.9722298533702
constant,0,2,true,poisson_separate,loop_omitted,17,14,"(((b.1,c),b.2),a)",g14_o1,False,-708.4256684667129,-778.3595648485865
constant,0,2,true,poisson_separate,loop_omitted,18,21,"((a,c.1),(b,c.2))",g21_o2,False,-717.3293134145201,-798.2560888636725
constant,0,2,true,poisson_separate,loop_omitted,19,20,"(((b,c.1),c.2),a)",g20_o1,False,-708.7023275901183,-806.1868981193437
constant,0,2,true,poisson_separate,loop_omitted,20,12,"(((a,c),b.1),b.2)",g12_o2,False,-715.9269490611173,-878.6431126120848
constant,0,2,true,poisson_separate,loop_omitted,21,8,"(((b,c),a.1),a.2)",g08_o1,False,-710.4306810394733,-941.6048980578587
constant,0,2,true,poisson_separate,including_loop,1,22,"b-loop + ((a,b.1),(b.2,c))",g22_o1,False,-250.07941844511467,-301.5295332708577
constant,0,2,true,poisson_separate,including_loop,2,11,"(((a,b.1),c),b.2)",g11_o1,False,-269.1108831841052,-317.36636864988213
constant,0,2,true,poisson_separate,including_loop,3,15,"((a,b.1),(b.2,c))",g15_o1,False,-243.87146826146906,-327.63388460245324
constant,0,2,true,poisson_separate,including_loop,4,10,"(((a,b.1),b.2),c)",g10_o1,False,-269.1720780807215,-333.4150781684448
constant,0,2,true,poisson_separate,including_loop,5,1,"((a,b),c)",g01_o1,False,-321.65306077185664,-345.8644824050334
constant,0,2,true,poisson_separate,including_loop,6,19,"(((b,c.1),a),c.2)",g19_o1,False,-348.4245084759249,-374.80472690040864
constant,0,2,true,poisson_separate,including_loop,7,4,"(((a.1,b),a.2),c)",g04_o1,False,-347.814401030551,-377.44610800553437
constant,0,2,true,poisson_separate,including_loop,8,9,"((a.1,b),(a.2,c))",g09_o2,False,-349.5327265963029,-381.39056753056474
constant,0,2,true,poisson_separate,including_loop,9,17,"(((a,c.1),b),c.2)",g17_o1,False,-343.99291343467803,-398.97244224274704
constant,0,2,true,poisson_separate,including_loop,10,16,"(((a,b),c.1),c.2)",g16_o2,False,-343.6975462263812,-485.33147776511623
constant,0,2,true,poisson_separate,including_loop,11,5,"(((a.1,b),c),a.2)",g05_o1,False,-345.9758707441364,-514.8049424158414
constant,0,2,true,poisson_separate,including_loop,12,3,"((b,c),a)",g03_o1,False,-689.1713428927744,-716.3299375180475
constant,0,2,true,poisson_separate,including_loop,13,2,"((a,c),b)",g02_o1,False,-696.5981546738931,-723.2258260462746
constant,0,2,true,poisson_separate,including_loop,14,18,"(((a,c.1),c.2),b)",g18_o1,False,-712.3090493266482,-756.360597857284
constant,0,2,true,poisson_separate,including_loop,15,13,"(((b.1,c),a),b.2)",g13_o1,False,-710.9940222752291,-760.6126970089165
constant,0,2,true,poisson_separate,including_loop,16,7,"(((a.1,c),b),a.2)",g07_o1,False,-712.9106722738537,-767.6046255668833
constant,0,2,true,poisson_separate,including_loop,17,6,"(((a.1,c),a.2),b)",g06_o1,False,-713.7203656275616,-775.9722298533702
constant,0,2,true,poisson_separate,including_loop,18,14,"(((b.1,c),b.2),a)",g14_o1,False,-708.4256684667129,-778.3595648485865
constant,0,2,true,poisson_separate,including_loop,19,21,"((a,c.1),(b,c.2))",g21_o2,False,-717.3293134145201,-798.2560888636725
constant,0,2,true,poisson_separate,including_loop,20,20,"(((b,c.1),c.2),a)",g20_o1,False,-708.7023275901183,-806.1868981193437
constant,0,2,true,poisson_separate,including_loop,21,12,"(((a,c),b.1),b.2)",g12_o2,False,-715.9269490611173,-878.6431126120848
constant,0,2,true,poisson_separate,including_loop,22,8,"(((b,c),a.1),a.2)",g08_o1,False,-710.4306810394733,-941.6048980578587
constant,0,2,hapibd,poisson_shared,loop_omitted,1,15,"((a,b.1),(b.2,c))",g15_o1,False,-221.7713781263308,-231.1194787961428
constant,0,2,hapibd,poisson_shared,loop_omitted,2,9,"((a.1,b),(a.2,c))",g09_o1,False,-409.4782952742491,-467.53362856497205
constant,0,2,hapibd,poisson_shared,loop_omitted,3,1,"((a,b),c)",g01_o1,False,-489.0256988289446,-493.71993575874905
constant,0,2,hapibd,poisson_shared,loop_omitted,4,16,"(((a,b),c.1),c.2)",g16_o2,False,-473.19695812867025,-496.9886748511271
constant,0,2,hapibd,poisson_shared,loop_omitted,5,17,"(((a,c.1),b),c.2)",g17_o1,False,-475.3878314633668,-538.1705238496587
constant,0,2,hapibd,poisson_shared,loop_omitted,6,19,"(((b,c.1),a),c.2)",g19_o1,False,-468.9452980858199,-681.9981624151377
constant,0,2,hapibd,poisson_shared,loop_omitted,7,11,"(((a,b.1),c),b.2)",g11_o1,False,-308.70907815803673,-775.1368188489114
constant,0,2,hapibd,poisson_shared,loop_omitted,8,10,"(((a,b.1),b.2),c)",g10_o1,False,-296.5575197808083,-779.7261831998901
constant,0,2,hapibd,poisson_shared,loop_omitted,9,4,"(((a.1,b),a.2),c)",g04_o1,False,-393.1867896087103,-825.630632979483
constant,0,2,hapibd,poisson_shared,loop_omitted,10,5,"(((a.1,b),c),a.2)",g05_o1,False,-512.6040969472048,-915.1008389182876
constant,0,2,hapibd,poisson_shared,loop_omitted,11,14,"(((b.1,c),b.2),a)",g14_o1,False,-869.058999316223,-922.8746474672677
constant,0,2,hapibd,poisson_shared,loop_omitted,12,13,"(((b.1,c),a),b.2)",g13_o1,False,-872.7201365509403,-931.6978295469745
constant,0,2,hapibd,poisson_shared,loop_omitted,13,20,"(((b,c.1),c.2),a)",g20_o1,False,-832.125450658298,-956.785181355059
constant,0,2,hapibd,poisson_shared,loop_omitted,14,18,"(((a,c.1),c.2),b)",g18_o1,False,-857.9903367078639,-983.9555741578934
constant,0,2,hapibd,poisson_shared,loop_omitted,15,21,"((a,c.1),(b,c.2))",g21_o1,False,-938.0940004661478,-1000.9182920412916
constant,0,2,hapibd,poisson_shared,loop_omitted,16,6,"(((a.1,c),a.2),b)",g06_o1,False,-994.7652260282829,-1021.4394697844291
constant,0,2,hapibd,poisson_shared,loop_omitted,17,7,"(((a.1,c),b),a.2)",g07_o1,False,-981.8377554409271,-1184.8099867592548
constant,0,2,hapibd,poisson_shared,loop_omitted,18,3,"((b,c),a)",g03_o1,False,-1230.7910877467239,-1335.1935189504752
constant,0,2,hapibd,poisson_shared,loop_omitted,19,8,"(((b,c),a.1),a.2)",g08_o1,False,-1219.3271256229257,-1374.3294826351384
constant,0,2,hapibd,poisson_shared,loop_omitted,20,12,"(((a,c),b.1),b.2)",g12_o1,False,-1336.9062841370883,-1430.5232102186378
constant,0,2,hapibd,poisson_shared,loop_omitted,21,2,"((a,c),b)",g02_o1,False,-1407.4022554616656,-1465.3976920912505
constant,0,2,hapibd,poisson_shared,including_loop,1,15,"((a,b.1),(b.2,c))",g15_o1,False,-221.7713781263308,-231.1194787961428
constant,0,2,hapibd,poisson_shared,including_loop,2,22,"b-loop + ((a,b.1),(b.2,c))",g22_o1,False,-227.48894871394614,-251.84844506792516
constant,0,2,hapibd,poisson_shared,including_loop,3,9,"((a.1,b),(a.2,c))",g09_o1,False,-409.4782952742491,-467.53362856497205
constant,0,2,hapibd,poisson_shared,including_loop,4,1,"((a,b),c)",g01_o1,False,-489.0256988289446,-493.71993575874905
constant,0,2,hapibd,poisson_shared,including_loop,5,16,"(((a,b),c.1),c.2)",g16_o2,False,-473.19695812867025,-496.9886748511271
constant,0,2,hapibd,poisson_shared,including_loop,6,17,"(((a,c.1),b),c.2)",g17_o1,False,-475.3878314633668,-538.1705238496587
constant,0,2,hapibd,poisson_shared,including_loop,7,19,"(((b,c.1),a),c.2)",g19_o1,False,-468.9452980858199,-681.9981624151377
constant,0,2,hapibd,poisson_shared,including_loop,8,11,"(((a,b.1),c),b.2)",g11_o1,False,-308.70907815803673,-775.1368188489114
constant,0,2,hapibd,poisson_shared,including_loop,9,10,"(((a,b.1),b.2),c)",g10_o1,False,-296.5575197808083,-779.7261831998901
constant,0,2,hapibd,poisson_shared,including_loop,10,4,"(((a.1,b),a.2),c)",g04_o1,False,-393.1867896087103,-825.630632979483
constant,0,2,hapibd,poisson_shared,including_loop,11,5,"(((a.1,b),c),a.2)",g05_o1,False,-512.6040969472048,-915.1008389182876
constant,0,2,hapibd,poisson_shared,including_loop,12,14,"(((b.1,c),b.2),a)",g14_o1,False,-869.058999316223,-922.8746474672677
constant,0,2,hapibd,poisson_shared,including_loop,13,13,"(((b.1,c),a),b.2)",g13_o1,False,-872.7201365509403,-931.6978295469745
constant,0,2,hapibd,poisson_shared,including_loop,14,20,"(((b,c.1),c.2),a)",g20_o1,False,-832.125450658298,-956.785181355059
constant,0,2,hapibd,poisson_shared,including_loop,15,18,"(((a,c.1),c.2),b)",g18_o1,False,-857.9903367078639,-983.9555741578934
constant,0,2,hapibd,poisson_shared,including_loop,16,21,"((a,c.1),(b,c.2))",g21_o1,False,-938.0940004661478,-1000.9182920412916
constant,0,2,hapibd,poisson_shared,including_loop,17,6,"(((a.1,c),a.2),b)",g06_o1,False,-994.7652260282829,-1021.4394697844291
constant,0,2,hapibd,poisson_shared,including_loop,18,7,"(((a.1,c),b),a.2)",g07_o1,False,-981.8377554409271,-1184.8099867592548
constant,0,2,hapibd,poisson_shared,including_loop,19,3,"((b,c),a)",g03_o1,False,-1230.7910877467239,-1335.1935189504752
constant,0,2,hapibd,poisson_shared,including_loop,20,8,"(((b,c),a.1),a.2)",g08_o1,False,-1219.3271256229257,-1374.3294826351384
constant,0,2,hapibd,poisson_shared,including_loop,21,12,"(((a,c),b.1),b.2)",g12_o1,False,-1336.9062841370883,-1430.5232102186378
constant,0,2,hapibd,poisson_shared,including_loop,22,2,"((a,c),b)",g02_o1,False,-1407.4022554616656,-1465.3976920912505
constant,0,2,hapibd,poisson_separate,loop_omitted,1,15,"((a,b.1),(b.2,c))",g15_o1,False,-232.33993315204242,-302.4654863199575
constant,0,2,hapibd,poisson_separate,loop_omitted,2,10,"(((a,b.1),b.2),c)",g10_o1,False,-271.6775998448756,-317.2425154436864
constant,0,2,hapibd,poisson_separate,loop_omitted,3,11,"(((a,b.1),c),b.2)",g11_o1,False,-267.7483701318022,-326.2719333566499
constant,0,2,hapibd,poisson_separate,loop_omitted,4,1,"((a,b),c)",g01_o1,False,-319.7777155074845,-340.5493600223675
constant,0,2,hapibd,poisson_separate,loop_omitted,5,19,"(((b,c.1),a),c.2)",g19_o1,False,-346.7566492574358,-378.36154858828695
constant,0,2,hapibd,poisson_separate,loop_omitted,6,17,"(((a,c.1),b),c.2)",g17_o1,False,-337.4731443155302,-379.5558959007918
constant,0,2,hapibd,poisson_separate,loop_omitted,7,9,"((a.1,b),(a.2,c))",g09_o2,False,-342.56359719308193,-391.5897218904062
constant,0,2,hapibd,poisson_separate,loop_omitted,8,16,"(((a,b),c.1),c.2)",g16_o1,False,-340.8913937737248,-487.556589495405
constant,0,2,hapibd,poisson_separate,loop_omitted,9,4,"(((a.1,b),a.2),c)",g04_o1,False,-342.9147344248586,-493.7806844248457
constant,0,2,hapibd,poisson_separate,loop_omitted,10,5,"(((a.1,b),c),a.2)",g05_o1,False,-343.8603468205336,-514.0220536716881
constant,0,2,hapibd,poisson_separate,loop_omitted,11,3,"((b,c),a)",g03_o1,False,-636.6104455448428,-657.9642269161363
constant,0,2,hapibd,poisson_separate,loop_omitted,12,2,"((a,c),b)",g02_o1,False,-636.873860476787,-679.7038429483725
constant,0,2,hapibd,poisson_separate,loop_omitted,13,13,"(((b.1,c),a),b.2)",g13_o1,False,-649.4561208934587,-702.259674630333
constant,0,2,hapibd,poisson_separate,loop_omitted,14,7,"(((a.1,c),b),a.2)",g07_o1,False,-661.225578075304,-703.159174301667
constant,0,2,hapibd,poisson_separate,loop_omitted,15,6,"(((a.1,c),a.2),b)",g06_o1,False,-665.5891313369376,-715.33953625388
constant,0,2,hapibd,poisson_separate,loop_omitted,16,21,"((a,c.1),(b,c.2))",g21_o2,False,-659.8772387047491,-718.6592461903416
constant,0,2,hapibd,poisson_separate,loop_omitted,17,14,"(((b.1,c),b.2),a)",g14_o1,False,-647.674528361561,-720.1063343966904
constant,0,2,hapibd,poisson_separate,loop_omitted,18,18,"(((a,c.1),c.2),b)",g18_o1,False,-657.761278873463,-729.8627322431116
constant,0,2,hapibd,poisson_separate,loop_omitted,19,8,"(((b,c),a.1),a.2)",g08_o1,False,-659.4226433186022,-900.8418916028182
constant,0,2,hapibd,poisson_separate,loop_omitted,20,12,"(((a,c),b.1),b.2)",g12_o1,False,-658.4273469811086,-1052.0741862841983
constant,0,2,hapibd,poisson_separate,loop_omitted,21,20,"(((b,c.1),c.2),a)",g20_o1,False,-657.0839464658256,-1987.050685557287
constant,0,2,hapibd,poisson_separate,including_loop,1,22,"b-loop + ((a,b.1),(b.2,c))",g22_o1,False,-251.04760981093474,-294.7065242381886
constant,0,2,hapibd,poisson_separate,including_loop,2,15,"((a,b.1),(b.2,c))",g15_o1,False,-232.33993315204242,-302.4654863199575
constant,0,2,hapibd,poisson_separate,including_loop,3,10,"(((a,b.1),b.2),c)",g10_o1,False,-271.6775998448756,-317.2425154436864
constant,0,2,hapibd,poisson_separate,including_loop,4,11,"(((a,b.1),c),b.2)",g11_o1,False,-267.7483701318022,-326.2719333566499
constant,0,2,hapibd,poisson_separate,including_loop,5,1,"((a,b),c)",g01_o1,False,-319.7777155074845,-340.5493600223675
constant,0,2,hapibd,poisson_separate,including_loop,6,19,"(((b,c.1),a),c.2)",g19_o1,False,-346.7566492574358,-378.36154858828695
constant,0,2,hapibd,poisson_separate,including_loop,7,17,"(((a,c.1),b),c.2)",g17_o1,False,-337.4731443155302,-379.5558959007918
constant,0,2,hapibd,poisson_separate,including_loop,8,9,"((a.1,b),(a.2,c))",g09_o2,False,-342.56359719308193,-391.5897218904062
constant,0,2,hapibd,poisson_separate,including_loop,9,16,"(((a,b),c.1),c.2)",g16_o1,False,-340.8913937737248,-487.556589495405
constant,0,2,hapibd,poisson_separate,including_loop,10,4,"(((a.1,b),a.2),c)",g04_o1,False,-342.9147344248586,-493.7806844248457
constant,0,2,hapibd,poisson_separate,including_loop,11,5,"(((a.1,b),c),a.2)",g05_o1,False,-343.8603468205336,-514.0220536716881
constant,0,2,hapibd,poisson_separate,including_loop,12,3,"((b,c),a)",g03_o1,False,-636.6104455448428,-657.9642269161363
constant,0,2,hapibd,poisson_separate,including_loop,13,2,"((a,c),b)",g02_o1,False,-636.873860476787,-679.7038429483725
constant,0,2,hapibd,poisson_separate,including_loop,14,13,"(((b.1,c),a),b.2)",g13_o1,False,-649.4561208934587,-702.259674630333
constant,0,2,hapibd,poisson_separate,including_loop,15,7,"(((a.1,c),b),a.2)",g07_o1,False,-661.225578075304,-703.159174301667
constant,0,2,hapibd,poisson_separate,including_loop,16,6,"(((a.1,c),a.2),b)",g06_o1,False,-665.5891313369376,-715.33953625388
constant,0,2,hapibd,poisson_separate,including_loop,17,21,"((a,c.1),(b,c.2))",g21_o2,False,-659.8772387047491,-718.6592461903416
constant,0,2,hapibd,poisson_separate,including_loop,18,14,"(((b.1,c),b.2),a)",g14_o1,False,-647.674528361561,-720.1063343966904
constant,0,2,hapibd,poisson_separate,including_loop,19,18,"(((a,c.1),c.2),b)",g18_o1,False,-657.761278873463,-729.8627322431116
constant,0,2,hapibd,poisson_separate,including_loop,20,8,"(((b,c),a.1),a.2)",g08_o1,False,-659.4226433186022,-900.8418916028182
constant,0,2,hapibd,poisson_separate,including_loop,21,12,"(((a,c),b.1),b.2)",g12_o1,False,-658.4273469811086,-1052.0741862841983
constant,0,2,hapibd,poisson_separate,including_loop,22,20,"(((b,c.1),c.2),a)",g20_o1,False,-657.0839464658256,-1987.050685557287
constant,0,3,true,poisson_shared,loop_omitted,1,15,"((a,b.1),(b.2,c))",g15_o1,False,-216.95191222269682,-230.54028347638504
constant,0,3,true,poisson_shared,loop_omitted,2,4,"(((a.1,b),a.2),c)",g04_o1,False,-368.0926334259537,-423.5477035167422
constant,0,3,true,poisson_shared,loop_omitted,3,1,"((a,b),c)",g01_o1,False,-443.28265098569733,-449.2852015266243
constant,0,3,true,poisson_shared,loop_omitted,4,19,"(((b,c.1),a),c.2)",g19_o1,False,-440.0876904831066,-461.35599762650736
constant,0,3,true,poisson_shared,loop_omitted,5,16,"(((a,b),c.1),c.2)",g16_o2,False,-441.70511650221914,-472.1434640970201
constant,0,3,true,poisson_shared,loop_omitted,6,17,"(((a,c.1),b),c.2)",g17_o1,False,-447.3074818265817,-477.8337013880817
constant,0,3,true,poisson_shared,loop_omitted,7,9,"((a.1,b),(a.2,c))",g09_o2,False,-395.0262275105247,-481.8117926723987
constant,0,3,true,poisson_shared,loop_omitted,8,10,"(((a,b.1),b.2),c)",g10_o1,False,-274.92460738133,-783.6243439006901
constant,0,3,true,poisson_shared,loop_omitted,9,11,"(((a,b.1),c),b.2)",g11_o1,False,-273.0237271063891,-786.9653421493512
constant,0,3,true,poisson_shared,loop_omitted,10,5,"(((a.1,b),c),a.2)",g05_o1,False,-462.4424503184927,-904.8017760817365
constant,0,3,true,poisson_shared,loop_omitted,11,14,"(((b.1,c),b.2),a)",g14_o1,False,-949.1140437891108,-985.1100521432423
constant,0,3,true,poisson_shared,loop_omitted,12,13,"(((b.1,c),a),b.2)",g13_o1,False,-952.2541741340424,-1000.3743509787423
constant,0,3,true,poisson_shared,loop_omitted,13,18,"(((a,c.1),c.2),b)",g18_o1,False,-902.3128466265589,-1012.8376748563825
constant,0,3,true,poisson_shared,loop_omitted,14,21,"((a,c.1),(b,c.2))",g21_o2,False,-893.626808973989,-1033.2168944105485
constant,0,3,true,poisson_shared,loop_omitted,15,20,"(((b,c.1),c.2),a)",g20_o1,False,-973.1793043270533,-1047.2765622675022
constant,0,3,true,poisson_shared,loop_omitted,16,7,"(((a.1,c),b),a.2)",g07_o1,False,-1022.5112619214804,-1055.155907773113
constant,0,3,true,poisson_shared,loop_omitted,17,6,"(((a.1,c),a.2),b)",g06_o1,False,-1011.0446871570778,-1071.4729455502002
constant,0,3,true,poisson_shared,loop_omitted,18,3,"((b,c),a)",g03_o1,False,-1282.0392157456902,-1394.2243841862671
constant,0,3,true,poisson_shared,loop_omitted,19,8,"(((b,c),a.1),a.2)",g08_o1,False,-1273.671534132216,-1432.3491894827073
constant,0,3,true,poisson_shared,loop_omitted,20,12,"(((a,c),b.1),b.2)",g12_o1,False,-1397.458250739992,-1467.7280008493624
constant,0,3,true,poisson_shared,loop_omitted,21,2,"((a,c),b)",g02_o1,False,-1469.414178984785,-1473.8124391650085
constant,0,3,true,poisson_shared,including_loop,1,15,"((a,b.1),(b.2,c))",g15_o1,False,-216.95191222269682,-230.54028347638504
constant,0,3,true,poisson_shared,including_loop,2,22,"b-loop + ((a,b.1),(b.2,c))",g22_o1,False,-223.74704496496284,-241.51209504412742
constant,0,3,true,poisson_shared,including_loop,3,4,"(((a.1,b),a.2),c)",g04_o1,False,-368.0926334259537,-423.5477035167422
constant,0,3,true,poisson_shared,including_loop,4,1,"((a,b),c)",g01_o1,False,-443.28265098569733,-449.2852015266243
constant,0,3,true,poisson_shared,including_loop,5,19,"(((b,c.1),a),c.2)",g19_o1,False,-440.0876904831066,-461.35599762650736
constant,0,3,true,poisson_shared,including_loop,6,16,"(((a,b),c.1),c.2)",g16_o2,False,-441.70511650221914,-472.1434640970201
constant,0,3,true,poisson_shared,including_loop,7,17,"(((a,c.1),b),c.2)",g17_o1,False,-447.3074818265817,-477.8337013880817
constant,0,3,true,poisson_shared,including_loop,8,9,"((a.1,b),(a.2,c))",g09_o2,False,-395.0262275105247,-481.8117926723987
constant,0,3,true,poisson_shared,including_loop,9,10,"(((a,b.1),b.2),c)",g10_o1,False,-274.92460738133,-783.6243439006901
constant,0,3,true,poisson_shared,including_loop,10,11,"(((a,b.1),c),b.2)",g11_o1,False,-273.0237271063891,-786.9653421493512
constant,0,3,true,poisson_shared,including_loop,11,5,"(((a.1,b),c),a.2)",g05_o1,False,-462.4424503184927,-904.8017760817365
constant,0,3,true,poisson_shared,including_loop,12,14,"(((b.1,c),b.2),a)",g14_o1,False,-949.1140437891108,-985.1100521432423
constant,0,3,true,poisson_shared,including_loop,13,13,"(((b.1,c),a),b.2)",g13_o1,False,-952.2541741340424,-1000.3743509787423
constant,0,3,true,poisson_shared,including_loop,14,18,"(((a,c.1),c.2),b)",g18_o1,False,-902.3128466265589,-1012.8376748563825
constant,0,3,true,poisson_shared,including_loop,15,21,"((a,c.1),(b,c.2))",g21_o2,False,-893.626808973989,-1033.2168944105485
constant,0,3,true,poisson_shared,including_loop,16,20,"(((b,c.1),c.2),a)",g20_o1,False,-973.1793043270533,-1047.2765622675022
constant,0,3,true,poisson_shared,including_loop,17,7,"(((a.1,c),b),a.2)",g07_o1,False,-1022.5112619214804,-1055.155907773113
constant,0,3,true,poisson_shared,including_loop,18,6,"(((a.1,c),a.2),b)",g06_o1,False,-1011.0446871570778,-1071.4729455502002
constant,0,3,true,poisson_shared,including_loop,19,3,"((b,c),a)",g03_o1,False,-1282.0392157456902,-1394.2243841862671
constant,0,3,true,poisson_shared,including_loop,20,8,"(((b,c),a.1),a.2)",g08_o1,False,-1273.671534132216,-1432.3491894827073
constant,0,3,true,poisson_shared,including_loop,21,12,"(((a,c),b.1),b.2)",g12_o1,False,-1397.458250739992,-1467.7280008493624
constant,0,3,true,poisson_shared,including_loop,22,2,"((a,c),b)",g02_o1,False,-1469.414178984785,-1473.8124391650085
constant,0,3,true,poisson_separate,loop_omitted,1,11,"(((a,b.1),c),b.2)",g11_o1,False,-255.08853160815465,-289.719614291985
constant,0,3,true,poisson_separate,loop_omitted,2,15,"((a,b.1),(b.2,c))",g15_o1,False,-238.188186999022,-302.42068152146857
constant,0,3,true,poisson_separate,loop_omitted,3,10,"(((a,b.1),b.2),c)",g10_o1,False,-257.5949327653332,-327.2183499577453
constant,0,3,true,poisson_separate,loop_omitted,4,1,"((a,b),c)",g01_o1,False,-305.7605752195456,-332.81051828405424
constant,0,3,true,poisson_separate,loop_omitted,5,17,"(((a,c.1),b),c.2)",g17_o1,False,-330.4172592484807,-375.6575397218592
constant,0,3,true,poisson_separate,loop_omitted,6,19,"(((b,c.1),a),c.2)",g19_o1,False,-329.4957742835948,-380.67874824071583
constant,0,3,true,poisson_separate,loop_omitted,7,9,"((a.1,b),(a.2,c))",g09_o2,False,-328.1569495061488,-394.6548389796985
constant,0,3,true,poisson_separate,loop_omitted,8,4,"(((a.1,b),a.2),c)",g04_o1,False,-328.0304722340682,-474.0570148807811
constant,0,3,true,poisson_separate,loop_omitted,9,16,"(((a,b),c.1),c.2)",g16_o1,False,-326.46480128755695,-480.1341137101827
constant,0,3,true,poisson_separate,loop_omitted,10,5,"(((a.1,b),c),a.2)",g05_o1,False,-337.1863980985824,-483.0134618743337
constant,0,3,true,poisson_separate,loop_omitted,11,3,"((b,c),a)",g03_o1,False,-695.4023889244082,-716.736771562783
constant,0,3,true,poisson_separate,loop_omitted,12,2,"((a,c),b)",g02_o1,False,-696.2087108799501,-721.9608891247873
constant,0,3,true,poisson_separate,loop_omitted,13,7,"(((a.1,c),b),a.2)",g07_o1,False,-721.1480652952063,-754.8216977654284
constant,0,3,true,poisson_separate,loop_omitted,14,6,"(((a.1,c),a.2),b)",g06_o1,False,-715.4519375253301,-760.9902476040097
constant,0,3,true,poisson_separate,loop_omitted,15,14,"(((b.1,c),b.2),a)",g14_o1,False,-712.6602890462848,-762.2317192907216
constant,0,3,true,poisson_separate,loop_omitted,16,13,"(((b.1,c),a),b.2)",g13_o1,False,-706.921901717111,-769.6334047747408
constant,0,3,true,poisson_separate,loop_omitted,17,21,"((a,c.1),(b,c.2))",g21_o2,False,-720.5107808126266,-771.1685037642333
constant,0,3,true,poisson_separate,loop_omitted,18,8,"(((b,c),a.1),a.2)",g08_o1,False,-722.3513766967812,-939.5805801732251
constant,0,3,true,poisson_separate,loop_omitted,19,20,"(((b,c.1),c.2),a)",g20_o1,False,-714.7173835978125,-949.916978604653
constant,0,3,true,poisson_separate,loop_omitted,20,12,"(((a,c),b.1),b.2)",g12_o1,False,-709.2750591641676,-1031.9469414562004
constant,0,3,true,poisson_separate,loop_omitted,21,18,"(((a,c.1),c.2),b)",g18_o1,False,-717.8280151494464,-1142.2381711848177
constant,0,3,true,poisson_separate,including_loop,1,11,"(((a,b.1),c),b.2)",g11_o1,False,-255.08853160815465,-289.719614291985
constant,0,3,true,poisson_separate,including_loop,2,15,"((a,b.1),(b.2,c))",g15_o1,False,-238.188186999022,-302.42068152146857
constant,0,3,true,poisson_separate,including_loop,3,22,"b-loop + ((a,b.1),(b.2,c))",g22_o2,False,-251.18004767254058,-306.2608750050793
constant,0,3,true,poisson_separate,including_loop,4,10,"(((a,b.1),b.2),c)",g10_o1,False,-257.5949327653332,-327.2183499577453
constant,0,3,true,poisson_separate,including_loop,5,1,"((a,b),c)",g01_o1,False,-305.7605752195456,-332.81051828405424
constant,0,3,true,poisson_separate,including_loop,6,17,"(((a,c.1),b),c.2)",g17_o1,False,-330.4172592484807,-375.6575397218592
constant,0,3,true,poisson_separate,including_loop,7,19,"(((b,c.1),a),c.2)",g19_o1,False,-329.4957742835948,-380.67874824071583
constant,0,3,true,poisson_separate,including_loop,8,9,"((a.1,b),(a.2,c))",g09_o2,False,-328.1569495061488,-394.6548389796985
constant,0,3,true,poisson_separate,including_loop,9,4,"(((a.1,b),a.2),c)",g04_o1,False,-328.0304722340682,-474.0570148807811
constant,0,3,true,poisson_separate,including_loop,10,16,"(((a,b),c.1),c.2)",g16_o1,False,-326.46480128755695,-480.1341137101827
constant,0,3,true,poisson_separate,including_loop,11,5,"(((a.1,b),c),a.2)",g05_o1,False,-337.1863980985824,-483.0134618743337
constant,0,3,true,poisson_separate,including_loop,12,3,"((b,c),a)",g03_o1,False,-695.4023889244082,-716.736771562783
constant,0,3,true,poisson_separate,including_loop,13,2,"((a,c),b)",g02_o1,False,-696.2087108799501,-721.9608891247873
constant,0,3,true,poisson_separate,including_loop,14,7,"(((a.1,c),b),a.2)",g07_o1,False,-721.1480652952063,-754.8216977654284
constant,0,3,true,poisson_separate,including_loop,15,6,"(((a.1,c),a.2),b)",g06_o1,False,-715.4519375253301,-760.9902476040097
constant,0,3,true,poisson_separate,including_loop,16,14,"(((b.1,c),b.2),a)",g14_o1,False,-712.6602890462848,-762.2317192907216
constant,0,3,true,poisson_separate,including_loop,17,13,"(((b.1,c),a),b.2)",g13_o1,False,-706.921901717111,-769.6334047747408
constant,0,3,true,poisson_separate,including_loop,18,21,"((a,c.1),(b,c.2))",g21_o2,False,-720.5107808126266,-771.1685037642333
constant,0,3,true,poisson_separate,including_loop,19,8,"(((b,c),a.1),a.2)",g08_o1,False,-722.3513766967812,-939.5805801732251
constant,0,3,true,poisson_separate,including_loop,20,20,"(((b,c.1),c.2),a)",g20_o1,False,-714.7173835978125,-949.916978604653
constant,0,3,true,poisson_separate,including_loop,21,12,"(((a,c),b.1),b.2)",g12_o1,False,-709.2750591641676,-1031.9469414562004
constant,0,3,true,poisson_separate,including_loop,22,18,"(((a,c.1),c.2),b)",g18_o1,False,-717.8280151494464,-1142.2381711848177
constant,0,3,hapibd,poisson_shared,loop_omitted,1,15,"((a,b.1),(b.2,c))",g15_o1,False,-221.49349668903616,-239.68235211211584
constant,0,3,hapibd,poisson_shared,loop_omitted,2,10,"(((a,b.1),b.2),c)",g10_o1,False,-278.6919267072067,-302.92865835578283
constant,0,3,hapibd,poisson_shared,loop_omitted,3,1,"((a,b),c)",g01_o1,False,-460.7740732700764,-466.1513658183549
constant,0,3,hapibd,poisson_shared,loop_omitted,4,16,"(((a,b),c.1),c.2)",g16_o1,False,-454.4827404981079,-472.08148866055114
constant,0,3,hapibd,poisson_shared,loop_omitted,5,9,"((a.1,b),(a.2,c))",g09_o2,False,-398.45295112789285,-493.99843428271527
constant,0,3,hapibd,poisson_shared,loop_omitted,6,17,"(((a,c.1),b),c.2)",g17_o1,False,-455.77872020881,-515.7218852883175
constant,0,3,hapibd,poisson_shared,loop_omitted,7,19,"(((b,c.1),a),c.2)",g19_o1,False,-453.92212164299565,-740.1545138468764
constant,0,3,hapibd,poisson_shared,loop_omitted,8,11,"(((a,b.1),c),b.2)",g11_o1,False,-295.72856722317596,-768.0057600505457
constant,0,3,hapibd,poisson_shared,loop_omitted,9,5,"(((a.1,b),c),a.2)",g05_o1,False,-484.8138349173189,-892.0838096544611
constant,0,3,hapibd,poisson_shared,loop_omitted,10,4,"(((a.1,b),a.2),c)",g04_o1,False,-435.4863455344961,-894.031736599199
constant,0,3,hapibd,poisson_shared,loop_omitted,11,13,"(((b.1,c),a),b.2)",g13_o1,False,-889.5160402877015,-932.9844608806034
constant,0,3,hapibd,poisson_shared,loop_omitted,12,14,"(((b.1,c),b.2),a)",g14_o1,False,-887.5379574665859,-950.0321958929821
constant,0,3,hapibd,poisson_shared,loop_omitted,13,21,"((a,c.1),(b,c.2))",g21_o2,False,-838.1169786211716,-989.0097256130646
constant,0,3,hapibd,poisson_shared,loop_omitted,14,18,"(((a,c.1),c.2),b)",g18_o1,False,-925.2961493696813,-1002.2405736988184
constant,0,3,hapibd,poisson_shared,loop_omitted,15,20,"(((b,c.1),c.2),a)",g20_o1,False,-931.4052075212942,-1006.1440277138719
constant,0,3,hapibd,poisson_shared,loop_omitted,16,6,"(((a.1,c),a.2),b)",g06_o1,False,-975.4408492014251,-1023.6933051353997
constant,0,3,hapibd,poisson_shared,loop_omitted,17,7,"(((a.1,c),b),a.2)",g07_o1,False,-947.0369298984726,-1150.5277397909886
constant,0,3,hapibd,poisson_shared,loop_omitted,18,3,"((b,c),a)",g03_o1,False,-1234.323703654502,-1339.2154220597179
constant,0,3,hapibd,poisson_shared,loop_omitted,19,8,"(((b,c),a.1),a.2)",g08_o1,False,-1251.9449821088565,-1382.0470923681596
constant,0,3,hapibd,poisson_shared,loop_omitted,20,12,"(((a,c),b.1),b.2)",g12_o1,False,-1339.7006557091315,-1407.0103609206337
constant,0,3,hapibd,poisson_shared,loop_omitted,21,2,"((a,c),b)",g02_o1,False,-1413.1125330148807,-1417.3539300326065
constant,0,3,hapibd,poisson_shared,including_loop,1,15,"((a,b.1),(b.2,c))",g15_o1,False,-221.49349668903616,-239.68235211211584
constant,0,3,hapibd,poisson_shared,including_loop,2,22,"b-loop + ((a,b.1),(b.2,c))",g22_o1,False,-226.43665554757644,-244.89342076680555
constant,0,3,hapibd,poisson_shared,including_loop,3,10,"(((a,b.1),b.2),c)",g10_o1,False,-278.6919267072067,-302.92865835578283
constant,0,3,hapibd,poisson_shared,including_loop,4,1,"((a,b),c)",g01_o1,False,-460.7740732700764,-466.1513658183549
constant,0,3,hapibd,poisson_shared,including_loop,5,16,"(((a,b),c.1),c.2)",g16_o1,False,-454.4827404981079,-472.08148866055114
constant,0,3,hapibd,poisson_shared,including_loop,6,9,"((a.1,b),(a.2,c))",g09_o2,False,-398.45295112789285,-493.99843428271527
constant,0,3,hapibd,poisson_shared,including_loop,7,17,"(((a,c.1),b),c.2)",g17_o1,False,-455.77872020881,-515.7218852883175
constant,0,3,hapibd,poisson_shared,including_loop,8,19,"(((b,c.1),a),c.2)",g19_o1,False,-453.92212164299565,-740.1545138468764
constant,0,3,hapibd,poisson_shared,including_loop,9,11,"(((a,b.1),c),b.2)",g11_o1,False,-295.72856722317596,-768.0057600505457
constant,0,3,hapibd,poisson_shared,including_loop,10,5,"(((a.1,b),c),a.2)",g05_o1,False,-484.8138349173189,-892.0838096544611
constant,0,3,hapibd,poisson_shared,including_loop,11,4,"(((a.1,b),a.2),c)",g04_o1,False,-435.4863455344961,-894.031736599199
constant,0,3,hapibd,poisson_shared,including_loop,12,13,"(((b.1,c),a),b.2)",g13_o1,False,-889.5160402877015,-932.9844608806034
constant,0,3,hapibd,poisson_shared,including_loop,13,14,"(((b.1,c),b.2),a)",g14_o1,False,-887.5379574665859,-950.0321958929821
constant,0,3,hapibd,poisson_shared,including_loop,14,21,"((a,c.1),(b,c.2))",g21_o2,False,-838.1169786211716,-989.0097256130646
constant,0,3,hapibd,poisson_shared,including_loop,15,18,"(((a,c.1),c.2),b)",g18_o1,False,-925.2961493696813,-1002.2405736988184
constant,0,3,hapibd,poisson_shared,including_loop,16,20,"(((b,c.1),c.2),a)",g20_o1,False,-931.4052075212942,-1006.1440277138719
constant,0,3,hapibd,poisson_shared,including_loop,17,6,"(((a.1,c),a.2),b)",g06_o1,False,-975.4408492014251,-1023.6933051353997
constant,0,3,hapibd,poisson_shared,including_loop,18,7,"(((a.1,c),b),a.2)",g07_o1,False,-947.0369298984726,-1150.5277397909886
constant,0,3,hapibd,poisson_shared,including_loop,19,3,"((b,c),a)",g03_o1,False,-1234.323703654502,-1339.2154220597179
constant,0,3,hapibd,poisson_shared,including_loop,20,8,"(((b,c),a.1),a.2)",g08_o1,False,-1251.9449821088565,-1382.0470923681596
constant,0,3,hapibd,poisson_shared,including_loop,21,12,"(((a,c),b.1),b.2)",g12_o1,False,-1339.7006557091315,-1407.0103609206337
constant,0,3,hapibd,poisson_shared,including_loop,22,2,"((a,c),b)",g02_o1,False,-1413.1125330148807,-1417.3539300326065
constant,0,3,hapibd,poisson_separate,loop_omitted,1,15,"((a,b.1),(b.2,c))",g15_o1,False,-239.1848450811129,-304.8402401165257
constant,0,3,hapibd,poisson_separate,loop_omitted,2,10,"(((a,b.1),b.2),c)",g10_o1,False,-257.5476476664327,-320.00060064563013
constant,0,3,hapibd,poisson_separate,loop_omitted,3,11,"(((a,b.1),c),b.2)",g11_o1,False,-264.0199215464735,-327.02344561564684
constant,0,3,hapibd,poisson_separate,loop_omitted,4,17,"(((a,c.1),b),c.2)",g17_o1,False,-332.76533534314126,-365.76797682601585
constant,0,3,hapibd,poisson_separate,loop_omitted,5,19,"(((b,c.1),a),c.2)",g19_o1,False,-335.3581651897982,-370.97331694245236
constant,0,3,hapibd,poisson_separate,loop_omitted,6,9,"((a.1,b),(a.2,c))",g09_o2,False,-330.2171102137759,-380.91671692102244
constant,0,3,hapibd,poisson_separate,loop_omitted,7,1,"((a,b),c)",g01_o1,False,-310.38793063289427,-458.16599361445117
constant,0,3,hapibd,poisson_separate,loop_omitted,8,4,"(((a.1,b),a.2),c)",g04_o1,False,-331.5740674768716,-464.5827715286182
constant,0,3,hapibd,poisson_separate,loop_omitted,9,16,"(((a,b),c.1),c.2)",g16_o2,False,-328.8636437954609,-479.12787081272506
constant,0,3,hapibd,poisson_separate,loop_omitted,10,5,"(((a.1,b),c),a.2)",g05_o1,False,-334.49999422308576,-486.68241786443133
constant,0,3,hapibd,poisson_separate,loop_omitted,11,3,"((b,c),a)",g03_o1,False,-640.1313108480417,-665.8176806565805
constant,0,3,hapibd,poisson_separate,loop_omitted,12,13,"(((b.1,c),a),b.2)",g13_o1,False,-661.7123601300272,-703.633430544155
constant,0,3,hapibd,poisson_separate,loop_omitted,13,14,"(((b.1,c),b.2),a)",g14_o1,False,-658.0288020489718,-704.2119547448199
constant,0,3,hapibd,poisson_separate,loop_omitted,14,7,"(((a.1,c),b),a.2)",g07_o1,False,-660.5619213397505,-710.403758917965
constant,0,3,hapibd,poisson_separate,loop_omitted,15,2,"((a,c),b)",g02_o1,False,-648.8438398436037,-711.798758949105
constant,0,3,hapibd,poisson_separate,loop_omitted,16,6,"(((a.1,c),a.2),b)",g06_o1,False,-666.9320169531171,-714.7800252177523
constant,0,3,hapibd,poisson_separate,loop_omitted,17,18,"(((a,c.1),c.2),b)",g18_o1,False,-660.0026748872712,-758.2146598013177
constant,0,3,hapibd,poisson_separate,loop_omitted,18,20,"(((b,c.1),c.2),a)",g20_o1,False,-670.17453165746,-764.0073332725079
constant,0,3,hapibd,poisson_separate,loop_omitted,19,8,"(((b,c),a.1),a.2)",g08_o2,False,-669.8260058591877,-928.2836509219505
constant,0,3,hapibd,poisson_separate,loop_omitted,20,12,"(((a,c),b.1),b.2)",g12_o1,False,-664.4156454214532,-1074.011701684578
constant,0,3,hapibd,poisson_separate,loop_omitted,21,21,"((a,c.1),(b,c.2))",g21_o1,False,-668.4871535770967,-1084.5884145375967
constant,0,3,hapibd,poisson_separate,including_loop,1,22,"b-loop + ((a,b.1),(b.2,c))",g22_o1,False,-250.40177640857354,-304.6386183557016
constant,0,3,hapibd,poisson_separate,including_loop,2,15,"((a,b.1),(b.2,c))",g15_o1,False,-239.1848450811129,-304.8402401165257
constant,0,3,hapibd,poisson_separate,including_loop,3,10,"(((a,b.1),b.2),c)",g10_o1,False,-257.5476476664327,-320.00060064563013
constant,0,3,hapibd,poisson_separate,including_loop,4,11,"(((a,b.1),c),b.2)",g11_o1,False,-264.0199215464735,-327.02344561564684
constant,0,3,hapibd,poisson_separate,including_loop,5,17,"(((a,c.1),b),c.2)",g17_o1,False,-332.76533534314126,-365.76797682601585
constant,0,3,hapibd,poisson_separate,including_loop,6,19,"(((b,c.1),a),c.2)",g19_o1,False,-335.3581651897982,-370.97331694245236
constant,0,3,hapibd,poisson_separate,including_loop,7,9,"((a.1,b),(a.2,c))",g09_o2,False,-330.2171102137759,-380.91671692102244
constant,0,3,hapibd,poisson_separate,including_loop,8,1,"((a,b),c)",g01_o1,False,-310.38793063289427,-458.16599361445117
constant,0,3,hapibd,poisson_separate,including_loop,9,4,"(((a.1,b),a.2),c)",g04_o1,False,-331.5740674768716,-464.5827715286182
constant,0,3,hapibd,poisson_separate,including_loop,10,16,"(((a,b),c.1),c.2)",g16_o2,False,-328.8636437954609,-479.12787081272506
constant,0,3,hapibd,poisson_separate,including_loop,11,5,"(((a.1,b),c),a.2)",g05_o1,False,-334.49999422308576,-486.68241786443133
constant,0,3,hapibd,poisson_separate,including_loop,12,3,"((b,c),a)",g03_o1,False,-640.1313108480417,-665.8176806565805
constant,0,3,hapibd,poisson_separate,including_loop,13,13,"(((b.1,c),a),b.2)",g13_o1,False,-661.7123601300272,-703.633430544155
constant,0,3,hapibd,poisson_separate,including_loop,14,14,"(((b.1,c),b.2),a)",g14_o1,False,-658.0288020489718,-704.2119547448199
constant,0,3,hapibd,poisson_separate,including_loop,15,7,"(((a.1,c),b),a.2)",g07_o1,False,-660.5619213397505,-710.403758917965
constant,0,3,hapibd,poisson_separate,including_loop,16,2,"((a,c),b)",g02_o1,False,-648.8438398436037,-711.798758949105
constant,0,3,hapibd,poisson_separate,including_loop,17,6,"(((a.1,c),a.2),b)",g06_o1,False,-666.9320169531171,-714.7800252177523
constant,0,3,hapibd,poisson_separate,including_loop,18,18,"(((a,c.1),c.2),b)",g18_o1,False,-660.0026748872712,-758.2146598013177
constant,0,3,hapibd,poisson_separate,including_loop,19,20,"(((b,c.1),c.2),a)",g20_o1,False,-670.17453165746,-764.0073332725079
constant,0,3,hapibd,poisson_separate,including_loop,20,8,"(((b,c),a.1),a.2)",g08_o2,False,-669.8260058591877,-928.2836509219505
constant,0,3,hapibd,poisson_separate,including_loop,21,12,"(((a,c),b.1),b.2)",g12_o1,False,-664.4156454214532,-1074.011701684578
constant,0,3,hapibd,poisson_separate,including_loop,22,21,"((a,c.1),(b,c.2))",g21_o1,False,-668.4871535770967,-1084.5884145375967
constant,0,4,true,poisson_shared,loop_omitted,1,15,"((a,b.1),(b.2,c))",g15_o1,False,-202.13868154321258,-216.94797888840776
constant,0,4,true,poisson_shared,loop_omitted,2,9,"((a.1,b),(a.2,c))",g09_o1,False,-383.5748845539253,-449.0668943864002
constant,0,4,true,poisson_shared,loop_omitted,3,1,"((a,b),c)",g01_o1,False,-444.3320243448286,-452.2408205716916
constant,0,4,true,poisson_shared,loop_omitted,4,17,"(((a,c.1),b),c.2)",g17_o1,False,-456.0778474396238,-467.72790516155266
constant,0,4,true,poisson_shared,loop_omitted,5,16,"(((a,b),c.1),c.2)",g16_o2,False,-446.4316990134518,-470.2505924141257
constant,0,4,true,poisson_shared,loop_omitted,6,5,"(((a.1,b),c),a.2)",g05_o1,False,-448.26791873122215,-477.3734576260983
constant,0,4,true,poisson_shared,loop_omitted,7,19,"(((b,c.1),a),c.2)",g19_o1,False,-454.6019461030979,-518.4895501107072
constant,0,4,true,poisson_shared,loop_omitted,8,11,"(((a,b.1),c),b.2)",g11_o1,False,-273.2793223516216,-763.0233994521711
constant,0,4,true,poisson_shared,loop_omitted,9,10,"(((a,b.1),b.2),c)",g10_o1,False,-265.6564317657788,-771.8758200219323
constant,0,4,true,poisson_shared,loop_omitted,10,4,"(((a.1,b),a.2),c)",g04_o1,False,-469.1718857083673,-901.8643079801835
constant,0,4,true,poisson_shared,loop_omitted,11,13,"(((b.1,c),a),b.2)",g13_o1,False,-890.5912318206681,-941.0276757657801
constant,0,4,true,poisson_shared,loop_omitted,12,14,"(((b.1,c),b.2),a)",g14_o1,False,-888.7099595944962,-942.6081030366727
constant,0,4,true,poisson_shared,loop_omitted,13,21,"((a,c.1),(b,c.2))",g21_o1,False,-858.4606307693107,-974.7722188283454
constant,0,4,true,poisson_shared,loop_omitted,14,18,"(((a,c.1),c.2),b)",g18_o1,False,-871.1463344404764,-989.6943761149166
constant,0,4,true,poisson_shared,loop_omitted,15,7,"(((a.1,c),b),a.2)",g07_o1,False,-995.4691117059729,-1015.0274791843846
constant,0,4,true,poisson_shared,loop_omitted,16,20,"(((b,c.1),c.2),a)",g20_o1,False,-983.2494958196667,-1030.4124073014493
constant,0,4,true,poisson_shared,loop_omitted,17,6,"(((a.1,c),a.2),b)",g06_o1,False,-1013.1984183051436,-1035.6795829070657
constant,0,4,true,poisson_shared,loop_omitted,18,3,"((b,c),a)",g03_o1,False,-1254.0943306854056,-1348.8942732437968
constant,0,4,true,poisson_shared,loop_omitted,19,12,"(((a,c),b.1),b.2)",g12_o1,False,-1347.1731160070237,-1416.2317675870258
constant,0,4,true,poisson_shared,loop_omitted,20,8,"(((b,c),a.1),a.2)",g08_o2,False,-1330.2587871471785,-1420.7750230865502
constant,0,4,true,poisson_shared,loop_omitted,21,2,"((a,c),b)",g02_o1,False,-1417.6248564885882,-1423.3092196568884
constant,0,4,true,poisson_shared,including_loop,1,15,"((a,b.1),(b.2,c))",g15_o1,False,-202.13868154321258,-216.94797888840776
constant,0,4,true,poisson_shared,including_loop,2,22,"b-loop + ((a,b.1),(b.2,c))",g22_o1,False,-221.06453064153095,-232.57376938470532
constant,0,4,true,poisson_shared,including_loop,3,9,"((a.1,b),(a.2,c))",g09_o1,False,-383.5748845539253,-449.0668943864002
constant,0,4,true,poisson_shared,including_loop,4,1,"((a,b),c)",g01_o1,False,-444.3320243448286,-452.2408205716916
constant,0,4,true,poisson_shared,including_loop,5,17,"(((a,c.1),b),c.2)",g17_o1,False,-456.0778474396238,-467.72790516155266
constant,0,4,true,poisson_shared,including_loop,6,16,"(((a,b),c.1),c.2)",g16_o2,False,-446.4316990134518,-470.2505924141257
constant,0,4,true,poisson_shared,including_loop,7,5,"(((a.1,b),c),a.2)",g05_o1,False,-448.26791873122215,-477.3734576260983
constant,0,4,true,poisson_shared,including_loop,8,19,"(((b,c.1),a),c.2)",g19_o1,False,-454.6019461030979,-518.4895501107072
constant,0,4,true,poisson_shared,including_loop,9,11,"(((a,b.1),c),b.2)",g11_o1,False,-273.2793223516216,-763.0233994521711
constant,0,4,true,poisson_shared,including_loop,10,10,"(((a,b.1),b.2),c)",g10_o1,False,-265.6564317657788,-771.8758200219323
constant,0,4,true,poisson_shared,including_loop,11,4,"(((a.1,b),a.2),c)",g04_o1,False,-469.1718857083673,-901.8643079801835
constant,0,4,true,poisson_shared,including_loop,12,13,"(((b.1,c),a),b.2)",g13_o1,False,-890.5912318206681,-941.0276757657801
constant,0,4,true,poisson_shared,including_loop,13,14,"(((b.1,c),b.2),a)",g14_o1,False,-888.7099595944962,-942.6081030366727
constant,0,4,true,poisson_shared,including_loop,14,21,"((a,c.1),(b,c.2))",g21_o1,False,-858.4606307693107,-974.7722188283454
constant,0,4,true,poisson_shared,including_loop,15,18,"(((a,c.1),c.2),b)",g18_o1,False,-871.1463344404764,-989.6943761149166
constant,0,4,true,poisson_shared,including_loop,16,7,"(((a.1,c),b),a.2)",g07_o1,False,-995.4691117059729,-1015.0274791843846
constant,0,4,true,poisson_shared,including_loop,17,20,"(((b,c.1),c.2),a)",g20_o1,False,-983.2494958196667,-1030.4124073014493
constant,0,4,true,poisson_shared,including_loop,18,6,"(((a.1,c),a.2),b)",g06_o1,False,-1013.1984183051436,-1035.6795829070657
constant,0,4,true,poisson_shared,including_loop,19,3,"((b,c),a)",g03_o1,False,-1254.0943306854056,-1348.8942732437968
constant,0,4,true,poisson_shared,including_loop,20,12,"(((a,c),b.1),b.2)",g12_o1,False,-1347.1731160070237,-1416.2317675870258
constant,0,4,true,poisson_shared,including_loop,21,8,"(((b,c),a.1),a.2)",g08_o2,False,-1330.2587871471785,-1420.7750230865502
constant,0,4,true,poisson_shared,including_loop,22,2,"((a,c),b)",g02_o1,False,-1417.6248564885882,-1423.3092196568884
constant,0,4,true,poisson_separate,loop_omitted,1,15,"((a,b.1),(b.2,c))",g15_o1,False,-226.2119388310737,-304.16571184433496
constant,0,4,true,poisson_separate,loop_omitted,2,10,"(((a,b.1),b.2),c)",g10_o1,False,-250.95217267857248,-307.88375515186056
constant,0,4,true,poisson_separate,loop_omitted,3,11,"(((a,b.1),c),b.2)",g11_o1,False,-256.0206772467204,-314.12415825617575
constant,0,4,true,poisson_separate,loop_omitted,4,19,"(((b,c.1),a),c.2)",g19_o1,False,-322.30668477782757,-360.94875631203604
constant,0,4,true,poisson_separate,loop_omitted,5,17,"(((a,c.1),b),c.2)",g17_o1,False,-325.0976232552201,-405.0141170753319
constant,0,4,true,poisson_separate,loop_omitted,6,1,"((a,b),c)",g01_o1,False,-305.6355517742957,-443.40434240229285
constant,0,4,true,poisson_separate,loop_omitted,7,16,"(((a,b),c.1),c.2)",g16_o1,False,-328.85688662750186,-464.03078529622286
constant,0,4,true,poisson_separate,loop_omitted,8,4,"(((a.1,b),a.2),c)",g04_o1,False,-327.5061205499293,-473.988184701776
constant,0,4,true,poisson_separate,loop_omitted,9,9,"((a.1,b),(a.2,c))",g09_o1,False,-324.8792698184709,-500.9853191851592
constant,0,4,true,poisson_separate,loop_omitted,10,5,"(((a.1,b),c),a.2)",g05_o1,False,-339.48916787000667,-525.6887139312919
constant,0,4,true,poisson_separate,loop_omitted,11,3,"((b,c),a)",g03_o1,False,-657.6962806454757,-684.4127268066727
constant,0,4,true,poisson_separate,loop_omitted,12,7,"(((a.1,c),b),a.2)",g07_o1,False,-681.2000502959711,-728.3997607470092
constant,0,4,true,poisson_separate,loop_omitted,13,14,"(((b.1,c),b.2),a)",g14_o1,False,-679.601652161697,-729.6300230116466
constant,0,4,true,poisson_separate,loop_omitted,14,13,"(((b.1,c),a),b.2)",g13_o1,False,-688.4250876555782,-735.2294249878422
constant,0,4,true,poisson_separate,loop_omitted,15,6,"(((a.1,c),a.2),b)",g06_o1,False,-691.3307894944945,-744.9446426192858
constant,0,4,true,poisson_separate,loop_omitted,16,18,"(((a,c.1),c.2),b)",g18_o1,False,-685.5433869572942,-749.0650769822035
constant,0,4,true,poisson_separate,loop_omitted,17,21,"((a,c.1),(b,c.2))",g21_o2,False,-683.8496594865418,-749.732075185913
constant,0,4,true,poisson_separate,loop_omitted,18,20,"(((b,c.1),c.2),a)",g20_o1,False,-676.6450307266962,-925.5456085648782
constant,0,4,true,poisson_separate,loop_omitted,19,8,"(((b,c),a.1),a.2)",g08_o2,False,-682.316789648625,-952.6849107032048
constant,0,4,true,poisson_separate,loop_omitted,20,2,"((a,c),b)",g02_o1,False,-668.434243081538,-1090.2955116115668
constant,0,4,true,poisson_separate,loop_omitted,21,12,"(((a,c),b.1),b.2)",g12_o1,False,-689.0144561653672,-1103.0451294588136
constant,0,4,true,poisson_separate,including_loop,1,22,"b-loop + ((a,b.1),(b.2,c))",g22_o1,False,-242.7180506980851,-289.3680796448265
constant,0,4,true,poisson_separate,including_loop,2,15,"((a,b.1),(b.2,c))",g15_o1,False,-226.2119388310737,-304.16571184433496
constant,0,4,true,poisson_separate,including_loop,3,10,"(((a,b.1),b.2),c)",g10_o1,False,-250.95217267857248,-307.88375515186056
constant,0,4,true,poisson_separate,including_loop,4,11,"(((a,b.1),c),b.2)",g11_o1,False,-256.0206772467204,-314.12415825617575
constant,0,4,true,poisson_separate,including_loop,5,19,"(((b,c.1),a),c.2)",g19_o1,False,-322.30668477782757,-360.94875631203604
constant,0,4,true,poisson_separate,including_loop,6,17,"(((a,c.1),b),c.2)",g17_o1,False,-325.0976232552201,-405.0141170753319
constant,0,4,true,poisson_separate,including_loop,7,1,"((a,b),c)",g01_o1,False,-305.6355517742957,-443.40434240229285
constant,0,4,true,poisson_separate,including_loop,8,16,"(((a,b),c.1),c.2)",g16_o1,False,-328.85688662750186,-464.03078529622286
constant,0,4,true,poisson_separate,including_loop,9,4,"(((a.1,b),a.2),c)",g04_o1,False,-327.5061205499293,-473.988184701776
constant,0,4,true,poisson_separate,including_loop,10,9,"((a.1,b),(a.2,c))",g09_o1,False,-324.8792698184709,-500.9853191851592
constant,0,4,true,poisson_separate,including_loop,11,5,"(((a.1,b),c),a.2)",g05_o1,False,-339.48916787000667,-525.6887139312919
constant,0,4,true,poisson_separate,including_loop,12,3,"((b,c),a)",g03_o1,False,-657.6962806454757,-684.4127268066727
constant,0,4,true,poisson_separate,including_loop,13,7,"(((a.1,c),b),a.2)",g07_o1,False,-681.2000502959711,-728.3997607470092
constant,0,4,true,poisson_separate,including_loop,14,14,"(((b.1,c),b.2),a)",g14_o1,False,-679.601652161697,-729.6300230116466
constant,0,4,true,poisson_separate,including_loop,15,13,"(((b.1,c),a),b.2)",g13_o1,False,-688.4250876555782,-735.2294249878422
constant,0,4,true,poisson_separate,including_loop,16,6,"(((a.1,c),a.2),b)",g06_o1,False,-691.3307894944945,-744.9446426192858
constant,0,4,true,poisson_separate,including_loop,17,18,"(((a,c.1),c.2),b)",g18_o1,False,-685.5433869572942,-749.0650769822035
constant,0,4,true,poisson_separate,including_loop,18,21,"((a,c.1),(b,c.2))",g21_o2,False,-683.8496594865418,-749.732075185913
constant,0,4,true,poisson_separate,including_loop,19,20,"(((b,c.1),c.2),a)",g20_o1,False,-676.6450307266962,-925.5456085648782
constant,0,4,true,poisson_separate,including_loop,20,8,"(((b,c),a.1),a.2)",g08_o2,False,-682.316789648625,-952.6849107032048
constant,0,4,true,poisson_separate,including_loop,21,2,"((a,c),b)",g02_o1,False,-668.434243081538,-1090.2955116115668
constant,0,4,true,poisson_separate,including_loop,22,12,"(((a,c),b.1),b.2)",g12_o1,False,-689.0144561653672,-1103.0451294588136
constant,0,4,hapibd,poisson_shared,loop_omitted,1,15,"((a,b.1),(b.2,c))",g15_o1,False,-207.21296838177298,-221.88853095814838
constant,0,4,hapibd,poisson_shared,loop_omitted,2,9,"((a.1,b),(a.2,c))",g09_o1,False,-388.9196223557698,-447.37240011309643
constant,0,4,hapibd,poisson_shared,loop_omitted,3,17,"(((a,c.1),b),c.2)",g17_o1,False,-459.1032108768054,-474.3992953262031
constant,0,4,hapibd,poisson_shared,loop_omitted,4,5,"(((a.1,b),c),a.2)",g05_o1,False,-400.0219037884231,-475.513201970448
constant,0,4,hapibd,poisson_shared,loop_omitted,5,16,"(((a,b),c.1),c.2)",g16_o1,False,-456.30035169206485,-480.497170520839
constant,0,4,hapibd,poisson_shared,loop_omitted,6,19,"(((b,c.1),a),c.2)",g19_o1,False,-452.32144076842536,-657.6306338489596
constant,0,4,hapibd,poisson_shared,loop_omitted,7,11,"(((a,b.1),c),b.2)",g11_o1,False,-282.358743321082,-755.8886172986602
constant,0,4,hapibd,poisson_shared,loop_omitted,8,10,"(((a,b.1),b.2),c)",g10_o1,False,-278.0429016472492,-757.9799739909802
constant,0,4,hapibd,poisson_shared,loop_omitted,9,1,"((a,b),c)",g01_o1,False,-462.1037919885288,-840.4555178062224
constant,0,4,hapibd,poisson_shared,loop_omitted,10,13,"(((b.1,c),a),b.2)",g13_o1,False,-833.6271440586086,-885.1739267503544
constant,0,4,hapibd,poisson_shared,loop_omitted,11,4,"(((a.1,b),a.2),c)",g04_o1,False,-477.8274259735308,-890.5097565682104
constant,0,4,hapibd,poisson_shared,loop_omitted,12,14,"(((b.1,c),b.2),a)",g14_o1,False,-826.5966040641941,-914.2826296996434
constant,0,4,hapibd,poisson_shared,loop_omitted,13,18,"(((a,c.1),c.2),b)",g18_o1,False,-802.4923002824805,-922.0512093570629
constant,0,4,hapibd,poisson_shared,loop_omitted,14,21,"((a,c.1),(b,c.2))",g21_o1,False,-812.311882494507,-931.7951080705708
constant,0,4,hapibd,poisson_shared,loop_omitted,15,7,"(((a.1,c),b),a.2)",g07_o1,False,-947.2287293410348,-972.0881853418822
constant,0,4,hapibd,poisson_shared,loop_omitted,16,20,"(((b,c.1),c.2),a)",g20_o1,False,-950.4671233675115,-975.3391189227722
constant,0,4,hapibd,poisson_shared,loop_omitted,17,6,"(((a.1,c),a.2),b)",g06_o1,False,-940.7816683276145,-989.1464664694071
constant,0,4,hapibd,poisson_shared,loop_omitted,18,3,"((b,c),a)",g03_o1,False,-1203.077022024563,-1292.076501771305
constant,0,4,hapibd,poisson_shared,loop_omitted,19,8,"(((b,c),a.1),a.2)",g08_o2,False,-1209.5285254106539,-1342.2610128541087
constant,0,4,hapibd,poisson_shared,loop_omitted,20,2,"((a,c),b)",g02_o1,False,-1361.8015006563644,-1366.4889113054605
constant,0,4,hapibd,poisson_shared,loop_omitted,21,12,"(((a,c),b.1),b.2)",g12_o1,False,-1287.5742127409687,-1393.0318889616817
constant,0,4,hapibd,poisson_shared,including_loop,1,15,"((a,b.1),(b.2,c))",g15_o1,False,-207.21296838177298,-221.88853095814838
constant,0,4,hapibd,poisson_shared,including_loop,2,22,"b-loop + ((a,b.1),(b.2,c))",g22_o1,False,-216.27201776874446,-239.64716081729637
constant,0,4,hapibd,poisson_shared,including_loop,3,9,"((a.1,b),(a.2,c))",g09_o1,False,-388.9196223557698,-447.37240011309643
constant,0,4,hapibd,poisson_shared,including_loop,4,17,"(((a,c.1),b),c.2)",g17_o1,False,-459.1032108768054,-474.3992953262031
constant,0,4,hapibd,poisson_shared,including_loop,5,5,"(((a.1,b),c),a.2)",g05_o1,False,-400.0219037884231,-475.513201970448
constant,0,4,hapibd,poisson_shared,including_loop,6,16,"(((a,b),c.1),c.2)",g16_o1,False,-456.30035169206485,-480.497170520839
constant,0,4,hapibd,poisson_shared,including_loop,7,19,"(((b,c.1),a),c.2)",g19_o1,False,-452.32144076842536,-657.6306338489596
constant,0,4,hapibd,poisson_shared,including_loop,8,11,"(((a,b.1),c),b.2)",g11_o1,False,-282.358743321082,-755.8886172986602
constant,0,4,hapibd,poisson_shared,including_loop,9,10,"(((a,b.1),b.2),c)",g10_o1,False,-278.0429016472492,-757.9799739909802
constant,0,4,hapibd,poisson_shared,including_loop,10,1,"((a,b),c)",g01_o1,False,-462.1037919885288,-840.4555178062224
constant,0,4,hapibd,poisson_shared,including_loop,11,13,"(((b.1,c),a),b.2)",g13_o1,False,-833.6271440586086,-885.1739267503544
constant,0,4,hapibd,poisson_shared,including_loop,12,4,"(((a.1,b),a.2),c)",g04_o1,False,-477.8274259735308,-890.5097565682104
constant,0,4,hapibd,poisson_shared,including_loop,13,14,"(((b.1,c),b.2),a)",g14_o1,False,-826.5966040641941,-914.2826296996434
constant,0,4,hapibd,poisson_shared,including_loop,14,18,"(((a,c.1),c.2),b)",g18_o1,False,-802.4923002824805,-922.0512093570629
constant,0,4,hapibd,poisson_shared,including_loop,15,21,"((a,c.1),(b,c.2))",g21_o1,False,-812.311882494507,-931.7951080705708
constant,0,4,hapibd,poisson_shared,including_loop,16,7,"(((a.1,c),b),a.2)",g07_o1,False,-947.2287293410348,-972.0881853418822
constant,0,4,hapibd,poisson_shared,including_loop,17,20,"(((b,c.1),c.2),a)",g20_o1,False,-950.4671233675115,-975.3391189227722
constant,0,4,hapibd,poisson_shared,including_loop,18,6,"(((a.1,c),a.2),b)",g06_o1,False,-940.7816683276145,-989.1464664694071
constant,0,4,hapibd,poisson_shared,including_loop,19,3,"((b,c),a)",g03_o1,False,-1203.077022024563,-1292.076501771305
constant,0,4,hapibd,poisson_shared,including_loop,20,8,"(((b,c),a.1),a.2)",g08_o2,False,-1209.5285254106539,-1342.2610128541087
constant,0,4,hapibd,poisson_shared,including_loop,21,2,"((a,c),b)",g02_o1,False,-1361.8015006563644,-1366.4889113054605
constant,0,4,hapibd,poisson_shared,including_loop,22,12,"(((a,c),b.1),b.2)",g12_o1,False,-1287.5742127409687,-1393.0318889616817
constant,0,4,hapibd,poisson_separate,loop_omitted,1,15,"((a,b.1),(b.2,c))",g15_o1,False,-226.85249963650858,-304.1780928878976
constant,0,4,hapibd,poisson_separate,loop_omitted,2,10,"(((a,b.1),b.2),c)",g10_o1,False,-257.2585389517294,-309.56186791964893
constant,0,4,hapibd,poisson_separate,loop_omitted,3,11,"(((a,b.1),c),b.2)",g11_o1,False,-247.5770193183999,-349.8933976376282
constant,0,4,hapibd,poisson_separate,loop_omitted,4,17,"(((a,c.1),b),c.2)",g17_o1,False,-330.2203885207141,-378.5473274801926
constant,0,4,hapibd,poisson_separate,loop_omitted,5,9,"((a.1,b),(a.2,c))",g09_o2,False,-324.72165142277544,-397.87262816114986
constant,0,4,hapibd,poisson_separate,loop_omitted,6,1,"((a,b),c)",g01_o1,False,-304.9886252902916,-461.4963184561789
constant,0,4,hapibd,poisson_separate,loop_omitted,7,16,"(((a,b),c.1),c.2)",g16_o1,False,-329.3215122178136,-466.9050075978927
constant,0,4,hapibd,poisson_separate,loop_omitted,8,19,"(((b,c.1),a),c.2)",g19_o1,False,-333.7450459940746,-471.1950580703868
constant,0,4,hapibd,poisson_separate,loop_omitted,9,4,"(((a.1,b),a.2),c)",g04_o1,False,-331.12101574801306,-474.38021320366875
constant,0,4,hapibd,poisson_separate,loop_omitted,10,5,"(((a.1,b),c),a.2)",g05_o1,False,-332.25491492541784,-490.4852435349442
constant,0,4,hapibd,poisson_separate,loop_omitted,11,3,"((b,c),a)",g03_o1,False,-604.8211483701276,-628.1360508543646
constant,0,4,hapibd,poisson_separate,loop_omitted,12,2,"((a,c),b)",g02_o1,False,-611.2784953065504,-635.9980951293408
constant,0,4,hapibd,poisson_separate,loop_omitted,13,20,"(((b,c.1),c.2),a)",g20_o1,False,-621.5717704803228,-675.7446490686939
constant,0,4,hapibd,poisson_separate,loop_omitted,14,13,"(((b.1,c),a),b.2)",g13_o1,False,-637.5182157231458,-678.9471878463008
constant,0,4,hapibd,poisson_separate,loop_omitted,15,6,"(((a.1,c),a.2),b)",g06_o1,False,-634.1122560030717,-679.6273453668155
constant,0,4,hapibd,poisson_separate,loop_omitted,16,14,"(((b.1,c),b.2),a)",g14_o1,False,-633.9169587350732,-682.7198328033683
constant,0,4,hapibd,poisson_separate,loop_omitted,17,7,"(((a.1,c),b),a.2)",g07_o1,False,-631.991629202591,-686.4102572239917
constant,0,4,hapibd,poisson_separate,loop_omitted,18,21,"((a,c.1),(b,c.2))",g21_o2,False,-633.152249447611,-694.790924479795
constant,0,4,hapibd,poisson_separate,loop_omitted,19,18,"(((a,c.1),c.2),b)",g18_o1,False,-629.0116837835834,-697.3441959113129
constant,0,4,hapibd,poisson_separate,loop_omitted,20,8,"(((b,c),a.1),a.2)",g08_o1,False,-625.1159228210182,-882.1468568447021
constant,0,4,hapibd,poisson_separate,loop_omitted,21,12,"(((a,c),b.1),b.2)",g12_o1,False,-639.014727250189,-968.8659037768539
constant,0,4,hapibd,poisson_separate,including_loop,1,22,"b-loop + ((a,b.1),(b.2,c))",g22_o1,False,-239.8749800752893,-272.5106485327126
constant,0,4,hapibd,poisson_separate,including_loop,2,15,"((a,b.1),(b.2,c))",g15_o1,False,-226.85249963650858,-304.1780928878976
constant,0,4,hapibd,poisson_separate,including_loop,3,10,"(((a,b.1),b.2),c)",g10_o1,False,-257.2585389517294,-309.56186791964893
constant,0,4,hapibd,poisson_separate,including_loop,4,11,"(((a,b.1),c),b.2)",g11_o1,False,-247.5770193183999,-349.8933976376282
constant,0,4,hapibd,poisson_separate,including_loop,5,17,"(((a,c.1),b),c.2)",g17_o1,False,-330.2203885207141,-378.5473274801926
constant,0,4,hapibd,poisson_separate,including_loop,6,9,"((a.1,b),(a.2,c))",g09_o2,False,-324.72165142277544,-397.87262816114986
constant,0,4,hapibd,poisson_separate,including_loop,7,1,"((a,b),c)",g01_o1,False,-304.9886252902916,-461.4963184561789
constant,0,4,hapibd,poisson_separate,including_loop,8,16,"(((a,b),c.1),c.2)",g16_o1,False,-329.3215122178136,-466.9050075978927
constant,0,4,hapibd,poisson_separate,including_loop,9,19,"(((b,c.1),a),c.2)",g19_o1,False,-333.7450459940746,-471.1950580703868
constant,0,4,hapibd,poisson_separate,including_loop,10,4,"(((a.1,b),a.2),c)",g04_o1,False,-331.12101574801306,-474.38021320366875
constant,0,4,hapibd,poisson_separate,including_loop,11,5,"(((a.1,b),c),a.2)",g05_o1,False,-332.25491492541784,-490.4852435349442
constant,0,4,hapibd,poisson_separate,including_loop,12,3,"((b,c),a)",g03_o1,False,-604.8211483701276,-628.1360508543646
constant,0,4,hapibd,poisson_separate,including_loop,13,2,"((a,c),b)",g02_o1,False,-611.2784953065504,-635.9980951293408
constant,0,4,hapibd,poisson_separate,including_loop,14,20,"(((b,c.1),c.2),a)",g20_o1,False,-621.5717704803228,-675.7446490686939
constant,0,4,hapibd,poisson_separate,including_loop,15,13,"(((b.1,c),a),b.2)",g13_o1,False,-637.5182157231458,-678.9471878463008
constant,0,4,hapibd,poisson_separate,including_loop,16,6,"(((a.1,c),a.2),b)",g06_o1,False,-634.1122560030717,-679.6273453668155
constant,0,4,hapibd,poisson_separate,including_loop,17,14,"(((b.1,c),b.2),a)",g14_o1,False,-633.9169587350732,-682.7198328033683
constant,0,4,hapibd,poisson_separate,including_loop,18,7,"(((a.1,c),b),a.2)",g07_o1,False,-631.991629202591,-686.4102572239917
constant,0,4,hapibd,poisson_separate,including_loop,19,21,"((a,c.1),(b,c.2))",g21_o2,False,-633.152249447611,-694.790924479795
constant,0,4,hapibd,poisson_separate,including_loop,20,18,"(((a,c.1),c.2),b)",g18_o1,False,-629.0116837835834,-697.3441959113129
constant,0,4,hapibd,poisson_separate,including_loop,21,8,"(((b,c),a.1),a.2)",g08_o1,False,-625.1159228210182,-882.1468568447021
constant,0,4,hapibd,poisson_separate,including_loop,22,12,"(((a,c),b.1),b.2)",g12_o1,False,-639.014727250189,-968.8659037768539
constant,0,5,true,poisson_shared,loop_omitted,1,15,"((a,b.1),(b.2,c))",g15_o1,False,-230.9142143242509,-244.9303621932656
constant,0,5,true,poisson_shared,loop_omitted,2,10,"(((a,b.1),b.2),c)",g10_o1,False,-298.2959658940254,-327.39558684203297
constant,0,5,true,poisson_shared,loop_omitted,3,1,"((a,b),c)",g01_o1,False,-461.0966093895397,-468.39399127571176
constant,0,5,true,poisson_shared,loop_omitted,4,19,"(((b,c.1),a),c.2)",g19_o1,False,-451.33055686369204,-474.76269735156666
constant,0,5,true,poisson_shared,loop_omitted,5,16,"(((a,b),c.1),c.2)",g16_o2,False,-456.7694358953441,-478.23888253779324
constant,0,5,true,poisson_shared,loop_omitted,6,9,"((a.1,b),(a.2,c))",g09_o1,False,-421.0871544039409,-480.2997967780642
constant,0,5,true,poisson_shared,loop_omitted,7,5,"(((a.1,b),c),a.2)",g05_o1,False,-455.3503600988893,-488.9447595286686
constant,0,5,true,poisson_shared,loop_omitted,8,17,"(((a,c.1),b),c.2)",g17_o1,False,-458.50035408253814,-570.4524866667217
constant,0,5,true,poisson_shared,loop_omitted,9,11,"(((a,b.1),c),b.2)",g11_o1,False,-307.7049640083976,-807.6585490682569
constant,0,5,true,poisson_shared,loop_omitted,10,4,"(((a.1,b),a.2),c)",g04_o1,False,-451.0780408663401,-892.0713014994842
constant,0,5,true,poisson_shared,loop_omitted,11,14,"(((b.1,c),b.2),a)",g14_o1,False,-914.1656690432567,-951.3979285844483
constant,0,5,true,poisson_shared,loop_omitted,12,13,"(((b.1,c),a),b.2)",g13_o1,False,-920.4227067392376,-971.9588198939598
constant,0,5,true,poisson_shared,loop_omitted,13,18,"(((a,c.1),c.2),b)",g18_o1,False,-875.8079845104608,-975.5350923963829
constant,0,5,true,poisson_shared,loop_omitted,14,21,"((a,c.1),(b,c.2))",g21_o1,False,-966.0758253769941,-1029.8179520787583
constant,0,5,true,poisson_shared,loop_omitted,15,6,"(((a.1,c),a.2),b)",g06_o1,False,-979.6975029163997,-1038.046425906948
constant,0,5,true,poisson_shared,loop_omitted,16,20,"(((b,c.1),c.2),a)",g20_o1,False,-990.5967088515359,-1041.4683530923721
constant,0,5,true,poisson_shared,loop_omitted,17,7,"(((a.1,c),b),a.2)",g07_o1,False,-984.1860624873576,-1187.2680699022571
constant,0,5,true,poisson_shared,loop_omitted,18,3,"((b,c),a)",g03_o1,False,-1228.9209192247554,-1369.3658959689212
constant,0,5,true,poisson_shared,loop_omitted,19,8,"(((b,c),a.1),a.2)",g08_o2,False,-1241.509580262434,-1420.979121691167
constant,0,5,true,poisson_shared,loop_omitted,20,2,"((a,c),b)",g02_o1,False,-1453.7289708868375,-1461.2475721309909
constant,0,5,true,poisson_shared,loop_omitted,21,12,"(((a,c),b.1),b.2)",g12_o1,False,-1389.5808926462294,-1470.536949726943
constant,0,5,true,poisson_shared,including_loop,1,15,"((a,b.1),(b.2,c))",g15_o1,False,-230.9142143242509,-244.9303621932656
constant,0,5,true,poisson_shared,including_loop,2,22,"b-loop + ((a,b.1),(b.2,c))",g22_o1,False,-237.27671792874875,-253.77079218977735
constant,0,5,true,poisson_shared,including_loop,3,10,"(((a,b.1),b.2),c)",g10_o1,False,-298.2959658940254,-327.39558684203297
constant,0,5,true,poisson_shared,including_loop,4,1,"((a,b),c)",g01_o1,False,-461.0966093895397,-468.39399127571176
constant,0,5,true,poisson_shared,including_loop,5,19,"(((b,c.1),a),c.2)",g19_o1,False,-451.33055686369204,-474.76269735156666
constant,0,5,true,poisson_shared,including_loop,6,16,"(((a,b),c.1),c.2)",g16_o2,False,-456.7694358953441,-478.23888253779324
constant,0,5,true,poisson_shared,including_loop,7,9,"((a.1,b),(a.2,c))",g09_o1,False,-421.0871544039409,-480.2997967780642
constant,0,5,true,poisson_shared,including_loop,8,5,"(((a.1,b),c),a.2)",g05_o1,False,-455.3503600988893,-488.9447595286686
constant,0,5,true,poisson_shared,including_loop,9,17,"(((a,c.1),b),c.2)",g17_o1,False,-458.50035408253814,-570.4524866667217
constant,0,5,true,poisson_shared,including_loop,10,11,"(((a,b.1),c),b.2)",g11_o1,False,-307.7049640083976,-807.6585490682569
constant,0,5,true,poisson_shared,including_loop,11,4,"(((a.1,b),a.2),c)",g04_o1,False,-451.0780408663401,-892.0713014994842
constant,0,5,true,poisson_shared,including_loop,12,14,"(((b.1,c),b.2),a)",g14_o1,False,-914.1656690432567,-951.3979285844483
constant,0,5,true,poisson_shared,including_loop,13,13,"(((b.1,c),a),b.2)",g13_o1,False,-920.4227067392376,-971.9588198939598
constant,0,5,true,poisson_shared,including_loop,14,18,"(((a,c.1),c.2),b)",g18_o1,False,-875.8079845104608,-975.5350923963829
constant,0,5,true,poisson_shared,including_loop,15,21,"((a,c.1),(b,c.2))",g21_o1,False,-966.0758253769941,-1029.8179520787583
constant,0,5,true,poisson_shared,including_loop,16,6,"(((a.1,c),a.2),b)",g06_o1,False,-979.6975029163997,-1038.046425906948
constant,0,5,true,poisson_shared,including_loop,17,20,"(((b,c.1),c.2),a)",g20_o1,False,-990.5967088515359,-1041.4683530923721
constant,0,5,true,poisson_shared,including_loop,18,7,"(((a.1,c),b),a.2)",g07_o1,False,-984.1860624873576,-1187.2680699022571
constant,0,5,true,poisson_shared,including_loop,19,3,"((b,c),a)",g03_o1,False,-1228.9209192247554,-1369.3658959689212
constant,0,5,true,poisson_shared,including_loop,20,8,"(((b,c),a.1),a.2)",g08_o2,False,-1241.509580262434,-1420.979121691167
constant,0,5,true,poisson_shared,including_loop,21,2,"((a,c),b)",g02_o1,False,-1453.7289708868375,-1461.2475721309909
constant,0,5,true,poisson_shared,including_loop,22,12,"(((a,c),b.1),b.2)",g12_o1,False,-1389.5808926462294,-1470.536949726943
constant,0,5,true,poisson_separate,loop_omitted,1,11,"(((a,b.1),c),b.2)",g11_o1,False,-279.63790272091467,-327.5601462488612
constant,0,5,true,poisson_separate,loop_omitted,2,15,"((a,b.1),(b.2,c))",g15_o2,False,-244.14218109226644,-330.3462633339004
constant,0,5,true,poisson_separate,loop_omitted,3,10,"(((a,b.1),b.2),c)",g10_o1,False,-274.27737568573,-344.738596686365
constant,0,5,true,poisson_separate,loop_omitted,4,1,"((a,b),c)",g01_o1,False,-331.28461393768566,-355.15242839172174
constant,0,5,true,poisson_separate,loop_omitted,5,17,"(((a,c.1),b),c.2)",g17_o1,False,-358.1946197605767,-389.11952413133065
constant,0,5,true,poisson_separate,loop_omitted,6,19,"(((b,c.1),a),c.2)",g19_o1,False,-352.3791386957675,-392.03919316598103
constant,0,5,true,poisson_separate,loop_omitted,7,9,"((a.1,b),(a.2,c))",g09_o2,False,-357.74160491375096,-439.46987818760437
constant,0,5,true,poisson_separate,loop_omitted,8,16,"(((a,b),c.1),c.2)",g16_o1,False,-350.09275831300783,-504.76721886021164
constant,0,5,true,poisson_separate,loop_omitted,9,5,"(((a.1,b),c),a.2)",g05_o1,False,-361.2715624364049,-522.1627798477351
constant,0,5,true,poisson_separate,loop_omitted,10,4,"(((a.1,b),a.2),c)",g04_o1,False,-362.8687032251914,-522.8459431596427
constant,0,5,true,poisson_separate,loop_omitted,11,3,"((b,c),a)",g03_o1,False,-666.684948107803,-688.7749900472893
constant,0,5,true,poisson_separate,loop_omitted,12,2,"((a,c),b)",g02_o1,False,-669.4247258020847,-694.5617197982763
constant,0,5,true,poisson_separate,loop_omitted,13,13,"(((b.1,c),a),b.2)",g13_o1,False,-685.0388068352097,-726.4545128655355
constant,0,5,true,poisson_separate,loop_omitted,14,14,"(((b.1,c),b.2),a)",g14_o1,False,-685.0388950865203,-729.2763766096901
constant,0,5,true,poisson_separate,loop_omitted,15,7,"(((a.1,c),b),a.2)",g07_o1,False,-687.9905341073463,-732.3103483799034
constant,0,5,true,poisson_separate,loop_omitted,16,6,"(((a.1,c),a.2),b)",g06_o1,False,-685.885421910695,-737.923798558835
constant,0,5,true,poisson_separate,loop_omitted,17,20,"(((b,c.1),c.2),a)",g20_o1,False,-679.9645678329405,-749.9698775944476
constant,0,5,true,poisson_separate,loop_omitted,18,21,"((a,c.1),(b,c.2))",g21_o2,False,-693.6217236813293,-755.756563717716
constant,0,5,true,poisson_separate,loop_omitted,19,8,"(((b,c),a.1),a.2)",g08_o1,False,-693.2850808960917,-899.5918019955024
constant,0,5,true,poisson_separate,loop_omitted,20,12,"(((a,c),b.1),b.2)",g12_o2,False,-687.9398214152883,-1045.2300697200792
constant,0,5,true,poisson_separate,loop_omitted,21,18,"(((a,c.1),c.2),b)",g18_o1,False,-696.7732758186107,-1113.1353084955392
constant,0,5,true,poisson_separate,including_loop,1,22,"b-loop + ((a,b.1),(b.2,c))",g22_o1,False,-253.6453377414526,-295.3777183951901
constant,0,5,true,poisson_separate,including_loop,2,11,"(((a,b.1),c),b.2)",g11_o1,False,-279.63790272091467,-327.5601462488612
constant,0,5,true,poisson_separate,including_loop,3,15,"((a,b.1),(b.2,c))",g15_o2,False,-244.14218109226644,-330.3462633339004
constant,0,5,true,poisson_separate,including_loop,4,10,"(((a,b.1),b.2),c)",g10_o1,False,-274.27737568573,-344.738596686365
constant,0,5,true,poisson_separate,including_loop,5,1,"((a,b),c)",g01_o1,False,-331.28461393768566,-355.15242839172174
constant,0,5,true,poisson_separate,including_loop,6,17,"(((a,c.1),b),c.2)",g17_o1,False,-358.1946197605767,-389.11952413133065
constant,0,5,true,poisson_separate,including_loop,7,19,"(((b,c.1),a),c.2)",g19_o1,False,-352.3791386957675,-392.03919316598103
constant,0,5,true,poisson_separate,including_loop,8,9,"((a.1,b),(a.2,c))",g09_o2,False,-357.74160491375096,-439.46987818760437
constant,0,5,true,poisson_separate,including_loop,9,16,"(((a,b),c.1),c.2)",g16_o1,False,-350.09275831300783,-504.76721886021164
constant,0,5,true,poisson_separate,including_loop,10,5,"(((a.1,b),c),a.2)",g05_o1,False,-361.2715624364049,-522.1627798477351
constant,0,5,true,poisson_separate,including_loop,11,4,"(((a.1,b),a.2),c)",g04_o1,False,-362.8687032251914,-522.8459431596427
constant,0,5,true,poisson_separate,including_loop,12,3,"((b,c),a)",g03_o1,False,-666.684948107803,-688.7749900472893
constant,0,5,true,poisson_separate,including_loop,13,2,"((a,c),b)",g02_o1,False,-669.4247258020847,-694.5617197982763
constant,0,5,true,poisson_separate,including_loop,14,13,"(((b.1,c),a),b.2)",g13_o1,False,-685.0388068352097,-726.4545128655355
constant,0,5,true,poisson_separate,including_loop,15,14,"(((b.1,c),b.2),a)",g14_o1,False,-685.0388950865203,-729.2763766096901
constant,0,5,true,poisson_separate,including_loop,16,7,"(((a.1,c),b),a.2)",g07_o1,False,-687.9905341073463,-732.3103483799034
constant,0,5,true,poisson_separate,including_loop,17,6,"(((a.1,c),a.2),b)",g06_o1,False,-685.885421910695,-737.923798558835
constant,0,5,true,poisson_separate,including_loop,18,20,"(((b,c.1),c.2),a)",g20_o1,False,-679.9645678329405,-749.9698775944476
constant,0,5,true,poisson_separate,including_loop,19,21,"((a,c.1),(b,c.2))",g21_o2,False,-693.6217236813293,-755.756563717716
constant,0,5,true,poisson_separate,including_loop,20,8,"(((b,c),a.1),a.2)",g08_o1,False,-693.2850808960917,-899.5918019955024
constant,0,5,true,poisson_separate,including_loop,21,12,"(((a,c),b.1),b.2)",g12_o2,False,-687.9398214152883,-1045.2300697200792
constant,0,5,true,poisson_separate,including_loop,22,18,"(((a,c.1),c.2),b)",g18_o1,False,-696.7732758186107,-1113.1353084955392
constant,0,5,hapibd,poisson_shared,loop_omitted,1,15,"((a,b.1),(b.2,c))",g15_o1,False,-228.7754969092973,-249.27916615541957
constant,0,5,hapibd,poisson_shared,loop_omitted,2,10,"(((a,b.1),b.2),c)",g10_o1,False,-306.4781002084007,-328.4706127845444
constant,0,5,hapibd,poisson_shared,loop_omitted,3,9,"((a.1,b),(a.2,c))",g09_o1,False,-421.3682880246957,-470.7629052503576
constant,0,5,hapibd,poisson_shared,loop_omitted,4,5,"(((a.1,b),c),a.2)",g05_o1,False,-429.4895895451911,-472.0780525412895
constant,0,5,hapibd,poisson_shared,loop_omitted,5,19,"(((b,c.1),a),c.2)",g19_o1,False,-459.81518350981514,-479.4991726939225
constant,0,5,hapibd,poisson_shared,loop_omitted,6,1,"((a,b),c)",g01_o1,False,-475.35882762615626,-479.62116539083326
constant,0,5,hapibd,poisson_shared,loop_omitted,7,17,"(((a,c.1),b),c.2)",g17_o1,False,-466.98142927000777,-486.2018374978169
constant,0,5,hapibd,poisson_shared,loop_omitted,8,16,"(((a,b),c.1),c.2)",g16_o1,False,-461.2953396499544,-487.97386920868144
constant,0,5,hapibd,poisson_shared,loop_omitted,9,11,"(((a,b.1),c),b.2)",g11_o1,False,-309.6368953656057,-769.494712324134
constant,0,5,hapibd,poisson_shared,loop_omitted,10,4,"(((a.1,b),a.2),c)",g04_o1,False,-447.3296944199494,-895.4814080764588
constant,0,5,hapibd,poisson_shared,loop_omitted,11,14,"(((b.1,c),b.2),a)",g14_o1,False,-858.7457596218286,-915.1969281996601
constant,0,5,hapibd,poisson_shared,loop_omitted,12,13,"(((b.1,c),a),b.2)",g13_o1,False,-866.3913380799441,-916.2731359939737
constant,0,5,hapibd,poisson_shared,loop_omitted,13,21,"((a,c.1),(b,c.2))",g21_o2,False,-817.5084395341651,-948.3070163745185
constant,0,5,hapibd,poisson_shared,loop_omitted,14,7,"(((a.1,c),b),a.2)",g07_o1,False,-969.8572734157764,-989.0032590614087
constant,0,5,hapibd,poisson_shared,loop_omitted,15,6,"(((a.1,c),a.2),b)",g06_o1,False,-944.9340935549999,-992.959635038728
constant,0,5,hapibd,poisson_shared,loop_omitted,16,18,"(((a,c.1),c.2),b)",g18_o1,False,-919.9489339219527,-1004.5572562288663
constant,0,5,hapibd,poisson_shared,loop_omitted,17,20,"(((b,c.1),c.2),a)",g20_o1,False,-985.3563099316922,-1010.6740546105586
constant,0,5,hapibd,poisson_shared,loop_omitted,18,3,"((b,c),a)",g03_o1,False,-1375.7936025341253,-1383.7477102089072
constant,0,5,hapibd,poisson_shared,loop_omitted,19,8,"(((b,c),a.1),a.2)",g08_o2,False,-1240.3186592223058,-1387.8567783723552
constant,0,5,hapibd,poisson_shared,loop_omitted,20,12,"(((a,c),b.1),b.2)",g12_o1,False,-1328.113296069772,-1404.6293758154711
constant,0,5,hapibd,poisson_shared,loop_omitted,21,2,"((a,c),b)",g02_o1,False,-1404.9956023794098,-1411.433276589897
constant,0,5,hapibd,poisson_shared,including_loop,1,15,"((a,b.1),(b.2,c))",g15_o1,False,-228.7754969092973,-249.27916615541957
constant,0,5,hapibd,poisson_shared,including_loop,2,22,"b-loop + ((a,b.1),(b.2,c))",g22_o1,False,-235.4320275644514,-254.09893122508288
constant,0,5,hapibd,poisson_shared,including_loop,3,10,"(((a,b.1),b.2),c)",g10_o1,False,-306.4781002084007,-328.4706127845444
constant,0,5,hapibd,poisson_shared,including_loop,4,9,"((a.1,b),(a.2,c))",g09_o1,False,-421.3682880246957,-470.7629052503576
constant,0,5,hapibd,poisson_shared,including_loop,5,5,"(((a.1,b),c),a.2)",g05_o1,False,-429.4895895451911,-472.0780525412895
constant,0,5,hapibd,poisson_shared,including_loop,6,19,"(((b,c.1),a),c.2)",g19_o1,False,-459.81518350981514,-479.4991726939225
constant,0,5,hapibd,poisson_shared,including_loop,7,1,"((a,b),c)",g01_o1,False,-475.35882762615626,-479.62116539083326
constant,0,5,hapibd,poisson_shared,including_loop,8,17,"(((a,c.1),b),c.2)",g17_o1,False,-466.98142927000777,-486.2018374978169
constant,0,5,hapibd,poisson_shared,including_loop,9,16,"(((a,b),c.1),c.2)",g16_o1,False,-461.2953396499544,-487.97386920868144
constant,0,5,hapibd,poisson_shared,including_loop,10,11,"(((a,b.1),c),b.2)",g11_o1,False,-309.6368953656057,-769.494712324134
constant,0,5,hapibd,poisson_shared,including_loop,11,4,"(((a.1,b),a.2),c)",g04_o1,False,-447.3296944199494,-895.4814080764588
constant,0,5,hapibd,poisson_shared,including_loop,12,14,"(((b.1,c),b.2),a)",g14_o1,False,-858.7457596218286,-915.1969281996601
constant,0,5,hapibd,poisson_shared,including_loop,13,13,"(((b.1,c),a),b.2)",g13_o1,False,-866.3913380799441,-916.2731359939737
constant,0,5,hapibd,poisson_shared,including_loop,14,21,"((a,c.1),(b,c.2))",g21_o2,False,-817.5084395341651,-948.3070163745185
constant,0,5,hapibd,poisson_shared,including_loop,15,7,"(((a.1,c),b),a.2)",g07_o1,False,-969.8572734157764,-989.0032590614087
constant,0,5,hapibd,poisson_shared,including_loop,16,6,"(((a.1,c),a.2),b)",g06_o1,False,-944.9340935549999,-992.959635038728
constant,0,5,hapibd,poisson_shared,including_loop,17,18,"(((a,c.1),c.2),b)",g18_o1,False,-919.9489339219527,-1004.5572562288663
constant,0,5,hapibd,poisson_shared,including_loop,18,20,"(((b,c.1),c.2),a)",g20_o1,False,-985.3563099316922,-1010.6740546105586
constant,0,5,hapibd,poisson_shared,including_loop,19,3,"((b,c),a)",g03_o1,False,-1375.7936025341253,-1383.7477102089072
constant,0,5,hapibd,poisson_shared,including_loop,20,8,"(((b,c),a.1),a.2)",g08_o2,False,-1240.3186592223058,-1387.8567783723552
constant,0,5,hapibd,poisson_shared,including_loop,21,12,"(((a,c),b.1),b.2)",g12_o1,False,-1328.113296069772,-1404.6293758154711
constant,0,5,hapibd,poisson_shared,including_loop,22,2,"((a,c),b)",g02_o1,False,-1404.9956023794098,-1411.433276589897
constant,0,5,hapibd,poisson_separate,loop_omitted,1,11,"(((a,b.1),c),b.2)",g11_o1,False,-270.2419960945486,-309.0130562970442
constant,0,5,hapibd,poisson_separate,loop_omitted,2,15,"((a,b.1),(b.2,c))",g15_o1,False,-248.28693988844086,-314.05573555672925
constant,0,5,hapibd,poisson_separate,loop_omitted,3,10,"(((a,b.1),b.2),c)",g10_o1,False,-273.6863023895177,-326.5591528034189
constant,0,5,hapibd,poisson_separate,loop_omitted,4,1,"((a,b),c)",g01_o1,False,-331.1573233743642,-345.6806411023185
constant,0,5,hapibd,poisson_separate,loop_omitted,5,17,"(((a,c.1),b),c.2)",g17_o1,False,-347.8099393273701,-389.5793897563427
constant,0,5,hapibd,poisson_separate,loop_omitted,6,19,"(((b,c.1),a),c.2)",g19_o1,False,-356.535421903773,-422.41310839789185
constant,0,5,hapibd,poisson_separate,loop_omitted,7,16,"(((a,b),c.1),c.2)",g16_o1,False,-352.98645406546814,-505.9160504404672
constant,0,5,hapibd,poisson_separate,loop_omitted,8,9,"((a.1,b),(a.2,c))",g09_o1,False,-358.5603058806066,-513.6166456751138
constant,0,5,hapibd,poisson_separate,loop_omitted,9,4,"(((a.1,b),a.2),c)",g04_o1,False,-359.7653969617838,-513.6965032779854
constant,0,5,hapibd,poisson_separate,loop_omitted,10,5,"(((a.1,b),c),a.2)",g05_o1,False,-361.00339766329614,-581.7650997144711
constant,0,5,hapibd,poisson_separate,loop_omitted,11,3,"((b,c),a)",g03_o1,False,-624.7702203798838,-653.8450670056105
constant,0,5,hapibd,poisson_separate,loop_omitted,12,2,"((a,c),b)",g02_o1,False,-623.7797352093111,-670.1879273396589
constant,0,5,hapibd,poisson_separate,loop_omitted,13,13,"(((b.1,c),a),b.2)",g13_o1,False,-651.3242855039776,-689.1149455570937
constant,0,5,hapibd,poisson_separate,loop_omitted,14,14,"(((b.1,c),b.2),a)",g14_o1,False,-658.5076631953623,-691.0631494898668
constant,0,5,hapibd,poisson_separate,loop_omitted,15,7,"(((a.1,c),b),a.2)",g07_o1,False,-654.696157444778,-692.9988794714411
constant,0,5,hapibd,poisson_separate,loop_omitted,16,21,"((a,c.1),(b,c.2))",g21_o2,False,-653.1701051115019,-700.2636426411794
constant,0,5,hapibd,poisson_separate,loop_omitted,17,18,"(((a,c.1),c.2),b)",g18_o1,False,-647.8600681002571,-710.7917500842418
constant,0,5,hapibd,poisson_separate,loop_omitted,18,6,"(((a.1,c),a.2),b)",g06_o1,False,-641.427573094414,-717.6226580071205
constant,0,5,hapibd,poisson_separate,loop_omitted,19,20,"(((b,c.1),c.2),a)",g20_o1,False,-656.3715473039091,-872.8336951221348
constant,0,5,hapibd,poisson_separate,loop_omitted,20,8,"(((b,c),a.1),a.2)",g08_o1,False,-649.7694687938506,-887.4573106948098
constant,0,5,hapibd,poisson_separate,loop_omitted,21,12,"(((a,c),b.1),b.2)",g12_o1,False,-656.694095212271,-966.8641847992109
constant,0,5,hapibd,poisson_separate,including_loop,1,22,"b-loop + ((a,b.1),(b.2,c))",g22_o1,False,-258.0416335281682,-296.06287789337495
constant,0,5,hapibd,poisson_separate,including_loop,2,11,"(((a,b.1),c),b.2)",g11_o1,False,-270.2419960945486,-309.0130562970442
constant,0,5,hapibd,poisson_separate,including_loop,3,15,"((a,b.1),(b.2,c))",g15_o1,False,-248.28693988844086,-314.05573555672925
constant,0,5,hapibd,poisson_separate,including_loop,4,10,"(((a,b.1),b.2),c)",g10_o1,False,-273.6863023895177,-326.5591528034189
constant,0,5,hapibd,poisson_separate,including_loop,5,1,"((a,b),c)",g01_o1,False,-331.1573233743642,-345.6806411023185
constant,0,5,hapibd,poisson_separate,including_loop,6,17,"(((a,c.1),b),c.2)",g17_o1,False,-347.8099393273701,-389.5793897563427
constant,0,5,hapibd,poisson_separate,including_loop,7,19,"(((b,c.1),a),c.2)",g19_o1,False,-356.535421903773,-422.41310839789185
constant,0,5,hapibd,poisson_separate,including_loop,8,16,"(((a,b),c.1),c.2)",g16_o1,False,-352.98645406546814,-505.9160504404672
constant,0,5,hapibd,poisson_separate,including_loop,9,9,"((a.1,b),(a.2,c))",g09_o1,False,-358.5603058806066,-513.6166456751138
constant,0,5,hapibd,poisson_separate,including_loop,10,4,"(((a.1,b),a.2),c)",g04_o1,False,-359.7653969617838,-513.6965032779854
constant,0,5,hapibd,poisson_separate,including_loop,11,5,"(((a.1,b),c),a.2)",g05_o1,False,-361.00339766329614,-581.7650997144711
constant,0,5,hapibd,poisson_separate,including_loop,12,3,"((b,c),a)",g03_o1,False,-624.7702203798838,-653.8450670056105
constant,0,5,hapibd,poisson_separate,including_loop,13,2,"((a,c),b)",g02_o1,False,-623.7797352093111,-670.1879273396589
constant,0,5,hapibd,poisson_separate,including_loop,14,13,"(((b.1,c),a),b.2)",g13_o1,False,-651.3242855039776,-689.1149455570937
constant,0,5,hapibd,poisson_separate,including_loop,15,14,"(((b.1,c),b.2),a)",g14_o1,False,-658.5076631953623,-691.0631494898668
constant,0,5,hapibd,poisson_separate,including_loop,16,7,"(((a.1,c),b),a.2)",g07_o1,False,-654.696157444778,-692.9988794714411
constant,0,5,hapibd,poisson_separate,including_loop,17,21,"((a,c.1),(b,c.2))",g21_o2,False,-653.1701051115019,-700.2636426411794
constant,0,5,hapibd,poisson_separate,including_loop,18,18,"(((a,c.1),c.2),b)",g18_o1,False,-647.8600681002571,-710.7917500842418
constant,0,5,hapibd,poisson_separate,including_loop,19,6,"(((a.1,c),a.2),b)",g06_o1,False,-641.427573094414,-717.6226580071205
constant,0,5,hapibd,poisson_separate,including_loop,20,20,"(((b,c.1),c.2),a)",g20_o1,False,-656.3715473039091,-872.8336951221348
constant,0,5,hapibd,poisson_separate,including_loop,21,8,"(((b,c),a.1),a.2)",g08_o1,False,-649.7694687938506,-887.4573106948098
constant,0,5,hapibd,poisson_separate,including_loop,22,12,"(((a,c),b.1),b.2)",g12_o1,False,-656.694095212271,-966.8641847992109
constant,0,6,true,poisson_shared,loop_omitted,1,15,"((a,b.1),(b.2,c))",g15_o1,False,-210.6795018128792,-223.1464519748806
constant,0,6,true,poisson_shared,loop_omitted,2,10,"(((a,b.1),b.2),c)",g10_o1,False,-273.99477701867755,-298.2398991819754
constant,0,6,true,poisson_shared,loop_omitted,3,9,"((a.1,b),(a.2,c))",g09_o1,False,-395.9904714531391,-441.61636029352206
constant,0,6,true,poisson_shared,loop_omitted,4,1,"((a,b),c)",g01_o1,False,-451.44812605419423,-456.7307567270968
constant,0,6,true,poisson_shared,loop_omitted,5,17,"(((a,c.1),b),c.2)",g17_o1,False,-445.40366430155797,-466.6379119262492
constant,0,6,true,poisson_shared,loop_omitted,6,5,"(((a.1,b),c),a.2)",g05_o1,False,-383.370175995806,-468.47471247132245
constant,0,6,true,poisson_shared,loop_omitted,7,16,"(((a,b),c.1),c.2)",g16_o1,False,-452.7696889026752,-477.3224535668349
constant,0,6,true,poisson_shared,loop_omitted,8,19,"(((b,c.1),a),c.2)",g19_o1,False,-457.50219272892673,-497.89496191869335
constant,0,6,true,poisson_shared,loop_omitted,9,11,"(((a,b.1),c),b.2)",g11_o1,False,-281.0679150581104,-795.8664797824088
constant,0,6,true,poisson_shared,loop_omitted,10,4,"(((a.1,b),a.2),c)",g04_o1,False,-366.4758602726185,-883.171758281579
constant,0,6,true,poisson_shared,loop_omitted,11,13,"(((b.1,c),a),b.2)",g13_o1,False,-891.1697402816596,-939.0548796858843
constant,0,6,true,poisson_shared,loop_omitted,12,14,"(((b.1,c),b.2),a)",g14_o1,False,-888.0837179412156,-950.6129894828362
constant,0,6,true,poisson_shared,loop_omitted,13,18,"(((a,c.1),c.2),b)",g18_o1,False,-874.8339729547004,-979.8817098495423
constant,0,6,true,poisson_shared,loop_omitted,14,21,"((a,c.1),(b,c.2))",g21_o2,False,-874.9814358485955,-997.4457411296762
constant,0,6,true,poisson_shared,loop_omitted,15,7,"(((a.1,c),b),a.2)",g07_o1,False,-992.2849052142748,-1013.1275364963475
constant,0,6,true,poisson_shared,loop_omitted,16,6,"(((a.1,c),a.2),b)",g06_o1,False,-1010.6391438474492,-1025.2804927071804
constant,0,6,true,poisson_shared,loop_omitted,17,20,"(((b,c.1),c.2),a)",g20_o1,False,-999.5498347844916,-1049.1950673205163
constant,0,6,true,poisson_shared,loop_omitted,18,3,"((b,c),a)",g03_o1,False,-1370.9771459017456,-1376.3420197474704
constant,0,6,true,poisson_shared,loop_omitted,19,8,"(((b,c),a.1),a.2)",g08_o2,False,-1282.806427170517,-1393.0321471379787
constant,0,6,true,poisson_shared,loop_omitted,20,2,"((a,c),b)",g02_o1,False,-1401.967808177053,-1410.1304564583804
constant,0,6,true,poisson_shared,loop_omitted,21,12,"(((a,c),b.1),b.2)",g12_o1,False,-1331.5932736504828,-1437.0561259534552
constant,0,6,true,poisson_shared,including_loop,1,15,"((a,b.1),(b.2,c))",g15_o1,False,-210.6795018128792,-223.1464519748806
constant,0,6,true,poisson_shared,including_loop,2,22,"b-loop + ((a,b.1),(b.2,c))",g22_o1,False,-224.24864318210015,-242.6943631909899
constant,0,6,true,poisson_shared,including_loop,3,10,"(((a,b.1),b.2),c)",g10_o1,False,-273.99477701867755,-298.2398991819754
constant,0,6,true,poisson_shared,including_loop,4,9,"((a.1,b),(a.2,c))",g09_o1,False,-395.9904714531391,-441.61636029352206
constant,0,6,true,poisson_shared,including_loop,5,1,"((a,b),c)",g01_o1,False,-451.44812605419423,-456.7307567270968
constant,0,6,true,poisson_shared,including_loop,6,17,"(((a,c.1),b),c.2)",g17_o1,False,-445.40366430155797,-466.6379119262492
constant,0,6,true,poisson_shared,including_loop,7,5,"(((a.1,b),c),a.2)",g05_o1,False,-383.370175995806,-468.47471247132245
constant,0,6,true,poisson_shared,including_loop,8,16,"(((a,b),c.1),c.2)",g16_o1,False,-452.7696889026752,-477.3224535668349
constant,0,6,true,poisson_shared,including_loop,9,19,"(((b,c.1),a),c.2)",g19_o1,False,-457.50219272892673,-497.89496191869335
constant,0,6,true,poisson_shared,including_loop,10,11,"(((a,b.1),c),b.2)",g11_o1,False,-281.0679150581104,-795.8664797824088
constant,0,6,true,poisson_shared,including_loop,11,4,"(((a.1,b),a.2),c)",g04_o1,False,-366.4758602726185,-883.171758281579
constant,0,6,true,poisson_shared,including_loop,12,13,"(((b.1,c),a),b.2)",g13_o1,False,-891.1697402816596,-939.0548796858843
constant,0,6,true,poisson_shared,including_loop,13,14,"(((b.1,c),b.2),a)",g14_o1,False,-888.0837179412156,-950.6129894828362
constant,0,6,true,poisson_shared,including_loop,14,18,"(((a,c.1),c.2),b)",g18_o1,False,-874.8339729547004,-979.8817098495423
constant,0,6,true,poisson_shared,including_loop,15,21,"((a,c.1),(b,c.2))",g21_o2,False,-874.9814358485955,-997.4457411296762
constant,0,6,true,poisson_shared,including_loop,16,7,"(((a.1,c),b),a.2)",g07_o1,False,-992.2849052142748,-1013.1275364963475
constant,0,6,true,poisson_shared,including_loop,17,6,"(((a.1,c),a.2),b)",g06_o1,False,-1010.6391438474492,-1025.2804927071804
constant,0,6,true,poisson_shared,including_loop,18,20,"(((b,c.1),c.2),a)",g20_o1,False,-999.5498347844916,-1049.1950673205163
constant,0,6,true,poisson_shared,including_loop,19,3,"((b,c),a)",g03_o1,False,-1370.9771459017456,-1376.3420197474704
constant,0,6,true,poisson_shared,including_loop,20,8,"(((b,c),a.1),a.2)",g08_o2,False,-1282.806427170517,-1393.0321471379787
constant,0,6,true,poisson_shared,including_loop,21,2,"((a,c),b)",g02_o1,False,-1401.967808177053,-1410.1304564583804
constant,0,6,true,poisson_shared,including_loop,22,12,"(((a,c),b.1),b.2)",g12_o1,False,-1331.5932736504828,-1437.0561259534552
constant,0,6,true,poisson_separate,loop_omitted,1,11,"(((a,b.1),c),b.2)",g11_o1,False,-258.70719911568443,-305.3029027290093
constant,0,6,true,poisson_separate,loop_omitted,2,10,"(((a,b.1),b.2),c)",g10_o1,False,-254.94308720376972,-312.0185173240281
constant,0,6,true,poisson_separate,loop_omitted,3,15,"((a,b.1),(b.2,c))",g15_o2,False,-227.42820086840206,-315.1018041401816
constant,0,6,true,poisson_separate,loop_omitted,4,1,"((a,b),c)",g01_o1,False,-298.34523584564363,-325.00265945868375
constant,0,6,true,poisson_separate,loop_omitted,5,17,"(((a,c.1),b),c.2)",g17_o1,False,-331.2847932544935,-364.79629471514187
constant,0,6,true,poisson_separate,loop_omitted,6,19,"(((b,c.1),a),c.2)",g19_o1,False,-329.0530017629177,-369.73153360213263
constant,0,6,true,poisson_separate,loop_omitted,7,4,"(((a.1,b),a.2),c)",g04_o1,False,-319.9284427501165,-488.77832815189674
constant,0,6,true,poisson_separate,loop_omitted,8,16,"(((a,b),c.1),c.2)",g16_o1,False,-321.591220658035,-492.00597712144213
constant,0,6,true,poisson_separate,loop_omitted,9,9,"((a.1,b),(a.2,c))",g09_o2,False,-325.9286459131199,-492.53704052888105
constant,0,6,true,poisson_separate,loop_omitted,10,5,"(((a.1,b),c),a.2)",g05_o1,False,-327.451219839009,-506.0346973709222
constant,0,6,true,poisson_separate,loop_omitted,11,3,"((b,c),a)",g03_o1,False,-655.653382966405,-683.6472460791343
constant,0,6,true,poisson_separate,loop_omitted,12,2,"((a,c),b)",g02_o1,False,-661.7901446611556,-701.6620406314797
constant,0,6,true,poisson_separate,loop_omitted,13,13,"(((b.1,c),a),b.2)",g13_o1,False,-668.8987994904614,-717.9635946586666
constant,0,6,true,poisson_separate,loop_omitted,14,7,"(((a.1,c),b),a.2)",g07_o1,False,-674.3917794834027,-720.1536930249572
constant,0,6,true,poisson_separate,loop_omitted,15,18,"(((a,c.1),c.2),b)",g18_o1,False,-680.139368048435,-733.9881113083201
constant,0,6,true,poisson_separate,loop_omitted,16,14,"(((b.1,c),b.2),a)",g14_o1,False,-673.041676647068,-738.8798851507647
constant,0,6,true,poisson_separate,loop_omitted,17,6,"(((a.1,c),a.2),b)",g06_o1,False,-682.4763697640011,-743.9850884687786
constant,0,6,true,poisson_separate,loop_omitted,18,21,"((a,c.1),(b,c.2))",g21_o2,False,-682.3848501741118,-750.8287175357063
constant,0,6,true,poisson_separate,loop_omitted,19,20,"(((b,c.1),c.2),a)",g20_o1,False,-682.8089396314269,-771.8744809510537
constant,0,6,true,poisson_separate,loop_omitted,20,8,"(((b,c),a.1),a.2)",g08_o2,False,-682.9242748110597,-949.4195670835834
constant,0,6,true,poisson_separate,loop_omitted,21,12,"(((a,c),b.1),b.2)",g12_o2,False,-682.5492751739799,-1032.438986729799
constant,0,6,true,poisson_separate,including_loop,1,22,"b-loop + ((a,b.1),(b.2,c))",g22_o1,False,-248.55134183384646,-277.14031138543015
constant,0,6,true,poisson_separate,including_loop,2,11,"(((a,b.1),c),b.2)",g11_o1,False,-258.70719911568443,-305.3029027290093
constant,0,6,true,poisson_separate,including_loop,3,10,"(((a,b.1),b.2),c)",g10_o1,False,-254.94308720376972,-312.0185173240281
constant,0,6,true,poisson_separate,including_loop,4,15,"((a,b.1),(b.2,c))",g15_o2,False,-227.42820086840206,-315.1018041401816
constant,0,6,true,poisson_separate,including_loop,5,1,"((a,b),c)",g01_o1,False,-298.34523584564363,-325.00265945868375
constant,0,6,true,poisson_separate,including_loop,6,17,"(((a,c.1),b),c.2)",g17_o1,False,-331.2847932544935,-364.79629471514187
constant,0,6,true,poisson_separate,including_loop,7,19,"(((b,c.1),a),c.2)",g19_o1,False,-329.0530017629177,-369.73153360213263
constant,0,6,true,poisson_separate,including_loop,8,4,"(((a.1,b),a.2),c)",g04_o1,False,-319.9284427501165,-488.77832815189674
constant,0,6,true,poisson_separate,including_loop,9,16,"(((a,b),c.1),c.2)",g16_o1,False,-321.591220658035,-492.00597712144213
constant,0,6,true,poisson_separate,including_loop,10,9,"((a.1,b),(a.2,c))",g09_o2,False,-325.9286459131199,-492.53704052888105
constant,0,6,true,poisson_separate,including_loop,11,5,"(((a.1,b),c),a.2)",g05_o1,False,-327.451219839009,-506.0346973709222
constant,0,6,true,poisson_separate,including_loop,12,3,"((b,c),a)",g03_o1,False,-655.653382966405,-683.6472460791343
constant,0,6,true,poisson_separate,including_loop,13,2,"((a,c),b)",g02_o1,False,-661.7901446611556,-701.6620406314797
constant,0,6,true,poisson_separate,including_loop,14,13,"(((b.1,c),a),b.2)",g13_o1,False,-668.8987994904614,-717.9635946586666
constant,0,6,true,poisson_separate,including_loop,15,7,"(((a.1,c),b),a.2)",g07_o1,False,-674.3917794834027,-720.1536930249572
constant,0,6,true,poisson_separate,including_loop,16,18,"(((a,c.1),c.2),b)",g18_o1,False,-680.139368048435,-733.9881113083201
constant,0,6,true,poisson_separate,including_loop,17,14,"(((b.1,c),b.2),a)",g14_o1,False,-673.041676647068,-738.8798851507647
constant,0,6,true,poisson_separate,including_loop,18,6,"(((a.1,c),a.2),b)",g06_o1,False,-682.4763697640011,-743.9850884687786
constant,0,6,true,poisson_separate,including_loop,19,21,"((a,c.1),(b,c.2))",g21_o2,False,-682.3848501741118,-750.8287175357063
constant,0,6,true,poisson_separate,including_loop,20,20,"(((b,c.1),c.2),a)",g20_o1,False,-682.8089396314269,-771.8744809510537
constant,0,6,true,poisson_separate,including_loop,21,8,"(((b,c),a.1),a.2)",g08_o2,False,-682.9242748110597,-949.4195670835834
constant,0,6,true,poisson_separate,including_loop,22,12,"(((a,c),b.1),b.2)",g12_o2,False,-682.5492751739799,-1032.438986729799
constant,0,6,hapibd,poisson_shared,loop_omitted,1,15,"((a,b.1),(b.2,c))",g15_o1,False,-208.78367065020396,-229.6512601730864
constant,0,6,hapibd,poisson_shared,loop_omitted,2,10,"(((a,b.1),b.2),c)",g10_o1,False,-280.4099116848149,-304.8902456323735
constant,0,6,hapibd,poisson_shared,loop_omitted,3,9,"((a.1,b),(a.2,c))",g09_o1,False,-389.12363920112944,-445.69012456917926
constant,0,6,hapibd,poisson_shared,loop_omitted,4,1,"((a,b),c)",g01_o1,False,-462.81043917246967,-470.74434972223764
constant,0,6,hapibd,poisson_shared,loop_omitted,5,17,"(((a,c.1),b),c.2)",g17_o1,False,-459.6317200961822,-476.8113996765437
constant,0,6,hapibd,poisson_shared,loop_omitted,6,16,"(((a,b),c.1),c.2)",g16_o2,False,-456.365014120455,-477.69593955057474
constant,0,6,hapibd,poisson_shared,loop_omitted,7,19,"(((b,c.1),a),c.2)",g19_o1,False,-453.5045455559908,-480.27781364514055
constant,0,6,hapibd,poisson_shared,loop_omitted,8,11,"(((a,b.1),c),b.2)",g11_o1,False,-278.84316945642286,-703.7279076031087
constant,0,6,hapibd,poisson_shared,loop_omitted,9,4,"(((a.1,b),a.2),c)",g04_o1,False,-366.946063781888,-826.1014328901464
constant,0,6,hapibd,poisson_shared,loop_omitted,10,5,"(((a.1,b),c),a.2)",g05_o1,False,-482.72607427993995,-904.1583531729815
constant,0,6,hapibd,poisson_shared,loop_omitted,11,14,"(((b.1,c),b.2),a)",g14_o1,False,-856.4606031261292,-909.8671351683723
constant,0,6,hapibd,poisson_shared,loop_omitted,12,13,"(((b.1,c),a),b.2)",g13_o1,False,-858.5367073145906,-911.4681927117656
constant,0,6,hapibd,poisson_shared,loop_omitted,13,18,"(((a,c.1),c.2),b)",g18_o1,False,-847.8980060004714,-936.5685600583943
constant,0,6,hapibd,poisson_shared,loop_omitted,14,21,"((a,c.1),(b,c.2))",g21_o1,False,-931.6778144054704,-976.354389889186
constant,0,6,hapibd,poisson_shared,loop_omitted,15,6,"(((a.1,c),a.2),b)",g06_o1,False,-957.9031879893664,-997.7114101042423
constant,0,6,hapibd,poisson_shared,loop_omitted,16,20,"(((b,c.1),c.2),a)",g20_o1,False,-973.9705138880843,-999.0286405374069
constant,0,6,hapibd,poisson_shared,loop_omitted,17,7,"(((a.1,c),b),a.2)",g07_o1,False,-945.7115582062848,-1125.9468731489212
constant,0,6,hapibd,poisson_shared,loop_omitted,18,3,"((b,c),a)",g03_o1,False,-1347.808648776149,-1352.6643770281657
constant,0,6,hapibd,poisson_shared,loop_omitted,19,8,"(((b,c),a.1),a.2)",g08_o2,False,-1225.7584627956417,-1353.6509338930612
constant,0,6,hapibd,poisson_shared,loop_omitted,20,12,"(((a,c),b.1),b.2)",g12_o1,False,-1304.451675576099,-1383.1193793515959
constant,0,6,hapibd,poisson_shared,loop_omitted,21,2,"((a,c),b)",g02_o1,False,-1379.2392375674372,-1384.3321347665872
constant,0,6,hapibd,poisson_shared,including_loop,1,15,"((a,b.1),(b.2,c))",g15_o1,False,-208.78367065020396,-229.6512601730864
constant,0,6,hapibd,poisson_shared,including_loop,2,22,"b-loop + ((a,b.1),(b.2,c))",g22_o1,False,-220.82706929867695,-242.41374755094114
constant,0,6,hapibd,poisson_shared,including_loop,3,10,"(((a,b.1),b.2),c)",g10_o1,False,-280.4099116848149,-304.8902456323735
constant,0,6,hapibd,poisson_shared,including_loop,4,9,"((a.1,b),(a.2,c))",g09_o1,False,-389.12363920112944,-445.69012456917926
constant,0,6,hapibd,poisson_shared,including_loop,5,1,"((a,b),c)",g01_o1,False,-462.81043917246967,-470.74434972223764
constant,0,6,hapibd,poisson_shared,including_loop,6,17,"(((a,c.1),b),c.2)",g17_o1,False,-459.6317200961822,-476.8113996765437
constant,0,6,hapibd,poisson_shared,including_loop,7,16,"(((a,b),c.1),c.2)",g16_o2,False,-456.365014120455,-477.69593955057474
constant,0,6,hapibd,poisson_shared,including_loop,8,19,"(((b,c.1),a),c.2)",g19_o1,False,-453.5045455559908,-480.27781364514055
constant,0,6,hapibd,poisson_shared,including_loop,9,11,"(((a,b.1),c),b.2)",g11_o1,False,-278.84316945642286,-703.7279076031087
constant,0,6,hapibd,poisson_shared,including_loop,10,4,"(((a.1,b),a.2),c)",g04_o1,False,-366.946063781888,-826.1014328901464
constant,0,6,hapibd,poisson_shared,including_loop,11,5,"(((a.1,b),c),a.2)",g05_o1,False,-482.72607427993995,-904.1583531729815
constant,0,6,hapibd,poisson_shared,including_loop,12,14,"(((b.1,c),b.2),a)",g14_o1,False,-856.4606031261292,-909.8671351683723
constant,0,6,hapibd,poisson_shared,including_loop,13,13,"(((b.1,c),a),b.2)",g13_o1,False,-858.5367073145906,-911.4681927117656
constant,0,6,hapibd,poisson_shared,including_loop,14,18,"(((a,c.1),c.2),b)",g18_o1,False,-847.8980060004714,-936.5685600583943
constant,0,6,hapibd,poisson_shared,including_loop,15,21,"((a,c.1),(b,c.2))",g21_o1,False,-931.6778144054704,-976.354389889186
constant,0,6,hapibd,poisson_shared,including_loop,16,6,"(((a.1,c),a.2),b)",g06_o1,False,-957.9031879893664,-997.7114101042423
constant,0,6,hapibd,poisson_shared,including_loop,17,20,"(((b,c.1),c.2),a)",g20_o1,False,-973.9705138880843,-999.0286405374069
constant,0,6,hapibd,poisson_shared,including_loop,18,7,"(((a.1,c),b),a.2)",g07_o1,False,-945.7115582062848,-1125.9468731489212
constant,0,6,hapibd,poisson_shared,including_loop,19,3,"((b,c),a)",g03_o1,False,-1347.808648776149,-1352.6643770281657
constant,0,6,hapibd,poisson_shared,including_loop,20,8,"(((b,c),a.1),a.2)",g08_o2,False,-1225.7584627956417,-1353.6509338930612
constant,0,6,hapibd,poisson_shared,including_loop,21,12,"(((a,c),b.1),b.2)",g12_o1,False,-1304.451675576099,-1383.1193793515959
constant,0,6,hapibd,poisson_shared,including_loop,22,2,"((a,c),b)",g02_o1,False,-1379.2392375674372,-1384.3321347665872
constant,0,6,hapibd,poisson_separate,loop_omitted,1,11,"(((a,b.1),c),b.2)",g11_o1,False,-251.49256857259172,-306.72013927863486
constant,0,6,hapibd,poisson_separate,loop_omitted,2,15,"((a,b.1),(b.2,c))",g15_o2,False,-228.98797785235067,-313.0990257900139
constant,0,6,hapibd,poisson_separate,loop_omitted,3,10,"(((a,b.1),b.2),c)",g10_o1,False,-251.65833193921083,-320.15792630118267
constant,0,6,hapibd,poisson_separate,loop_omitted,4,1,"((a,b),c)",g01_o1,False,-296.1968945018916,-322.9572396817351
constant,0,6,hapibd,poisson_separate,loop_omitted,5,17,"(((a,c.1),b),c.2)",g17_o1,False,-319.29142422437815,-355.63784979378687
constant,0,6,hapibd,poisson_separate,loop_omitted,6,9,"((a.1,b),(a.2,c))",g09_o2,False,-319.8333543141645,-365.7841673997683
constant,0,6,hapibd,poisson_separate,loop_omitted,7,19,"(((b,c.1),a),c.2)",g19_o1,False,-322.8409747550383,-368.89248264122426
constant,0,6,hapibd,poisson_separate,loop_omitted,8,4,"(((a.1,b),a.2),c)",g04_o1,False,-320.94436467931297,-460.3001270965836
constant,0,6,hapibd,poisson_separate,loop_omitted,9,5,"(((a.1,b),c),a.2)",g05_o1,False,-327.31313812628,-470.786149053141
constant,0,6,hapibd,poisson_separate,loop_omitted,10,16,"(((a,b),c.1),c.2)",g16_o1,False,-318.71676616539,-491.2181140633986
constant,0,6,hapibd,poisson_separate,loop_omitted,11,3,"((b,c),a)",g03_o1,False,-615.0591700322802,-630.64590247334
constant,0,6,hapibd,poisson_separate,loop_omitted,12,2,"((a,c),b)",g02_o1,False,-618.9528405449719,-646.6606988492365
constant,0,6,hapibd,poisson_separate,loop_omitted,13,13,"(((b.1,c),a),b.2)",g13_o1,False,-638.797754418419,-675.5280220655142
constant,0,6,hapibd,poisson_separate,loop_omitted,14,7,"(((a.1,c),b),a.2)",g07_o1,False,-636.6492646703016,-679.6344302803316
constant,0,6,hapibd,poisson_separate,loop_omitted,15,14,"(((b.1,c),b.2),a)",g14_o1,False,-635.4912876105226,-688.6253633655465
constant,0,6,hapibd,poisson_separate,loop_omitted,16,21,"((a,c.1),(b,c.2))",g21_o2,False,-638.1102969628517,-699.5467986001157
constant,0,6,hapibd,poisson_separate,loop_omitted,17,18,"(((a,c.1),c.2),b)",g18_o1,False,-651.4760273836077,-719.9996131400798
constant,0,6,hapibd,poisson_separate,loop_omitted,18,8,"(((b,c),a.1),a.2)",g08_o1,False,-643.730343538011,-880.6808864781505
constant,0,6,hapibd,poisson_separate,loop_omitted,19,20,"(((b,c.1),c.2),a)",g20_o1,False,-637.5633157021426,-893.9993773844562
constant,0,6,hapibd,poisson_separate,loop_omitted,20,12,"(((a,c),b.1),b.2)",g12_o1,False,-631.196234884663,-960.8728874819701
constant,0,6,hapibd,poisson_separate,loop_omitted,21,6,"(((a.1,c),a.2),b)",g06_o1,False,-647.8390292364273,-1052.5244327217295
constant,0,6,hapibd,poisson_separate,including_loop,1,22,"b-loop + ((a,b.1),(b.2,c))",g22_o1,False,-245.5819452609659,-294.4944324720644
constant,0,6,hapibd,poisson_separate,including_loop,2,11,"(((a,b.1),c),b.2)",g11_o1,False,-251.49256857259172,-306.72013927863486
constant,0,6,hapibd,poisson_separate,including_loop,3,15,"((a,b.1),(b.2,c))",g15_o2,False,-228.98797785235067,-313.0990257900139
constant,0,6,hapibd,poisson_separate,including_loop,4,10,"(((a,b.1),b.2),c)",g10_o1,False,-251.65833193921083,-320.15792630118267
constant,0,6,hapibd,poisson_separate,including_loop,5,1,"((a,b),c)",g01_o1,False,-296.1968945018916,-322.9572396817351
constant,0,6,hapibd,poisson_separate,including_loop,6,17,"(((a,c.1),b),c.2)",g17_o1,False,-319.29142422437815,-355.63784979378687
constant,0,6,hapibd,poisson_separate,including_loop,7,9,"((a.1,b),(a.2,c))",g09_o2,False,-319.8333543141645,-365.7841673997683
constant,0,6,hapibd,poisson_separate,including_loop,8,19,"(((b,c.1),a),c.2)",g19_o1,False,-322.8409747550383,-368.89248264122426
constant,0,6,hapibd,poisson_separate,including_loop,9,4,"(((a.1,b),a.2),c)",g04_o1,False,-320.94436467931297,-460.3001270965836
constant,0,6,hapibd,poisson_separate,including_loop,10,5,"(((a.1,b),c),a.2)",g05_o1,False,-327.31313812628,-470.786149053141
constant,0,6,hapibd,poisson_separate,including_loop,11,16,"(((a,b),c.1),c.2)",g16_o1,False,-318.71676616539,-491.2181140633986
constant,0,6,hapibd,poisson_separate,including_loop,12,3,"((b,c),a)",g03_o1,False,-615.0591700322802,-630.64590247334
constant,0,6,hapibd,poisson_separate,including_loop,13,2,"((a,c),b)",g02_o1,False,-618.9528405449719,-646.6606988492365
constant,0,6,hapibd,poisson_separate,including_loop,14,13,"(((b.1,c),a),b.2)",g13_o1,False,-638.797754418419,-675.5280220655142
constant,0,6,hapibd,poisson_separate,including_loop,15,7,"(((a.1,c),b),a.2)",g07_o1,False,-636.6492646703016,-679.6344302803316
constant,0,6,hapibd,poisson_separate,including_loop,16,14,"(((b.1,c),b.2),a)",g14_o1,False,-635.4912876105226,-688.6253633655465
constant,0,6,hapibd,poisson_separate,including_loop,17,21,"((a,c.1),(b,c.2))",g21_o2,False,-638.1102969628517,-699.5467986001157
constant,0,6,hapibd,poisson_separate,including_loop,18,18,"(((a,c.1),c.2),b)",g18_o1,False,-651.4760273836077,-719.9996131400798
constant,0,6,hapibd,poisson_separate,including_loop,19,8,"(((b,c),a.1),a.2)",g08_o1,False,-643.730343538011,-880.6808864781505
constant,0,6,hapibd,poisson_separate,including_loop,20,20,"(((b,c.1),c.2),a)",g20_o1,False,-637.5633157021426,-893.9993773844562
constant,0,6,hapibd,poisson_separate,including_loop,21,12,"(((a,c),b.1),b.2)",g12_o1,False,-631.196234884663,-960.8728874819701
constant,0,6,hapibd,poisson_separate,including_loop,22,6,"(((a.1,c),a.2),b)",g06_o1,False,-647.8390292364273,-1052.5244327217295
constant,0,7,true,poisson_shared,loop_omitted,1,15,"((a,b.1),(b.2,c))",g15_o1,False,-209.5161564953201,-227.20837020168145
constant,0,7,true,poisson_shared,loop_omitted,2,9,"((a.1,b),(a.2,c))",g09_o1,False,-427.4646450782561,-466.0258479714745
constant,0,7,true,poisson_shared,loop_omitted,3,1,"((a,b),c)",g01_o1,False,-478.8698368594388,-483.88363852141606
constant,0,7,true,poisson_shared,loop_omitted,4,17,"(((a,c.1),b),c.2)",g17_o1,False,-474.1845497788495,-496.9527718572185
constant,0,7,true,poisson_shared,loop_omitted,5,16,"(((a,b),c.1),c.2)",g16_o1,False,-476.3299852581981,-503.2095417225964
constant,0,7,true,poisson_shared,loop_omitted,6,5,"(((a.1,b),c),a.2)",g05_o1,False,-479.37293047714974,-515.4445781899336
constant,0,7,true,poisson_shared,loop_omitted,7,19,"(((b,c.1),a),c.2)",g19_o1,False,-477.33815619137147,-623.6549181721344
constant,0,7,true,poisson_shared,loop_omitted,8,11,"(((a,b.1),c),b.2)",g11_o1,False,-288.3172682386437,-793.7685726985579
constant,0,7,true,poisson_shared,loop_omitted,9,10,"(((a,b.1),b.2),c)",g10_o1,False,-285.3665388114034,-819.4864361601284
constant,0,7,true,poisson_shared,loop_omitted,10,4,"(((a.1,b),a.2),c)",g04_o1,False,-461.55371351059483,-941.6749810502735
constant,0,7,true,poisson_shared,loop_omitted,11,14,"(((b.1,c),b.2),a)",g14_o1,False,-895.4452693174716,-970.1106536655074
constant,0,7,true,poisson_shared,loop_omitted,12,13,"(((b.1,c),a),b.2)",g13_o1,False,-899.741566376004,-973.3436585385358
constant,0,7,true,poisson_shared,loop_omitted,13,18,"(((a,c.1),c.2),b)",g18_o1,False,-888.3276875697787,-997.0310153950139
constant,0,7,true,poisson_shared,loop_omitted,14,7,"(((a.1,c),b),a.2)",g07_o1,False,-1023.0151005834338,-1043.6554305960535
constant,0,7,true,poisson_shared,loop_omitted,15,21,"((a,c.1),(b,c.2))",g21_o2,False,-1011.9981113754809,-1051.5625839436616
constant,0,7,true,poisson_shared,loop_omitted,16,6,"(((a.1,c),a.2),b)",g06_o1,False,-1020.458278314149,-1063.2067698525293
constant,0,7,true,poisson_shared,loop_omitted,17,20,"(((b,c.1),c.2),a)",g20_o1,False,-1030.600905996953,-1065.715533393818
constant,0,7,true,poisson_shared,loop_omitted,18,3,"((b,c),a)",g03_o1,False,-1266.633543592891,-1376.3208080994011
constant,0,7,true,poisson_shared,loop_omitted,19,8,"(((b,c),a.1),a.2)",g08_o1,False,-1319.3069569657425,-1438.757094493988
constant,0,7,true,poisson_shared,loop_omitted,20,2,"((a,c),b)",g02_o1,False,-1457.230331145549,-1462.4593877738912
constant,0,7,true,poisson_shared,loop_omitted,21,12,"(((a,c),b.1),b.2)",g12_o1,False,-1365.4769013118937,-1475.441886834636
constant,0,7,true,poisson_shared,including_loop,1,15,"((a,b.1),(b.2,c))",g15_o1,False,-209.5161564953201,-227.20837020168145
constant,0,7,true,poisson_shared,including_loop,2,22,"b-loop + ((a,b.1),(b.2,c))",g22_o1,False,-223.9301365300931,-236.32441008638676
constant,0,7,true,poisson_shared,including_loop,3,9,"((a.1,b),(a.2,c))",g09_o1,False,-427.4646450782561,-466.0258479714745
constant,0,7,true,poisson_shared,including_loop,4,1,"((a,b),c)",g01_o1,False,-478.8698368594388,-483.88363852141606
constant,0,7,true,poisson_shared,including_loop,5,17,"(((a,c.1),b),c.2)",g17_o1,False,-474.1845497788495,-496.9527718572185
constant,0,7,true,poisson_shared,including_loop,6,16,"(((a,b),c.1),c.2)",g16_o1,False,-476.3299852581981,-503.2095417225964
constant,0,7,true,poisson_shared,including_loop,7,5,"(((a.1,b),c),a.2)",g05_o1,False,-479.37293047714974,-515.4445781899336
constant,0,7,true,poisson_shared,including_loop,8,19,"(((b,c.1),a),c.2)",g19_o1,False,-477.33815619137147,-623.6549181721344
constant,0,7,true,poisson_shared,including_loop,9,11,"(((a,b.1),c),b.2)",g11_o1,False,-288.3172682386437,-793.7685726985579
constant,0,7,true,poisson_shared,including_loop,10,10,"(((a,b.1),b.2),c)",g10_o1,False,-285.3665388114034,-819.4864361601284
constant,0,7,true,poisson_shared,including_loop,11,4,"(((a.1,b),a.2),c)",g04_o1,False,-461.55371351059483,-941.6749810502735
constant,0,7,true,poisson_shared,including_loop,12,14,"(((b.1,c),b.2),a)",g14_o1,False,-895.4452693174716,-970.1106536655074
constant,0,7,true,poisson_shared,including_loop,13,13,"(((b.1,c),a),b.2)",g13_o1,False,-899.741566376004,-973.3436585385358
constant,0,7,true,poisson_shared,including_loop,14,18,"(((a,c.1),c.2),b)",g18_o1,False,-888.3276875697787,-997.0310153950139
constant,0,7,true,poisson_shared,including_loop,15,7,"(((a.1,c),b),a.2)",g07_o1,False,-1023.0151005834338,-1043.6554305960535
constant,0,7,true,poisson_shared,including_loop,16,21,"((a,c.1),(b,c.2))",g21_o2,False,-1011.9981113754809,-1051.5625839436616
constant,0,7,true,poisson_shared,including_loop,17,6,"(((a.1,c),a.2),b)",g06_o1,False,-1020.458278314149,-1063.2067698525293
constant,0,7,true,poisson_shared,including_loop,18,20,"(((b,c.1),c.2),a)",g20_o1,False,-1030.600905996953,-1065.715533393818
constant,0,7,true,poisson_shared,including_loop,19,3,"((b,c),a)",g03_o1,False,-1266.633543592891,-1376.3208080994011
constant,0,7,true,poisson_shared,including_loop,20,8,"(((b,c),a.1),a.2)",g08_o1,False,-1319.3069569657425,-1438.757094493988
constant,0,7,true,poisson_shared,including_loop,21,2,"((a,c),b)",g02_o1,False,-1457.230331145549,-1462.4593877738912
constant,0,7,true,poisson_shared,including_loop,22,12,"(((a,c),b.1),b.2)",g12_o1,False,-1365.4769013118937,-1475.441886834636
constant,0,7,true,poisson_separate,loop_omitted,1,11,"(((a,b.1),c),b.2)",g11_o1,False,-263.59604558177887,-324.14994607237514
constant,0,7,true,poisson_separate,loop_omitted,2,10,"(((a,b.1),b.2),c)",g10_o1,False,-258.90569712302124,-339.07605788854244
constant,0,7,true,poisson_separate,loop_omitted,3,1,"((a,b),c)",g01_o1,False,-327.25226284648204,-345.130519413012
constant,0,7,true,poisson_separate,loop_omitted,4,15,"((a,b.1),(b.2,c))",g15_o2,False,-229.3054121825905,-367.18066115576545
constant,0,7,true,poisson_separate,loop_omitted,5,9,"((a.1,b),(a.2,c))",g09_o2,False,-353.63059178105414,-388.1789279071191
constant,0,7,true,poisson_separate,loop_omitted,6,19,"(((b,c.1),a),c.2)",g19_o1,False,-346.20561332541325,-397.4728755819488
constant,0,7,true,poisson_separate,loop_omitted,7,17,"(((a,c.1),b),c.2)",g17_o1,False,-346.76182680800207,-420.25195600234576
constant,0,7,true,poisson_separate,loop_omitted,8,4,"(((a.1,b),a.2),c)",g04_o1,False,-353.28652690151057,-500.30410109492374
constant,0,7,true,poisson_separate,loop_omitted,9,16,"(((a,b),c.1),c.2)",g16_o1,False,-350.4536484053157,-505.1656633886576
constant,0,7,true,poisson_separate,loop_omitted,10,5,"(((a.1,b),c),a.2)",g05_o1,False,-352.74990287114963,-512.6739470111669
constant,0,7,true,poisson_separate,loop_omitted,11,3,"((b,c),a)",g03_o1,False,-679.0984722656584,-704.9988575241134
constant,0,7,true,poisson_separate,loop_omitted,12,2,"((a,c),b)",g02_o1,False,-682.4382509777265,-707.5618434822838
constant,0,7,true,poisson_separate,loop_omitted,13,13,"(((b.1,c),a),b.2)",g13_o1,False,-697.6635730814821,-734.3494248470937
constant,0,7,true,poisson_separate,loop_omitted,14,14,"(((b.1,c),b.2),a)",g14_o1,False,-699.5558408564622,-741.0290802532078
constant,0,7,true,poisson_separate,loop_omitted,15,7,"(((a.1,c),b),a.2)",g07_o1,False,-699.6855605314928,-749.1537727746297
constant,0,7,true,poisson_separate,loop_omitted,16,6,"(((a.1,c),a.2),b)",g06_o1,False,-706.4120812086899,-764.71841680439
constant,0,7,true,poisson_separate,loop_omitted,17,18,"(((a,c.1),c.2),b)",g18_o1,False,-690.2828710799231,-766.1320409730607
constant,0,7,true,poisson_separate,loop_omitted,18,20,"(((b,c.1),c.2),a)",g20_o1,False,-706.5269824713264,-937.1388810872135
constant,0,7,true,poisson_separate,loop_omitted,19,12,"(((a,c),b.1),b.2)",g12_o1,False,-700.6794203860427,-1048.1512784087456
constant,0,7,true,poisson_separate,loop_omitted,20,8,"(((b,c),a.1),a.2)",g08_o1,False,-696.0032499904938,-1114.9455055517287
constant,0,7,true,poisson_separate,loop_omitted,21,21,"((a,c.1),(b,c.2))",g21_o2,False,-706.005604877504,-1121.5865373225447
constant,0,7,true,poisson_separate,including_loop,1,22,"b-loop + ((a,b.1),(b.2,c))",g22_o1,False,-240.9238257085011,-274.8513845614681
constant,0,7,true,poisson_separate,including_loop,2,11,"(((a,b.1),c),b.2)",g11_o1,False,-263.59604558177887,-324.14994607237514
constant,0,7,true,poisson_separate,including_loop,3,10,"(((a,b.1),b.2),c)",g10_o1,False,-258.90569712302124,-339.07605788854244
constant,0,7,true,poisson_separate,including_loop,4,1,"((a,b),c)",g01_o1,False,-327.25226284648204,-345.130519413012
constant,0,7,true,poisson_separate,including_loop,5,15,"((a,b.1),(b.2,c))",g15_o2,False,-229.3054121825905,-367.18066115576545
constant,0,7,true,poisson_separate,including_loop,6,9,"((a.1,b),(a.2,c))",g09_o2,False,-353.63059178105414,-388.1789279071191
constant,0,7,true,poisson_separate,including_loop,7,19,"(((b,c.1),a),c.2)",g19_o1,False,-346.20561332541325,-397.4728755819488
constant,0,7,true,poisson_separate,including_loop,8,17,"(((a,c.1),b),c.2)",g17_o1,False,-346.76182680800207,-420.25195600234576
constant,0,7,true,poisson_separate,including_loop,9,4,"(((a.1,b),a.2),c)",g04_o1,False,-353.28652690151057,-500.30410109492374
constant,0,7,true,poisson_separate,including_loop,10,16,"(((a,b),c.1),c.2)",g16_o1,False,-350.4536484053157,-505.1656633886576
constant,0,7,true,poisson_separate,including_loop,11,5,"(((a.1,b),c),a.2)",g05_o1,False,-352.74990287114963,-512.6739470111669
constant,0,7,true,poisson_separate,including_loop,12,3,"((b,c),a)",g03_o1,False,-679.0984722656584,-704.9988575241134
constant,0,7,true,poisson_separate,including_loop,13,2,"((a,c),b)",g02_o1,False,-682.4382509777265,-707.5618434822838
constant,0,7,true,poisson_separate,including_loop,14,13,"(((b.1,c),a),b.2)",g13_o1,False,-697.6635730814821,-734.3494248470937
constant,0,7,true,poisson_separate,including_loop,15,14,"(((b.1,c),b.2),a)",g14_o1,False,-699.5558408564622,-741.0290802532078
constant,0,7,true,poisson_separate,including_loop,16,7,"(((a.1,c),b),a.2)",g07_o1,False,-699.6855605314928,-749.1537727746297
constant,0,7,true,poisson_separate,including_loop,17,6,"(((a.1,c),a.2),b)",g06_o1,False,-706.4120812086899,-764.71841680439
constant,0,7,true,poisson_separate,including_loop,18,18,"(((a,c.1),c.2),b)",g18_o1,False,-690.2828710799231,-766.1320409730607
constant,0,7,true,poisson_separate,including_loop,19,20,"(((b,c.1),c.2),a)",g20_o1,False,-706.5269824713264,-937.1388810872135
constant,0,7,true,poisson_separate,including_loop,20,12,"(((a,c),b.1),b.2)",g12_o1,False,-700.6794203860427,-1048.1512784087456
constant,0,7,true,poisson_separate,including_loop,21,8,"(((b,c),a.1),a.2)",g08_o1,False,-696.0032499904938,-1114.9455055517287
constant,0,7,true,poisson_separate,including_loop,22,21,"((a,c.1),(b,c.2))",g21_o2,False,-706.005604877504,-1121.5865373225447
constant,0,7,hapibd,poisson_shared,loop_omitted,1,15,"((a,b.1),(b.2,c))",g15_o1,False,-210.75105509655296,-224.37608877437177
constant,0,7,hapibd,poisson_shared,loop_omitted,2,9,"((a.1,b),(a.2,c))",g09_o1,False,-426.2521485112788,-463.65642630335816
constant,0,7,hapibd,poisson_shared,loop_omitted,3,17,"(((a,c.1),b),c.2)",g17_o1,False,-478.09467251518623,-494.4592853755102
constant,0,7,hapibd,poisson_shared,loop_omitted,4,1,"((a,b),c)",g01_o1,False,-493.7703899782367,-499.6148753948761
constant,0,7,hapibd,poisson_shared,loop_omitted,5,16,"(((a,b),c.1),c.2)",g16_o2,False,-481.7596600844466,-501.4856554525345
constant,0,7,hapibd,poisson_shared,loop_omitted,6,19,"(((b,c.1),a),c.2)",g19_o1,False,-475.4421196035345,-504.44297579078585
constant,0,7,hapibd,poisson_shared,loop_omitted,7,5,"(((a.1,b),c),a.2)",g05_o1,False,-483.1960595539514,-534.9305508092402
constant,0,7,hapibd,poisson_shared,loop_omitted,8,11,"(((a,b.1),c),b.2)",g11_o1,False,-300.4353749125513,-785.1397591751604
constant,0,7,hapibd,poisson_shared,loop_omitted,9,10,"(((a,b.1),b.2),c)",g10_o1,False,-292.0543814345057,-800.1807664308565
constant,0,7,hapibd,poisson_shared,loop_omitted,10,4,"(((a.1,b),a.2),c)",g04_o1,False,-404.3392439523768,-859.5627103573205
constant,0,7,hapibd,poisson_shared,loop_omitted,11,14,"(((b.1,c),b.2),a)",g14_o1,False,-853.2669601080948,-908.0028588233973
constant,0,7,hapibd,poisson_shared,loop_omitted,12,13,"(((b.1,c),a),b.2)",g13_o1,False,-853.0832223400395,-912.9242144122353
constant,0,7,hapibd,poisson_shared,loop_omitted,13,18,"(((a,c.1),c.2),b)",g18_o1,False,-851.1081690861148,-973.3368472457787
constant,0,7,hapibd,poisson_shared,loop_omitted,14,21,"((a,c.1),(b,c.2))",g21_o2,False,-848.5287888890016,-988.9353590655302
constant,0,7,hapibd,poisson_shared,loop_omitted,15,20,"(((b,c.1),c.2),a)",g20_o1,False,-932.8401736930339,-998.5739108672472
constant,0,7,hapibd,poisson_shared,loop_omitted,16,7,"(((a.1,c),b),a.2)",g07_o1,False,-978.9062000284066,-1026.5485431808206
constant,0,7,hapibd,poisson_shared,loop_omitted,17,6,"(((a.1,c),a.2),b)",g06_o1,False,-1009.0069159716297,-1039.961267075348
constant,0,7,hapibd,poisson_shared,loop_omitted,18,3,"((b,c),a)",g03_o1,False,-1222.2983451338232,-1335.0058037610604
constant,0,7,hapibd,poisson_shared,loop_omitted,19,8,"(((b,c),a.1),a.2)",g08_o2,False,-1245.703853209066,-1385.5845371322546
constant,0,7,hapibd,poisson_shared,loop_omitted,20,2,"((a,c),b)",g02_o1,False,-1411.5070845697362,-1418.090428198737
constant,0,7,hapibd,poisson_shared,loop_omitted,21,12,"(((a,c),b.1),b.2)",g12_o1,False,-1330.3304188024326,-1423.3930953983147
constant,0,7,hapibd,poisson_shared,including_loop,1,15,"((a,b.1),(b.2,c))",g15_o1,False,-210.75105509655296,-224.37608877437177
constant,0,7,hapibd,poisson_shared,including_loop,2,22,"b-loop + ((a,b.1),(b.2,c))",g22_o1,False,-220.1008350910356,-240.54453076292526
constant,0,7,hapibd,poisson_shared,including_loop,3,9,"((a.1,b),(a.2,c))",g09_o1,False,-426.2521485112788,-463.65642630335816
constant,0,7,hapibd,poisson_shared,including_loop,4,17,"(((a,c.1),b),c.2)",g17_o1,False,-478.09467251518623,-494.4592853755102
constant,0,7,hapibd,poisson_shared,including_loop,5,1,"((a,b),c)",g01_o1,False,-493.7703899782367,-499.6148753948761
constant,0,7,hapibd,poisson_shared,including_loop,6,16,"(((a,b),c.1),c.2)",g16_o2,False,-481.7596600844466,-501.4856554525345
constant,0,7,hapibd,poisson_shared,including_loop,7,19,"(((b,c.1),a),c.2)",g19_o1,False,-475.4421196035345,-504.44297579078585
constant,0,7,hapibd,poisson_shared,including_loop,8,5,"(((a.1,b),c),a.2)",g05_o1,False,-483.1960595539514,-534.9305508092402
constant,0,7,hapibd,poisson_shared,including_loop,9,11,"(((a,b.1),c),b.2)",g11_o1,False,-300.4353749125513,-785.1397591751604
constant,0,7,hapibd,poisson_shared,including_loop,10,10,"(((a,b.1),b.2),c)",g10_o1,False,-292.0543814345057,-800.1807664308565
constant,0,7,hapibd,poisson_shared,including_loop,11,4,"(((a.1,b),a.2),c)",g04_o1,False,-404.3392439523768,-859.5627103573205
constant,0,7,hapibd,poisson_shared,including_loop,12,14,"(((b.1,c),b.2),a)",g14_o1,False,-853.2669601080948,-908.0028588233973
constant,0,7,hapibd,poisson_shared,including_loop,13,13,"(((b.1,c),a),b.2)",g13_o1,False,-853.0832223400395,-912.9242144122353
constant,0,7,hapibd,poisson_shared,including_loop,14,18,"(((a,c.1),c.2),b)",g18_o1,False,-851.1081690861148,-973.3368472457787
constant,0,7,hapibd,poisson_shared,including_loop,15,21,"((a,c.1),(b,c.2))",g21_o2,False,-848.5287888890016,-988.9353590655302
constant,0,7,hapibd,poisson_shared,including_loop,16,20,"(((b,c.1),c.2),a)",g20_o1,False,-932.8401736930339,-998.5739108672472
constant,0,7,hapibd,poisson_shared,including_loop,17,7,"(((a.1,c),b),a.2)",g07_o1,False,-978.9062000284066,-1026.5485431808206
constant,0,7,hapibd,poisson_shared,including_loop,18,6,"(((a.1,c),a.2),b)",g06_o1,False,-1009.0069159716297,-1039.961267075348
constant,0,7,hapibd,poisson_shared,including_loop,19,3,"((b,c),a)",g03_o1,False,-1222.2983451338232,-1335.0058037610604
constant,0,7,hapibd,poisson_shared,including_loop,20,8,"(((b,c),a.1),a.2)",g08_o2,False,-1245.703853209066,-1385.5845371322546
constant,0,7,hapibd,poisson_shared,including_loop,21,2,"((a,c),b)",g02_o1,False,-1411.5070845697362,-1418.090428198737
constant,0,7,hapibd,poisson_shared,including_loop,22,12,"(((a,c),b.1),b.2)",g12_o1,False,-1330.3304188024326,-1423.3930953983147
constant,0,7,hapibd,poisson_separate,loop_omitted,1,15,"((a,b.1),(b.2,c))",g15_o1,False,-224.3699829349781,-309.6954147620888
constant,0,7,hapibd,poisson_separate,loop_omitted,2,10,"(((a,b.1),b.2),c)",g10_o1,False,-270.91780257787303,-319.0386951215008
constant,0,7,hapibd,poisson_separate,loop_omitted,3,11,"(((a,b.1),c),b.2)",g11_o1,False,-267.353327360162,-335.9627870405454
constant,0,7,hapibd,poisson_separate,loop_omitted,4,1,"((a,b),c)",g01_o1,False,-328.4491741154044,-349.78948091697566
constant,0,7,hapibd,poisson_separate,loop_omitted,5,19,"(((b,c.1),a),c.2)",g19_o1,False,-338.5251800109097,-381.0386710042367
constant,0,7,hapibd,poisson_separate,loop_omitted,6,9,"((a.1,b),(a.2,c))",g09_o2,False,-345.4628660517404,-440.8774865993223
constant,0,7,hapibd,poisson_separate,loop_omitted,7,17,"(((a,c.1),b),c.2)",g17_o1,False,-345.39611671246973,-508.8406894719379
constant,0,7,hapibd,poisson_separate,loop_omitted,8,16,"(((a,b),c.1),c.2)",g16_o1,False,-346.3603609422632,-518.6155480357949
constant,0,7,hapibd,poisson_separate,loop_omitted,9,5,"(((a.1,b),c),a.2)",g05_o1,False,-349.4839777778885,-520.7917395133157
constant,0,7,hapibd,poisson_separate,loop_omitted,10,4,"(((a.1,b),a.2),c)",g04_o1,False,-353.30276233990224,-526.3080889972842
constant,0,7,hapibd,poisson_separate,loop_omitted,11,3,"((b,c),a)",g03_o1,False,-630.0009851534221,-654.5641351087236
constant,0,7,hapibd,poisson_separate,loop_omitted,12,2,"((a,c),b)",g02_o1,False,-642.4431696257313,-673.1115647353676
constant,0,7,hapibd,poisson_separate,loop_omitted,13,7,"(((a.1,c),b),a.2)",g07_o1,False,-660.8600413674375,-707.6981590784535
constant,0,7,hapibd,poisson_separate,loop_omitted,14,13,"(((b.1,c),a),b.2)",g13_o1,False,-650.5021673455544,-710.1950938857967
constant,0,7,hapibd,poisson_separate,loop_omitted,15,14,"(((b.1,c),b.2),a)",g14_o1,False,-649.89314456525,-711.8531608096685
constant,0,7,hapibd,poisson_separate,loop_omitted,16,18,"(((a,c.1),c.2),b)",g18_o1,False,-656.038962691812,-720.374830046065
constant,0,7,hapibd,poisson_separate,loop_omitted,17,21,"((a,c.1),(b,c.2))",g21_o2,False,-656.613583180199,-728.4200103443704
constant,0,7,hapibd,poisson_separate,loop_omitted,18,8,"(((b,c),a.1),a.2)",g08_o1,False,-655.824730284339,-883.0977868458828
constant,0,7,hapibd,poisson_separate,loop_omitted,19,20,"(((b,c.1),c.2),a)",g20_o1,False,-654.3782458630611,-896.0121306391461
constant,0,7,hapibd,poisson_separate,loop_omitted,20,12,"(((a,c),b.1),b.2)",g12_o2,False,-655.084737332777,-1021.2678172853294
constant,0,7,hapibd,poisson_separate,loop_omitted,21,6,"(((a.1,c),a.2),b)",g06_o1,False,-649.9934109508404,-1223.5921104632805
constant,0,7,hapibd,poisson_separate,including_loop,1,22,"b-loop + ((a,b.1),(b.2,c))",g22_o1,False,-243.89934866874208,-269.16698114065616
constant,0,7,hapibd,poisson_separate,including_loop,2,15,"((a,b.1),(b.2,c))",g15_o1,False,-224.3699829349781,-309.6954147620888
constant,0,7,hapibd,poisson_separate,including_loop,3,10,"(((a,b.1),b.2),c)",g10_o1,False,-270.91780257787303,-319.0386951215008
constant,0,7,hapibd,poisson_separate,including_loop,4,11,"(((a,b.1),c),b.2)",g11_o1,False,-267.353327360162,-335.9627870405454
constant,0,7,hapibd,poisson_separate,including_loop,5,1,"((a,b),c)",g01_o1,False,-328.4491741154044,-349.78948091697566
constant,0,7,hapibd,poisson_separate,including_loop,6,19,"(((b,c.1),a),c.2)",g19_o1,False,-338.5251800109097,-381.0386710042367
constant,0,7,hapibd,poisson_separate,including_loop,7,9,"((a.1,b),(a.2,c))",g09_o2,False,-345.4628660517404,-440.8774865993223
constant,0,7,hapibd,poisson_separate,including_loop,8,17,"(((a,c.1),b),c.2)",g17_o1,False,-345.39611671246973,-508.8406894719379
constant,0,7,hapibd,poisson_separate,including_loop,9,16,"(((a,b),c.1),c.2)",g16_o1,False,-346.3603609422632,-518.6155480357949
constant,0,7,hapibd,poisson_separate,including_loop,10,5,"(((a.1,b),c),a.2)",g05_o1,False,-349.4839777778885,-520.7917395133157
constant,0,7,hapibd,poisson_separate,including_loop,11,4,"(((a.1,b),a.2),c)",g04_o1,False,-353.30276233990224,-526.3080889972842
constant,0,7,hapibd,poisson_separate,including_loop,12,3,"((b,c),a)",g03_o1,False,-630.0009851534221,-654.5641351087236
constant,0,7,hapibd,poisson_separate,including_loop,13,2,"((a,c),b)",g02_o1,False,-642.4431696257313,-673.1115647353676
constant,0,7,hapibd,poisson_separate,including_loop,14,7,"(((a.1,c),b),a.2)",g07_o1,False,-660.8600413674375,-707.6981590784535
constant,0,7,hapibd,poisson_separate,including_loop,15,13,"(((b.1,c),a),b.2)",g13_o1,False,-650.5021673455544,-710.1950938857967
constant,0,7,hapibd,poisson_separate,including_loop,16,14,"(((b.1,c),b.2),a)",g14_o1,False,-649.89314456525,-711.8531608096685
constant,0,7,hapibd,poisson_separate,including_loop,17,18,"(((a,c.1),c.2),b)",g18_o1,False,-656.038962691812,-720.374830046065
constant,0,7,hapibd,poisson_separate,including_loop,18,21,"((a,c.1),(b,c.2))",g21_o2,False,-656.613583180199,-728.4200103443704
constant,0,7,hapibd,poisson_separate,including_loop,19,8,"(((b,c),a.1),a.2)",g08_o1,False,-655.824730284339,-883.0977868458828
constant,0,7,hapibd,poisson_separate,including_loop,20,20,"(((b,c.1),c.2),a)",g20_o1,False,-654.3782458630611,-896.0121306391461
constant,0,7,hapibd,poisson_separate,including_loop,21,12,"(((a,c),b.1),b.2)",g12_o2,False,-655.084737332777,-1021.2678172853294
constant,0,7,hapibd,poisson_separate,including_loop,22,6,"(((a.1,c),a.2),b)",g06_o1,False,-649.9934109508404,-1223.5921104632805
constant,0,8,true,poisson_shared,loop_omitted,1,15,"((a,b.1),(b.2,c))",g15_o1,False,-222.21860542073554,-234.4767652756495
constant,0,8,true,poisson_shared,loop_omitted,2,10,"(((a,b.1),b.2),c)",g10_o1,False,-273.39031209257143,-294.40802589371714
constant,0,8,true,poisson_shared,loop_omitted,3,11,"(((a,b.1),c),b.2)",g11_o1,False,-274.18978719845876,-306.1348116278688
constant,0,8,true,poisson_shared,loop_omitted,4,9,"((a.1,b),(a.2,c))",g09_o1,False,-374.86220711000095,-433.3267111077924
constant,0,8,true,poisson_shared,loop_omitted,5,1,"((a,b),c)",g01_o1,False,-445.31598163488053,-450.9666816727022
constant,0,8,true,poisson_shared,loop_omitted,6,17,"(((a,c.1),b),c.2)",g17_o1,False,-432.659528838318,-456.0821346161379
constant,0,8,true,poisson_shared,loop_omitted,7,5,"(((a.1,b),c),a.2)",g05_o1,False,-429.11652114451664,-472.6476509821642
constant,0,8,true,poisson_shared,loop_omitted,8,16,"(((a,b),c.1),c.2)",g16_o1,False,-447.2795770045279,-473.46975868332026
constant,0,8,true,poisson_shared,loop_omitted,9,19,"(((b,c.1),a),c.2)",g19_o1,False,-444.28650250443735,-478.2485209058417
constant,0,8,true,poisson_shared,loop_omitted,10,4,"(((a.1,b),a.2),c)",g04_o1,False,-352.67029599144956,-821.8760658063445
constant,0,8,true,poisson_shared,loop_omitted,11,14,"(((b.1,c),b.2),a)",g14_o1,False,-960.1057644359764,-998.9923980666152
constant,0,8,true,poisson_shared,loop_omitted,12,13,"(((b.1,c),a),b.2)",g13_o1,False,-967.4966077523395,-1026.3994662358184
constant,0,8,true,poisson_shared,loop_omitted,13,18,"(((a,c.1),c.2),b)",g18_o1,False,-898.0964029353177,-1041.6231196578226
constant,0,8,true,poisson_shared,loop_omitted,14,21,"((a,c.1),(b,c.2))",g21_o1,False,-1013.6117251679844,-1059.5410897221548
constant,0,8,true,poisson_shared,loop_omitted,15,20,"(((b,c.1),c.2),a)",g20_o1,False,-1035.4792019794245,-1090.3014969558026
constant,0,8,true,poisson_shared,loop_omitted,16,6,"(((a.1,c),a.2),b)",g06_o1,False,-1071.1729828299283,-1094.4297044205887
constant,0,8,true,poisson_shared,loop_omitted,17,7,"(((a.1,c),b),a.2)",g07_o1,False,-1052.1713749326655,-1221.5984580615336
constant,0,8,true,poisson_shared,loop_omitted,18,3,"((b,c),a)",g03_o1,False,-1286.0292774211807,-1404.3452031493212
constant,0,8,true,poisson_shared,loop_omitted,19,8,"(((b,c),a.1),a.2)",g08_o1,False,-1289.8661434615437,-1451.8175866558865
constant,0,8,true,poisson_shared,loop_omitted,20,12,"(((a,c),b.1),b.2)",g12_o1,False,-1423.116983885384,-1483.9792815254482
constant,0,8,true,poisson_shared,loop_omitted,21,2,"((a,c),b)",g02_o1,False,-1486.0574355140025,-1492.0585213311
constant,0,8,true,poisson_shared,including_loop,1,15,"((a,b.1),(b.2,c))",g15_o1,False,-222.21860542073554,-234.4767652756495
constant,0,8,true,poisson_shared,including_loop,2,22,"b-loop + ((a,b.1),(b.2,c))",g22_o1,False,-230.93001477233742,-247.38454706391101
constant,0,8,true,poisson_shared,including_loop,3,10,"(((a,b.1),b.2),c)",g10_o1,False,-273.39031209257143,-294.40802589371714
constant,0,8,true,poisson_shared,including_loop,4,11,"(((a,b.1),c),b.2)",g11_o1,False,-274.18978719845876,-306.1348116278688
constant,0,8,true,poisson_shared,including_loop,5,9,"((a.1,b),(a.2,c))",g09_o1,False,-374.86220711000095,-433.3267111077924
constant,0,8,true,poisson_shared,including_loop,6,1,"((a,b),c)",g01_o1,False,-445.31598163488053,-450.9666816727022
constant,0,8,true,poisson_shared,including_loop,7,17,"(((a,c.1),b),c.2)",g17_o1,False,-432.659528838318,-456.0821346161379
constant,0,8,true,poisson_shared,including_loop,8,5,"(((a.1,b),c),a.2)",g05_o1,False,-429.11652114451664,-472.6476509821642
constant,0,8,true,poisson_shared,including_loop,9,16,"(((a,b),c.1),c.2)",g16_o1,False,-447.2795770045279,-473.46975868332026
constant,0,8,true,poisson_shared,including_loop,10,19,"(((b,c.1),a),c.2)",g19_o1,False,-444.28650250443735,-478.2485209058417
constant,0,8,true,poisson_shared,including_loop,11,4,"(((a.1,b),a.2),c)",g04_o1,False,-352.67029599144956,-821.8760658063445
constant,0,8,true,poisson_shared,including_loop,12,14,"(((b.1,c),b.2),a)",g14_o1,False,-960.1057644359764,-998.9923980666152
constant,0,8,true,poisson_shared,including_loop,13,13,"(((b.1,c),a),b.2)",g13_o1,False,-967.4966077523395,-1026.3994662358184
constant,0,8,true,poisson_shared,including_loop,14,18,"(((a,c.1),c.2),b)",g18_o1,False,-898.0964029353177,-1041.6231196578226
constant,0,8,true,poisson_shared,including_loop,15,21,"((a,c.1),(b,c.2))",g21_o1,False,-1013.6117251679844,-1059.5410897221548
constant,0,8,true,poisson_shared,including_loop,16,20,"(((b,c.1),c.2),a)",g20_o1,False,-1035.4792019794245,-1090.3014969558026
constant,0,8,true,poisson_shared,including_loop,17,6,"(((a.1,c),a.2),b)",g06_o1,False,-1071.1729828299283,-1094.4297044205887
constant,0,8,true,poisson_shared,including_loop,18,7,"(((a.1,c),b),a.2)",g07_o1,False,-1052.1713749326655,-1221.5984580615336
constant,0,8,true,poisson_shared,including_loop,19,3,"((b,c),a)",g03_o1,False,-1286.0292774211807,-1404.3452031493212
constant,0,8,true,poisson_shared,including_loop,20,8,"(((b,c),a.1),a.2)",g08_o1,False,-1289.8661434615437,-1451.8175866558865
constant,0,8,true,poisson_shared,including_loop,21,12,"(((a,c),b.1),b.2)",g12_o1,False,-1423.116983885384,-1483.9792815254482
constant,0,8,true,poisson_shared,including_loop,22,2,"((a,c),b)",g02_o1,False,-1486.0574355140025,-1492.0585213311
constant,0,8,true,poisson_separate,loop_omitted,1,11,"(((a,b.1),c),b.2)",g11_o1,False,-251.4135878180958,-301.54703485149724
constant,0,8,true,poisson_separate,loop_omitted,2,10,"(((a,b.1),b.2),c)",g10_o1,False,-256.0287738301866,-322.50068242148444
constant,0,8,true,poisson_separate,loop_omitted,3,15,"((a,b.1),(b.2,c))",g15_o2,False,-242.55493259131237,-352.7348229494193
constant,0,8,true,poisson_separate,loop_omitted,4,19,"(((b,c.1),a),c.2)",g19_o1,False,-322.62549920640015,-353.0655347085065
constant,0,8,true,poisson_separate,loop_omitted,5,4,"(((a.1,b),a.2),c)",g04_o1,False,-318.6128233271334,-354.10401870633217
constant,0,8,true,poisson_separate,loop_omitted,6,17,"(((a,c.1),b),c.2)",g17_o1,False,-312.91319345295614,-362.9490088938447
constant,0,8,true,poisson_separate,loop_omitted,7,5,"(((a.1,b),c),a.2)",g05_o1,False,-323.990344983759,-396.3151268126584
constant,0,8,true,poisson_separate,loop_omitted,8,1,"((a,b),c)",g01_o1,False,-298.19737180954365,-417.00779204732265
constant,0,8,true,poisson_separate,loop_omitted,9,9,"((a.1,b),(a.2,c))",g09_o2,False,-324.23657884097304,-452.11293731130843
constant,0,8,true,poisson_separate,loop_omitted,10,16,"(((a,b),c.1),c.2)",g16_o1,False,-318.56375581198625,-455.07272819564037
constant,0,8,true,poisson_separate,loop_omitted,11,3,"((b,c),a)",g03_o1,False,-709.3527659128436,-733.6537503522397
constant,0,8,true,poisson_separate,loop_omitted,12,2,"((a,c),b)",g02_o1,False,-710.8249508662959,-747.4206637164144
constant,0,8,true,poisson_separate,loop_omitted,13,13,"(((b.1,c),a),b.2)",g13_o1,False,-726.3689332819517,-761.7398638020926
constant,0,8,true,poisson_separate,loop_omitted,14,7,"(((a.1,c),b),a.2)",g07_o1,False,-734.9913230223385,-769.1299015293038
constant,0,8,true,poisson_separate,loop_omitted,15,14,"(((b.1,c),b.2),a)",g14_o1,False,-729.2779989349013,-775.2992406346036
constant,0,8,true,poisson_separate,loop_omitted,16,6,"(((a.1,c),a.2),b)",g06_o1,False,-735.7231258083552,-779.4898392484629
constant,0,8,true,poisson_separate,loop_omitted,17,21,"((a,c.1),(b,c.2))",g21_o2,False,-727.1488483037075,-779.5525813098676
constant,0,8,true,poisson_separate,loop_omitted,18,8,"(((b,c),a.1),a.2)",g08_o2,False,-732.8035235645367,-951.3859493676717
constant,0,8,true,poisson_separate,loop_omitted,19,20,"(((b,c.1),c.2),a)",g20_o1,False,-724.1793091319366,-974.6782905959602
constant,0,8,true,poisson_separate,loop_omitted,20,12,"(((a,c),b.1),b.2)",g12_o2,False,-731.7921323855728,-1061.708770249731
constant,0,8,true,poisson_separate,loop_omitted,21,18,"(((a,c.1),c.2),b)",g18_o1,False,-735.1275649747059,-1110.9393667183024
constant,0,8,true,poisson_separate,including_loop,1,22,"b-loop + ((a,b.1),(b.2,c))",g22_o1,False,-258.7802120983789,-289.1089401167621
constant,0,8,true,poisson_separate,including_loop,2,11,"(((a,b.1),c),b.2)",g11_o1,False,-251.4135878180958,-301.54703485149724
constant,0,8,true,poisson_separate,including_loop,3,10,"(((a,b.1),b.2),c)",g10_o1,False,-256.0287738301866,-322.50068242148444
constant,0,8,true,poisson_separate,including_loop,4,15,"((a,b.1),(b.2,c))",g15_o2,False,-242.55493259131237,-352.7348229494193
constant,0,8,true,poisson_separate,including_loop,5,19,"(((b,c.1),a),c.2)",g19_o1,False,-322.62549920640015,-353.0655347085065
constant,0,8,true,poisson_separate,including_loop,6,4,"(((a.1,b),a.2),c)",g04_o1,False,-318.6128233271334,-354.10401870633217
constant,0,8,true,poisson_separate,including_loop,7,17,"(((a,c.1),b),c.2)",g17_o1,False,-312.91319345295614,-362.9490088938447
constant,0,8,true,poisson_separate,including_loop,8,5,"(((a.1,b),c),a.2)",g05_o1,False,-323.990344983759,-396.3151268126584
constant,0,8,true,poisson_separate,including_loop,9,1,"((a,b),c)",g01_o1,False,-298.19737180954365,-417.00779204732265
constant,0,8,true,poisson_separate,including_loop,10,9,"((a.1,b),(a.2,c))",g09_o2,False,-324.23657884097304,-452.11293731130843
constant,0,8,true,poisson_separate,including_loop,11,16,"(((a,b),c.1),c.2)",g16_o1,False,-318.56375581198625,-455.07272819564037
constant,0,8,true,poisson_separate,including_loop,12,3,"((b,c),a)",g03_o1,False,-709.3527659128436,-733.6537503522397
constant,0,8,true,poisson_separate,including_loop,13,2,"((a,c),b)",g02_o1,False,-710.8249508662959,-747.4206637164144
constant,0,8,true,poisson_separate,including_loop,14,13,"(((b.1,c),a),b.2)",g13_o1,False,-726.3689332819517,-761.7398638020926
constant,0,8,true,poisson_separate,including_loop,15,7,"(((a.1,c),b),a.2)",g07_o1,False,-734.9913230223385,-769.1299015293038
constant,0,8,true,poisson_separate,including_loop,16,14,"(((b.1,c),b.2),a)",g14_o1,False,-729.2779989349013,-775.2992406346036
constant,0,8,true,poisson_separate,including_loop,17,6,"(((a.1,c),a.2),b)",g06_o1,False,-735.7231258083552,-779.4898392484629
constant,0,8,true,poisson_separate,including_loop,18,21,"((a,c.1),(b,c.2))",g21_o2,False,-727.1488483037075,-779.5525813098676
constant,0,8,true,poisson_separate,including_loop,19,8,"(((b,c),a.1),a.2)",g08_o2,False,-732.8035235645367,-951.3859493676717
constant,0,8,true,poisson_separate,including_loop,20,20,"(((b,c.1),c.2),a)",g20_o1,False,-724.1793091319366,-974.6782905959602
constant,0,8,true,poisson_separate,including_loop,21,12,"(((a,c),b.1),b.2)",g12_o2,False,-731.7921323855728,-1061.708770249731
constant,0,8,true,poisson_separate,including_loop,22,18,"(((a,c.1),c.2),b)",g18_o1,False,-735.1275649747059,-1110.9393667183024
constant,0,8,hapibd,poisson_shared,loop_omitted,1,15,"((a,b.1),(b.2,c))",g15_o1,False,-220.97645470054522,-231.5311939691616
constant,0,8,hapibd,poisson_shared,loop_omitted,2,10,"(((a,b.1),b.2),c)",g10_o1,False,-278.81643489316195,-309.6787279556071
constant,0,8,hapibd,poisson_shared,loop_omitted,3,9,"((a.1,b),(a.2,c))",g09_o1,False,-376.6817492609617,-441.3731021537915
constant,0,8,hapibd,poisson_shared,loop_omitted,4,1,"((a,b),c)",g01_o1,False,-457.7266469256548,-461.35550356064766
constant,0,8,hapibd,poisson_shared,loop_omitted,5,17,"(((a,c.1),b),c.2)",g17_o1,False,-430.1282905005886,-466.80016965995907
constant,0,8,hapibd,poisson_shared,loop_omitted,6,16,"(((a,b),c.1),c.2)",g16_o2,False,-451.1842224377168,-478.99768331124744
constant,0,8,hapibd,poisson_shared,loop_omitted,7,19,"(((b,c.1),a),c.2)",g19_o1,False,-450.09933597581437,-579.0537853501437
constant,0,8,hapibd,poisson_shared,loop_omitted,8,11,"(((a,b.1),c),b.2)",g11_o1,False,-286.39293822231133,-752.307966681969
constant,0,8,hapibd,poisson_shared,loop_omitted,9,4,"(((a.1,b),a.2),c)",g04_o1,False,-358.58482163482347,-804.6665803509701
constant,0,8,hapibd,poisson_shared,loop_omitted,10,5,"(((a.1,b),c),a.2)",g05_o1,False,-492.3600703445776,-877.0278615363374
constant,0,8,hapibd,poisson_shared,loop_omitted,11,14,"(((b.1,c),b.2),a)",g14_o1,False,-888.0444826118498,-935.1203075508683
constant,0,8,hapibd,poisson_shared,loop_omitted,12,13,"(((b.1,c),a),b.2)",g13_o1,False,-890.8736722308001,-940.5337979466934
constant,0,8,hapibd,poisson_shared,loop_omitted,13,18,"(((a,c.1),c.2),b)",g18_o1,False,-837.4406304521829,-943.9270053460103
constant,0,8,hapibd,poisson_shared,loop_omitted,14,21,"((a,c.1),(b,c.2))",g21_o1,False,-931.1172495660431,-996.1610722816063
constant,0,8,hapibd,poisson_shared,loop_omitted,15,6,"(((a.1,c),a.2),b)",g06_o1,False,-987.2307604230391,-1012.609209000065
constant,0,8,hapibd,poisson_shared,loop_omitted,16,20,"(((b,c.1),c.2),a)",g20_o1,False,-993.2239920546768,-1016.2571733005715
constant,0,8,hapibd,poisson_shared,loop_omitted,17,7,"(((a.1,c),b),a.2)",g07_o1,False,-986.9776593170709,-1156.448575173512
constant,0,8,hapibd,poisson_shared,loop_omitted,18,3,"((b,c),a)",g03_o1,False,-1225.4108900192896,-1336.7390990608885
constant,0,8,hapibd,poisson_shared,loop_omitted,19,12,"(((a,c),b.1),b.2)",g12_o1,False,-1345.5913553895841,-1395.6177280114562
constant,0,8,hapibd,poisson_shared,loop_omitted,20,2,"((a,c),b)",g02_o1,False,-1414.905789743732,-1419.2403702400793
constant,0,8,hapibd,poisson_shared,loop_omitted,21,8,"(((b,c),a.1),a.2)",g08_o1,False,-1390.2887203513058,-1440.4551778963228
constant,0,8,hapibd,poisson_shared,including_loop,1,15,"((a,b.1),(b.2,c))",g15_o1,False,-220.97645470054522,-231.5311939691616
constant,0,8,hapibd,poisson_shared,including_loop,2,22,"b-loop + ((a,b.1),(b.2,c))",g22_o1,False,-231.25493649063924,-252.02503873516446
constant,0,8,hapibd,poisson_shared,including_loop,3,10,"(((a,b.1),b.2),c)",g10_o1,False,-278.81643489316195,-309.6787279556071
constant,0,8,hapibd,poisson_shared,including_loop,4,9,"((a.1,b),(a.2,c))",g09_o1,False,-376.6817492609617,-441.3731021537915
constant,0,8,hapibd,poisson_shared,including_loop,5,1,"((a,b),c)",g01_o1,False,-457.7266469256548,-461.35550356064766
constant,0,8,hapibd,poisson_shared,including_loop,6,17,"(((a,c.1),b),c.2)",g17_o1,False,-430.1282905005886,-466.80016965995907
constant,0,8,hapibd,poisson_shared,including_loop,7,16,"(((a,b),c.1),c.2)",g16_o2,False,-451.1842224377168,-478.99768331124744
constant,0,8,hapibd,poisson_shared,including_loop,8,19,"(((b,c.1),a),c.2)",g19_o1,False,-450.09933597581437,-579.0537853501437
constant,0,8,hapibd,poisson_shared,including_loop,9,11,"(((a,b.1),c),b.2)",g11_o1,False,-286.39293822231133,-752.307966681969
constant,0,8,hapibd,poisson_shared,including_loop,10,4,"(((a.1,b),a.2),c)",g04_o1,False,-358.58482163482347,-804.6665803509701
constant,0,8,hapibd,poisson_shared,including_loop,11,5,"(((a.1,b),c),a.2)",g05_o1,False,-492.3600703445776,-877.0278615363374
constant,0,8,hapibd,poisson_shared,including_loop,12,14,"(((b.1,c),b.2),a)",g14_o1,False,-888.0444826118498,-935.1203075508683
constant,0,8,hapibd,poisson_shared,including_loop,13,13,"(((b.1,c),a),b.2)",g13_o1,False,-890.8736722308001,-940.5337979466934
constant,0,8,hapibd,poisson_shared,including_loop,14,18,"(((a,c.1),c.2),b)",g18_o1,False,-837.4406304521829,-943.9270053460103
constant,0,8,hapibd,poisson_shared,including_loop,15,21,"((a,c.1),(b,c.2))",g21_o1,False,-931.1172495660431,-996.1610722816063
constant,0,8,hapibd,poisson_shared,including_loop,16,6,"(((a.1,c),a.2),b)",g06_o1,False,-987.2307604230391,-1012.609209000065
constant,0,8,hapibd,poisson_shared,including_loop,17,20,"(((b,c.1),c.2),a)",g20_o1,False,-993.2239920546768,-1016.2571733005715
constant,0,8,hapibd,poisson_shared,including_loop,18,7,"(((a.1,c),b),a.2)",g07_o1,False,-986.9776593170709,-1156.448575173512
constant,0,8,hapibd,poisson_shared,including_loop,19,3,"((b,c),a)",g03_o1,False,-1225.4108900192896,-1336.7390990608885
constant,0,8,hapibd,poisson_shared,including_loop,20,12,"(((a,c),b.1),b.2)",g12_o1,False,-1345.5913553895841,-1395.6177280114562
constant,0,8,hapibd,poisson_shared,including_loop,21,2,"((a,c),b)",g02_o1,False,-1414.905789743732,-1419.2403702400793
constant,0,8,hapibd,poisson_shared,including_loop,22,8,"(((b,c),a.1),a.2)",g08_o1,False,-1390.2887203513058,-1440.4551778963228
constant,0,8,hapibd,poisson_separate,loop_omitted,1,11,"(((a,b.1),c),b.2)",g11_o1,False,-260.73814821901715,-293.02785083819623
constant,0,8,hapibd,poisson_separate,loop_omitted,2,15,"((a,b.1),(b.2,c))",g15_o1,False,-234.60807016076276,-303.1176501960894
constant,0,8,hapibd,poisson_separate,loop_omitted,3,10,"(((a,b.1),b.2),c)",g10_o1,False,-259.6125561677757,-307.3520213822799
constant,0,8,hapibd,poisson_separate,loop_omitted,4,1,"((a,b),c)",g01_o1,False,-296.72188784122216,-320.24829996554314
constant,0,8,hapibd,poisson_separate,loop_omitted,5,17,"(((a,c.1),b),c.2)",g17_o1,False,-320.6949252954092,-351.4260182572778
constant,0,8,hapibd,poisson_separate,loop_omitted,6,19,"(((b,c.1),a),c.2)",g19_o1,False,-327.86938390573727,-361.5037741039558
constant,0,8,hapibd,poisson_separate,loop_omitted,7,16,"(((a,b),c.1),c.2)",g16_o2,False,-316.9133933108438,-374.20524182709977
constant,0,8,hapibd,poisson_separate,loop_omitted,8,5,"(((a.1,b),c),a.2)",g05_o1,False,-313.8810068515471,-438.9540235314543
constant,0,8,hapibd,poisson_separate,loop_omitted,9,9,"((a.1,b),(a.2,c))",g09_o1,False,-316.7412590535493,-455.39410387417996
constant,0,8,hapibd,poisson_separate,loop_omitted,10,4,"(((a.1,b),a.2),c)",g04_o1,False,-323.3888047414738,-465.36226833407295
constant,0,8,hapibd,poisson_separate,loop_omitted,11,3,"((b,c),a)",g03_o1,False,-637.4503900785205,-666.5078391161052
constant,0,8,hapibd,poisson_separate,loop_omitted,12,2,"((a,c),b)",g02_o1,False,-648.8209679253304,-675.7363366591205
constant,0,8,hapibd,poisson_separate,loop_omitted,13,13,"(((b.1,c),a),b.2)",g13_o1,False,-660.2417900663024,-695.9113547175156
constant,0,8,hapibd,poisson_separate,loop_omitted,14,14,"(((b.1,c),b.2),a)",g14_o1,False,-660.9341983879464,-699.9408621830447
constant,0,8,hapibd,poisson_separate,loop_omitted,15,7,"(((a.1,c),b),a.2)",g07_o1,False,-675.6319006587958,-710.4199491048462
constant,0,8,hapibd,poisson_separate,loop_omitted,16,20,"(((b,c.1),c.2),a)",g20_o1,False,-667.8771274175056,-715.1906584689651
constant,0,8,hapibd,poisson_separate,loop_omitted,17,21,"((a,c.1),(b,c.2))",g21_o2,False,-664.224368109008,-732.7916138891874
constant,0,8,hapibd,poisson_separate,loop_omitted,18,12,"(((a,c),b.1),b.2)",g12_o2,False,-656.5894196344497,-742.7714173975226
constant,0,8,hapibd,poisson_separate,loop_omitted,19,6,"(((a.1,c),a.2),b)",g06_o1,False,-663.8987756726876,-751.0396000501645
constant,0,8,hapibd,poisson_separate,loop_omitted,20,8,"(((b,c),a.1),a.2)",g08_o1,False,-664.4799626410834,-883.0798140180615
constant,0,8,hapibd,poisson_separate,loop_omitted,21,18,"(((a,c.1),c.2),b)",g18_o1,False,-666.8583603560223,-1027.0499842859056
constant,0,8,hapibd,poisson_separate,including_loop,1,22,"b-loop + ((a,b.1),(b.2,c))",g22_o1,False,-249.25290343869528,-284.76391344337236
constant,0,8,hapibd,poisson_separate,including_loop,2,11,"(((a,b.1),c),b.2)",g11_o1,False,-260.73814821901715,-293.02785083819623
constant,0,8,hapibd,poisson_separate,including_loop,3,15,"((a,b.1),(b.2,c))",g15_o1,False,-234.60807016076276,-303.1176501960894
constant,0,8,hapibd,poisson_separate,including_loop,4,10,"(((a,b.1),b.2),c)",g10_o1,False,-259.6125561677757,-307.3520213822799
constant,0,8,hapibd,poisson_separate,including_loop,5,1,"((a,b),c)",g01_o1,False,-296.72188784122216,-320.24829996554314
constant,0,8,hapibd,poisson_separate,including_loop,6,17,"(((a,c.1),b),c.2)",g17_o1,False,-320.6949252954092,-351.4260182572778
constant,0,8,hapibd,poisson_separate,including_loop,7,19,"(((b,c.1),a),c.2)",g19_o1,False,-327.86938390573727,-361.5037741039558
constant,0,8,hapibd,poisson_separate,including_loop,8,16,"(((a,b),c.1),c.2)",g16_o2,False,-316.9133933108438,-374.20524182709977
constant,0,8,hapibd,poisson_separate,including_loop,9,5,"(((a.1,b),c),a.2)",g05_o1,False,-313.8810068515471,-438.9540235314543
constant,0,8,hapibd,poisson_separate,including_loop,10,9,"((a.1,b),(a.2,c))",g09_o1,False,-316.7412590535493,-455.39410387417996
constant,0,8,hapibd,poisson_separate,including_loop,11,4,"(((a.1,b),a.2),c)",g04_o1,False,-323.3888047414738,-465.36226833407295
constant,0,8,hapibd,poisson_separate,including_loop,12,3,"((b,c),a)",g03_o1,False,-637.4503900785205,-666.5078391161052
constant,0,8,hapibd,poisson_separate,including_loop,13,2,"((a,c),b)",g02_o1,False,-648.8209679253304,-675.7363366591205
constant,0,8,hapibd,poisson_separate,including_loop,14,13,"(((b.1,c),a),b.2)",g13_o1,False,-660.2417900663024,-695.9113547175156
constant,0,8,hapibd,poisson_separate,including_loop,15,14,"(((b.1,c),b.2),a)",g14_o1,False,-660.9341983879464,-699.9408621830447
constant,0,8,hapibd,poisson_separate,including_loop,16,7,"(((a.1,c),b),a.2)",g07_o1,False,-675.6319006587958,-710.4199491048462
constant,0,8,hapibd,poisson_separate,including_loop,17,20,"(((b,c.1),c.2),a)",g20_o1,False,-667.8771274175056,-715.1906584689651
constant,0,8,hapibd,poisson_separate,including_loop,18,21,"((a,c.1),(b,c.2))",g21_o2,False,-664.224368109008,-732.7916138891874
constant,0,8,hapibd,poisson_separate,including_loop,19,12,"(((a,c),b.1),b.2)",g12_o2,False,-656.5894196344497,-742.7714173975226
constant,0,8,hapibd,poisson_separate,including_loop,20,6,"(((a.1,c),a.2),b)",g06_o1,False,-663.8987756726876,-751.0396000501645
constant,0,8,hapibd,poisson_separate,including_loop,21,8,"(((b,c),a.1),a.2)",g08_o1,False,-664.4799626410834,-883.0798140180615
constant,0,8,hapibd,poisson_separate,including_loop,22,18,"(((a,c.1),c.2),b)",g18_o1,False,-666.8583603560223,-1027.0499842859056
constant,0,9,true,poisson_shared,loop_omitted,1,15,"((a,b.1),(b.2,c))",g15_o1,False,-219.1420531363573,-233.99008011048872
constant,0,9,true,poisson_shared,loop_omitted,2,10,"(((a,b.1),b.2),c)",g10_o1,False,-291.2624380344337,-308.0894672778656
constant,0,9,true,poisson_shared,loop_omitted,3,9,"((a.1,b),(a.2,c))",g09_o1,False,-418.5956347706209,-472.863895137927
constant,0,9,true,poisson_shared,loop_omitted,4,17,"(((a,c.1),b),c.2)",g17_o1,False,-468.4086034381181,-492.16020662802197
constant,0,9,true,poisson_shared,loop_omitted,5,1,"((a,b),c)",g01_o1,False,-486.5192997346312,-493.67517890802634
constant,0,9,true,poisson_shared,loop_omitted,6,19,"(((b,c.1),a),c.2)",g19_o1,False,-484.764087818716,-504.36039312844986
constant,0,9,true,poisson_shared,loop_omitted,7,16,"(((a,b),c.1),c.2)",g16_o1,False,-485.3743588576484,-505.0765058576616
constant,0,9,true,poisson_shared,loop_omitted,8,5,"(((a.1,b),c),a.2)",g05_o1,False,-479.2459817214335,-525.6204437054147
constant,0,9,true,poisson_shared,loop_omitted,9,11,"(((a,b.1),c),b.2)",g11_o1,False,-287.0341885256054,-783.1242765501195
constant,0,9,true,poisson_shared,loop_omitted,10,4,"(((a.1,b),a.2),c)",g04_o1,False,-504.6114207637341,-935.417303609406
constant,0,9,true,poisson_shared,loop_omitted,11,13,"(((b.1,c),a),b.2)",g13_o1,False,-959.238795021198,-1003.8154279480298
constant,0,9,true,poisson_shared,loop_omitted,12,14,"(((b.1,c),b.2),a)",g14_o1,False,-1000.5277845685775,-1027.2393211638307
constant,0,9,true,poisson_shared,loop_omitted,13,18,"(((a,c.1),c.2),b)",g18_o1,False,-910.5593070027909,-1058.408493847496
constant,0,9,true,poisson_shared,loop_omitted,14,21,"((a,c.1),(b,c.2))",g21_o2,False,-922.7045772857443,-1066.5700912193772
constant,0,9,true,poisson_shared,loop_omitted,15,6,"(((a.1,c),a.2),b)",g06_o1,False,-1045.7492032827463,-1087.2076464404806
constant,0,9,true,poisson_shared,loop_omitted,16,20,"(((b,c.1),c.2),a)",g20_o1,False,-1070.5898077011843,-1101.485738486741
constant,0,9,true,poisson_shared,loop_omitted,17,7,"(((a.1,c),b),a.2)",g07_o1,False,-1073.9996392183411,-1230.0527712806804
constant,0,9,true,poisson_shared,loop_omitted,18,3,"((b,c),a)",g03_o1,False,-1443.483601620182,-1453.3433760462601
constant,0,9,true,poisson_shared,loop_omitted,19,12,"(((a,c),b.1),b.2)",g12_o1,False,-1415.3467474537756,-1458.6263296581012
constant,0,9,true,poisson_shared,loop_omitted,20,8,"(((b,c),a.1),a.2)",g08_o1,False,-1460.2254001273461,-1500.7356280975296
constant,0,9,true,poisson_shared,loop_omitted,21,2,"((a,c),b)",g02_o1,False,-1473.3523765575715,-1531.5021662086456
constant,0,9,true,poisson_shared,including_loop,1,15,"((a,b.1),(b.2,c))",g15_o1,False,-219.1420531363573,-233.99008011048872
constant,0,9,true,poisson_shared,including_loop,2,22,"b-loop + ((a,b.1),(b.2,c))",g22_o1,False,-230.4550499347874,-247.38179354721845
constant,0,9,true,poisson_shared,including_loop,3,10,"(((a,b.1),b.2),c)",g10_o1,False,-291.2624380344337,-308.0894672778656
constant,0,9,true,poisson_shared,including_loop,4,9,"((a.1,b),(a.2,c))",g09_o1,False,-418.5956347706209,-472.863895137927
constant,0,9,true,poisson_shared,including_loop,5,17,"(((a,c.1),b),c.2)",g17_o1,False,-468.4086034381181,-492.16020662802197
constant,0,9,true,poisson_shared,including_loop,6,1,"((a,b),c)",g01_o1,False,-486.5192997346312,-493.67517890802634
constant,0,9,true,poisson_shared,including_loop,7,19,"(((b,c.1),a),c.2)",g19_o1,False,-484.764087818716,-504.36039312844986
constant,0,9,true,poisson_shared,including_loop,8,16,"(((a,b),c.1),c.2)",g16_o1,False,-485.3743588576484,-505.0765058576616
constant,0,9,true,poisson_shared,including_loop,9,5,"(((a.1,b),c),a.2)",g05_o1,False,-479.2459817214335,-525.6204437054147
constant,0,9,true,poisson_shared,including_loop,10,11,"(((a,b.1),c),b.2)",g11_o1,False,-287.0341885256054,-783.1242765501195
constant,0,9,true,poisson_shared,including_loop,11,4,"(((a.1,b),a.2),c)",g04_o1,False,-504.6114207637341,-935.417303609406
constant,0,9,true,poisson_shared,including_loop,12,13,"(((b.1,c),a),b.2)",g13_o1,False,-959.238795021198,-1003.8154279480298
constant,0,9,true,poisson_shared,including_loop,13,14,"(((b.1,c),b.2),a)",g14_o1,False,-1000.5277845685775,-1027.2393211638307
constant,0,9,true,poisson_shared,including_loop,14,18,"(((a,c.1),c.2),b)",g18_o1,False,-910.5593070027909,-1058.408493847496
constant,0,9,true,poisson_shared,including_loop,15,21,"((a,c.1),(b,c.2))",g21_o2,False,-922.7045772857443,-1066.5700912193772
constant,0,9,true,poisson_shared,including_loop,16,6,"(((a.1,c),a.2),b)",g06_o1,False,-1045.7492032827463,-1087.2076464404806
constant,0,9,true,poisson_shared,including_loop,17,20,"(((b,c.1),c.2),a)",g20_o1,False,-1070.5898077011843,-1101.485738486741
constant,0,9,true,poisson_shared,including_loop,18,7,"(((a.1,c),b),a.2)",g07_o1,False,-1073.9996392183411,-1230.0527712806804
constant,0,9,true,poisson_shared,including_loop,19,3,"((b,c),a)",g03_o1,False,-1443.483601620182,-1453.3433760462601
constant,0,9,true,poisson_shared,including_loop,20,12,"(((a,c),b.1),b.2)",g12_o1,False,-1415.3467474537756,-1458.6263296581012
constant,0,9,true,poisson_shared,including_loop,21,8,"(((b,c),a.1),a.2)",g08_o1,False,-1460.2254001273461,-1500.7356280975296
constant,0,9,true,poisson_shared,including_loop,22,2,"((a,c),b)",g02_o1,False,-1473.3523765575715,-1531.5021662086456
constant,0,9,true,poisson_separate,loop_omitted,1,11,"(((a,b.1),c),b.2)",g11_o1,False,-262.6795685668042,-330.7990964986425
constant,0,9,true,poisson_separate,loop_omitted,2,15,"((a,b.1),(b.2,c))",g15_o2,False,-237.50167986661623,-333.7931800395833
constant,0,9,true,poisson_separate,loop_omitted,3,10,"(((a,b.1),b.2),c)",g10_o1,False,-261.9360544923003,-348.2871386485515
constant,0,9,true,poisson_separate,loop_omitted,4,1,"((a,b),c)",g01_o1,False,-331.6498941344851,-348.296175563526
constant,0,9,true,poisson_separate,loop_omitted,5,19,"(((b,c.1),a),c.2)",g19_o1,False,-351.4322089456263,-388.12394392312666
constant,0,9,true,poisson_separate,loop_omitted,6,9,"((a.1,b),(a.2,c))",g09_o2,False,-355.56393365992557,-413.5247263282185
constant,0,9,true,poisson_separate,loop_omitted,7,17,"(((a,c.1),b),c.2)",g17_o1,False,-355.7818511682436,-421.8670523917459
constant,0,9,true,poisson_separate,loop_omitted,8,4,"(((a.1,b),a.2),c)",g04_o1,False,-353.1938253825245,-493.19549066374515
constant,0,9,true,poisson_separate,loop_omitted,9,5,"(((a.1,b),c),a.2)",g05_o1,False,-351.28407559949983,-498.94065213510993
constant,0,9,true,poisson_separate,loop_omitted,10,16,"(((a,b),c.1),c.2)",g16_o1,False,-355.6397106971281,-504.8849642882071
constant,0,9,true,poisson_separate,loop_omitted,11,3,"((b,c),a)",g03_o1,False,-707.5800314732161,-736.299627434127
constant,0,9,true,poisson_separate,loop_omitted,12,13,"(((b.1,c),a),b.2)",g13_o1,False,-726.0317027699126,-769.2910617443662
constant,0,9,true,poisson_separate,loop_omitted,13,18,"(((a,c.1),c.2),b)",g18_o1,False,-731.3377596539613,-777.0376468843908
constant,0,9,true,poisson_separate,loop_omitted,14,14,"(((b.1,c),b.2),a)",g14_o1,False,-735.384406636951,-778.1708803054383
constant,0,9,true,poisson_separate,loop_omitted,15,7,"(((a.1,c),b),a.2)",g07_o1,False,-734.758027450534,-779.4507770530117
constant,0,9,true,poisson_separate,loop_omitted,16,21,"((a,c.1),(b,c.2))",g21_o2,False,-730.1788224351964,-794.3413806678608
constant,0,9,true,poisson_separate,loop_omitted,17,6,"(((a.1,c),a.2),b)",g06_o1,False,-738.7194848220464,-804.2005173728269
constant,0,9,true,poisson_separate,loop_omitted,18,8,"(((b,c),a.1),a.2)",g08_o2,False,-733.2237502733177,-968.538942356874
constant,0,9,true,poisson_separate,loop_omitted,19,20,"(((b,c.1),c.2),a)",g20_o1,False,-732.2928923281138,-1056.1737403230295
constant,0,9,true,poisson_separate,loop_omitted,20,12,"(((a,c),b.1),b.2)",g12_o2,False,-732.9694669725832,-1074.1639986912576
constant,0,9,true,poisson_separate,loop_omitted,21,2,"((a,c),b)",g02_o1,False,-713.5013574812396,-1121.7967740493755
constant,0,9,true,poisson_separate,including_loop,1,22,"b-loop + ((a,b.1),(b.2,c))",g22_o1,False,-246.2356625183354,-298.4024409688239
constant,0,9,true,poisson_separate,including_loop,2,11,"(((a,b.1),c),b.2)",g11_o1,False,-262.6795685668042,-330.7990964986425
constant,0,9,true,poisson_separate,including_loop,3,15,"((a,b.1),(b.2,c))",g15_o2,False,-237.50167986661623,-333.7931800395833
constant,0,9,true,poisson_separate,including_loop,4,10,"(((a,b.1),b.2),c)",g10_o1,False,-261.9360544923003,-348.2871386485515
constant,0,9,true,poisson_separate,including_loop,5,1,"((a,b),c)",g01_o1,False,-331.6498941344851,-348.296175563526
constant,0,9,true,poisson_separate,including_loop,6,19,"(((b,c.1),a),c.2)",g19_o1,False,-351.4322089456263,-388.12394392312666
constant,0,9,true,poisson_separate,including_loop,7,9,"((a.1,b),(a.2,c))",g09_o2,False,-355.56393365992557,-413.5247263282185
constant,0,9,true,poisson_separate,including_loop,8,17,"(((a,c.1),b),c.2)",g17_o1,False,-355.7818511682436,-421.8670523917459
constant,0,9,true,poisson_separate,including_loop,9,4,"(((a.1,b),a.2),c)",g04_o1,False,-353.1938253825245,-493.19549066374515
constant,0,9,true,poisson_separate,including_loop,10,5,"(((a.1,b),c),a.2)",g05_o1,False,-351.28407559949983,-498.94065213510993
constant,0,9,true,poisson_separate,including_loop,11,16,"(((a,b),c.1),c.2)",g16_o1,False,-355.6397106971281,-504.8849642882071
constant,0,9,true,poisson_separate,including_loop,12,3,"((b,c),a)",g03_o1,False,-707.5800314732161,-736.299627434127
constant,0,9,true,poisson_separate,including_loop,13,13,"(((b.1,c),a),b.2)",g13_o1,False,-726.0317027699126,-769.2910617443662
constant,0,9,true,poisson_separate,including_loop,14,18,"(((a,c.1),c.2),b)",g18_o1,False,-731.3377596539613,-777.0376468843908
constant,0,9,true,poisson_separate,including_loop,15,14,"(((b.1,c),b.2),a)",g14_o1,False,-735.384406636951,-778.1708803054383
constant,0,9,true,poisson_separate,including_loop,16,7,"(((a.1,c),b),a.2)",g07_o1,False,-734.758027450534,-779.4507770530117
constant,0,9,true,poisson_separate,including_loop,17,21,"((a,c.1),(b,c.2))",g21_o2,False,-730.1788224351964,-794.3413806678608
constant,0,9,true,poisson_separate,including_loop,18,6,"(((a.1,c),a.2),b)",g06_o1,False,-738.7194848220464,-804.2005173728269
constant,0,9,true,poisson_separate,including_loop,19,8,"(((b,c),a.1),a.2)",g08_o2,False,-733.2237502733177,-968.538942356874
constant,0,9,true,poisson_separate,including_loop,20,20,"(((b,c.1),c.2),a)",g20_o1,False,-732.2928923281138,-1056.1737403230295
constant,0,9,true,poisson_separate,including_loop,21,12,"(((a,c),b.1),b.2)",g12_o2,False,-732.9694669725832,-1074.1639986912576
constant,0,9,true,poisson_separate,including_loop,22,2,"((a,c),b)",g02_o1,False,-713.5013574812396,-1121.7967740493755
constant,0,9,hapibd,poisson_shared,loop_omitted,1,15,"((a,b.1),(b.2,c))",g15_o1,False,-221.35283311638767,-242.72870384095754
constant,0,9,hapibd,poisson_shared,loop_omitted,2,10,"(((a,b.1),b.2),c)",g10_o1,False,-297.1391841241946,-325.2214889982477
constant,0,9,hapibd,poisson_shared,loop_omitted,3,9,"((a.1,b),(a.2,c))",g09_o1,False,-416.717588022822,-479.4977882991415
constant,0,9,hapibd,poisson_shared,loop_omitted,4,19,"(((b,c.1),a),c.2)",g19_o1,False,-484.72014938996847,-500.3788927387519
constant,0,9,hapibd,poisson_shared,loop_omitted,5,17,"(((a,c.1),b),c.2)",g17_o1,False,-470.7536082638315,-502.7363225863118
constant,0,9,hapibd,poisson_shared,loop_omitted,6,1,"((a,b),c)",g01_o1,False,-502.7759429437919,-508.9559586732631
constant,0,9,hapibd,poisson_shared,loop_omitted,7,16,"(((a,b),c.1),c.2)",g16_o1,False,-493.14445846521267,-513.5995144564416
constant,0,9,hapibd,poisson_shared,loop_omitted,8,11,"(((a,b.1),c),b.2)",g11_o1,False,-299.1824513877104,-772.3409076867163
constant,0,9,hapibd,poisson_shared,loop_omitted,9,4,"(((a.1,b),a.2),c)",g04_o1,False,-394.60492056795994,-850.6400859400975
constant,0,9,hapibd,poisson_shared,loop_omitted,10,5,"(((a.1,b),c),a.2)",g05_o1,False,-527.470465888796,-921.4713783865145
constant,0,9,hapibd,poisson_shared,loop_omitted,11,13,"(((b.1,c),a),b.2)",g13_o1,False,-909.166860330746,-961.3803641004063
constant,0,9,hapibd,poisson_shared,loop_omitted,12,14,"(((b.1,c),b.2),a)",g14_o1,False,-918.3027259651362,-973.9387298339127
constant,0,9,hapibd,poisson_shared,loop_omitted,13,18,"(((a,c.1),c.2),b)",g18_o1,False,-892.0057739058673,-989.8528510363599
constant,0,9,hapibd,poisson_shared,loop_omitted,14,20,"(((b,c.1),c.2),a)",g20_o1,False,-991.7518872105359,-1048.5047471360938
constant,0,9,hapibd,poisson_shared,loop_omitted,15,6,"(((a.1,c),a.2),b)",g06_o1,False,-994.9978693096062,-1051.3012132630308
constant,0,9,hapibd,poisson_shared,loop_omitted,16,21,"((a,c.1),(b,c.2))",g21_o1,False,-981.852013379041,-1052.05659527438
constant,0,9,hapibd,poisson_shared,loop_omitted,17,7,"(((a.1,c),b),a.2)",g07_o1,False,-1039.3344792002088,-1197.1663515036244
constant,0,9,hapibd,poisson_shared,loop_omitted,18,8,"(((b,c),a.1),a.2)",g08_o2,False,-1238.2953378549323,-1407.159890075999
constant,0,9,hapibd,poisson_shared,loop_omitted,19,3,"((b,c),a)",g03_o1,False,-1411.300005070676,-1417.965443587659
constant,0,9,hapibd,poisson_shared,loop_omitted,20,2,"((a,c),b)",g02_o1,False,-1441.7306535840662,-1446.9325224522913
constant,0,9,hapibd,poisson_shared,loop_omitted,21,12,"(((a,c),b.1),b.2)",g12_o1,False,-1370.3311109822973,-1447.0804240295693
constant,0,9,hapibd,poisson_shared,including_loop,1,15,"((a,b.1),(b.2,c))",g15_o1,False,-221.35283311638767,-242.72870384095754
constant,0,9,hapibd,poisson_shared,including_loop,2,22,"b-loop + ((a,b.1),(b.2,c))",g22_o1,False,-232.3155244042021,-248.2141656201489
constant,0,9,hapibd,poisson_shared,including_loop,3,10,"(((a,b.1),b.2),c)",g10_o1,False,-297.1391841241946,-325.2214889982477
constant,0,9,hapibd,poisson_shared,including_loop,4,9,"((a.1,b),(a.2,c))",g09_o1,False,-416.717588022822,-479.4977882991415
constant,0,9,hapibd,poisson_shared,including_loop,5,19,"(((b,c.1),a),c.2)",g19_o1,False,-484.72014938996847,-500.3788927387519
constant,0,9,hapibd,poisson_shared,including_loop,6,17,"(((a,c.1),b),c.2)",g17_o1,False,-470.7536082638315,-502.7363225863118
constant,0,9,hapibd,poisson_shared,including_loop,7,1,"((a,b),c)",g01_o1,False,-502.7759429437919,-508.9559586732631
constant,0,9,hapibd,poisson_shared,including_loop,8,16,"(((a,b),c.1),c.2)",g16_o1,False,-493.14445846521267,-513.5995144564416
constant,0,9,hapibd,poisson_shared,including_loop,9,11,"(((a,b.1),c),b.2)",g11_o1,False,-299.1824513877104,-772.3409076867163
constant,0,9,hapibd,poisson_shared,including_loop,10,4,"(((a.1,b),a.2),c)",g04_o1,False,-394.60492056795994,-850.6400859400975
constant,0,9,hapibd,poisson_shared,including_loop,11,5,"(((a.1,b),c),a.2)",g05_o1,False,-527.470465888796,-921.4713783865145
constant,0,9,hapibd,poisson_shared,including_loop,12,13,"(((b.1,c),a),b.2)",g13_o1,False,-909.166860330746,-961.3803641004063
constant,0,9,hapibd,poisson_shared,including_loop,13,14,"(((b.1,c),b.2),a)",g14_o1,False,-918.3027259651362,-973.9387298339127
constant,0,9,hapibd,poisson_shared,including_loop,14,18,"(((a,c.1),c.2),b)",g18_o1,False,-892.0057739058673,-989.8528510363599
constant,0,9,hapibd,poisson_shared,including_loop,15,20,"(((b,c.1),c.2),a)",g20_o1,False,-991.7518872105359,-1048.5047471360938
constant,0,9,hapibd,poisson_shared,including_loop,16,6,"(((a.1,c),a.2),b)",g06_o1,False,-994.9978693096062,-1051.3012132630308
constant,0,9,hapibd,poisson_shared,including_loop,17,21,"((a,c.1),(b,c.2))",g21_o1,False,-981.852013379041,-1052.05659527438
constant,0,9,hapibd,poisson_shared,including_loop,18,7,"(((a.1,c),b),a.2)",g07_o1,False,-1039.3344792002088,-1197.1663515036244
constant,0,9,hapibd,poisson_shared,including_loop,19,8,"(((b,c),a.1),a.2)",g08_o2,False,-1238.2953378549323,-1407.159890075999
constant,0,9,hapibd,poisson_shared,including_loop,20,3,"((b,c),a)",g03_o1,False,-1411.300005070676,-1417.965443587659
constant,0,9,hapibd,poisson_shared,including_loop,21,2,"((a,c),b)",g02_o1,False,-1441.7306535840662,-1446.9325224522913
constant,0,9,hapibd,poisson_shared,including_loop,22,12,"(((a,c),b.1),b.2)",g12_o1,False,-1370.3311109822973,-1447.0804240295693
constant,0,9,hapibd,poisson_separate,loop_omitted,1,11,"(((a,b.1),c),b.2)",g11_o1,False,-264.2943975971958,-284.1684937998115
constant,0,9,hapibd,poisson_separate,loop_omitted,2,15,"((a,b.1),(b.2,c))",g15_o1,False,-242.13817267289767,-315.71692137015305
constant,0,9,hapibd,poisson_separate,loop_omitted,3,10,"(((a,b.1),b.2),c)",g10_o1,False,-273.0842608476488,-324.37642266821433
constant,0,9,hapibd,poisson_separate,loop_omitted,4,19,"(((b,c.1),a),c.2)",g19_o1,False,-347.276668987886,-381.1131012463
constant,0,9,hapibd,poisson_separate,loop_omitted,5,17,"(((a,c.1),b),c.2)",g17_o1,False,-349.1608482657887,-384.28688628377625
constant,0,9,hapibd,poisson_separate,loop_omitted,6,9,"((a.1,b),(a.2,c))",g09_o2,False,-350.7775846825001,-401.12485093843213
constant,0,9,hapibd,poisson_separate,loop_omitted,7,1,"((a,b),c)",g01_o1,False,-326.8671981192551,-467.84541921496253
constant,0,9,hapibd,poisson_separate,loop_omitted,8,4,"(((a.1,b),a.2),c)",g04_o1,False,-349.0416242931274,-487.4521338031073
constant,0,9,hapibd,poisson_separate,loop_omitted,9,5,"(((a.1,b),c),a.2)",g05_o1,False,-356.79943891549567,-501.1054427734458
constant,0,9,hapibd,poisson_separate,loop_omitted,10,16,"(((a,b),c.1),c.2)",g16_o2,False,-340.4427133648298,-502.18298137713845
constant,0,9,hapibd,poisson_separate,loop_omitted,11,3,"((b,c),a)",g03_o1,False,-665.0033879132316,-688.946586797836
constant,0,9,hapibd,poisson_separate,loop_omitted,12,2,"((a,c),b)",g02_o1,False,-658.2675736857833,-704.3250429009386
constant,0,9,hapibd,poisson_separate,loop_omitted,13,13,"(((b.1,c),a),b.2)",g13_o1,False,-679.5919710185344,-720.9300156215004
constant,0,9,hapibd,poisson_separate,loop_omitted,14,6,"(((a.1,c),a.2),b)",g06_o1,False,-686.2198493727666,-724.2377549307874
constant,0,9,hapibd,poisson_separate,loop_omitted,15,14,"(((b.1,c),b.2),a)",g14_o1,False,-692.9345516871196,-728.058006447223
constant,0,9,hapibd,poisson_separate,loop_omitted,16,7,"(((a.1,c),b),a.2)",g07_o1,False,-690.0220834053583,-732.577136804994
constant,0,9,hapibd,poisson_separate,loop_omitted,17,21,"((a,c.1),(b,c.2))",g21_o2,False,-682.7281259464894,-747.5458898157613
constant,0,9,hapibd,poisson_separate,loop_omitted,18,18,"(((a,c.1),c.2),b)",g18_o1,False,-679.0098584314155,-748.1301688970896
constant,0,9,hapibd,poisson_separate,loop_omitted,19,8,"(((b,c),a.1),a.2)",g08_o1,False,-689.8448296977992,-909.6993520786859
constant,0,9,hapibd,poisson_separate,loop_omitted,20,20,"(((b,c.1),c.2),a)",g20_o1,False,-684.1602524269157,-914.9720795789721
constant,0,9,hapibd,poisson_separate,loop_omitted,21,12,"(((a,c),b.1),b.2)",g12_o2,False,-687.3716974677318,-1024.2714226529997
constant,0,9,hapibd,poisson_separate,including_loop,1,22,"b-loop + ((a,b.1),(b.2,c))",g22_o1,False,-254.8779715136532,-284.06995380500905
constant,0,9,hapibd,poisson_separate,including_loop,2,11,"(((a,b.1),c),b.2)",g11_o1,False,-264.2943975971958,-284.1684937998115
constant,0,9,hapibd,poisson_separate,including_loop,3,15,"((a,b.1),(b.2,c))",g15_o1,False,-242.13817267289767,-315.71692137015305
constant,0,9,hapibd,poisson_separate,including_loop,4,10,"(((a,b.1),b.2),c)",g10_o1,False,-273.0842608476488,-324.37642266821433
constant,0,9,hapibd,poisson_separate,including_loop,5,19,"(((b,c.1),a),c.2)",g19_o1,False,-347.276668987886,-381.1131012463
constant,0,9,hapibd,poisson_separate,including_loop,6,17,"(((a,c.1),b),c.2)",g17_o1,False,-349.1608482657887,-384.28688628377625
constant,0,9,hapibd,poisson_separate,including_loop,7,9,"((a.1,b),(a.2,c))",g09_o2,False,-350.7775846825001,-401.12485093843213
constant,0,9,hapibd,poisson_separate,including_loop,8,1,"((a,b),c)",g01_o1,False,-326.8671981192551,-467.84541921496253
constant,0,9,hapibd,poisson_separate,including_loop,9,4,"(((a.1,b),a.2),c)",g04_o1,False,-349.0416242931274,-487.4521338031073
constant,0,9,hapibd,poisson_separate,including_loop,10,5,"(((a.1,b),c),a.2)",g05_o1,False,-356.79943891549567,-501.1054427734458
constant,0,9,hapibd,poisson_separate,including_loop,11,16,"(((a,b),c.1),c.2)",g16_o2,False,-340.4427133648298,-502.18298137713845
constant,0,9,hapibd,poisson_separate,including_loop,12,3,"((b,c),a)",g03_o1,False,-665.0033879132316,-688.946586797836
constant,0,9,hapibd,poisson_separate,including_loop,13,2,"((a,c),b)",g02_o1,False,-658.2675736857833,-704.3250429009386
constant,0,9,hapibd,poisson_separate,including_loop,14,13,"(((b.1,c),a),b.2)",g13_o1,False,-679.5919710185344,-720.9300156215004
constant,0,9,hapibd,poisson_separate,including_loop,15,6,"(((a.1,c),a.2),b)",g06_o1,False,-686.2198493727666,-724.2377549307874
constant,0,9,hapibd,poisson_separate,including_loop,16,14,"(((b.1,c),b.2),a)",g14_o1,False,-692.9345516871196,-728.058006447223
constant,0,9,hapibd,poisson_separate,including_loop,17,7,"(((a.1,c),b),a.2)",g07_o1,False,-690.0220834053583,-732.577136804994
constant,0,9,hapibd,poisson_separate,including_loop,18,21,"((a,c.1),(b,c.2))",g21_o2,False,-682.7281259464894,-747.5458898157613
constant,0,9,hapibd,poisson_separate,including_loop,19,18,"(((a,c.1),c.2),b)",g18_o1,False,-679.0098584314155,-748.1301688970896
constant,0,9,hapibd,poisson_separate,including_loop,20,8,"(((b,c),a.1),a.2)",g08_o1,False,-689.8448296977992,-909.6993520786859
constant,0,9,hapibd,poisson_separate,including_loop,21,20,"(((b,c.1),c.2),a)",g20_o1,False,-684.1602524269157,-914.9720795789721
constant,0,9,hapibd,poisson_separate,including_loop,22,12,"(((a,c),b.1),b.2)",g12_o2,False,-687.3716974677318,-1024.2714226529997
