genome_cm,replicate,source,model,true_elbo_max,null_elbo_max,delta_elbo_max,true_first
50,0,hapibd,ibd,-129.21954920628275,-141.59115533424523,12.37160612796248,True
50,0,hapibd,mixed,-77.94077214637888,-141.9283500812743,63.98757793489541,True
50,0,true,ibd,-137.39963736740575,-152.1369488777938,14.737311510388054,True
50,0,true,mixed,-85.28841162184713,-157.00459262151546,71.71618099966832,True
50,1,hapibd,ibd,-129.6566442036048,-132.9572381576404,3.3005939540356053,True
50,1,hapibd,mixed,-76.61924173939661,-108.57757113636445,31.95832939696784,True
50,1,true,ibd,-139.52077789104985,-144.26525177646778,4.744473885417932,True
50,1,true,mixed,-91.20818136714671,-119.98814172812548,28.779960360978777,True
50,2,hapibd,ibd,-124.07933273147681,-129.16351672488997,5.084183993413163,True
50,2,hapibd,mixed,-80.74440294172575,-101.33627729642208,20.59187435469633,True
50,2,true,ibd,-129.35966888417073,-127.76965493275003,-1.5900139514207012,False
50,2,true,mixed,-89.06176362435974,-98.3105350306424,9.248771406282657,True
50,3,hapibd,ibd,-130.5215387351256,-156.94924878115864,26.42771004603304,True
50,3,hapibd,mixed,-85.60255374225538,-136.30080546270432,50.69825172044894,True
50,3,true,ibd,-136.77610489506077,-159.86325032981182,23.08714543475105,True
50,3,true,mixed,-87.93271936264225,-136.01204801334947,48.079328650707225,True
50,4,hapibd,ibd,-127.47690314151359,-140.6224422706415,13.145539129127911,True
50,4,hapibd,mixed,-75.18045569479358,-138.624914094809,63.44445840001541,True
50,4,true,ibd,-128.27429693303023,-141.18854112303617,12.914244190005945,True
50,4,true,mixed,-74.50726271910433,-142.63128509181547,68.12402237271114,True
50,5,hapibd,ibd,-137.94959480416284,-160.08157084316278,22.131976038999937,True
50,5,hapibd,mixed,-87.53502901428038,-132.57053451976756,45.03550550548718,True
50,5,true,ibd,-147.74077842585257,-160.921495023685,13.18071659783243,True
50,5,true,mixed,-96.06699112605473,-130.28528872684143,34.2182976007867,True
50,6,hapibd,ibd,-129.25668526965168,-135.8809502725883,6.624265002936625,True
50,6,hapibd,mixed,-75.77929176283509,-105.40117223495722,29.62188047212213,True
50,6,true,ibd,-137.94351184892247,-147.68966389265287,9.746152043730405,True
50,6,true,mixed,-86.64568811773813,-111.02212192289308,24.376433805154946,True
50,7,hapibd,ibd,-130.63492751560506,-136.59400560918772,5.9590780935826615,True
50,7,hapibd,mixed,-81.26082585175932,-110.01686291797516,28.75603706621584,True
50,7,true,ibd,-132.60295166766645,-138.43771333274555,5.8347616650791,True
50,7,true,mixed,-85.29473274177786,-106.80513041983284,21.51039767805497,True
50,8,hapibd,ibd,-138.3499260146687,-147.7910105309775,9.441084516308791,True
50,8,hapibd,mixed,-88.02579984128761,-140.97703789456446,52.95123805327685,True
50,8,true,ibd,-143.29988757549648,-150.00140534023623,6.701517764739748,True
50,8,true,mixed,-92.14000775283635,-136.84575734353334,44.70574959069698,True
50,9,hapibd,ibd,-148.37107035248366,-162.9705854313889,14.599515078905256,True
50,9,hapibd,mixed,-101.12237366356293,-148.67810627392208,47.55573261035916,True
50,9,true,ibd,-144.63149461241795,-160.6246331922288,15.993138579810847,True
50,9,true,mixed,-98.93387377134461,-139.16514566681283,40.231271895468225,True
50,10,hapibd,ibd,-128.89288331308205,-145.65166352514836,16.758780212066313,True
50,10,hapibd,mixed,-78.0630229685164,-138.06372172083755,60.00069875232114,True
50,10,true,ibd,-135.15100430262015,-155.9633850381481,20.812380735527938,True
50,10,true,mixed,-82.83437547913513,-143.31365227628046,60.47927679714533,True
50,11,hapibd,ibd,-134.70654708370614,-138.43980906007974,3.7332619763735977,True
50,11,hapibd,mixed,-82.56834740230154,-106.67928507664051,24.11093767433897,True
50,11,true,ibd,-137.71589293493975,-136.22932831792758,-1.4865646170121636,False
50,11,true,mixed,-86.9186000433414,-106.9291961827995,20.0105961394581,True
50,12,hapibd,ibd,-137.8366767171312,-163.43237268195418,25.595695964822966,True
50,12,hapibd,mixed,-86.6722802088811,-155.557846893863,68.8855666849819,True
50,12,true,ibd,-140.54970308829385,-155.51841983547666,14.96871674718281,True
50,12,true,mixed,-91.68818413507454,-148.99255797201255,57.30437383693801,True
50,13,hapibd,ibd,-135.86859455926677,-146.27826240083647,10.4096678415697,True
50,13,hapibd,mixed,-88.87455688530916,-152.39421269212943,63.51965580682027,True
50,13,true,ibd,-142.3430074989747,-151.9870116152388,9.644004116264085,True
50,13,true,mixed,-88.2551840115586,-146.71368183761095,58.45849782605235,True
50,14,hapibd,ibd,-138.90041649757555,-151.9375740229482,13.037157525372663,True
50,14,hapibd,mixed,-86.24175886866803,-125.3503978893181,39.108639020650074,True
50,14,true,ibd,-144.01507993608456,-156.65739184406507,12.642311907980513,True
50,14,true,mixed,-89.38788011956656,-128.45028734503992,39.062407225473365,True
50,15,hapibd,ibd,-136.27173046801315,-151.3068804289312,15.035149960918062,True
50,15,hapibd,mixed,-83.77732817461062,-125.36326364960996,41.585935474999346,True
50,15,true,ibd,-134.30352278083424,-141.194896488055,6.891373707220765,True
50,15,true,mixed,-87.72869658262593,-115.11472022146691,27.38602363884098,True
50,16,hapibd,ibd,-134.79653121260495,-143.9196006828666,9.12306947026164,True
50,16,hapibd,mixed,-82.67592796005049,-140.05138854040067,57.37546058035018,True
50,16,true,ibd,-136.3264160128471,-146.70701534220075,10.380599329353657,True
50,16,true,mixed,-84.1666520755317,-139.44830769077006,55.281655615238364,True
50,17,hapibd,ibd,-129.77236041037102,-149.65311626455153,19.880755854180507,True
50,17,hapibd,mixed,-81.48054223646692,-144.04662321731752,62.5660809808506,True
50,17,true,ibd,-134.28972355306345,-147.11207956091891,12.822356007855461,True
50,17,true,mixed,-84.55282179007476,-136.25968462279354,51.706862832718784,True
50,18,hapibd,ibd,-144.10809359297318,-151.117815865951,7.009722272977825,True
50,18,hapibd,mixed,-93.77456402490249,-141.11301435045957,47.338450325557076,True
50,18,true,ibd,-153.82806490506908,-162.0464800871982,8.218415182129121,True
50,18,true,mixed,-109.76459675152981,-154.5743284459587,44.809731694428905,True
50,19,hapibd,ibd,-146.99091653212602,-152.72641868747456,5.7355021553485415,True
50,19,hapibd,mixed,-101.66526117031884,-135.8753690501718,34.210107879852956,True
50,19,true,ibd,-148.74225432586226,-146.2753355294015,-2.46691879646076,False
50,19,true,mixed,-108.37489643005162,-128.10236735933285,19.727470929281225,True
50,20,hapibd,ibd,-155.0323044718007,-170.9512823677225,15.918977895921813,True
50,20,hapibd,mixed,-99.1477909187115,-150.09171922167454,50.943928302963045,True
50,20,true,ibd,-159.55070723021012,-173.89280499711194,14.342097766901816,True
50,20,true,mixed,-101.06447160318164,-147.6466729809792,46.582201377797546,True
50,21,hapibd,ibd,-130.85474326291344,-147.55040668919642,16.695663426282977,True
50,21,hapibd,mixed,-77.64399605038702,-126.04050901346714,48.39651296308013,True
50,21,true,ibd,-122.85197519293348,-136.09862449288718,13.246649299953702,True
50,21,true,mixed,-73.1738714764603,-116.80760174030101,43.633730263840704,True
50,22,hapibd,ibd,-134.09546325318877,-148.78673934217565,14.691276088986882,True
50,22,hapibd,mixed,-77.9772073341862,-119.18433469124726,41.207127357061054,True
50,22,true,ibd,-138.43165018061111,-154.02597164718244,15.59432146657133,True
50,22,true,mixed,-82.74981806913212,-119.48035737419454,36.73053930506242,True
50,23,hapibd,ibd,-131.5131727375544,-145.39842031767716,13.885247580122751,True
50,23,hapibd,mixed,-79.61432809691742,-137.00798451976152,57.3936564228441,True
50,23,true,ibd,-135.68206951656262,-148.76047285312146,13.078403336558836,True
50,23,true,mixed,-76.2225323647924,-126.71299219301109,50.49045982821869,True
50,24,hapibd,ibd,-131.42262439032402,-139.72255958419916,8.299935193875143,True
50,24,hapibd,mixed,-79.69363261817568,-138.06831055685214,58.374677938676456,True
50,24,true,ibd,-137.44883064315584,-153.45061876252083,16.00178811936499,True
50,24,true,mixed,-81.83073824813991,-144.92755860735167,63.09682035921176,True
50,25,hapibd,ibd,-133.54904456101875,-136.72989734190696,3.180852780888216,True
50,25,hapibd,mixed,-78.24564847385065,-147.20720025774173,68.96155178389108,True
50,25,true,ibd,-141.67868976952232,-151.60842566121838,9.929735891696055,True
50,25,true,mixed,-89.02844888246717,-151.42601016443234,62.39756128196517,True
50,26,hapibd,ibd,-126.20498265242836,-126.55168905797298,0.34670640554462295,True
50,26,hapibd,mixed,-75.29562513868794,-94.33266681037735,19.03704167168941,True
50,26,true,ibd,-132.14806636738595,-129.99871238671503,-2.1493539806709236,False
50,26,true,mixed,-82.44157890804179,-93.62849287246588,11.186913964424093,True
50,27,hapibd,ibd,-131.25967879898653,-135.66481714308335,4.405138344096827,True
50,27,hapibd,mixed,-78.20946481630253,-105.02001013124051,26.810545314937983,True
50,27,true,ibd,-137.6593486306787,-139.75842009073187,2.0990714600531817,True
50,27,true,mixed,-85.2232557759397,-108.09797022994188,22.874714454002174,True
50,28,hapibd,ibd,-136.783669013343,-145.619467813338,8.83579879999499,True
50,28,hapibd,mixed,-86.33135690263147,-114.98273248264108,28.651375580009613,True
50,28,true,ibd,-140.47481595068606,-154.63713579117973,14.162319840493666,True
50,28,true,mixed,-91.17980597610364,-127.29002288612202,36.11021691001838,True
50,29,hapibd,ibd,-127.73460203570876,-134.38701840242987,6.652416366721113,True
50,29,hapibd,mixed,-75.91099040513579,-118.91748861737553,43.006498212239734,True
50,29,true,ibd,-132.5307887663081,-130.3882153362405,-2.1425734300675856,False
50,29,true,mixed,-79.17551206893057,-106.13435876646636,26.95884669753579,True
50,30,hapibd,ibd,-115.60251170301132,-137.93323292529482,22.3307212222835,True
50,30,hapibd,mixed,-65.5127605020547,-138.16090470394556,72.64814420189086,True
50,30,true,ibd,-122.72406663636944,-143.0390742807472,20.315007644377758,True
50,30,true,mixed,-70.13059680018529,-139.21945611660422,69.08885931641893,True
50,31,hapibd,ibd,-136.3620082456813,-145.46459018264517,9.102581936963873,True
50,31,hapibd,mixed,-83.3212574680491,-141.44439766718853,58.12314019913943,True
50,31,true,ibd,-145.35566013398926,-147.14219661393864,1.7865364799493761,True
50,31,true,mixed,-92.25767322176527,-134.36079194302124,42.10311872125597,True
50,32,hapibd,ibd,-126.64027366602686,-149.00869154256517,22.368417876538317,True
50,32,hapibd,mixed,-75.80588471776971,-154.42756572906598,78.62168101129626,True
50,32,true,ibd,-129.4315817072944,-143.5086115311306,14.077029823836199,True
50,32,true,mixed,-77.36715868323415,-137.4832416247177,60.11608294148354,True
50,33,hapibd,ibd,-125.82263542405151,-138.67601430976512,12.85337888571361,True
50,33,hapibd,mixed,-70.14723196022553,-112.28391764404572,42.13668568382019,True
50,33,true,ibd,-129.48481105453754,-146.60638846507783,17.121577410540283,True
50,33,true,mixed,-72.75676583616023,-116.37143137509487,43.614665538934645,True
50,34,hapibd,ibd,-126.3147220588954,-134.06778614590843,7.75306408701303,True
50,34,hapibd,mixed,-72.73108587407987,-117.13570782604373,44.40462195196386,True
50,34,true,ibd,-132.26242692759106,-142.9356934993676,10.673266571776537,True
50,34,true,mixed,-81.27936613117211,-119.15375089325498,37.87438476208287,True
50,35,hapibd,ibd,-138.66747561728653,-154.07355046603072,15.406074848744197,True
50,35,hapibd,mixed,-89.42967845347809,-135.23123617989518,45.80155772641709,True
50,35,true,ibd,-145.47736343127514,-155.3601977961182,9.882834364843063,True
50,35,true,mixed,-96.98668498387218,-132.83957110100206,35.852886117129884,True
50,36,hapibd,ibd,-130.45113629516058,-140.98283399239497,10.531697697234392,True
50,36,hapibd,mixed,-81.58057362401095,-144.99749656658324,63.416922942572285,True
50,36,true,ibd,-135.48484533555632,-143.79469967966176,8.309854344105446,True
50,36,true,mixed,-89.5672822613466,-149.14928572739203,59.58200346604542,True
50,37,hapibd,ibd,-131.64175951003196,-145.90540337413822,14.263643864106257,True
50,37,hapibd,mixed,-85.97689339689406,-108.62901619421542,22.65212279732137,True
50,37,true,ibd,-137.61215622951065,-143.22821599425305,5.616059764742403,True
50,37,true,mixed,-93.14826061980743,-106.37996543214048,13.23170481233305,True
50,38,hapibd,ibd,-135.92182310934115,-142.05129135912267,6.1294682497815245,True
50,38,hapibd,mixed,-83.49912717601904,-123.5302948580084,40.03116768198936,True
50,38,true,ibd,-134.68984088863334,-146.62074999289675,11.930909104263407,True
50,38,true,mixed,-81.4491300253509,-121.55125135387821,40.10212132852732,True
50,39,hapibd,ibd,-142.54193394469598,-149.30885097861943,6.766917033923448,True
50,39,hapibd,mixed,-87.39136094552049,-114.8037772967111,27.412416351190615,True
50,39,true,ibd,-142.94765957247526,-148.04953118477528,5.101871612300016,True
50,39,true,mixed,-88.19165869737641,-117.15163720317773,28.959978505801317,True
50,40,hapibd,ibd,-140.3654718834182,-152.90924052428744,12.543768640869246,True
50,40,hapibd,mixed,-85.4498546636918,-131.12481355853083,45.67495889483904,True
50,40,true,ibd,-145.82327749936724,-154.1023923326817,8.279114833314452,True
50,40,true,mixed,-92.4119289819862,-125.79000237167202,33.378073389685824,True
50,41,hapibd,ibd,-126.9663812372141,-139.22874674797652,12.262365510762422,True
50,41,hapibd,mixed,-77.02071385682207,-122.6573151041368,45.63660124731473,True
50,41,true,ibd,-129.00332734722187,-136.43725030235714,7.433922955135273,True
50,41,true,mixed,-83.33841049918381,-125.36182362066151,42.0234131214777,True
50,42,hapibd,ibd,-129.6882010900944,-136.98439165181802,7.29619056172362,True
50,42,hapibd,mixed,-79.89828578830277,-103.48838653818223,23.590100749879454,True
50,42,true,ibd,-136.23345424677683,-136.28808296686208,0.05462872008524755,True
50,42,true,mixed,-88.21234830727329,-101.78678729131748,13.574438984044193,True
50,43,hapibd,ibd,-138.44110546996234,-154.50593434457255,16.064828874610214,True
50,43,hapibd,mixed,-91.8003233940962,-131.70497341100128,39.90465001690508,True
50,43,true,ibd,-136.2637948210149,-150.71892516634986,14.455130345334965,True
50,43,true,mixed,-89.57330118501793,-126.44819215099872,36.874890965980796,True
50,44,hapibd,ibd,-132.17628299433153,-141.02647220381644,8.85018920948491,True
50,44,hapibd,mixed,-77.22064641437869,-116.68446762821189,39.4638212138332,True
50,44,true,ibd,-140.57954055345294,-143.03930786013734,2.459767306684398,True
50,44,true,mixed,-91.8283980565922,-113.01389764242485,21.185499585832645,True
50,45,hapibd,ibd,-126.78304587568395,-140.20822109066376,13.425175214979802,True
50,45,hapibd,mixed,-74.55026923037813,-123.56757971448825,49.01731048411011,True
50,45,true,ibd,-134.95731204645034,-148.13481747438513,13.17750542793479,True
50,45,true,mixed,-82.23198984633225,-130.69030172888523,48.45831188255298,True
50,46,hapibd,ibd,-134.5925863642144,-140.4400105996593,5.84742423544489,True
50,46,hapibd,mixed,-85.41728704431044,-108.8735789231992,23.456291878888763,True
50,46,true,ibd,-137.68631360761233,-148.16375896105868,10.477445353446342,True
50,46,true,mixed,-86.53583044823256,-107.52510583234496,20.989275384112403,True
50,47,hapibd,ibd,-128.2499651590034,-135.67796868323,7.428003524226597,True
50,47,hapibd,mixed,-80.40630577133365,-99.49179329787601,19.085487526542366,True
50,47,true,ibd,-130.24098414402968,-140.45748427692183,10.21650013289215,True
50,47,true,mixed,-81.33004602137679,-105.2252186548622,23.895172633485416,True
50,48,hapibd,ibd,-114.65561895190736,-126.6943039559579,12.03868500405055,True
50,48,hapibd,mixed,-61.262874731609664,-106.31377859366712,45.05090386205746,True
50,48,true,ibd,-123.2729737289715,-131.4996717785797,8.226698049608217,True
50,48,true,mixed,-66.02919165194511,-107.9186786975418,41.88948704559668,True
50,49,hapibd,ibd,-120.01496823675892,-121.68560855775993,1.6706403210010166,True
50,49,hapibd,mixed,-71.97288916404973,-127.00047021528066,55.027581051230925,True
50,49,true,ibd,-121.06316150862551,-122.5741898910407,1.5110283824151907,True
50,49,true,mixed,-74.76167245998478,-117.43789088024022,42.67621842025544,True
50,50,hapibd,ibd,-132.68329991791717,-138.22029530647183,5.536995388554658,True
50,50,hapibd,mixed,-78.09092611744424,-96.77142443465583,18.680498317211587,True
50,50,true,ibd,-130.65191151757355,-135.59034030380113,4.9384287862275755,True
50,50,true,mixed,-76.93780882233094,-97.95535118501228,21.01754236268134,True
50,51,hapibd,ibd,-127.10926877619376,-136.78239332046084,9.673124544267083,True
50,51,hapibd,mixed,-77.00462604898934,-104.28579755541604,27.281171506426702,True
50,51,true,ibd,-131.87808432372557,-137.07523984142787,5.197155517702299,True
50,51,true,mixed,-81.53033081965143,-101.59848007640049,20.068149256749066,True
50,52,hapibd,ibd,-143.72133273304033,-166.05816193634195,22.33682920330162,True
50,52,hapibd,mixed,-90.94129487195451,-161.7551022578744,70.81380738591989,True
50,52,true,ibd,-149.16935019470927,-166.07668693653204,16.907336741822775,True
50,52,true,mixed,-99.88112632257386,-156.5029919060162,56.62186558344234,True
50,53,hapibd,ibd,-135.37732992935355,-137.86389772155124,2.4865677921976896,True
50,53,hapibd,mixed,-78.32759417028234,-106.91076975626312,28.583175585980783,True
50,53,true,ibd,-140.62065356012735,-137.06779007820197,-3.5528634819253853,False
50,53,true,mixed,-83.99140075471276,-105.96147164548307,21.970070890770316,True
50,54,hapibd,ibd,-132.81438590681228,-135.19358738241067,2.379201475598393,True
50,54,hapibd,mixed,-83.0946015293214,-129.2936643568743,46.19906282755291,True
50,54,true,ibd,-141.85461697147497,-139.63948005597922,-2.215136915495748,False
50,54,true,mixed,-105.07643933123184,-139.2892756191889,34.212836287957074,True
50,55,hapibd,ibd,-139.64623270233517,-151.4053831913929,11.759150489057731,True
50,55,hapibd,mixed,-86.23438215520885,-126.62795569301959,40.39357353781074,True
50,55,true,ibd,-146.7790720866679,-156.28189305696466,9.502820970296767,True
50,55,true,mixed,-101.98807179099276,-131.0813814515421,29.093309660549323,True
50,56,hapibd,ibd,-133.354984492464,-141.6645770754306,8.309592582966587,True
50,56,hapibd,mixed,-79.43627150054814,-138.0171782283627,58.58090672781455,True
50,56,true,ibd,-143.68531429376992,-159.35255005226804,15.667235758498123,True
50,56,true,mixed,-90.40461375120675,-150.24704383140192,59.84243008019517,True
50,57,hapibd,ibd,-126.24973112509514,-144.68774329834955,18.438012173254407,True
50,57,hapibd,mixed,-73.80529853596835,-116.35608416007756,42.55078562410921,True
50,57,true,ibd,-130.1465673957784,-143.76727708809926,13.620709692320872,True
50,57,true,mixed,-74.26334394571214,-110.24133339159366,35.97798944588152,True
50,58,hapibd,ibd,-138.43662744865148,-159.83113105006416,21.39450360141268,True
50,58,hapibd,mixed,-85.29505964773809,-150.663695794047,65.3686361463089,True
50,58,true,ibd,-143.70210231260418,-165.39998113090897,21.697878818304787,True
50,58,true,mixed,-90.51446408190701,-150.57360200248667,60.05913792057966,True
50,59,hapibd,ibd,-136.88255520831373,-137.4358106827241,0.5532554744103777,True
50,59,hapibd,mixed,-88.16951047377361,-135.3370353012207,47.167524827447096,True
50,59,true,ibd,-143.09552665723837,-139.12702026370297,-3.9685063935353924,False
50,59,true,mixed,-102.23514990496466,-139.81254490943195,37.57739500446729,True
50,60,hapibd,ibd,-129.573863868908,-140.15805579298785,10.584191924079846,True
50,60,hapibd,mixed,-74.9883588520372,-111.39034948487881,36.40199063284162,True
50,60,true,ibd,-132.9604681882685,-148.35658333753537,15.396115149266876,True
50,60,true,mixed,-79.05529602114156,-118.50513030971882,39.449834288577264,True
50,61,hapibd,ibd,-129.1667315080778,-137.94087400594861,8.774142497870827,True
50,61,hapibd,mixed,-73.38398167780828,-107.50709464243825,34.12311296462997,True
50,61,true,ibd,-132.42785268318548,-133.583435543657,1.155582860471526,True
50,61,true,mixed,-78.73586219156508,-98.64896675013256,19.913104558567483,True
50,62,hapibd,ibd,-132.0500855548689,-134.30495582056366,2.2548702656947626,True
50,62,hapibd,mixed,-79.84511528762023,-98.39796458433214,18.552849296711912,True
50,62,true,ibd,-138.57671693346109,-138.21487106465085,-0.36184586881023506,False
50,62,true,mixed,-84.89875430902688,-102.85632472877033,17.957570419743448,True
50,63,hapibd,ibd,-133.7090769256582,-133.61220543833969,-0.09687148731850925,False
50,63,hapibd,mixed,-86.83176362230284,-129.65935362260927,42.82759000030643,True
50,63,true,ibd,-139.64939453138302,-145.44229475504875,5.792900223665725,True
50,63,true,mixed,-88.222981369252,-144.94704809136294,56.72406672211095,True
50,64,hapibd,ibd,-130.97017642981834,-132.72443588653945,1.7542594567211154,True
50,64,hapibd,mixed,-83.35170383364128,-126.91124322638748,43.5595393927462,True
50,64,true,ibd,-137.6095481592673,-136.03973377287005,-1.5698143863972405,False
50,64,true,mixed,-95.19356496189357,-127.13640155990996,31.942836598016385,True
50,65,hapibd,ibd,-120.50998402216568,-135.33914978617173,14.82916576400605,True
50,65,hapibd,mixed,-79.79248965895478,-150.12697204688948,70.3344823879347,True
50,65,true,ibd,-126.97179600232685,-132.04840140913277,5.0766054068059105,True
50,65,true,mixed,-77.27441332758512,-139.65774294376274,62.38332961617762,True
50,66,hapibd,ibd,-144.3259257920669,-155.1269212928755,10.800995500808597,True
50,66,hapibd,mixed,-94.09218854412707,-158.94481163042903,64.85262308630196,True
50,66,true,ibd,-146.87412184111486,-154.23571435122716,7.3615925101123025,True
50,66,true,mixed,-96.56292189603663,-152.4187491328555,55.85582723681888,True
50,67,hapibd,ibd,-126.6172428338713,-140.95438558756356,14.337142753692262,True
50,67,hapibd,mixed,-76.94264593687814,-114.96371092371423,38.021064986836095,True
50,67,true,ibd,-135.7779239808276,-148.57098028215566,12.79305630132805,True
50,67,true,mixed,-83.6839315174737,-114.89990551497077,31.215973997497073,True
50,68,hapibd,ibd,-126.81284297271425,-131.3497158182871,4.536872845572859,True
50,68,hapibd,mixed,-75.78067189980878,-117.07124106729505,41.29056916748627,True
50,68,true,ibd,-130.5619090425255,-133.71118683689727,3.1492777943717556,True
50,68,true,mixed,-76.9586292290761,-119.9886915086365,43.03006227956041,True
50,69,hapibd,ibd,-136.77258344502926,-147.4034666539046,10.630883208875332,True
50,69,hapibd,mixed,-81.59119174226618,-111.973037471785,30.38184572951883,True
50,69,true,ibd,-145.13133149569325,-154.4403185632457,9.308987067552465,True
50,69,true,mixed,-93.59589251697308,-121.35763830350439,27.761745786531307,True
50,70,hapibd,ibd,-135.06612423938242,-156.46644042945002,21.4003161900676,True
50,70,hapibd,mixed,-87.46538305095386,-146.72399441276102,59.258611361807155,True
50,70,true,ibd,-151.39302045673824,-173.3361730466414,21.94315258990315,True
50,70,true,mixed,-99.1660054673234,-154.96614149331208,55.80013602598868,True
50,71,hapibd,ibd,-129.03092694208578,-145.24878855246055,16.21786161037477,True
50,71,hapibd,mixed,-76.86376476151156,-123.77703884121144,46.913274079699875,True
50,71,true,ibd,-136.3916686736258,-149.90623664230145,13.514567968675664,True
50,71,true,mixed,-85.75453308382411,-122.89211482427443,37.137581740450315,True
50,72,hapibd,ibd,-136.9078574850093,-142.16093518812505,5.253077703115764,True
50,72,hapibd,mixed,-82.80342389628302,-101.71713814784596,18.913714251562936,True
50,72,true,ibd,-138.2904154452222,-137.4932990498101,-0.7971163954121039,False
50,72,true,mixed,-85.4792231672956,-99.86494089270117,14.38571772540557,True
50,73,hapibd,ibd,-127.8899238347503,-143.6586417106153,15.768717875865008,True
50,73,hapibd,mixed,-72.8669808642655,-122.54025530345685,49.673274439191346,True
50,73,true,ibd,-124.30173787712434,-135.39217007968148,11.090432202557139,True
50,73,true,mixed,-73.53248790726497,-115.84400566574816,42.31151775848319,True
50,74,hapibd,ibd,-141.00485468750412,-147.8358731064471,6.831018418942989,True
50,74,hapibd,mixed,-90.42419160305913,-129.22083052899077,38.796638925931646,True
50,74,true,ibd,-151.0159726116731,-152.475714443346,1.4597418316728863,True
50,74,true,mixed,-101.69978891624811,-135.307668246967,33.6078793307189,True
50,75,hapibd,ibd,-128.88384767805772,-127.51951833604952,-1.3643293420082045,False
50,75,hapibd,mixed,-78.70638007311386,-122.11609544637336,43.4097153732595,True
50,75,true,ibd,-134.1661665557684,-132.57703592761024,-1.5891306281581592,False
50,75,true,mixed,-90.25037966386985,-129.57394488022013,39.323565216350275,True
50,76,hapibd,ibd,-128.07032262451096,-137.45913802698442,9.388815402473455,True
50,76,hapibd,mixed,-74.54113343911962,-101.01379039460078,26.472656955481156,True
50,76,true,ibd,-134.35305177591334,-140.83177905056246,6.478727274649117,True
50,76,true,mixed,-78.86808754461876,-98.08632499027101,19.21823744565225,True
50,77,hapibd,ibd,-150.07084794911648,-166.1220411441368,16.051193195020318,True
50,77,hapibd,mixed,-108.84664257019615,-146.98451742685455,38.1378748566584,True
50,77,true,ibd,-151.72873684434725,-164.7207901271839,12.99205328283665,True
50,77,true,mixed,-112.7225118907879,-145.09663075818008,32.374118867392184,True
50,78,hapibd,ibd,-132.48776654033549,-138.0056576963912,5.517891156055725,True
50,78,hapibd,mixed,-81.76077944180811,-122.79594729725109,41.03516785544298,True
50,78,true,ibd,-132.05997662461374,-141.5377488691105,9.477772244496748,True
50,78,true,mixed,-81.24423333220567,-128.24876541644366,47.004532084237994,True
50,79,hapibd,ibd,-122.70672481793348,-146.22513899554536,23.518414177611888,True
50,79,hapibd,mixed,-73.4821738452367,-182.44492120458622,108.96274735934952,True
50,79,true,ibd,-130.07973117201118,-146.6962015676001,16.61647039558892,True
50,79,true,mixed,-77.8312851851068,-177.4590132219104,99.6277280368036,True
50,80,hapibd,ibd,-133.11713835787924,-139.8383006228148,6.721162264935572,True
50,80,hapibd,mixed,-81.45319495091185,-137.95391933495145,56.5007243840396,True
50,80,true,ibd,-136.23698906200764,-142.6425825551467,6.405593493139065,True
50,80,true,mixed,-86.24733509946978,-137.98629178895212,51.738956689482336,True
50,81,hapibd,ibd,-132.97281636995444,-142.7553903453081,9.782573975353642,True
50,81,hapibd,mixed,-84.13938279471273,-134.20841370988785,50.06903091517512,True
50,81,true,ibd,-134.1266231248298,-141.69844462877134,7.57182150394155,True
50,81,true,mixed,-81.055410414705,-130.8831057066417,49.82769529193669,True
50,82,hapibd,ibd,-127.40416454447681,-155.39726620772538,27.993101663248567,True
50,82,hapibd,mixed,-77.38650295455176,-180.9371509622081,103.55064800765635,True
50,82,true,ibd,-134.7975084127671,-157.31575844151445,22.51825002874736,True
50,82,true,mixed,-81.8494524395857,-165.71455185333105,83.86509941374534,True
50,83,hapibd,ibd,-129.31892184276902,-126.00193322787308,-3.3169886148959336,False
50,83,hapibd,mixed,-74.14269950362983,-107.10759259999392,32.964893096364094,True
50,83,true,ibd,-132.10974790902338,-127.15545804014134,-4.954289868882043,False
50,83,true,mixed,-83.78511161656749,-108.1870903645668,24.40197874799931,True
50,84,hapibd,ibd,-143.50372274958622,-159.04403855300828,15.540315803422061,True
50,84,hapibd,mixed,-92.74032990413662,-140.1064863557085,47.3661564515719,True
50,84,true,ibd,-146.88416339466454,-160.8921578484444,14.007994453779872,True
50,84,true,mixed,-95.19196394233676,-134.9351188253162,39.743154882979454,True
50,85,hapibd,ibd,-136.55119732213063,-156.97218911212462,20.42099178999399,True
50,85,hapibd,mixed,-81.10714230243771,-132.0936115007806,50.9864691983429,True
50,85,true,ibd,-137.8598872556295,-153.59557263927553,15.735685383646029,True
50,85,true,mixed,-84.68921555920585,-125.53023373545837,40.84101817625252,True
50,86,hapibd,ibd,-128.627684383999,-132.69161554718988,4.063931163190887,True
50,86,hapibd,mixed,-75.78764529669995,-99.48116420296826,23.69351890626831,True
50,86,true,ibd,-133.81390710729815,-130.56349415947642,-3.2504129478217294,False
50,86,true,mixed,-77.32259771167752,-94.3559908648958,17.033393153218285,True
50,87,hapibd,ibd,-129.02812131181838,-137.41043897081255,8.382317658994168,True
50,87,hapibd,mixed,-73.9004674843449,-123.71502092431324,49.814553439968336,True
50,87,true,ibd,-133.96212459218748,-145.5016556879176,11.539531095730126,True
50,87,true,mixed,-79.43286245486749,-131.77557544107233,52.342712986204845,True
50,88,hapibd,ibd,-147.78897048962838,-157.7690334109897,9.98006292136131,True
50,88,hapibd,mixed,-95.9456009912396,-132.604342677965,36.658741686725406,True
50,88,true,ibd,-141.98543592935928,-150.24632891350566,8.26089298414638,True
50,88,true,mixed,-92.02492605012799,-123.00991809936819,30.984992049240205,True
50,89,hapibd,ibd,-128.44933170695523,-139.38466531359649,10.935333606641251,True
50,89,hapibd,mixed,-77.38178184938607,-130.42363602284954,53.04185417346346,True
50,89,true,ibd,-142.13762689354584,-147.57437338232884,5.436746488783001,True
50,89,true,mixed,-94.96098043640593,-132.99268753556595,38.031707099160016,True
50,90,hapibd,ibd,-129.8633129182996,-141.2926548942567,11.4293419759571,True
50,90,hapibd,mixed,-75.9953478562338,-128.86342163888625,52.868073782652445,True
50,90,true,ibd,-133.90545056558605,-147.10169470893783,13.196244143351777,True
50,90,true,mixed,-80.4848225397187,-132.48088144353866,51.99605890381996,True
50,91,hapibd,ibd,-128.2264379854412,-132.32522048018734,4.098782494746132,True
50,91,hapibd,mixed,-77.1355632293305,-118.08150840170734,40.94594517237684,True
50,91,true,ibd,-134.48313365519599,-139.5707403244844,5.087606669288419,True
50,91,true,mixed,-80.59991312207049,-118.99747993650618,38.39756681443569,True
50,92,hapibd,ibd,-125.92509240862795,-140.07358757195843,14.14849516333048,True
50,92,hapibd,mixed,-73.36567608517522,-123.71132075397554,50.34564466880032,True
50,92,true,ibd,-134.7840060390053,-140.72408849417639,5.94008245517108,True
50,92,true,mixed,-82.68640982431235,-120.99470620796883,38.30829638365648,True
50,93,hapibd,ibd,-129.04026453048746,-133.09030603988998,4.050041509402519,True
50,93,hapibd,mixed,-75.91878507425676,-103.82206269465611,27.90327762039935,True
50,93,true,ibd,-131.89668484215355,-135.134001128399,3.237316286245459,True
50,93,true,mixed,-78.49640802183032,-108.91318038006577,30.41677235823545,True
50,94,hapibd,ibd,-137.93734049369138,-171.40435620026753,33.46701570657615,True
50,94,hapibd,mixed,-84.77184071470846,-149.1592245194884,64.38738380477993,True
50,94,true,ibd,-138.25302667864725,-171.854861342937,33.601834664289754,True
50,94,true,mixed,-87.11454688725233,-150.39558233982336,63.28103545257103,True
50,95,hapibd,ibd,-126.64027366602686,-149.00869154256517,22.368417876538317,True
50,95,hapibd,mixed,-75.80588471776971,-154.42756572906598,78.62168101129626,True
50,95,true,ibd,-129.4315817072944,-143.5086115311306,14.077029823836199,True
50,95,true,mixed,-77.36715868323415,-137.4832416247177,60.11608294148354,True
50,96,hapibd,ibd,-139.45446259772515,-147.25497413630154,7.800511538576387,True
50,96,hapibd,mixed,-87.48954773090186,-136.38600431195633,48.896456581054466,True
50,96,true,ibd,-140.8769943686531,-151.73104934177812,10.854054973125017,True
50,96,true,mixed,-86.94776950856952,-134.80580396328898,47.85803445471946,True
50,97,hapibd,ibd,-133.8510438500792,-157.61897126474932,23.767927414670112,True
50,97,hapibd,mixed,-83.02443128611132,-162.3645069147276,79.34007562861628,True
50,97,true,ibd,-134.39987725125906,-160.8297547985142,26.42987754725513,True
50,97,true,mixed,-83.44071719465705,-164.54182753229477,81.10111033763772,True
50,98,hapibd,ibd,-137.53401955394247,-156.42227220199266,18.888252648050184,True
50,98,hapibd,mixed,-82.7101489773046,-127.43155008481013,44.72140110750553,True
50,98,true,ibd,-145.33486867293902,-158.61899422044277,13.284125547503749,True
50,98,true,mixed,-99.22244316407173,-129.86088162435516,30.638438460283425,True
50,99,hapibd,ibd,-139.38772093280213,-148.96017702247707,9.572456089674944,True
50,99,hapibd,mixed,-88.66012929634442,-120.03443075212003,31.37430145577561,True
50,99,true,ibd,-144.1544744939581,-158.32579299520978,14.171318501251676,True
50,99,true,mixed,-92.16622196806219,-123.32307846486844,31.156856496806256,True
100,0,hapibd,ibd,-168.3835785936244,-180.87130483350614,12.487726239881738,True
100,0,hapibd,mixed,-117.15588989894835,-197.97766490467123,80.82177500572288,True
100,0,true,ibd,-172.63394531856395,-185.66090927624185,13.026963957677907,True
100,0,true,mixed,-122.35852799707386,-191.60142704470462,69.24289904763076,True
100,1,hapibd,ibd,-166.95246505915986,-180.94202625075147,13.989561191591605,True
100,1,hapibd,mixed,-108.57235879529426,-169.02867642650295,60.45631763120869,True
100,1,true,ibd,-166.30733397017377,-186.4123009790084,20.10496700883462,True
100,1,true,mixed,-112.31811082199944,-170.23779703769904,57.9196862156996,True
100,2,hapibd,ibd,-160.21878514516655,-196.65545570404345,36.4366705588769,True
100,2,hapibd,mixed,-102.7551206053305,-241.09665956648988,138.34153896115936,True
100,2,true,ibd,-173.93111129335443,-194.10424777534465,20.173136481990213,True
100,2,true,mixed,-117.63818723824853,-233.16933817754085,115.53115093929232,True
100,3,hapibd,ibd,-158.4869129635939,-191.39209815685751,32.905185193263605,True
100,3,hapibd,mixed,-100.51286102552025,-190.49070094172941,89.97783991620916,True
100,3,true,ibd,-161.33875903147194,-188.4082921118683,27.069533080396354,True
100,3,true,mixed,-106.60957072922433,-188.54707533818774,81.93750460896341,True
100,4,hapibd,ibd,-164.26623408295953,-198.93911216947419,34.67287808651466,True
100,4,hapibd,mixed,-107.61817097525342,-198.42178549087217,90.80361451561875,True
100,4,true,ibd,-170.5015475614315,-201.07638303175125,30.574835470319755,True
100,4,true,mixed,-111.55805568496362,-191.1234518307444,79.56539614578077,True
100,5,hapibd,ibd,-183.6839292416174,-227.79193456704363,44.108005325426234,True
100,5,hapibd,mixed,-124.82024385228665,-233.00499682188797,108.18475296960132,True
100,5,true,ibd,-185.792706810672,-233.105420656645,47.31271384597301,True
100,5,true,mixed,-131.33795864018688,-238.53219607290444,107.19423743271756,True
100,6,hapibd,ibd,-169.53477508938806,-194.6549253596959,25.120150270307846,True
100,6,hapibd,mixed,-114.43847833908349,-197.4286843326336,82.9902059935501,True
100,6,true,ibd,-165.9072790676924,-187.27257689774285,21.36529783005045,True
100,6,true,mixed,-113.81973518249904,-193.9650955586796,80.14536037618055,True
100,7,hapibd,ibd,-155.6591956499407,-156.82094723498727,1.1617515850465736,True
100,7,hapibd,mixed,-105.77351912491429,-127.80287809239537,22.029358967481087,True
100,7,true,ibd,-167.46564414898435,-168.25686947971982,0.7912253307354717,True
100,7,true,mixed,-116.84269161889894,-139.22644322912058,22.383751610221637,True
100,8,hapibd,ibd,-159.31847642498673,-195.18080281225866,35.862326387271935,True
100,8,hapibd,mixed,-100.32266655537082,-196.7147260702467,96.3920595148759,True
100,8,true,ibd,-172.73217089611035,-194.0837544817648,21.351583585654453,True
100,8,true,mixed,-113.12416391541113,-183.94338723833332,70.81922332292218,True
100,9,hapibd,ibd,-173.183594795075,-205.20116512256604,32.01757032749103,True
100,9,hapibd,mixed,-114.97110448012141,-225.22444081795032,110.25333633782891,True
100,9,true,ibd,-176.7466933685113,-198.9076513521847,22.1609579836734,True
100,9,true,mixed,-126.09542942097947,-213.8255546379523,87.73012521697284,True
100,10,hapibd,ibd,-174.9460864989697,-227.19238602081901,52.24629952184932,True
100,10,hapibd,mixed,-123.57759701463402,-261.2472349794716,137.6696379648376,True
100,10,true,ibd,-186.54444449182648,-233.80904022355244,47.26459573172596,True
100,10,true,mixed,-133.7134764780638,-262.35436986439606,128.64089338633227,True
100,11,hapibd,ibd,-169.93369006240292,-200.22960304996224,30.29591298755932,True
100,11,hapibd,mixed,-113.6853410823799,-196.00555795125203,82.32021686887212,True
100,11,true,ibd,-181.0537108260853,-209.9493862230602,28.895675396974895,True
100,11,true,mixed,-126.02614813475404,-200.2904211074366,74.26427297268256,True
100,12,hapibd,ibd,-175.184876945652,-192.00392076465675,16.819043819004747,True
100,12,hapibd,mixed,-120.58013628753662,-189.78091236206248,69.20077607452586,True
100,12,true,ibd,-176.2580001183689,-193.65591311834044,17.39791299997154,True
100,12,true,mixed,-121.30764852449778,-188.66935970986327,67.3617111853655,True
100,13,hapibd,ibd,-174.157608632514,-207.66529989537216,33.507691262858145,True
100,13,hapibd,mixed,-118.55614592396977,-228.81440625856573,110.25826033459596,True
100,13,true,ibd,-177.00773255521128,-207.1766522337201,30.168919678508814,True
100,13,true,mixed,-121.14472654764461,-229.10678739136105,107.96206084371644,True
100,14,hapibd,ibd,-168.79649457918927,-209.75669728756586,40.960202708376585,True
100,14,hapibd,mixed,-111.75256962781062,-214.77833433506905,103.02576470725843,True
100,14,true,ibd,-181.25489819836594,-221.19865566324788,39.94375746488194,True
100,14,true,mixed,-125.80368699687878,-219.97150544567086,94.16781844879208,True
100,15,hapibd,ibd,-176.45890903071322,-203.55312080274058,27.094211772027364,True
100,15,hapibd,mixed,-116.08970102566637,-192.8764531663948,76.78675214072844,True
100,15,true,ibd,-179.12680569347145,-209.76012714841016,30.63332145493871,True
100,15,true,mixed,-120.12892419336795,-196.43697607874745,76.3080518853795,True
100,16,hapibd,ibd,-163.02690062444285,-182.64309935606434,19.616198731621495,True
100,16,hapibd,mixed,-103.8733365627355,-164.5611744350638,60.6878378723283,True
100,16,true,ibd,-170.07578455905326,-188.52721979723592,18.451435238182654,True
100,16,true,mixed,-109.09312003005331,-166.87337280354612,57.780252773492805,True
100,17,hapibd,ibd,-167.30338660425866,-183.15897107693624,15.855584472677577,True
100,17,hapibd,mixed,-112.61013988815178,-185.47788002136832,72.86774013321654,True
100,17,true,ibd,-165.83566842751287,-178.84254961806144,13.006881190548569,True
100,17,true,mixed,-110.66715195900134,-181.58492345185113,70.91777149284978,True
100,18,hapibd,ibd,-162.09363737216995,-220.80140850742703,58.707771135257076,True
100,18,hapibd,mixed,-102.92024849765276,-274.6705845150309,171.75033601737812,True
100,18,true,ibd,-164.65764293054391,-218.61360182556942,53.9559588950255,True
100,18,true,mixed,-111.4070361590784,-262.4860056744708,151.07896951539237,True
100,19,hapibd,ibd,-169.727052675219,-205.35400439596387,35.62695172074487,True
100,19,hapibd,mixed,-113.09946242407548,-202.29913255552609,89.1996701314506,True
100,19,true,ibd,-174.1393732578719,-196.5920312429827,22.45265798511079,True
100,19,true,mixed,-118.40409778534718,-183.06542282783423,64.66132504248705,True
100,20,hapibd,ibd,-173.38373945285565,-194.10790478140555,20.7241653285499,True
100,20,hapibd,mixed,-116.0391177446284,-175.35120870168194,59.31209095705354,True
100,20,true,ibd,-175.40662535294396,-198.46311358973418,23.056488236790216,True
100,20,true,mixed,-121.87765161941854,-178.11223863997705,56.23458702055851,True
100,21,hapibd,ibd,-174.32905671808868,-203.70172378275834,29.372667064669656,True
100,21,hapibd,mixed,-120.46172174346357,-199.27109717603105,78.80937543256748,True
100,21,true,ibd,-184.37101836174665,-210.86204478759927,26.491026425852624,True
100,21,true,mixed,-122.2450090921808,-200.96606346594356,78.72105437376277,True
100,22,hapibd,ibd,-181.80985806098641,-207.18991984368907,25.380061782702654,True
100,22,hapibd,mixed,-124.45132602241827,-213.2197339269641,88.76840790454582,True
100,22,true,ibd,-187.8642053156547,-213.3059892723228,25.441783956668104,True
100,22,true,mixed,-132.08361259901025,-203.4479762657978,71.36436366678754,True
100,23,hapibd,ibd,-168.63604312866408,-209.32510469179468,40.68906156313059,True
100,23,hapibd,mixed,-116.3959616361657,-205.30487878179312,88.90891714562743,True
100,23,true,ibd,-182.5097943147711,-215.0118594691513,32.502065154380176,True
100,23,true,mixed,-126.32291701400172,-201.9982136653739,75.67529665137218,True
100,24,hapibd,ibd,-166.01437072782923,-199.20805710231042,33.19368637448119,True
100,24,hapibd,mixed,-113.64953316142152,-200.461637712446,86.81210455102448,True
100,24,true,ibd,-169.23182807734656,-195.00387803546496,25.7720499581184,True
100,24,true,mixed,-116.75950775169447,-183.8323226815004,67.07281492980592,True
100,25,hapibd,ibd,-166.9312018488306,-190.76430322705653,23.833101378225933,True
100,25,hapibd,mixed,-112.40469372385243,-187.83277771465845,75.42808399080602,True
100,25,true,ibd,-172.76342083849735,-187.0286539680899,14.26523312959256,True
100,25,true,mixed,-118.35874157463759,-182.17986456664576,63.82112299200817,True
100,26,hapibd,ibd,-162.18946366181737,-201.93794732258897,39.7484836607716,True
100,26,hapibd,mixed,-110.07735276112997,-213.4780240666888,103.40067130555882,True
100,26,true,ibd,-168.54584683675628,-202.2828578486766,33.737011011920316,True
100,26,true,mixed,-112.98891649954393,-206.01191333655885,93.02299683701492,True
100,27,hapibd,ibd,-157.14326364331345,-178.86658019784184,21.723316554528395,True
100,27,hapibd,mixed,-106.68092915404921,-172.83323768282892,66.15230852877971,True
100,27,true,ibd,-167.69772050901125,-176.09193035208472,8.394209843073469,True
100,27,true,mixed,-112.35663571751799,-168.3293682850731,55.9727325675551,True
100,28,hapibd,ibd,-174.84930362330059,-226.59333653494969,51.7440329116491,True
100,28,hapibd,mixed,-120.33612022239521,-221.99483861606097,101.65871839366577,True
100,28,true,ibd,-178.3677260870641,-225.7979407214225,47.43021463435838,True
100,28,true,mixed,-123.54281258732064,-213.95617151978158,90.41335893246094,True
100,29,hapibd,ibd,-170.27834360844403,-218.20951815531637,47.93117454687234,True
100,29,hapibd,mixed,-115.22822607146172,-222.08238162394443,106.85415555248271,True
100,29,true,ibd,-170.97362041323416,-207.86104221864235,36.887421805408195,True
100,29,true,mixed,-125.04025236079603,-211.0862238847048,86.04597152390876,True
100,30,hapibd,ibd,-178.22749486787612,-201.98957338246618,23.76207851459006,True
100,30,hapibd,mixed,-117.12273443961064,-202.69189956761122,85.56916512800058,True
100,30,true,ibd,-177.23390505743487,-202.5064798556593,25.27257479822444,True
100,30,true,mixed,-124.45957353030774,-199.55167706860522,75.09210353829748,True
100,31,hapibd,ibd,-162.08723909782765,-196.91676281204508,34.82952371421743,True
100,31,hapibd,mixed,-107.24550243522908,-189.64589309655847,82.40039066132938,True
100,31,true,ibd,-165.77901249027624,-199.56692922976706,33.78791673949081,True
100,31,true,mixed,-111.89419299443807,-186.21643945294136,74.32224645850329,True
100,32,hapibd,ibd,-162.88216303239616,-194.40973582819973,31.527572795803565,True
100,32,hapibd,mixed,-103.74686806299975,-191.93703193650725,88.1901638735075,True
100,32,true,ibd,-174.5484612281886,-209.22047217379247,34.67201094560389,True
100,32,true,mixed,-120.27638042980126,-206.89142346456927,86.61504303476801,True
100,33,hapibd,ibd,-163.62461785574573,-197.64890676830487,34.02428891255914,True
100,33,hapibd,mixed,-108.22901901379298,-174.50173465718382,66.27271564339084,True
100,33,true,ibd,-172.93338751140413,-203.1339207822744,30.200533270870267,True
100,33,true,mixed,-119.81330204701345,-180.44690224562882,60.63360019861537,True
100,34,hapibd,ibd,-161.906092387554,-183.3056682124859,21.3995758249319,True
100,34,hapibd,mixed,-108.68819322360942,-174.94600692184574,66.25781369823632,True
100,34,true,ibd,-167.19347510277123,-183.03766405061324,15.844188947842014,True
100,34,true,mixed,-106.69206308916155,-176.57712333065794,69.88506024149639,True
100,35,hapibd,ibd,-178.33115430054985,-209.56029348953712,31.22913918898726,True
100,35,hapibd,mixed,-123.34904372812629,-203.24168697227873,79.89264324415244,True
100,35,true,ibd,-180.80481813146565,-213.60728659816203,32.80246846669638,True
100,35,true,mixed,-120.60555837375561,-199.37926830668067,78.77370993292506,True
100,36,hapibd,ibd,-170.3135730612631,-194.04300430194058,23.729431240677485,True
100,36,hapibd,mixed,-114.14703218713493,-214.26936662806173,100.1223344409268,True
100,36,true,ibd,-180.0831440087372,-201.08435843701216,21.00121442827495,True
100,36,true,mixed,-127.36646358386022,-221.69670674059105,94.33024315673083,True
100,37,hapibd,ibd,-158.5135360281518,-203.50850150370533,44.99496547555353,True
100,37,hapibd,mixed,-103.15213753059085,-214.14765396403882,110.99551643344797,True
100,37,true,ibd,-162.45825828784845,-203.10570173525693,40.64744344740848,True
100,37,true,mixed,-104.09198060380183,-208.57089851128367,104.47891790748184,True
100,38,hapibd,ibd,-168.05717710078937,-185.6136883552171,17.556511254427733,True
100,38,hapibd,mixed,-111.89484180274242,-169.14279055222676,57.24794874948434,True
100,38,true,ibd,-174.89866892555008,-184.04793649710123,9.14926757155115,True
100,38,true,mixed,-118.73298885123633,-164.98813048549263,46.255141634256304,True
100,39,hapibd,ibd,-165.67350349907548,-204.8341510420224,39.16064754294692,True
100,39,hapibd,mixed,-111.43064583396404,-219.3250857998536,107.89443996588957,True
100,39,true,ibd,-174.72008363598027,-214.87987922726762,40.15979559128735,True
100,39,true,mixed,-121.60987441063683,-222.42284425095454,100.8129698403177,True
100,40,hapibd,ibd,-171.61654304898863,-201.42333840544703,29.806795356458395,True
100,40,hapibd,mixed,-115.64595444294604,-178.7727667361216,63.126812293175576,True
100,40,true,ibd,-173.93046248359587,-198.05736830798938,24.126905824393504,True
100,40,true,mixed,-116.3820941113011,-179.68988897441247,63.30779486311137,True
100,41,hapibd,ibd,-175.9493919658307,-195.71494281079066,19.76555084495996,True
100,41,hapibd,mixed,-126.23916428701588,-204.4575837767907,78.21841948977482,True
100,41,true,ibd,-186.57980970836553,-208.82389118818608,22.24408147982055,True
100,41,true,mixed,-139.8906393327938,-215.33638660198807,75.44574726919427,True
100,42,hapibd,ibd,-163.8820925451913,-182.8992661707759,19.017173625584576,True
100,42,hapibd,mixed,-114.14955019278239,-174.12343447431508,59.97388428153269,True
100,42,true,ibd,-169.7194519476663,-186.52945529770133,16.810003350035032,True
100,42,true,mixed,-119.1496838400447,-171.90692650302557,52.75724266298087,True
100,43,hapibd,ibd,-157.15745044925285,-173.34102644862014,16.183575999367292,True
100,43,hapibd,mixed,-102.10642630375756,-155.97461424500904,53.86818794125148,True
100,43,true,ibd,-162.63004960498267,-167.80472460029654,5.174674995313865,True
100,43,true,mixed,-114.65161664870966,-146.6424796925434,31.990863043833727,True
100,44,hapibd,ibd,-167.79640018308902,-207.51041355782274,39.714013374733725,True
100,44,hapibd,mixed,-112.28401163990846,-195.81093516936946,83.526923529461,True
100,44,true,ibd,-175.80282796763157,-203.66614588741635,27.863317919784777,True
100,44,true,mixed,-118.58605768268704,-190.01872731190372,71.43266962921668,True
100,45,hapibd,ibd,-167.4915986664705,-198.33458229350123,30.84298362703072,True
100,45,hapibd,mixed,-112.90147723735645,-195.77335290258807,82.87187566523163,True
100,45,true,ibd,-172.06186710581625,-193.32208308998247,21.260215984166223,True
100,45,true,mixed,-116.31630440099089,-189.39928834577995,73.08298394478906,True
100,46,hapibd,ibd,-185.54631113326423,-214.03628680474785,28.48997567148362,True
100,46,hapibd,mixed,-126.11753617521474,-225.43064623968516,99.31311006447042,True
100,46,true,ibd,-189.0374765820832,-205.10605841242202,16.068581830338815,True
100,46,true,mixed,-144.86299065448839,-206.04917331328832,61.186182658799936,True
100,47,hapibd,ibd,-165.94685513246276,-192.6849898373466,26.738134704883834,True
100,47,hapibd,mixed,-113.15747206931596,-199.28272357505247,86.12525150573651,True
100,47,true,ibd,-166.8572005022126,-193.92488432489543,27.067683822682824,True
100,47,true,mixed,-104.87975087643835,-197.08037101297512,92.20062013653677,True
100,48,hapibd,ibd,-167.8966681905915,-187.3851964733764,19.4885282827849,True
100,48,hapibd,mixed,-120.31297578007387,-182.05729465156708,61.744318871493206,True
100,48,true,ibd,-176.30228549077407,-193.88758205365247,17.585296562878398,True
100,48,true,mixed,-129.19167294848768,-185.06681137706562,55.87513842857794,True
100,49,hapibd,ibd,-162.59969742419426,-197.91964454809974,35.31994712390548,True
100,49,hapibd,mixed,-107.33258912156467,-194.13546139876277,86.8028722771981,True
100,49,true,ibd,-166.1875467058207,-193.40175860180736,27.214211895986665,True
100,49,true,mixed,-107.88463783895081,-182.8565148716722,74.9718770327214,True
100,50,hapibd,ibd,-171.38933203489702,-189.47742974773664,18.088097712839613,True
100,50,hapibd,mixed,-120.96641735292465,-226.92387697825396,105.9574596253293,True
100,50,true,ibd,-171.95917548548715,-180.839912639413,8.88073715392585,True
100,50,true,mixed,-122.42767023134985,-218.59964798808122,96.17197775673137,True
100,51,hapibd,ibd,-151.93873369415897,-198.76114146823946,46.82240777408049,True
100,51,hapibd,mixed,-101.9705149028408,-287.303735665707,185.33322076286618,True
100,51,true,ibd,-156.4279969686385,-204.25339032516274,47.825393356524245,True
100,51,true,mixed,-99.6163336979255,-274.68461704630425,175.06828334837877,True
100,52,hapibd,ibd,-170.76062065060097,-190.22499379445514,19.464373143854175,True
100,52,hapibd,mixed,-113.62276478926462,-209.45407492460677,95.83131013534215,True
100,52,true,ibd,-180.71127840252063,-201.8339655020978,21.122687099577178,True
100,52,true,mixed,-125.38267991065703,-221.80693857645932,96.42425866580228,True
100,53,hapibd,ibd,-182.96596413354203,-223.1737582504343,40.20779411689227,True
100,53,hapibd,mixed,-124.43958522639609,-219.36781465046312,94.92822942406703,True
100,53,true,ibd,-181.67883072450508,-213.10382497346367,31.424994248958598,True
100,53,true,mixed,-128.62215482295045,-209.3383178461768,80.71616302322636,True
100,54,hapibd,ibd,-170.95279189468647,-183.6297125156902,12.676920621003717,True
100,54,hapibd,mixed,-115.71576607529705,-168.718075479449,53.002309404151944,True
100,54,true,ibd,-178.8189514372179,-180.05308185858541,1.2341304213675244,True
100,54,true,mixed,-124.37010228247522,-159.53668455761652,35.16658227514131,True
100,55,hapibd,ibd,-177.99328318713384,-196.95617497286958,18.962891785735735,True
100,55,hapibd,mixed,-120.60318082002,-220.36854187917078,99.76536105915078,True
100,55,true,ibd,-180.49219399742796,-208.3136339719182,27.821439974490232,True
100,55,true,mixed,-122.72071557492923,-222.93593858420033,100.2152230092711,True
100,56,hapibd,ibd,-174.96393143943394,-200.29017430697155,25.326242867537616,True
100,56,hapibd,mixed,-120.28260539439859,-189.87290739495674,69.59030200055815,True
100,56,true,ibd,-175.41237404407028,-197.57128003942208,22.1589059953518,True
100,56,true,mixed,-122.3889461969066,-187.02697374825377,64.63802755134716,True
100,57,hapibd,ibd,-169.42070715864264,-207.45870372192022,38.037996563277574,True
100,57,hapibd,mixed,-114.38057226080306,-199.5817997575984,85.20122749679533,True
100,57,true,ibd,-178.33495335842878,-206.4151180457446,28.08016468731583,True
100,57,true,mixed,-120.97222022772146,-191.0398446628981,70.06762443517664,True
100,58,hapibd,ibd,-163.92867482285902,-208.25416886250753,44.325494039648504,True
100,58,hapibd,mixed,-110.08144663657622,-224.3255335087238,114.24408687214758,True
100,58,true,ibd,-176.06472934426756,-208.89451408642174,32.829784742154175,True
100,58,true,mixed,-122.02502376731029,-226.07886583746446,104.05384207015418,True
100,59,hapibd,ibd,-157.07503109065385,-184.97373657619562,27.898705485541768,True
100,59,hapibd,mixed,-99.51767756051974,-186.91422944438756,87.39655188386782,True
100,59,true,ibd,-165.8562027628956,-185.21206428569917,19.355861522803565,True
100,59,true,mixed,-107.6869195782254,-188.9566304428694,81.269710864644,True
100,60,hapibd,ibd,-168.8943199725333,-207.46444926727048,38.57012929473717,True
100,60,hapibd,mixed,-116.88186733504635,-216.18477494912995,99.3029076140836,True
100,60,true,ibd,-171.83879652236857,-216.14637509010274,44.30757856773417,True
100,60,true,mixed,-115.17472292316275,-224.51568563793455,109.3409627147718,True
100,61,hapibd,ibd,-167.9242603704769,-183.91991810531135,15.995657734834452,True
100,61,hapibd,mixed,-107.10566656635946,-154.38171383625462,47.27604726989516,True
100,61,true,ibd,-171.43956211591959,-175.80084972924647,4.36128761332688,True
100,61,true,mixed,-111.13156372337096,-143.36049099360145,32.228927270230486,True
100,62,hapibd,ibd,-176.39612819269723,-230.8005176608197,54.404389468122474,True
100,62,hapibd,mixed,-119.90765706809489,-279.7528543841628,159.8451973160679,True
100,62,true,ibd,-181.55704733342404,-220.11556744428182,38.558520110857785,True
100,62,true,mixed,-128.7223791715822,-267.65870832245093,138.93632915086874,True
100,63,hapibd,ibd,-174.51393787770684,-197.84788567187945,23.333947794172616,True
100,63,hapibd,mixed,-117.66430557106287,-183.35569035910967,65.6913847880468,True
100,63,true,ibd,-182.1490516204102,-204.95836155673305,22.809309936322848,True
100,63,true,mixed,-126.61334055619811,-182.55452760933426,55.94118705313615,True
100,64,hapibd,ibd,-156.49565165293063,-171.4149141893933,14.919262536462668,True
100,64,hapibd,mixed,-96.66750643416964,-149.87491420315965,53.20740776899001,True
100,64,true,ibd,-162.9740260075127,-171.49443760938416,8.520411601871473,True
100,64,true,mixed,-103.79843794670862,-145.40738073768654,41.60894279097792,True
100,65,hapibd,ibd,-176.42369876994343,-206.84702221543108,30.423323445487654,True
100,65,hapibd,mixed,-123.41601109215783,-214.97701333842897,91.56100224627114,True
100,65,true,ibd,-179.16105017177557,-210.4402422844937,31.279192112718135,True
100,65,true,mixed,-119.32932878195683,-211.06080705690843,91.7314782749516,True
100,66,hapibd,ibd,-161.9557171245566,-192.39302914140922,30.437312016852616,True
100,66,hapibd,mixed,-101.75260630418633,-171.60500573661602,69.85239943242969,True
100,66,true,ibd,-163.6062844019502,-199.14460347980588,35.538319077855675,True
100,66,true,mixed,-105.09146210521972,-172.99406439290348,67.90260228768376,True
100,67,hapibd,ibd,-174.10807752320966,-192.57762472534674,18.46954720213708,True
100,67,hapibd,mixed,-116.77584202743148,-183.14609701452474,66.37025498709326,True
100,67,true,ibd,-169.97743974885896,-195.97107635212151,25.99363660326256,True
100,67,true,mixed,-113.25855229246474,-178.36344664157787,65.10489434911312,True
100,68,hapibd,ibd,-160.9907673037998,-187.73417169114572,26.74340438734592,True
100,68,hapibd,mixed,-100.6909934453583,-183.74007180165725,83.04907835629895,True
100,68,true,ibd,-168.70711393873643,-189.95066679936306,21.243552860626636,True
100,68,true,mixed,-109.84559992540423,-180.0511800217292,70.20558009632498,True
100,69,hapibd,ibd,-163.50018906411708,-189.5662513952256,26.066062331108526,True
100,69,hapibd,mixed,-108.96480308965194,-172.09073058455436,63.12592749490243,True
100,69,true,ibd,-173.51545401438761,-196.9076758059084,23.392221791520797,True
100,69,true,mixed,-108.8488417587184,-171.66298372271464,62.81414196399625,True
100,70,hapibd,ibd,-160.17968944618542,-187.02326923427847,26.843579788093052,True
100,70,hapibd,mixed,-100.7280734046397,-204.7520646421053,104.0239912374656,True
100,70,true,ibd,-169.6092487626857,-193.21351468188467,23.60426591919898,True
100,70,true,mixed,-112.97037508731127,-201.50888391300333,88.53850882569206,True
100,71,hapibd,ibd,-186.2396648998136,-202.61112436698284,16.371459467169245,True
100,71,hapibd,mixed,-129.12266032560902,-184.28034976451661,55.157689438907596,True
100,71,true,ibd,-193.99992711592344,-206.31253211698854,12.312605001065094,True
100,71,true,mixed,-139.0717024605285,-183.16455390874393,44.09285144821541,True
100,72,hapibd,ibd,-156.36877417816802,-175.45901828739983,19.090244109231804,True
100,72,hapibd,mixed,-103.73565655867569,-208.1484330411717,104.41277648249601,True
100,72,true,ibd,-160.05252947349877,-171.3002409515537,11.247711478054924,True
100,72,true,mixed,-116.00423542043724,-203.08047758716182,87.07624216672458,True
100,73,hapibd,ibd,-179.8904375303042,-211.67967215493252,31.789234624628307,True
100,73,hapibd,mixed,-124.47207871335006,-238.93081447624655,114.4587357628965,True
100,73,true,ibd,-179.20303932819783,-212.98285398597773,33.779814657779895,True
100,73,true,mixed,-127.26081246095319,-242.2936172815768,115.0328048206236,True
100,74,hapibd,ibd,-184.54877655915405,-220.5133377094356,35.964561150281554,True
100,74,hapibd,mixed,-133.47032965490956,-243.93281730730993,110.46248765240037,True
100,74,true,ibd,-182.58714178224665,-213.8670171859516,31.27987540370495,True
100,74,true,mixed,-125.98501253961518,-230.46212038246094,104.47710784284575,True
100,75,hapibd,ibd,-164.93297408279113,-182.18331317508822,17.250339092297082,True
100,75,hapibd,mixed,-113.91073333400607,-214.40156479861488,100.49083146460882,True
100,75,true,ibd,-164.87883849222126,-181.3296028878175,16.450764395596224,True
100,75,true,mixed,-116.85600251099164,-212.36313489657599,95.50713238558434,True
100,76,hapibd,ibd,-171.22060392416682,-194.91573092305958,23.69512699889276,True
100,76,hapibd,mixed,-115.5886415377593,-185.74155011161693,70.15290857385763,True
100,76,true,ibd,-174.6437250994927,-198.66965773194616,24.025932632453447,True
100,76,true,mixed,-121.85157658116785,-182.0776438577551,60.22606727658726,True
100,77,hapibd,ibd,-177.39973812194566,-210.78366860619428,33.38393048424862,True
100,77,hapibd,mixed,-120.08712897238662,-230.98420219565583,110.8970732232692,True
100,77,true,ibd,-174.82566648041285,-203.50217215945366,28.676505679040815,True
100,77,true,mixed,-118.96544831842844,-218.2716402378524,99.30619191942397,True
100,78,hapibd,ibd,-163.7130303503899,-199.7383541940399,36.02532384365003,True
100,78,hapibd,mixed,-104.79048085531035,-209.5924609798435,104.80198012453316,True
100,78,true,ibd,-169.45902825533884,-205.67732060715406,36.21829235181522,True
100,78,true,mixed,-111.78309484781802,-207.06662234636443,95.2835274985464,True
100,79,hapibd,ibd,-171.53718496818533,-189.92137476651976,18.384189798334432,True
100,79,hapibd,mixed,-119.91360125122176,-213.9426119191639,94.02901066794215,True
100,79,true,ibd,-180.70778087901522,-193.65611077955845,12.948329900543229,True
100,79,true,mixed,-134.90169347141793,-212.7087838384413,77.80709036702336,True
100,80,hapibd,ibd,-161.6142619650106,-206.93500489547912,45.320742930468526,True
100,80,hapibd,mixed,-108.63189917887122,-212.69268131806191,104.06078213919069,True
100,80,true,ibd,-167.07373542640062,-194.70940826048943,27.63567283408881,True
100,80,true,mixed,-113.55039885497241,-191.6697068016016,78.11930794662918,True
100,81,hapibd,ibd,-173.80470063805336,-199.94884738919683,26.144146751143467,True
100,81,hapibd,mixed,-115.46971342099697,-223.70789036749807,108.2381769465011,True
100,81,true,ibd,-185.64419577596465,-208.6918503400328,23.047654564068154,True
100,81,true,mixed,-128.9153958345308,-224.91756461587616,96.00216878134535,True
100,82,hapibd,ibd,-165.6116818619831,-193.75470332338156,28.14302146139846,True
100,82,hapibd,mixed,-105.50289568013267,-186.95248145124893,81.44958577111626,True
100,82,true,ibd,-170.78124761490702,-205.33874789014303,34.55750027523601,True
100,82,true,mixed,-112.92450839934492,-202.39397721631343,89.46946881696852,True
100,83,hapibd,ibd,-176.99571268448395,-218.94728689231817,41.95157420783423,True
100,83,hapibd,mixed,-126.76086268272778,-239.39747415998426,112.63661147725648,True
100,83,true,ibd,-176.3502237120236,-213.77520738750616,37.424983675482565,True
100,83,true,mixed,-119.38513038735482,-230.18694993180634,110.80181954445152,True
100,84,hapibd,ibd,-176.80203569241263,-219.15377600538508,42.35174031297245,True
100,84,hapibd,mixed,-122.45638309028197,-212.25925387018168,89.8028707798997,True
100,84,true,ibd,-179.52904125295942,-212.97977940084627,33.45073814788685,True
100,84,true,mixed,-125.59488503293608,-199.96020049840595,74.36531546546988,True
100,85,hapibd,ibd,-166.33342672536224,-175.99983507889684,9.666408353534592,True
100,85,hapibd,mixed,-116.44828629003878,-177.7180251363965,61.269738846357725,True
100,85,true,ibd,-171.10213265190973,-183.86836677490044,12.76623412299071,True
100,85,true,mixed,-114.73602754591234,-179.2768836408962,64.54085609498385,True
100,86,hapibd,ibd,-166.96813849960606,-210.89939123725776,43.931252737651704,True
100,86,hapibd,mixed,-108.91154748041022,-244.9168774629372,136.00532998252697,True
100,86,true,ibd,-170.78147683058435,-206.95795605207132,36.17647922148697,True
100,86,true,mixed,-114.63040461919434,-238.41298391724655,123.78257929805221,True
100,87,hapibd,ibd,-162.79442512617726,-194.4683935095119,31.673968383334653,True
100,87,hapibd,mixed,-101.91507188604946,-176.7711312945087,74.85605940845925,True
100,87,true,ibd,-171.13200654791603,-200.74499450541836,29.612987957502327,True
100,87,true,mixed,-111.36390864489758,-175.81685338615767,64.4529447412601,True
100,88,hapibd,ibd,-175.15320704759327,-208.72434724654687,33.5711401989536,True
100,88,hapibd,mixed,-121.46137721732595,-222.37493810334064,100.9135608860147,True
100,88,true,ibd,-177.69981168982952,-210.24645268115972,32.54664099133021,True
100,88,true,mixed,-126.55076827651776,-222.75877584350147,96.20800756698371,True
100,89,hapibd,ibd,-158.88554907269707,-181.60581286454854,22.720263791851465,True
100,89,hapibd,mixed,-102.60325488545647,-173.68639481980668,71.08313993435021,True
100,89,true,ibd,-165.36097408136305,-182.23248283605986,16.871508754696805,True
100,89,true,mixed,-115.07910228869368,-172.91837931041633,57.83927702172265,True
100,90,hapibd,ibd,-167.7875433391941,-187.94773299064087,20.160189651446785,True
100,90,hapibd,mixed,-112.4419070206814,-193.94596768434923,81.50406066366783,True
100,90,true,ibd,-164.04750562270212,-185.52973433357693,21.482228710874807,True
100,90,true,mixed,-108.20300675875848,-184.99267703218754,76.78967027342907,True
100,91,hapibd,ibd,-164.2793406681262,-196.13561401995364,31.85627335182744,True
100,91,hapibd,mixed,-107.03733073383323,-176.26067793452142,69.2233472006882,True
100,91,true,ibd,-168.96442565930147,-189.4693463025412,20.50492064323973,True
100,91,true,mixed,-118.71514730523062,-166.77117150421714,48.05602419898652,True
100,92,hapibd,ibd,-158.24685286701325,-198.4701520308345,40.22329916382125,True
100,92,hapibd,mixed,-102.19871186404158,-220.29129131932177,118.09257945528019,True
100,92,true,ibd,-167.2615562333684,-204.54327564779635,37.281719414427954,True
100,92,true,mixed,-110.31070241536962,-222.39388702057732,112.0831846052077,True
100,93,hapibd,ibd,-170.0469517020734,-202.9498357174178,32.902884015344426,True
100,93,hapibd,mixed,-114.39303606783724,-191.4562822467267,77.06324617888944,True
100,93,true,ibd,-176.8270815849435,-210.9527990996851,34.12571751474161,True
100,93,true,mixed,-117.54704327559502,-194.27663864949216,76.72959537389714,True
100,94,hapibd,ibd,-170.0380756685015,-198.9940399917676,28.9559643232661,True
100,94,hapibd,mixed,-116.04081102432278,-188.51629043287187,72.47547940854909,True
100,94,true,ibd,-167.1326576751256,-202.27390357272398,35.14124589759837,True
100,94,true,mixed,-112.04418421958,-183.8810473939069,71.8368631743269,True
100,95,hapibd,ibd,-175.10239477622642,-200.28069839253067,25.178303616304248,True
100,95,hapibd,mixed,-116.69991546407131,-225.56352945309942,108.86361398902811,True
100,95,true,ibd,-175.08541429379122,-198.22253409889254,23.13711980510132,True
100,95,true,mixed,-125.25150455147156,-220.3865414460514,95.13503689457986,True
100,96,hapibd,ibd,-169.64606507966633,-202.40068009215238,32.754615012486056,True
100,96,hapibd,mixed,-113.38450418127907,-212.7983618814157,99.41385770013663,True
100,96,true,ibd,-182.81072304636575,-218.57135815484844,35.76063510848269,True
100,96,true,mixed,-125.12278240646776,-219.47953273217567,94.3567503257079,True
100,97,hapibd,ibd,-171.98423116934035,-194.48705068454603,22.502819515205687,True
100,97,hapibd,mixed,-119.03961254800537,-179.52058051481873,60.48096796681337,True
100,97,true,ibd,-172.1409078825487,-185.565355006508,13.424447123959311,True
100,97,true,mixed,-120.53916804682568,-164.0162506289764,43.477082582150715,True
100,98,hapibd,ibd,-158.55347417359985,-179.76762362974907,21.214149456149215,True
100,98,hapibd,mixed,-103.61770035385265,-171.24955547570488,67.63185512185223,True
100,98,true,ibd,-162.42658065556935,-183.2593382167549,20.83275756118556,True
100,98,true,mixed,-110.21553746014271,-172.69000186656538,62.47446440642267,True
100,99,hapibd,ibd,-157.43312286121838,-180.37938247190183,22.946259610683455,True
100,99,hapibd,mixed,-96.28308187829272,-154.75827898200316,58.47519710371044,True
100,99,true,ibd,-161.6233333053929,-178.3543912574152,16.731057952022297,True
100,99,true,mixed,-104.6213095220262,-148.6592389394762,44.037929417450016,True
150,0,hapibd,ibd,-194.9887661910991,-260.454753360461,65.46598716936188,True
150,0,hapibd,mixed,-139.17201022947137,-332.1296942965498,192.95768406707845,True
150,0,true,ibd,-203.5824582731532,-266.6827944078482,63.10033613469497,True
150,0,true,mixed,-143.92819843090152,-329.9866503605187,186.05845192961718,True
150,1,hapibd,ibd,-200.1222875995182,-242.1092418682507,41.98695426873252,True
150,1,hapibd,mixed,-140.42618658581335,-257.89607030405483,117.46988371824148,True
150,1,true,ibd,-208.26684628008874,-259.8666211263107,51.59977484622195,True
150,1,true,mixed,-147.5671259108164,-264.47718556104775,116.91005965023135,True
150,2,hapibd,ibd,-187.82449635546058,-222.0535058891507,34.22900953369012,True
150,2,hapibd,mixed,-127.20721624590625,-212.59351357660216,85.38629733069591,True
150,2,true,ibd,-196.22327319314206,-228.8501605825936,32.626887389451525,True
150,2,true,mixed,-136.6096914948471,-211.23993129228626,74.63023979743915,True
150,3,hapibd,ibd,-195.8815499555256,-245.41323988669052,49.53168993116492,True
150,3,hapibd,mixed,-138.48706488994446,-271.94043239713335,133.4533675071889,True
150,3,true,ibd,-197.35626724220256,-246.3602269596453,49.00395971744274,True
150,3,true,mixed,-138.71330211018991,-263.81206344797204,125.09876133778212,True
150,4,hapibd,ibd,-198.83491981893184,-238.20626037861285,39.371340559681016,True
150,4,hapibd,mixed,-142.88257880466548,-247.60114946719335,104.71857066252787,True
150,4,true,ibd,-200.90892895306246,-223.79432661787945,22.885397664816992,True
150,4,true,mixed,-152.51951992534677,-226.39451596462737,73.8749960392806,True
150,5,hapibd,ibd,-198.60227743046312,-259.5693036321623,60.967026201699184,True
150,5,hapibd,mixed,-138.81577407254366,-288.03029930326227,149.2145252307186,True
150,5,true,ibd,-200.69202795832487,-268.4612189579433,67.76919099961842,True
150,5,true,mixed,-139.88901023894817,-293.0616450258675,153.17263478691933,True
150,6,hapibd,ibd,-181.7370646648688,-232.75858976473515,51.02152509986635,True
150,6,hapibd,mixed,-122.92279267916756,-268.0676961654646,145.14490348629704,True
150,6,true,ibd,-190.71715322580096,-233.65762301699166,42.94046979119071,True
150,6,true,mixed,-128.95843208128713,-269.56731771315077,140.60888563186364,True
150,7,hapibd,ibd,-196.67714840497064,-260.1790051084629,63.50185670349225,True
150,7,hapibd,mixed,-138.3428014410744,-267.7049065243895,129.3621050833151,True
150,7,true,ibd,-205.69163800267577,-258.0924774514249,52.40083944874911,True
150,7,true,mixed,-146.60508149229184,-267.51091870180255,120.90583720951071,True
150,8,hapibd,ibd,-197.00777813991976,-240.66185078311275,43.65407264319299,True
150,8,hapibd,mixed,-141.43562196336342,-233.3578773519383,91.92225538857488,True
150,8,true,ibd,-201.72721743767704,-230.06625694266944,28.3390395049924,True
150,8,true,mixed,-147.26767192143492,-216.5237594247599,69.25608750332498,True
150,9,hapibd,ibd,-191.41652690712277,-261.8272224117116,70.41069550458883,True
150,9,hapibd,mixed,-135.49438654102312,-292.1253663922821,156.63097985125899,True
150,9,true,ibd,-199.061885332465,-256.7236325219668,57.661747189501796,True
150,9,true,mixed,-144.42486311027244,-282.2432442680723,137.81838115779988,True
150,10,hapibd,ibd,-201.2629788308877,-266.23409883787883,64.97112000699113,True
150,10,hapibd,mixed,-139.58241343646304,-323.07672958027456,183.49431614381152,True
150,10,true,ibd,-203.73225798547313,-255.5793237730942,51.84706578762106,True
150,10,true,mixed,-142.19950819042475,-302.3251330621324,160.12562487170766,True
150,11,hapibd,ibd,-194.04051699673667,-266.4013489340954,72.36083193735871,True
150,11,hapibd,mixed,-131.68448760297434,-302.23024967768174,170.5457620747074,True
150,11,true,ibd,-198.69278667022795,-258.25304233733976,59.56025566711182,True
150,11,true,mixed,-140.1239819151579,-293.66691012010796,153.54292820495004,True
150,12,hapibd,ibd,-186.2505078098737,-250.3343302359121,64.08382242603838,True
150,12,hapibd,mixed,-123.07571824295364,-291.83774299914984,168.76202475619618,True
150,12,true,ibd,-190.4886899878748,-232.74051037007635,42.251820382201544,True
150,12,true,mixed,-131.5987654573951,-265.4622439413909,133.8634784839958,True
150,13,hapibd,ibd,-185.30174750999663,-243.56027426718484,58.25852675718821,True
150,13,hapibd,mixed,-125.87133281842596,-270.6667202003569,144.79538738193094,True
150,13,true,ibd,-188.19970154062844,-250.68285551701845,62.483153976390014,True
150,13,true,mixed,-131.18069011220348,-278.39445768873895,147.21376757653547,True
150,14,hapibd,ibd,-190.44421061238748,-254.66247180207867,64.21826118969119,True
150,14,hapibd,mixed,-134.04186806767677,-264.7020099139827,130.66014184630592,True
150,14,true,ibd,-194.3265347495416,-251.62975842612258,57.303223676580984,True
150,14,true,mixed,-137.42622393709294,-259.79179692614736,122.36557298905441,True
150,15,hapibd,ibd,-178.28005739459348,-202.5827615813992,24.302704186805727,True
150,15,hapibd,mixed,-121.78575279287742,-177.69708338815113,55.91133059527371,True
150,15,true,ibd,-189.24111140066842,-200.63269679290406,11.39158539223564,True
150,15,true,mixed,-126.6321161733594,-178.30055890781344,51.66844273445403,True
150,16,hapibd,ibd,-192.79885154802463,-235.29461344213288,42.495761894108256,True
150,16,hapibd,mixed,-128.75031974069717,-228.73888400879028,99.98856426809311,True
150,16,true,ibd,-192.9273980635953,-235.73724112821486,42.80984306461957,True
150,16,true,mixed,-138.5827965268862,-220.4328898964483,81.8500933695621,True
150,17,hapibd,ibd,-182.8189835257563,-226.9514879910871,44.13250446533081,True
150,17,hapibd,mixed,-126.06442727174377,-227.29403050088345,101.22960322913968,True
150,17,true,ibd,-185.15945754210097,-221.05506022693447,35.895602684833506,True
150,17,true,mixed,-127.75258590372532,-213.4065801084236,85.6539942046983,True
150,18,hapibd,ibd,-193.5096828776623,-250.04962245540486,56.53993957774256,True
150,18,hapibd,mixed,-138.70286317703386,-282.047232309244,143.34436913221015,True
150,18,true,ibd,-198.0262582967626,-235.02389365549428,36.997635358731685,True
150,18,true,mixed,-138.37537731239163,-263.27712515566634,124.9017478432747,True
150,19,hapibd,ibd,-192.9538170238712,-245.5622729820992,52.60845595822798,True
150,19,hapibd,mixed,-136.04112696489,-257.1797635594527,121.13863659456268,True
150,19,true,ibd,-191.88568374299334,-221.67538948104144,29.7897057380481,True
150,19,true,mixed,-138.46134573048965,-233.2562370136315,94.79489128314185,True
150,20,hapibd,ibd,-190.6102931054693,-234.9854689615357,44.37517585606639,True
150,20,hapibd,mixed,-131.27480507226957,-243.14768138933752,111.87287631706795,True
150,20,true,ibd,-196.11001358765247,-224.53305442828173,28.423040840629255,True
150,20,true,mixed,-138.00129474230977,-229.6249922196184,91.62369747730864,True
150,21,hapibd,ibd,-190.1555765438772,-240.33336720667285,50.177790662795644,True
150,21,hapibd,mixed,-133.74448474500971,-252.2211467139122,118.47666196890248,True
150,21,true,ibd,-198.21636195767536,-237.15375099141693,38.93738903374157,True
150,21,true,mixed,-136.88012162072138,-250.0302704506091,113.15014882988771,True
150,22,hapibd,ibd,-191.4196330211549,-257.97603718515575,66.55640416400084,True
150,22,hapibd,mixed,-140.03153645087394,-314.3738462706193,174.34230981974537,True
150,22,true,ibd,-202.67287792707558,-260.7225752425746,58.049697315499,True
150,22,true,mixed,-145.5296335076472,-303.64127571317465,158.11164220552746,True
150,23,hapibd,ibd,-182.6187583907775,-222.53486865527947,39.91611026450198,True
150,23,hapibd,mixed,-124.74701273459691,-218.6935572369695,93.94654450237259,True
150,23,true,ibd,-192.81829420693725,-210.77141389371485,17.953119686777598,True
150,23,true,mixed,-137.92879025425123,-201.35635929495592,63.4275690407047,True
150,24,hapibd,ibd,-187.78366255842113,-234.60326151193206,46.81959895351093,True
150,24,hapibd,mixed,-127.43398347280085,-235.37135263655742,107.93736916375657,True
150,24,true,ibd,-191.28759604619725,-231.0550778292542,39.76748178305695,True
150,24,true,mixed,-135.50668410477294,-225.34663589427223,89.83995178949928,True
150,25,hapibd,ibd,-221.45527818560782,-282.06514031599204,60.609862130384215,True
150,25,hapibd,mixed,-159.2602598803083,-324.8452889889737,165.58502910866542,True
150,25,true,ibd,-222.7196648253418,-285.74030582786844,63.020641002526645,True
150,25,true,mixed,-165.8737817574645,-319.4618726659068,153.5880909084423,True
150,26,hapibd,ibd,-200.62505120883935,-236.956117979143,36.331066770303636,True
150,26,hapibd,mixed,-144.51709904457564,-262.82073138727264,118.303632342697,True
150,26,true,ibd,-199.60598446753164,-237.35540086973856,37.74941640220692,True
150,26,true,mixed,-145.7929859683859,-263.36102593288933,117.56803996450344,True
150,27,hapibd,ibd,-191.64572552149016,-231.3401042733336,39.69437875184343,True
150,27,hapibd,mixed,-132.11491963343934,-245.75313538494825,113.63821575150891,True
150,27,true,ibd,-192.52015153463302,-243.2716982452552,50.75154671062219,True
150,27,true,mixed,-136.35149163668643,-253.04369805996404,116.69220642327761,True
150,28,hapibd,ibd,-179.4965157200806,-232.27297739833125,52.776461678250655,True
150,28,hapibd,mixed,-131.42608268603948,-275.3610000315142,143.93491734547473,True
150,28,true,ibd,-188.01499079916866,-235.5901130524246,47.575122253255955,True
150,28,true,mixed,-131.8257064817839,-272.02040264332953,140.19469616154564,True
150,29,hapibd,ibd,-190.71643006565807,-257.0979686092586,66.38153854360053,True
150,29,hapibd,mixed,-135.917231856806,-273.63381367615693,137.71658181935092,True
150,29,true,ibd,-197.66206403330193,-261.50242222322544,63.840358189923506,True
150,29,true,mixed,-138.46364096097594,-263.05261875026576,124.58897778928983,True
150,30,hapibd,ibd,-178.33812383789845,-237.60687138703912,59.26874754914067,True
150,30,hapibd,mixed,-119.90590186322316,-253.33869178458198,133.43278992135882,True
150,30,true,ibd,-184.56221733665907,-236.8802157252647,52.317998388605616,True
150,30,true,mixed,-123.87304417850868,-242.32432141946356,118.45127724095488,True
150,31,hapibd,ibd,-189.67065450225635,-225.5550679858937,35.88441348363733,True
150,31,hapibd,mixed,-132.3861786846737,-218.90229035683208,86.51611167215839,True
150,31,true,ibd,-200.04225693852092,-227.2692680831017,27.227011144580786,True
150,31,true,mixed,-141.17545280888194,-213.28021447362065,72.1047616647387,True
150,32,hapibd,ibd,-188.52963779519428,-231.43572332220694,42.906085527012664,True
150,32,hapibd,mixed,-129.81506673707418,-233.3141217549844,103.49905501791022,True
150,32,true,ibd,-200.89355642434467,-232.97817871581685,32.084622291472186,True
150,32,true,mixed,-139.8194555167554,-233.22723916851692,93.40778365176152,True
150,33,hapibd,ibd,-204.8566186004675,-261.39302547064284,56.53640687017534,True
150,33,hapibd,mixed,-141.59456336476,-276.99564658425504,135.40108321949504,True
150,33,true,ibd,-205.008369121026,-252.1981035937537,47.18973447272771,True
150,33,true,mixed,-149.14484061802074,-274.38430416380965,125.23946354578891,True
150,34,hapibd,ibd,-199.686903986912,-241.6804610546421,41.99355706773011,True
150,34,hapibd,mixed,-142.96931120511886,-278.9506911927899,135.98137998767106,True
150,34,true,ibd,-208.31236462226994,-249.89512026930112,41.58275564703118,True
150,34,true,mixed,-160.34080935291274,-291.56545916125737,131.22464980834462,True
150,35,hapibd,ibd,-183.38569500641256,-245.61611473972542,62.23041973331286,True
150,35,hapibd,mixed,-128.15044962649011,-289.6282327658018,161.47778313931167,True
150,35,true,ibd,-195.456845309022,-249.76620886680155,54.30936355777956,True
150,35,true,mixed,-133.4944168007187,-290.71647361132284,157.22205681060413,True
150,36,hapibd,ibd,-190.5503200180051,-230.0502903104129,39.499970292407795,True
150,36,hapibd,mixed,-126.79262428767407,-253.6014399635104,126.80881567583631,True
150,36,true,ibd,-198.11295309332732,-235.08594503065524,36.97299193732792,True
150,36,true,mixed,-137.04522529936338,-260.4537194557322,123.40849415636882,True
150,37,hapibd,ibd,-205.30456022984836,-243.25286182418995,37.94830159434159,True
150,37,hapibd,mixed,-141.86666508715686,-260.7085624914705,118.84189740431364,True
150,37,true,ibd,-203.33977894519572,-250.16615310074937,46.82637415555365,True
150,37,true,mixed,-140.91528221432526,-258.4691365045629,117.55385429023767,True
150,38,hapibd,ibd,-187.4909015291234,-235.25590700065533,47.765005471531936,True
150,38,hapibd,mixed,-126.96522995557307,-236.4249169043539,109.45968694878083,True
150,38,true,ibd,-193.64818168829737,-234.76998767524742,41.12180598695005,True
150,38,true,mixed,-134.60460232728195,-236.12929698116713,101.52469465388518,True
150,39,hapibd,ibd,-189.05851031027333,-254.0882070208977,65.02969671062436,True
150,39,hapibd,mixed,-131.26501770029685,-280.0116851192587,148.74666741896183,True
150,39,true,ibd,-197.88407078090688,-248.11722903868252,50.23315825777564,True
150,39,true,mixed,-140.9290254389995,-267.83091768724245,126.90189224824294,True
150,40,hapibd,ibd,-187.96406362531772,-233.68218032899935,45.71811670368163,True
150,40,hapibd,mixed,-129.99052007927935,-254.55649984211504,124.5659797628357,True
150,40,true,ibd,-205.4143059946957,-245.0582130280911,39.64390703339541,True
150,40,true,mixed,-144.14470863861632,-262.6931929957631,118.5484843571468,True
150,41,hapibd,ibd,-191.30943840316777,-235.63136753628345,44.321929133115674,True
150,41,hapibd,mixed,-134.95441612705815,-257.4911022316408,122.53668610458266,True
150,41,true,ibd,-202.19796373983635,-237.81792956767876,35.61996582784241,True
150,41,true,mixed,-147.7215639169647,-261.1068611515902,113.38529723462548,True
150,42,hapibd,ibd,-189.6418941767763,-254.7561583672424,65.11426419046609,True
150,42,hapibd,mixed,-129.3387305166423,-291.148398237712,161.8096677210697,True
150,42,true,ibd,-193.36729954904342,-248.803221142473,55.43592159342958,True
150,42,true,mixed,-139.0962709446504,-282.71922869097887,143.62295774632847,True
150,43,hapibd,ibd,-182.36776808827082,-228.40580180479864,46.03803371652782,True
150,43,hapibd,mixed,-123.3491183840678,-229.6400204033785,106.29090201931069,True
150,43,true,ibd,-189.169299527056,-223.00370184429235,33.83440231723634,True
150,43,true,mixed,-127.73351367516182,-221.78148879765038,94.04797512248857,True
150,44,hapibd,ibd,-196.03462153478299,-214.5985579244811,18.563936389698114,True
150,44,hapibd,mixed,-138.22398044944066,-215.52746178470338,77.30348133526272,True
150,44,true,ibd,-199.2093184588296,-221.76868942170677,22.559370962877153,True
150,44,true,mixed,-142.1614304916682,-225.59749676953896,83.43606627787076,True
150,45,hapibd,ibd,-186.25027162753526,-222.44794796242002,36.19767633488476,True
150,45,hapibd,mixed,-124.02779795636935,-252.81443105813955,128.78663310177018,True
150,45,true,ibd,-197.88536480526378,-222.64557218721632,24.76020738195254,True
150,45,true,mixed,-136.38235239338945,-239.78330698799823,103.40095459460878,True
150,46,hapibd,ibd,-201.09344579845936,-267.9440341496775,66.85058835121816,True
150,46,hapibd,mixed,-141.71140487426186,-281.4890300137725,139.77762513951063,True
150,46,true,ibd,-202.95037037922737,-266.25758063917215,63.30721025994478,True
150,46,true,mixed,-144.3799221671379,-266.8080446317309,122.42812246459303,True
150,47,hapibd,ibd,-207.64353600900546,-264.7049842582216,57.06144824921614,True
150,47,hapibd,mixed,-150.51215681715044,-283.40310123507794,132.8909444179275,True
150,47,true,ibd,-217.39767503698303,-273.78294441199307,56.38526937501004,True
150,47,true,mixed,-155.0639900775962,-289.9148508468068,134.8508607692106,True
150,48,hapibd,ibd,-184.13894963982804,-242.50973256798338,58.370782928155336,True
150,48,hapibd,mixed,-124.90855383034938,-261.19488778849103,136.28633395814165,True
150,48,true,ibd,-187.9559346559021,-230.82010680953593,42.86417215363383,True
150,48,true,mixed,-128.02552831116273,-237.4550743811238,109.42954606996108,True
150,49,hapibd,ibd,-190.90742459744268,-242.49891445050275,51.59148985306007,True
150,49,hapibd,mixed,-132.6563144110788,-265.89552867859453,133.23921426751573,True
150,49,true,ibd,-193.68309909535043,-238.55035290129877,44.86725380594834,True
150,49,true,mixed,-132.4793740598689,-254.30051138324947,121.82113732338058,True
150,50,hapibd,ibd,-205.8428703010295,-255.64132933549044,49.79845903446093,True
150,50,hapibd,mixed,-147.19075891326665,-266.62658424199185,119.4358253287252,True
150,50,true,ibd,-197.93338223044873,-247.14728773310674,49.21390550265801,True
150,50,true,mixed,-141.7431767871226,-257.6033299923205,115.86015320519789,True
150,51,hapibd,ibd,-200.37814941558906,-272.65894400024735,72.28079458465828,True
150,51,hapibd,mixed,-141.8797256730278,-306.28064082613554,164.40091515310775,True
150,51,true,ibd,-206.5351686592194,-269.9595277877209,63.42435912850149,True
150,51,true,mixed,-146.49247889549267,-300.08455333458005,153.59207443908738,True
150,52,hapibd,ibd,-192.27309947822283,-262.62411451146846,70.35101503324563,True
150,52,hapibd,mixed,-140.13433641534033,-322.1082835473222,181.97394713198184,True
150,52,true,ibd,-197.37726294602624,-251.29454800426095,53.91728505823471,True
150,52,true,mixed,-147.19287083027945,-309.3169860278339,162.12411519755443,True
150,53,hapibd,ibd,-197.7363538554559,-273.0078692625739,75.27151540711799,True
150,53,hapibd,mixed,-141.2411139780188,-319.56514753114476,178.32403355312596,True
150,53,true,ibd,-200.1925426413125,-260.1441233480077,59.95158070669521,True
150,53,true,mixed,-144.52519953035963,-302.8617863284488,158.33658679808914,True
150,54,hapibd,ibd,-186.17565259559106,-232.2807243485186,46.10507175292753,True
150,54,hapibd,mixed,-127.0557405972644,-242.2512667520937,115.1955261548293,True
150,54,true,ibd,-194.00288564906904,-237.8758359106368,43.87295026156775,True
150,54,true,mixed,-139.59017065867204,-244.41714480129514,104.8269741426231,True
150,55,hapibd,ibd,-194.8020380534758,-261.2421451395281,66.44010708605228,True
150,55,hapibd,mixed,-141.6695777694847,-315.1043439511819,173.43476618169717,True
150,55,true,ibd,-199.2041790303332,-247.5727563179226,48.3685772875894,True
150,55,true,mixed,-148.96942922030334,-297.0931911135777,148.12376189327435,True
150,56,hapibd,ibd,-208.87843222063,-266.8795964190111,58.001164198381076,True
150,56,hapibd,mixed,-148.15127296043616,-288.8868142898753,140.73554132943914,True
150,56,true,ibd,-209.99346123227622,-268.95451502628146,58.96105379400524,True
150,56,true,mixed,-145.76291282605138,-278.07311295205903,132.31020012600766,True
150,57,hapibd,ibd,-187.6956931602605,-227.13781972082546,39.44212656056496,True
150,57,hapibd,mixed,-128.29865867210566,-271.7535503193581,143.45489164725245,True
150,57,true,ibd,-198.27202231345504,-229.61696884624072,31.344946532785684,True
150,57,true,mixed,-142.30124165168607,-259.6152464233531,117.31400477166702,True
150,58,hapibd,ibd,-198.07848465192032,-220.16729055452265,22.08880590260233,True
150,58,hapibd,mixed,-141.68450374874234,-197.67406755496597,55.98956380622363,True
150,58,true,ibd,-197.6563446308153,-212.9223395944748,15.265994963659494,True
150,58,true,mixed,-136.87430296347046,-191.05214462386834,54.17784166039789,True
150,59,hapibd,ibd,-197.89638005872024,-241.36046659501523,43.464086536294985,True
150,59,hapibd,mixed,-137.52438256047614,-254.58975512191316,117.06537256143702,True
150,59,true,ibd,-193.49403407257824,-244.01309665970766,50.51906258712941,True
150,59,true,mixed,-133.82704566568282,-254.85459521296517,121.02754954728235,True
150,60,hapibd,ibd,-183.61910513504935,-207.04145402367675,23.422348888627397,True
150,60,hapibd,mixed,-135.46033051950732,-226.28665926941775,90.82632874991043,True
150,60,true,ibd,-189.61606398400843,-222.53225754892458,32.91619356491614,True
150,60,true,mixed,-134.21673276194267,-231.51489898716036,97.2981662252177,True
150,61,hapibd,ibd,-201.81281817257326,-252.37566522822743,50.562847055654174,True
150,61,hapibd,mixed,-143.95031540811715,-269.3467541157714,125.39643870765423,True
150,61,true,ibd,-211.62054387499762,-251.9905962674637,40.37005239246608,True
150,61,true,mixed,-154.39389499781086,-267.4576829226603,113.06378792484944,True
150,62,hapibd,ibd,-179.1011098961313,-205.19924167613343,26.09813178000212,True
150,62,hapibd,mixed,-120.99674435478292,-191.6929224221969,70.69617806741397,True
150,62,true,ibd,-184.38627359312778,-198.2509049527886,13.86463135966082,True
150,62,true,mixed,-132.57983498838567,-186.84346489455254,54.26362990616687,True
150,63,hapibd,ibd,-194.46022213974268,-247.05298462939203,52.592762489649346,True
150,63,hapibd,mixed,-134.81958759931976,-283.6012236748952,148.78163607557545,True
150,63,true,ibd,-198.94761970370124,-257.9811349517734,59.03351524807218,True
150,63,true,mixed,-134.31711156763987,-295.15124232807443,160.83413076043456,True
150,64,hapibd,ibd,-193.70161400235426,-244.25518787413392,50.55357387177966,True
150,64,hapibd,mixed,-132.83157390747232,-282.3363449141155,149.50477100664318,True
150,64,true,ibd,-192.00754626730097,-234.00847910083587,42.000932833534904,True
150,64,true,mixed,-139.84875402916848,-271.6703519909607,131.8215979617922,True
150,65,hapibd,ibd,-199.46289068952169,-247.44384730270443,47.98095661318274,True
150,65,hapibd,mixed,-141.1594426171448,-235.4188724161315,94.2594297989867,True
150,65,true,ibd,-200.337240420083,-255.18389031121512,54.84664989113213,True
150,65,true,mixed,-141.97812667478993,-239.6816288178447,97.70350214305478,True
150,66,hapibd,ibd,-186.9333733650999,-230.71182192404694,43.77844855894705,True
150,66,hapibd,mixed,-133.9840325427888,-260.3789026407154,126.3948700979266,True
150,66,true,ibd,-191.76576793381253,-228.42840532111202,36.6626373872995,True
150,66,true,mixed,-136.2855150718369,-246.32805795672778,110.04254288489088,True
150,67,hapibd,ibd,-197.0951169548577,-242.56878784416858,45.47367088931088,True
150,67,hapibd,mixed,-138.09574990310864,-258.04140117590174,119.9456512727931,True
150,67,true,ibd,-209.60402218857422,-249.080123781124,39.47610159254978,True
150,67,true,mixed,-151.16486766113366,-263.5548038038878,112.38993614275415,True
150,68,hapibd,ibd,-194.43792575999623,-229.05925220286818,34.62132644287195,True
150,68,hapibd,mixed,-136.61586731928,-256.34209551444604,119.72622819516604,True
150,68,true,ibd,-204.35132560972562,-229.70250409416255,25.35117848443693,True
150,68,true,mixed,-147.0117078314005,-248.01706041686737,101.00535258546685,True
150,69,hapibd,ibd,-184.40905517354486,-244.60193968629324,60.19288451274838,True
150,69,hapibd,mixed,-126.68363233322196,-261.79913352522436,135.1155011920024,True
150,69,true,ibd,-184.25919197706924,-226.62156398687472,42.36237200980548,True
150,69,true,mixed,-124.67268649437622,-240.5297969864936,115.85711049211739,True
150,70,hapibd,ibd,-199.7129708557597,-244.11244722876856,44.399476373008866,True
150,70,hapibd,mixed,-153.5736632944628,-283.47317218434205,129.89950888987926,True
150,70,true,ibd,-215.1022048421595,-259.2930339096995,44.190829067539994,True
150,70,true,mixed,-163.6582637322128,-289.4258029714519,125.76753923923911,True
150,71,hapibd,ibd,-187.68276900335047,-242.3257381555856,54.64296915223514,True
150,71,hapibd,mixed,-133.80348441736237,-327.7943880907878,193.9909036734254,True
150,71,true,ibd,-200.1961213426487,-238.95515836101666,38.75903701836796,True
150,71,true,mixed,-153.11712469367063,-323.1073188793251,169.99019418565445,True
150,72,hapibd,ibd,-195.74821811113645,-248.51801103576628,52.769792924629826,True
150,72,hapibd,mixed,-135.17030095284875,-278.3054591253108,143.13515817246204,True
150,72,true,ibd,-198.08587458256335,-247.84771728868887,49.76184270612552,True
150,72,true,mixed,-141.65892144738348,-272.7092295528192,131.0503081054357,True
150,73,hapibd,ibd,-188.89442771342115,-252.06242114465712,63.16799343123597,True
150,73,hapibd,mixed,-130.91372714003586,-279.2564652899746,148.34273814993873,True
150,73,true,ibd,-195.98104332442472,-251.11869150661263,55.13764818218792,True
150,73,true,mixed,-143.33870997811354,-274.99641226939093,131.6577022912774,True
150,74,hapibd,ibd,-188.54280767559766,-228.1836008591067,39.64079318350903,True
150,74,hapibd,mixed,-132.19107369091665,-243.59919825407073,111.40812456315408,True
150,74,true,ibd,-194.01834295834067,-229.47364308143756,35.45530012309689,True
150,74,true,mixed,-136.51835916312186,-235.57348491532667,99.05512575220482,True
150,75,hapibd,ibd,-190.24913940869865,-230.96043029027192,40.71129088157326,True
150,75,hapibd,mixed,-130.91829456803066,-258.3879019856479,127.46960741761723,True
150,75,true,ibd,-191.42528506191243,-228.68572484082515,37.26043977891271,True
150,75,true,mixed,-129.29583989465414,-249.25811424830087,119.96227435364673,True
150,76,hapibd,ibd,-208.85920199570452,-285.71754428385395,76.85834228814943,True
150,76,hapibd,mixed,-153.44306150888244,-298.9265438752315,145.48348236634908,True
150,76,true,ibd,-216.30482077711326,-275.74665440829006,59.44183363117679,True
150,76,true,mixed,-161.7020205650947,-295.21666086148485,133.51464029639016,True
150,77,hapibd,ibd,-181.69638556930727,-238.16872639821761,56.47234082891035,True
150,77,hapibd,mixed,-122.95461241374238,-259.5591366235573,136.60452420981494,True
150,77,true,ibd,-185.1795203140363,-223.99179715549474,38.81227684145844,True
150,77,true,mixed,-127.57593371284617,-244.24309352269898,116.66715980985282,True
150,78,hapibd,ibd,-203.08486055591243,-258.84858533060356,55.76372477469113,True
150,78,hapibd,mixed,-150.92960574150936,-283.0536063344033,132.12400059289394,True
150,78,true,ibd,-202.32290887161622,-255.99557053500175,53.672661663385526,True
150,78,true,mixed,-152.45907517969772,-271.19423532859867,118.73516014890095,True
150,79,hapibd,ibd,-188.086245109239,-252.18105724380783,64.09481213456883,True
150,79,hapibd,mixed,-133.60922212342476,-268.78977153469566,135.1805494112709,True
150,79,true,ibd,-195.95716145551333,-256.6947295636098,60.7375681080965,True
150,79,true,mixed,-147.6496317805799,-261.530334639408,113.8807028588281,True
150,80,hapibd,ibd,-183.90729336001934,-249.52028721923293,65.61299385921359,True
150,80,hapibd,mixed,-126.62476832621498,-276.98404175471353,150.35927342849857,True
150,80,true,ibd,-186.54218123159436,-245.94574456173535,59.403563330141,True
150,80,true,mixed,-127.15687531658354,-269.5862150394991,142.42933972291559,True
150,81,hapibd,ibd,-195.107353386116,-233.38823064936517,38.28087726324918,True
150,81,hapibd,mixed,-135.44148500647938,-244.53699268425362,109.09550767777424,True
150,81,true,ibd,-200.2362075933743,-241.26308972978313,41.02688213640883,True
150,81,true,mixed,-137.87285257779683,-251.62662162241142,113.75376904461459,True
150,82,hapibd,ibd,-188.79428872828896,-230.42372251848892,41.629433790199954,True
150,82,hapibd,mixed,-132.13677848144928,-243.9772092771501,111.84043079570083,True
150,82,true,ibd,-194.20858325069048,-241.75709628070436,47.54851303001388,True
150,82,true,mixed,-130.0646785796854,-248.8037938195573,118.73911523987192,True
150,83,hapibd,ibd,-190.7904250602434,-246.75277751363285,55.96235245338946,True
150,83,hapibd,mixed,-131.12677227137732,-262.7284224001962,131.6016501288189,True
150,83,true,ibd,-199.42744329418406,-245.83229827390082,46.40485497971676,True
150,83,true,mixed,-135.84528469843346,-246.6373462938576,110.79206159542414,True
150,84,hapibd,ibd,-192.85478084355174,-237.63377773594638,44.778996892394645,True
150,84,hapibd,mixed,-133.14214625013196,-290.4762637002196,157.33411745008763,True
150,84,true,ibd,-191.64969732706027,-235.26893975715444,43.619242430094175,True
150,84,true,mixed,-135.429713006413,-285.8589864044555,150.42927339804248,True
150,85,hapibd,ibd,-191.90110680420818,-260.8253432029139,68.92423639870574,True
150,85,hapibd,mixed,-136.16837904814253,-292.79168531133774,156.62330626319522,True
150,85,true,ibd,-199.94141282212223,-252.06867644692642,52.127263624804186,True
150,85,true,mixed,-140.04323090099123,-272.9516594942418,132.9084285932506,True
150,86,hapibd,ibd,-191.8224280394886,-260.03556188885005,68.21313384936144,True
150,86,hapibd,mixed,-136.9245381029264,-263.9858428257521,127.06130472282572,True
150,86,true,ibd,-197.73724137201134,-268.8848754865467,71.14763411453538,True
150,86,true,mixed,-145.0129617545403,-266.16806705119774,121.15510529665744,True
150,87,hapibd,ibd,-182.46866352426582,-223.14122816380282,40.672564639537,True
150,87,hapibd,mixed,-127.06997060419543,-242.74531418930908,115.67534358511365,True
150,87,true,ibd,-188.92471598830966,-225.33782468162227,36.41310869331261,True
150,87,true,mixed,-129.7775232035123,-234.38960389994725,104.61208069643496,True
150,88,hapibd,ibd,-188.5776425692667,-257.11348215445145,68.53583958518476,True
150,88,hapibd,mixed,-132.81112024243845,-270.10358185879375,137.2924616163553,True
150,88,true,ibd,-194.53202958291467,-243.28984190880578,48.75781232589111,True
150,88,true,mixed,-135.9388567913642,-250.7635777468566,114.82472095549241,True
150,89,hapibd,ibd,-177.450820978811,-225.94714031145946,48.496319332648454,True
150,89,hapibd,mixed,-118.82728783986605,-218.32976935562868,99.50248151576264,True
150,89,true,ibd,-189.42773255671364,-230.32520167014184,40.8974691134282,True
150,89,true,mixed,-127.25701163191559,-218.0566702725092,90.7996586405936,True
150,90,hapibd,ibd,-190.91717028478516,-251.94166617638447,61.024495891599315,True
150,90,hapibd,mixed,-132.20609477263974,-269.1950181536559,136.98892338101615,True
150,90,true,ibd,-191.68611444825933,-248.2146167875739,56.52850233931457,True
150,90,true,mixed,-130.37177668505464,-247.31303286490072,116.94125617984608,True
150,91,hapibd,ibd,-199.7305791932883,-250.70869380377638,50.97811461048809,True
150,91,hapibd,mixed,-139.4478258998838,-274.4770772971246,135.02925139724078,True
150,91,true,ibd,-206.1162074079026,-252.17766896047968,46.06146155257707,True
150,91,true,mixed,-143.17183165695937,-268.5385167961442,125.36668513918485,True
150,92,hapibd,ibd,-185.16415295062154,-204.5441055598153,19.379952609193765,True
150,92,hapibd,mixed,-135.44699377848428,-243.44454030383545,107.99754652535117,True
150,92,true,ibd,-194.65958095203865,-206.9015420362033,12.241961084164643,True
150,92,true,mixed,-140.0518312983088,-239.56187693773532,99.51004563942652,True
150,93,hapibd,ibd,-188.32493222365744,-246.48264549670887,58.15771327305143,True
150,93,hapibd,mixed,-131.04420038794353,-299.0455335463232,168.00133315837968,True
150,93,true,ibd,-190.25991956755283,-238.83495382966305,48.57503426211022,True
150,93,true,mixed,-132.5459552722044,-285.18837842678744,152.64242315458304,True
150,94,hapibd,ibd,-190.63426238624885,-227.85626838421584,37.22200599796699,True
150,94,hapibd,mixed,-137.3897406235566,-289.0055212025334,151.61578057897677,True
150,94,true,ibd,-196.9779719781577,-245.51546119972727,48.53748922156956,True
150,94,true,mixed,-141.94777246365376,-296.6865764497082,154.73880398605442,True
150,95,hapibd,ibd,-193.31429683240262,-239.39985630227525,46.085559469872635,True
150,95,hapibd,mixed,-136.0803145383098,-267.2814094319325,131.2010948936227,True
150,95,true,ibd,-198.49021820490339,-249.78972628543502,51.29950808053164,True
150,95,true,mixed,-143.96601381754635,-266.92929931730896,122.9632854997626,True
150,96,hapibd,ibd,-188.5789074121038,-236.31330610138608,47.73439868928227,True
150,96,hapibd,mixed,-129.8560273141397,-263.45011653287884,133.59408921873913,True
150,96,true,ibd,-195.7696764145554,-247.85363238726055,52.083955972705155,True
150,96,true,mixed,-136.32306662695663,-268.5197570478601,132.19669042090345,True
150,97,hapibd,ibd,-202.67475531102326,-252.00497281829803,49.33021750727477,True
150,97,hapibd,mixed,-145.01783763179594,-273.9204629319089,128.90262530011296,True
150,97,true,ibd,-198.6474264725048,-249.77465709468711,51.12723062218231,True
150,97,true,mixed,-143.32760901105712,-267.0717944724016,123.7441854613445,True
150,98,hapibd,ibd,-203.04182067573083,-266.7920668504524,63.75024617472155,True
150,98,hapibd,mixed,-145.78922294311587,-261.5870386565414,115.7978157134255,True
150,98,true,ibd,-204.93916695330608,-269.9756712870258,65.03650433371973,True
150,98,true,mixed,-149.21808894140915,-262.08838277144156,112.87029383003241,True
150,99,hapibd,ibd,-178.7380988881499,-226.1480382609935,47.40993937284361,True
150,99,hapibd,mixed,-118.97663904017135,-260.95854693741245,141.98190789724111,True
150,99,true,ibd,-189.21248145466674,-238.28590999954346,49.07342854487672,True
150,99,true,mixed,-126.0716169669999,-259.1362197961529,133.064602829153,True
200,0,hapibd,ibd,-199.99516883078124,-285.81558528910494,85.8204164583237,True
200,0,hapibd,mixed,-145.9355895669029,-354.3607782100713,208.4251886431684,True
200,0,true,ibd,-209.36261316668558,-280.3744662504536,71.01185308376805,True
200,0,true,mixed,-149.62166574654424,-332.61792580107226,182.99626005452802,True
200,1,hapibd,ibd,-224.9034783842657,-310.422280013141,85.51880162887531,True
200,1,hapibd,mixed,-163.37502238788755,-328.84858642227573,165.47356403438818,True
200,1,true,ibd,-230.8222901408242,-311.65848873750514,80.83619859668093,True
200,1,true,mixed,-171.681376101215,-317.6584497505614,145.97707364934638,True
200,2,hapibd,ibd,-197.6402093944309,-269.8756120797886,72.23540268535768,True
200,2,hapibd,mixed,-141.685220047657,-341.8765403972188,200.19132034956178,True
200,2,true,ibd,-195.79508458317565,-271.7178503831242,75.92276579994854,True
200,2,true,mixed,-142.20654888601746,-342.7707793988256,200.56423051280814,True
200,3,hapibd,ibd,-200.13576677635638,-266.1756970347997,66.03993025844335,True
200,3,hapibd,mixed,-140.6989661658528,-283.8101296976713,143.1111635318185,True
200,3,true,ibd,-205.58453854032803,-246.53876036148972,40.954221821161696,True
200,3,true,mixed,-145.43463321594498,-262.44346235101506,117.00882913507007,True
200,4,hapibd,ibd,-212.79972784337934,-275.7539276435994,62.95419980022007,True
200,4,hapibd,mixed,-151.61944057076258,-301.10740809292605,149.48796752216347,True
200,4,true,ibd,-222.61536542428024,-272.7171919659736,50.101826541693356,True
200,4,true,mixed,-162.34209774846107,-293.84855197885844,131.50645423039737,True
200,5,hapibd,ibd,-212.33098742754837,-308.7213409550459,96.39035352749752,True
200,5,hapibd,mixed,-149.95492903864871,-372.8503779547129,222.89544891606417,True
200,5,true,ibd,-208.48720033487828,-308.7692535841908,100.2820532493125,True
200,5,true,mixed,-149.29223485746752,-358.5094947288231,209.21725987135557,True
200,6,hapibd,ibd,-205.1564136932359,-282.3284857197847,77.17207202654879,True
200,6,hapibd,mixed,-144.7660892864028,-344.688747828615,199.92265854221222,True
200,6,true,ibd,-215.41804410884714,-282.5498615879253,67.13181747907817,True
200,6,true,mixed,-150.126585676788,-338.62176563663024,188.49517995984223,True
200,7,hapibd,ibd,-203.94039229150795,-250.75354909981445,46.8131568083065,True
200,7,hapibd,mixed,-143.48791535129905,-268.08467989809054,124.59676454679149,True
200,7,true,ibd,-210.00680354550562,-259.751949640677,49.74514609517141,True
200,7,true,mixed,-144.98600634667199,-279.3604990528621,134.37449270619013,True
200,8,hapibd,ibd,-202.31621166028967,-256.3787233230598,54.062511662770106,True
200,8,hapibd,mixed,-141.15231850858902,-281.499249759064,140.346931250475,True
200,8,true,ibd,-205.34975864158477,-250.19037163659397,44.840612995009195,True
200,8,true,mixed,-146.31292403760466,-269.62075580275393,123.30783176514927,True
200,9,hapibd,ibd,-209.55726352808458,-268.12272639384344,58.56546286575886,True
200,9,hapibd,mixed,-152.7395016286904,-321.7595857409289,169.02008411223852,True
200,9,true,ibd,-205.6320617298471,-258.0243731164894,52.39231138664232,True
200,9,true,mixed,-150.0454099180927,-306.32686384294067,156.28145392484797,True
200,10,hapibd,ibd,-201.22601407883514,-263.57627882583773,62.3502647470026,True
200,10,hapibd,mixed,-141.87588252493094,-335.9435414643094,194.06765893937848,True
200,10,true,ibd,-198.77293045771233,-242.24456282851565,43.47163237080332,True
200,10,true,mixed,-147.492834979676,-304.8661475191726,157.37331253949662,True
200,11,hapibd,ibd,-210.54919131402008,-273.0169604356277,62.46776912160763,True
200,11,hapibd,mixed,-150.45616691953478,-314.56918780588734,164.11302088635256,True
200,11,true,ibd,-217.0180789310597,-265.86298769112926,48.84490876006956,True
200,11,true,mixed,-155.3055816609894,-300.77923619148174,145.47365453049235,True
200,12,hapibd,ibd,-193.3276544586225,-264.2961417511455,70.96848729252301,True
200,12,hapibd,mixed,-132.7996153128078,-303.41837439651243,170.61875908370465,True
200,12,true,ibd,-201.5529882699881,-291.67882131029324,90.12583304030514,True
200,12,true,mixed,-142.9179045684148,-326.12422250571217,183.20631793729737,True
200,13,hapibd,ibd,-217.8264062855217,-291.7336705693946,73.90726428387288,True
200,13,hapibd,mixed,-158.19318695229978,-306.7496059392177,148.55641898691792,True
200,13,true,ibd,-217.5083451710196,-282.4385067367505,64.93016156573091,True
200,13,true,mixed,-159.0606124245737,-295.94543351300456,136.88482108843087,True
200,14,hapibd,ibd,-209.68976324200932,-290.0367791394465,80.34701589743716,True
200,14,hapibd,mixed,-149.01048489438153,-338.6205751566037,189.61009026222217,True
200,14,true,ibd,-217.77942581735854,-299.5337677122399,81.75434189488138,True
200,14,true,mixed,-156.8481616602812,-340.6125558377259,183.7643941774447,True
200,15,hapibd,ibd,-207.38159966849008,-283.9364513497718,76.55485168128172,True
200,15,hapibd,mixed,-148.86394865445263,-367.4868751303363,218.62292647588365,True
200,15,true,ibd,-221.0887458363307,-281.7832352630813,60.69448942675058,True
200,15,true,mixed,-162.74113415128477,-365.13930056115856,202.3981664098738,True
200,16,hapibd,ibd,-207.53203365021136,-277.8132742256963,70.28124057548496,True
200,16,hapibd,mixed,-149.6072249987362,-335.96833050298346,186.36110550424726,True
200,16,true,ibd,-208.65235799414913,-267.243992315869,58.59163432171985,True
200,16,true,mixed,-150.09963764876667,-317.2048030817219,167.1051654329552,True
200,17,hapibd,ibd,-209.83515962487067,-289.73605679231736,79.90089716744669,True
200,17,hapibd,mixed,-153.155429072547,-303.08807280667156,149.93264373412455,True
200,17,true,ibd,-209.63946697389844,-274.55215916861243,64.912692194714,True
200,17,true,mixed,-146.52172481194657,-281.3233558965947,134.80163108464814,True
200,18,hapibd,ibd,-210.4348930153012,-288.88060787715807,78.44571486185686,True
200,18,hapibd,mixed,-153.23314847875034,-340.1099417882788,186.87679330952844,True
200,18,true,ibd,-215.97481271570462,-298.85764057123475,82.88282785553014,True
200,18,true,mixed,-156.86415294648,-346.74970483318236,189.88555188670236,True
200,19,hapibd,ibd,-227.1624272143509,-324.2046275057871,97.04220029143616,True
200,19,hapibd,mixed,-169.013213025536,-362.04313004532975,193.02991701979374,True
200,19,true,ibd,-233.77099251142906,-333.6770730839123,99.90608057248326,True
200,19,true,mixed,-176.2227740946944,-362.9331614775043,186.71038738280993,True
200,20,hapibd,ibd,-217.83419852438453,-297.9327156309696,80.09851710658506,True
200,20,hapibd,mixed,-154.77812667924226,-391.0534996080527,236.2753729288104,True
200,20,true,ibd,-219.91009242650168,-292.75166665662556,72.84157423012388,True
200,20,true,mixed,-161.96617125882867,-382.9848244477947,221.01865318896606,True
200,21,hapibd,ibd,-214.6925738680183,-290.6159772449568,75.92340337693852,True
200,21,hapibd,mixed,-155.4779689688813,-331.42740186543506,175.94943289655376,True
200,21,true,ibd,-214.6910829944996,-284.41051446858467,69.71943147408507,True
200,21,true,mixed,-157.39619743324909,-323.76837638425286,166.37217895100378,True
200,22,hapibd,ibd,-204.39342237279274,-257.30995942735996,52.916537054567215,True
200,22,hapibd,mixed,-144.23927909174586,-297.4765272479751,153.23724815622927,True
200,22,true,ibd,-215.65062460439242,-257.2081616848094,41.55753708041698,True
200,22,true,mixed,-156.3043054663775,-280.12651563143555,123.82221016505804,True
200,23,hapibd,ibd,-220.3201755011142,-285.4126831400558,65.09250763894158,True
200,23,hapibd,mixed,-157.753724300903,-338.22106101811573,180.46733671721273,True
200,23,true,ibd,-224.2118164361455,-289.929335337401,65.71751890125552,True
200,23,true,mixed,-159.8717633992882,-324.4702071564218,164.5984437571336,True
200,24,hapibd,ibd,-216.2095818107696,-286.286840043962,70.0772582331924,True
200,24,hapibd,mixed,-154.77061206593586,-297.81070452233774,143.04009245640188,True
200,24,true,ibd,-220.50165678504123,-283.22710579723355,62.725449012192314,True
200,24,true,mixed,-163.74686604944213,-287.18967852271004,123.4428124732679,True
200,25,hapibd,ibd,-206.7306278500682,-268.8112992553084,62.080671405240224,True
200,25,hapibd,mixed,-148.5011388621378,-304.91264168329263,156.41150282115484,True
200,25,true,ibd,-208.08097884425223,-271.18096132394066,63.099982479688435,True
200,25,true,mixed,-151.31473076543048,-308.09630422815087,156.7815734627204,True
200,26,hapibd,ibd,-215.54628410271891,-282.34648568350843,66.80020158078952,True
200,26,hapibd,mixed,-158.8533347115643,-330.33432014792197,171.48098543635768,True
200,26,true,ibd,-227.27427640456958,-292.80672066061976,65.53244425605018,True
200,26,true,mixed,-166.20397269500108,-321.6789766447508,155.4750039497497,True
200,27,hapibd,ibd,-211.06551863585878,-305.18349688505185,94.11797824919307,True
200,27,hapibd,mixed,-151.44909831942198,-409.1597831285004,257.71068480907843,True
200,27,true,ibd,-222.5867135117615,-300.8417988162922,78.25508530453072,True
200,27,true,mixed,-159.62465837112222,-389.8207523053553,230.1960939342331,True
200,28,hapibd,ibd,-209.36830287657492,-290.3011200427357,80.93281716616079,True
200,28,hapibd,mixed,-149.46390437536633,-336.4230022589295,186.95909788356317,True
200,28,true,ibd,-215.13957748236314,-293.48516846328647,78.34559098092333,True
200,28,true,mixed,-159.77571981482276,-344.1917552482235,184.41603543340074,True
200,29,hapibd,ibd,-196.82101803407951,-263.90036323953035,67.07934520545084,True
200,29,hapibd,mixed,-138.7802374316019,-300.4159220593863,161.63568462778437,True
200,29,true,ibd,-197.50315521064414,-245.94000228591446,48.43684707527032,True
200,29,true,mixed,-146.6577556543543,-280.6829406433827,134.02518498902842,True
200,30,hapibd,ibd,-209.34990396494376,-280.95400876826125,71.60410480331748,True
200,30,hapibd,mixed,-149.77650928110182,-333.1336069608808,183.35709767977897,True
200,30,true,ibd,-212.67923622383358,-280.4440342630449,67.76479803921131,True
200,30,true,mixed,-152.6300577574643,-324.7518660064175,172.12180824895322,True
200,31,hapibd,ibd,-202.4397773962692,-259.8782629436874,57.438485547418196,True
200,31,hapibd,mixed,-140.067110044642,-304.727503340637,164.660393295995,True
200,31,true,ibd,-210.81299476816773,-268.61684833059377,57.80385356242604,True
200,31,true,mixed,-148.1455043492642,-311.6852931899013,163.5397888406371,True
200,32,hapibd,ibd,-221.23068834066794,-284.29901995421227,63.06833161354433,True
200,32,hapibd,mixed,-161.65349214173986,-310.9836527241949,149.33016058245502,True
200,32,true,ibd,-235.29669295269474,-297.153003842565,61.85631088987026,True
200,32,true,mixed,-176.69485529689817,-320.3879111908751,143.69305589397695,True
200,33,hapibd,ibd,-205.22268410673055,-282.85518851292676,77.6325044061962,True
200,33,hapibd,mixed,-142.48923741054148,-343.6861248916736,201.19688748113214,True
200,33,true,ibd,-208.64752966075466,-263.86688583291397,55.21935617215931,True
200,33,true,mixed,-151.22615095285357,-317.65606232183256,166.429911368979,True
200,34,hapibd,ibd,-206.21024302903987,-281.4772780494707,75.26703502043085,True
200,34,hapibd,mixed,-146.23321572002874,-310.0278443797771,163.79462865974835,True
200,34,true,ibd,-209.68646723929822,-281.461410938967,71.77494369966877,True
200,34,true,mixed,-150.30988972858972,-299.6632202888086,149.35333056021886,True
200,35,hapibd,ibd,-217.00296906717392,-288.1828508627424,71.17988179556846,True
200,35,hapibd,mixed,-155.40765165841998,-348.94893198357465,193.54128032515467,True
200,35,true,ibd,-223.56168931515714,-301.95979584554783,78.39810653039069,True
200,35,true,mixed,-160.60895473399162,-356.56423589404045,195.95528116004883,True
200,36,hapibd,ibd,-203.7378434586546,-279.6420824647535,75.90423900609892,True
200,36,hapibd,mixed,-141.64600042812575,-319.18730506201837,177.54130463389262,True
200,36,true,ibd,-211.03094286609308,-288.32468926506124,77.29374639896815,True
200,36,true,mixed,-148.7441995635631,-315.8087033192847,167.0645037557216,True
200,37,hapibd,ibd,-213.23446685924532,-287.8794193367513,74.644952477506,True
200,37,hapibd,mixed,-148.32363898043113,-305.24178750239736,156.91814852196623,True
200,37,true,ibd,-214.54472107631503,-289.98667639567196,75.44195531935694,True
200,37,true,mixed,-153.94974065189768,-295.2119170860959,141.26217643419824,True
200,38,hapibd,ibd,-186.51880910054746,-240.8918345005349,54.373025399987455,True
200,38,hapibd,mixed,-132.99231015265966,-287.1015411760463,154.10923102338663,True
200,38,true,ibd,-193.56361585367284,-239.06697719159038,45.50336133791754,True
200,38,true,mixed,-135.84726294054772,-286.92627725923694,151.07901431868922,True
200,39,hapibd,ibd,-204.00449221201094,-278.36547164779734,74.36097943578639,True
200,39,hapibd,mixed,-150.8200112439846,-319.1808903264487,168.36087908246412,True
200,39,true,ibd,-210.79558055817756,-273.94642572470246,63.1508451665249,True
200,39,true,mixed,-148.55404600486992,-309.87522852780694,161.32118252293702,True
200,40,hapibd,ibd,-218.2441173717769,-300.7241459996083,82.48002862783142,True
200,40,hapibd,mixed,-154.3921000141005,-320.94937537607666,166.55727536197617,True
200,40,true,ibd,-227.78033903325777,-289.70992395137733,61.92958491811956,True
200,40,true,mixed,-167.79621399035966,-297.69663336280513,129.90041937244547,True
200,41,hapibd,ibd,-213.3364939024578,-301.78204221177464,88.44554830931685,True
200,41,hapibd,mixed,-152.7861687136921,-367.20587142595497,214.41970271226288,True
200,41,true,ibd,-215.65053850509284,-311.5694196468675,95.91888114177468,True
200,41,true,mixed,-160.21521430755163,-368.63521295072803,208.4199986431764,True
200,42,hapibd,ibd,-205.29357491190467,-294.11048924565176,88.81691433374709,True
200,42,hapibd,mixed,-145.2856924808728,-333.05466513288684,187.76897265201404,True
200,42,true,ibd,-211.53410783740435,-287.527303414033,75.99319557662864,True
200,42,true,mixed,-152.40290386617838,-322.2111543932886,169.80825052711023,True
200,43,hapibd,ibd,-211.56271171255452,-309.7616877769907,98.19897606443618,True
200,43,hapibd,mixed,-156.12261595975028,-364.02141267194577,207.8987967121955,True
200,43,true,ibd,-221.04097428843,-305.8516316525284,84.8106573640984,True
200,43,true,mixed,-157.36432219760957,-364.3954337879916,207.031111590382,True
200,44,hapibd,ibd,-203.94694852657017,-250.90443519810285,46.95748667153268,True
200,44,hapibd,mixed,-139.59036851441604,-264.05014961438843,124.45978109997239,True
200,44,true,ibd,-204.7309891770834,-250.99482146138388,46.26383228430049,True
200,44,true,mixed,-146.2611989553517,-265.1205772336087,118.859378278257,True
200,45,hapibd,ibd,-204.86870263212955,-290.89708125890763,86.02837862677808,True
200,45,hapibd,mixed,-144.62891060989588,-339.4675781643378,194.8386675544419,True
200,45,true,ibd,-212.92162283115744,-294.42725181552936,81.50562898437192,True
200,45,true,mixed,-157.5066277535374,-341.3477007277091,183.84107297417168,True
200,46,hapibd,ibd,-209.00734532012567,-285.6856118763094,76.67826655618373,True
200,46,hapibd,mixed,-150.2943420192711,-361.5124064655757,211.21806444630457,True
200,46,true,ibd,-214.7616688258482,-283.03311935548635,68.27145052963814,True
200,46,true,mixed,-152.70552740310498,-344.4297217140184,191.72419431091342,True
200,47,hapibd,ibd,-205.36681725521174,-245.5860689799306,40.219251724718845,True
200,47,hapibd,mixed,-150.1682415151862,-278.25435717642137,128.08611566123517,True
200,47,true,ibd,-216.45011274539624,-241.5199952277235,25.069882482327273,True
200,47,true,mixed,-168.24488777444319,-262.31271762654427,94.06782985210108,True
200,48,hapibd,ibd,-216.01349870892437,-284.2406564892152,68.22715778029084,True
200,48,hapibd,mixed,-156.205248275919,-321.48587517080506,165.28062689488607,True
200,48,true,ibd,-219.26056876510637,-293.614491426912,74.35392266180565,True
200,48,true,mixed,-159.49783046592907,-325.100450861032,165.60262039510295,True
200,49,hapibd,ibd,-199.87462247125274,-271.89963162361937,72.02500915236664,True
200,49,hapibd,mixed,-147.32136223118582,-270.3121100844559,122.99074785327011,True
200,49,true,ibd,-212.70576971933286,-257.41419812513874,44.708428405805876,True
200,49,true,mixed,-154.0067600813138,-244.03283035795207,90.02607027663828,True
200,50,hapibd,ibd,-204.3302582307716,-259.8303735695204,55.50011533874883,True
200,50,hapibd,mixed,-141.7217593141034,-287.7515599787037,146.02980066460032,True
200,50,true,ibd,-212.36241211719596,-256.91390732487247,44.55149520767651,True
200,50,true,mixed,-158.31435539766693,-277.51049631545277,119.19614091778584,True
200,51,hapibd,ibd,-210.12096874083963,-279.77253057842387,69.65156183758424,True
200,51,hapibd,mixed,-149.20912198855254,-335.658567280075,186.44944529152244,True
200,51,true,ibd,-216.77217599316447,-275.1179689166206,58.345792923456145,True
200,51,true,mixed,-156.953379050252,-320.3679363620976,163.4145573118456,True
200,52,hapibd,ibd,-206.73325562215922,-266.76420362624356,60.03094800408434,True
200,52,hapibd,mixed,-148.83356202994037,-302.3630588102111,153.52949678027073,True
200,52,true,ibd,-214.60462728203385,-277.32927802597686,62.724650743943016,True
200,52,true,mixed,-150.3422304680983,-305.37966107529917,155.03743060720086,True
200,53,hapibd,ibd,-204.533363813883,-268.6696325908757,64.13626877699272,True
200,53,hapibd,mixed,-146.47957141370972,-286.8092363360505,140.32966492234078,True
200,53,true,ibd,-210.533935615364,-258.85623177853404,48.32229616317005,True
200,53,true,mixed,-152.4386659602073,-274.32766341734225,121.88899745713496,True
200,54,hapibd,ibd,-221.95320099483678,-298.8309663769811,76.87776538214433,True
200,54,hapibd,mixed,-161.4484403397189,-365.0615746062,203.6131342664811,True
200,54,true,ibd,-235.5918765451508,-310.9941610099161,75.40228446476533,True
200,54,true,mixed,-178.47461652141308,-363.77873244428014,185.30411592286706,True
200,55,hapibd,ibd,-207.79786370717838,-283.8699861004266,76.07212239324824,True
200,55,hapibd,mixed,-149.73058364366,-319.91114460256216,170.18056095890216,True
200,55,true,ibd,-212.81071918804244,-281.4948826852212,68.68416349717879,True
200,55,true,mixed,-158.19106492222994,-310.8073221305023,152.61625720827237,True
200,56,hapibd,ibd,-201.73305965668894,-283.56729447262353,81.8342348159346,True
200,56,hapibd,mixed,-135.79059611619417,-350.23263410757767,214.4420379913835,True
200,56,true,ibd,-204.15786623957928,-286.77565756435655,82.61779132477727,True
200,56,true,mixed,-139.7357034584223,-349.6017012205267,209.8659977621044,True
200,57,hapibd,ibd,-205.42906182527682,-268.2638736165199,62.834811791243084,True
200,57,hapibd,mixed,-154.70174040578678,-319.8589925366208,165.15725213083402,True
200,57,true,ibd,-212.15984120312038,-262.15907034987936,49.99922914675898,True
200,57,true,mixed,-166.3903052690561,-307.0657076328184,140.67540236376226,True
200,58,hapibd,ibd,-203.00914195820243,-272.1143096253008,69.10516766709836,True
200,58,hapibd,mixed,-148.3118731569603,-289.67611327498696,141.36424011802666,True
200,58,true,ibd,-201.71039384084395,-270.3708499795463,68.66045613870233,True
200,58,true,mixed,-145.1594927042265,-284.5367646813505,139.37727197712402,True
200,59,hapibd,ibd,-226.6924393562776,-304.823987060429,78.13154770415139,True
200,59,hapibd,mixed,-165.90149622691672,-364.3586807831903,198.4571845562736,True
200,59,true,ibd,-222.87764040357962,-302.17968199208576,79.30204158850614,True
200,59,true,mixed,-160.8440181204554,-355.0105701524822,194.16655203202683,True
200,60,hapibd,ibd,-213.6272949256763,-294.6893573365288,81.06206241085252,True
200,60,hapibd,mixed,-162.52809013297738,-302.9622377181588,140.43414758518142,True
200,60,true,ibd,-224.9122899228305,-275.545162063184,50.63287214035353,True
200,60,true,mixed,-169.7831892368048,-287.77095084827516,117.98776161147038,True
200,61,hapibd,ibd,-231.39135371319793,-326.7578263219895,95.36647260879158,True
200,61,hapibd,mixed,-169.13423090652086,-370.7086653296022,201.57443442308133,True
200,61,true,ibd,-232.65063898945692,-320.17726823696364,87.52662924750672,True
200,61,true,mixed,-177.92217109498498,-357.5560003257266,179.6338292307416,True
200,62,hapibd,ibd,-195.85422639097746,-269.02747714779116,73.1732507568137,True
200,62,hapibd,mixed,-137.4279032881399,-318.2405819264223,180.8126786382824,True
200,62,true,ibd,-199.7258639072254,-257.82211630358904,58.09625239636364,True
200,62,true,mixed,-145.91024348087933,-300.40576416807875,154.49552068719942,True
200,63,hapibd,ibd,-195.55288403168183,-258.8013479032248,63.24846387154295,True
200,63,hapibd,mixed,-139.25652278235077,-271.0495813772124,131.79305859486163,True
200,63,true,ibd,-201.13544825360188,-248.32719189018616,47.19174363658428,True
200,63,true,mixed,-145.96459945954257,-262.04882904502415,116.08422958548158,True
200,64,hapibd,ibd,-218.5504839793698,-305.29717021633803,86.74668623696823,True
200,64,hapibd,mixed,-161.35408041936967,-355.00443617536575,193.6503557559961,True
200,64,true,ibd,-216.09919101650877,-292.71384904460587,76.6146580280971,True
200,64,true,mixed,-160.196187272237,-339.52545011278414,179.32926284054713,True
200,65,hapibd,ibd,-218.46632643353811,-304.2910208395347,85.82469440599661,True
200,65,hapibd,mixed,-163.13233127325964,-361.1565158829133,198.02418460965367,True
200,65,true,ibd,-222.6356843336341,-303.23791091823983,80.60222658460575,True
200,65,true,mixed,-166.9316636023069,-352.63434582556664,185.70268222325973,True
200,66,hapibd,ibd,-207.78444888934078,-283.8232342046179,76.03878531527712,True
200,66,hapibd,mixed,-148.09577964797774,-329.70296420639545,181.6071845584177,True
200,66,true,ibd,-223.7636575102383,-300.46328324153404,76.69962573129575,True
200,66,true,mixed,-168.3957890082789,-343.1504265035967,174.75463749531778,True
200,67,hapibd,ibd,-207.08026770146017,-286.9872926177032,79.90702491624302,True
200,67,hapibd,mixed,-149.03333185825812,-350.12600476033657,201.09267290207845,True
200,67,true,ibd,-214.905385514604,-284.59761107190405,69.69222555730005,True
200,67,true,mixed,-154.25393861777678,-339.2359296321757,184.98199101439894,True
200,68,hapibd,ibd,-210.4648042242397,-263.61700409676234,53.15219987252263,True
200,68,hapibd,mixed,-151.45896662945745,-294.84641583585454,143.3874492063971,True
200,68,true,ibd,-222.59196013966314,-271.30946853941094,48.7175083997478,True
200,68,true,mixed,-163.87523642763728,-305.0040385891133,141.12880216147602,True
200,69,hapibd,ibd,-206.44149076740968,-266.8023763932459,60.360885625836204,True
200,69,hapibd,mixed,-145.8802415355693,-330.8842583191421,185.00401678357278,True
200,69,true,ibd,-208.25238260128816,-263.4080092051564,55.15562660386826,True
200,69,true,mixed,-153.8071921844578,-317.56971796324314,163.76252577878535,True
200,70,hapibd,ibd,-213.3491487322306,-292.7581261528315,79.4089774206009,True
200,70,hapibd,mixed,-151.6165121991775,-375.26561776128386,223.64910556210637,True
200,70,true,ibd,-221.2318615494446,-291.64473282401514,70.41287127457053,True
200,70,true,mixed,-162.64497984380398,-357.63683868886693,194.99185884506295,True
200,71,hapibd,ibd,-205.01779308160144,-293.6170406691791,88.59924758757768,True
200,71,hapibd,mixed,-145.1779839630297,-355.5393051829536,210.36132121992392,True
200,71,true,ibd,-212.49382805913245,-307.91123909291554,95.41741103378308,True
200,71,true,mixed,-150.70086338932083,-366.64481269325455,215.94394930393372,True
200,72,hapibd,ibd,-206.74555812863312,-282.143082923693,75.39752479505987,True
200,72,hapibd,mixed,-143.59005550717387,-307.05163991072715,163.46158440355327,True
200,72,true,ibd,-214.7561542339721,-282.44564191913224,67.68948768516015,True
200,72,true,mixed,-157.55841646582118,-299.0184675930281,141.46005112720692,True
200,73,hapibd,ibd,-204.82387680837385,-270.35530807682545,65.5314312684516,True
200,73,hapibd,mixed,-144.07579774685053,-308.46552294131135,164.38972519446082,True
200,73,true,ibd,-204.70743839902616,-275.68712737562265,70.97968897659649,True
200,73,true,mixed,-147.5855372908287,-313.93694164961215,166.35140435878344,True
200,74,hapibd,ibd,-196.45205680939603,-264.04338932797407,67.59133251857804,True
200,74,hapibd,mixed,-138.9663352870276,-324.2441574285322,185.27782214150463,True
200,74,true,ibd,-206.36762186355605,-265.638595123872,59.27097326031594,True
200,74,true,mixed,-146.96804648886283,-324.0976260592929,177.12957957043008,True
200,75,hapibd,ibd,-213.51458999343677,-296.7540463015297,83.23945630809291,True
200,75,hapibd,mixed,-159.93979218440364,-392.87612668504136,232.9363345006377,True
200,75,true,ibd,-217.441842425814,-279.29153652076144,61.84969409494744,True
200,75,true,mixed,-168.0269942214706,-372.52767874356726,204.50068452209666,True
200,76,hapibd,ibd,-215.03465411577014,-315.5783664005555,100.54371228478539,True
200,76,hapibd,mixed,-158.17015938578112,-355.1446844117947,196.97452502601357,True
200,76,true,ibd,-212.31470893003416,-291.4070982514454,79.09238932141125,True
200,76,true,mixed,-155.33951528516778,-322.81880654511144,167.47929125994366,True
200,77,hapibd,ibd,-196.97393004690224,-275.0190528967108,78.04512284980854,True
200,77,hapibd,mixed,-135.43594755484577,-333.619457095845,198.18350954099924,True
200,77,true,ibd,-204.36841718755144,-280.3755882085743,76.00717102102286,True
200,77,true,mixed,-145.87020336548443,-338.7498186980785,192.87961533259408,True
200,78,hapibd,ibd,-219.31628714698516,-292.8400845428306,73.52379739584543,True
200,78,hapibd,mixed,-160.1934594545233,-369.36224934343693,209.16878988891364,True
200,78,true,ibd,-223.67657682401995,-296.4471380236322,72.77056119961225,True
200,78,true,mixed,-169.4308155756984,-370.0981144863842,200.6672989106858,True
200,79,hapibd,ibd,-208.07708310146043,-243.36628430478635,35.289201203325916,True
200,79,hapibd,mixed,-148.01163553767182,-268.24689682041503,120.23526128274321,True
200,79,true,ibd,-206.60886914171698,-235.26157653122496,28.65270738950798,True
200,79,true,mixed,-149.0357596832498,-258.6979141212819,109.66215443803208,True
200,80,hapibd,ibd,-218.36149151387409,-303.6166130007359,85.25512148686184,True
200,80,hapibd,mixed,-157.4050476159285,-379.2155318912113,221.8104842752828,True
200,80,true,ibd,-223.6897744313171,-299.3137096182649,75.62393518694782,True
200,80,true,mixed,-165.77987490291702,-372.4132082113691,206.6333333084521,True
200,81,hapibd,ibd,-212.90632873008278,-295.17634287000124,82.27001413991846,True
200,81,hapibd,mixed,-162.05609850544985,-328.0568253769302,166.00072687148034,True
200,81,true,ibd,-223.71618545354627,-290.85892679002075,67.14274133647447,True
200,81,true,mixed,-166.0991142742776,-317.9377094712893,151.83859519701167,True
200,82,hapibd,ibd,-200.7693214230191,-257.7712459621038,57.00192453908471,True
200,82,hapibd,mixed,-139.06297438588447,-299.3802399850937,160.3172655992092,True
200,82,true,ibd,-206.00223475550348,-250.40844846030183,44.40621370479835,True
200,82,true,mixed,-146.0701508605345,-278.46056769564586,132.39041683511135,True
200,83,hapibd,ibd,-206.4721009994721,-268.524511291721,62.05241029224891,True
200,83,hapibd,mixed,-150.21442103504322,-336.3512174556655,186.1367964206223,True
200,83,true,ibd,-212.8772545830629,-251.67290707692922,38.79565249386633,True
200,83,true,mixed,-160.83521273078978,-314.6661139240988,153.83090119330902,True
200,84,hapibd,ibd,-208.0673172713422,-289.88317591806333,81.81585864672113,True
200,84,hapibd,mixed,-149.51923037492833,-382.3349523120137,232.81572193708536,True
200,84,true,ibd,-207.7049619213816,-273.2207077525607,65.51574583117912,True
200,84,true,mixed,-155.1899435511983,-361.066322539055,205.87637898785673,True
200,85,hapibd,ibd,-198.53228036073787,-265.04098476126427,66.5087044005264,True
200,85,hapibd,mixed,-142.09284823760436,-316.2408841634881,174.14803592588373,True
200,85,true,ibd,-205.48130779319322,-264.73924317676807,59.257935383574846,True
200,85,true,mixed,-145.60364021678367,-303.58298034955493,157.97934013277126,True
200,86,hapibd,ibd,-206.0804623998596,-273.8509717981188,67.77050939825918,True
200,86,hapibd,mixed,-148.4174847275589,-325.3177350786142,176.9002503510553,True
200,86,true,ibd,-210.9120781360432,-274.72400435602236,63.81192621997917,True
200,86,true,mixed,-148.65759501481614,-314.4203056285613,165.76271061374518,True
200,87,hapibd,ibd,-207.8579105585962,-300.0070290012221,92.14911844262593,True
200,87,hapibd,mixed,-146.79859581270605,-336.6930130146068,189.89441720190072,True
200,87,true,ibd,-215.42276298122968,-295.67022206671106,80.24745908548138,True
200,87,true,mixed,-158.12986091807218,-324.6360602176952,166.50619929962303,True
200,88,hapibd,ibd,-197.64999894772515,-288.96823454187904,91.31823559415389,True
200,88,hapibd,mixed,-140.80143722781068,-346.79741122764875,205.99597399983807,True
200,88,true,ibd,-206.98616521530488,-279.88096693189345,72.89480171658857,True
200,88,true,mixed,-149.0808982900515,-336.7176081937736,187.63670990372208,True
200,89,hapibd,ibd,-199.9529985030582,-266.9120431353557,66.95904463229749,True
200,89,hapibd,mixed,-144.1189971159669,-292.53497508814314,148.41597797217625,True
200,89,true,ibd,-207.64758304181532,-272.5030037199336,64.85542067811826,True
200,89,true,mixed,-152.07387002758267,-292.89563189731786,140.82176186973518,True
200,90,hapibd,ibd,-213.5528600300494,-285.07159416745156,71.51873413740216,True
200,90,hapibd,mixed,-152.2812567731998,-295.63427013409023,143.35301336089043,True
200,90,true,ibd,-217.35487037113035,-290.85851121234833,73.50364084121799,True
200,90,true,mixed,-154.6013738644684,-286.71028455554773,132.10891069107933,True
200,91,hapibd,ibd,-195.35013538484557,-276.2396092032184,80.8894738183728,True
200,91,hapibd,mixed,-137.19964695615187,-307.0851017633838,169.88545480723195,True
200,91,true,ibd,-199.27389165247774,-282.0733747221837,82.79948306970596,True
200,91,true,mixed,-137.76981034900842,-308.1417178502666,170.3719075012582,True
200,92,hapibd,ibd,-202.23498365412425,-269.349471752663,67.11448809853877,True
200,92,hapibd,mixed,-143.99250904429246,-308.92449846691255,164.9319894226201,True
200,92,true,ibd,-208.0152089497051,-261.1613297732556,53.14612082355049,True
200,92,true,mixed,-152.24151449951535,-294.0131469902019,141.77163249068656,True
200,93,hapibd,ibd,-214.91714822533123,-289.3786162072718,74.46146798194059,True
200,93,hapibd,mixed,-150.37249810511565,-318.5332888039799,168.16079069886422,True
200,93,true,ibd,-221.5859154112022,-278.37090547072773,56.78499005952554,True
200,93,true,mixed,-166.67995023948586,-308.4565843667116,141.77663412722572,True
200,94,hapibd,ibd,-215.25442142659045,-292.8793416210636,77.62492019447313,True
200,94,hapibd,mixed,-152.7906846924561,-337.6495606131063,184.8588759206502,True
200,94,true,ibd,-214.2611286901813,-289.9642427727777,75.70311408259641,True
200,94,true,mixed,-155.47954382290254,-336.77871267364,181.29916885073743,True
200,95,hapibd,ibd,-208.34801203405542,-274.465249636471,66.1172376024156,True
200,95,hapibd,mixed,-146.2236463830512,-309.19972636569213,162.97607998264093,True
200,95,true,ibd,-215.84383951283692,-264.7316675810894,48.8878280682525,True
200,95,true,mixed,-151.26625619958082,-292.92592362458936,141.65966742500854,True
200,96,hapibd,ibd,-209.37375725471537,-269.74910284126787,60.3753455865525,True
200,96,hapibd,mixed,-147.08761844865444,-319.7471345366848,172.6595160880304,True
200,96,true,ibd,-213.7299472648885,-291.53183653230894,77.80188926742045,True
200,96,true,mixed,-152.54765746825962,-336.7525046220572,184.20484715379757,True
200,97,hapibd,ibd,-203.14093333807855,-286.42338308414446,83.28244974606591,True
200,97,hapibd,mixed,-148.79548959032454,-378.34871268156974,229.5532230912452,True
200,97,true,ibd,-213.42724801233527,-287.56076868633704,74.13352067400177,True
200,97,true,mixed,-154.2010925904771,-361.2688252709427,207.06773268046564,True
200,98,hapibd,ibd,-202.63073274229808,-265.4945343473837,62.86380160508563,True
200,98,hapibd,mixed,-140.52325593312167,-282.9637095406416,142.44045360751994,True
200,98,true,ibd,-212.68101561573684,-266.4725756090216,53.79155999328475,True
200,98,true,mixed,-147.62221643997535,-275.08854371089245,127.4663272709171,True
200,99,hapibd,ibd,-209.97654151966475,-281.4146687759426,71.43812725627782,True
200,99,hapibd,mixed,-151.82386326759308,-333.54861642686666,181.72475315927358,True
200,99,true,ibd,-220.58614148538553,-290.16508235577913,69.57894087039361,True
200,99,true,mixed,-163.68300057410158,-335.469564441452,171.78656386735042,True
300,0,hapibd,ibd,-236.06684695558727,-382.9235103476161,146.85666339202885,True
300,0,hapibd,mixed,-179.41019228092765,-489.0408442546016,309.63065197367393,True
300,0,true,ibd,-242.3369586188676,-341.4012868568492,99.06432823798158,True
300,0,true,mixed,-180.0182250981341,-449.5832539590398,269.56502886090567,True
300,1,hapibd,ibd,-223.56490057178567,-334.89534620022226,111.33044562843659,True
300,1,hapibd,mixed,-160.60671111895456,-516.3943630516743,355.78765193271977,True
300,1,true,ibd,-225.03867500988784,-320.7066148191858,95.66793980929796,True
300,1,true,mixed,-165.26146191242518,-485.5193152905238,320.2578533780986,True
300,2,hapibd,ibd,-226.12406756048944,-327.71349671702797,101.58942915653853,True
300,2,hapibd,mixed,-163.97350220526022,-384.3782283897228,220.40472618446256,True
300,2,true,ibd,-231.40526183130157,-329.0790170539358,97.67375522263421,True
300,2,true,mixed,-169.1100544554252,-365.62815249439444,196.51809803896924,True
300,3,hapibd,ibd,-230.380508474374,-373.53805085340446,143.15754237903045,True
300,3,hapibd,mixed,-168.92458739662968,-465.3456222156546,296.42103481902495,True
300,3,true,ibd,-240.37434198105038,-396.88161901114916,156.50727703009878,True
300,3,true,mixed,-176.6799606746272,-471.83805605511645,295.15809538048927,True
300,4,hapibd,ibd,-241.42067697820957,-374.6097330237916,133.18905604558202,True
300,4,hapibd,mixed,-184.91924501194111,-485.9159496049096,300.9967045929685,True
300,4,true,ibd,-247.02103842795282,-373.46252032918505,126.44148190123224,True
300,4,true,mixed,-183.75872821659726,-472.1324245102937,288.3736962936964,True
300,5,hapibd,ibd,-226.95275668997576,-345.14464474754686,118.1918880575711,True
300,5,hapibd,mixed,-164.9889447046973,-441.67136310281234,276.68241839811503,True
300,5,true,ibd,-227.95225575267466,-330.86317452085274,102.91091876817808,True
300,5,true,mixed,-162.63645836903777,-425.17442337042394,262.53796500138617,True
300,6,hapibd,ibd,-233.3110932466354,-332.80154465053545,99.49045140390004,True
300,6,hapibd,mixed,-169.28434213853558,-383.9979600459406,214.71361790740502,True
300,6,true,ibd,-242.83519691980462,-336.6606394912056,93.82544257140097,True
300,6,true,mixed,-179.87975177882174,-380.8492277156969,200.96947593687514,True
300,7,hapibd,ibd,-225.2687620084692,-316.41975435604775,91.15099234757855,True
300,7,hapibd,mixed,-163.5010650952413,-456.1171651316719,292.6161000364306,True
300,7,true,ibd,-232.16045458879165,-287.84501534021945,55.684560751427796,True
300,7,true,mixed,-177.8895045124055,-415.1627584712664,237.2732539588609,True
300,8,hapibd,ibd,-238.48779974482127,-361.2729803826419,122.78518063782062,True
300,8,hapibd,mixed,-179.4145467421824,-492.6016569474039,313.18711020522153,True
300,8,true,ibd,-239.05462441848795,-338.4168027837198,99.36217836523184,True
300,8,true,mixed,-183.5205322296182,-454.54704207489385,271.02650984527565,True
300,9,hapibd,ibd,-239.4494064356144,-324.79395331094963,85.34454687533523,True
300,9,hapibd,mixed,-177.95544676643618,-420.0898916815289,242.13444491509273,True
300,9,true,ibd,-240.73159489848987,-320.3861816821512,79.6545867836613,True
300,9,true,mixed,-183.0327410216633,-400.7418723849375,217.7091313632742,True
300,10,hapibd,ibd,-241.7956538869459,-353.1872224165635,111.39156852961759,True
300,10,hapibd,mixed,-179.34641634284245,-404.80626029501576,225.45984395217332,True
300,10,true,ibd,-242.35390185087806,-341.5230562945581,99.16915444368004,True
300,10,true,mixed,-180.036606604719,-387.2527314652583,207.2161248605393,True
300,11,hapibd,ibd,-251.5033110673351,-342.6698732266899,91.16656215935481,True
300,11,hapibd,mixed,-189.0958314890307,-452.2803819887922,263.1845504997615,True
300,11,true,ibd,-255.69003090079667,-328.2172347137359,72.5272038129392,True
300,11,true,mixed,-201.77480138230078,-426.3177252116116,224.54292382931084,True
300,12,hapibd,ibd,-239.65422425708152,-341.45809132313786,101.80386706605634,True
300,12,hapibd,mixed,-176.8842730251015,-425.5706582434801,248.68638521837863,True
300,12,true,ibd,-235.32179494339638,-340.85325035351246,105.53145541011608,True
300,12,true,mixed,-175.40856222754192,-411.65643068161216,236.24786845407024,True
300,13,hapibd,ibd,-257.2836532492961,-372.47823729923454,115.19458404993844,True
300,13,hapibd,mixed,-192.75218493970192,-465.44853790577594,272.696352966074,True
300,13,true,ibd,-262.34585299299505,-375.915090181818,113.56923718882297,True
300,13,true,mixed,-196.63578077082633,-455.0059600519243,258.370179281098,True
300,14,hapibd,ibd,-240.5294565954639,-345.10235116440435,104.57289456894046,True
300,14,hapibd,mixed,-178.12136994230798,-448.50551155007304,270.38414160776506,True
300,14,true,ibd,-236.8051251163409,-322.1718995682761,85.36677445193521,True
300,14,true,mixed,-176.52438790152704,-415.3512182322424,238.82683033071535,True
300,15,hapibd,ibd,-233.32331915623362,-351.25056749547866,117.92724833924504,True
300,15,hapibd,mixed,-174.0201351318802,-437.56117615219557,263.54104102031533,True
300,15,true,ibd,-240.22945567394962,-343.16381181840865,102.93435614445903,True
300,15,true,mixed,-181.29118059836418,-426.813895134211,245.52271453584683,True
300,16,hapibd,ibd,-235.15189249180727,-375.8481190601585,140.69622656835125,True
300,16,hapibd,mixed,-174.81422474517612,-478.74298573116664,303.9287609859905,True
300,16,true,ibd,-236.84269732776409,-367.12162646650415,130.27892913874007,True
300,16,true,mixed,-180.86742924693272,-469.2341023434107,288.366673096478,True
300,17,hapibd,ibd,-242.8208110312231,-342.830363519858,100.00955248863491,True
300,17,hapibd,mixed,-184.9288616005056,-408.69640011111494,223.76753851060934,True
300,17,true,ibd,-251.21007388049216,-330.52634194881625,79.31626806832409,True
300,17,true,mixed,-187.77006458533216,-394.1428362547951,206.37277166946294,True
300,18,hapibd,ibd,-241.37522530307066,-348.3706062110324,106.99538090796173,True
300,18,hapibd,mixed,-181.4691153657106,-438.43868734680524,256.96957198109465,True
300,18,true,ibd,-240.2470615723781,-324.94364829379094,84.69658672141284,True
300,18,true,mixed,-182.2532636419607,-405.00786063568285,222.75459699372215,True
300,19,hapibd,ibd,-228.50354622528033,-342.3630137949537,113.85946756967337,True
300,19,hapibd,mixed,-168.6237644566244,-462.7334551823714,294.109690725747,True
300,19,true,ibd,-229.1378909702493,-329.79195017116695,100.65405920091766,True
300,19,true,mixed,-167.57589808164204,-435.95690247548106,268.381004393839,True
300,20,hapibd,ibd,-245.3690885413643,-381.98874889755007,136.61966035618576,True
300,20,hapibd,mixed,-184.29373057781388,-514.4249551878299,330.13122461001603,True
300,20,true,ibd,-245.59927010943687,-367.67612137318423,122.07685126374736,True
300,20,true,mixed,-185.95842667493042,-496.1655413089708,310.20711463404035,True
300,21,hapibd,ibd,-251.92525108894026,-375.2967084086966,123.37145731975633,True
300,21,hapibd,mixed,-193.19216928382968,-472.9706446829192,279.77847539908953,True
300,21,true,ibd,-250.36175560016366,-357.02070117586516,106.6589455757015,True
300,21,true,mixed,-187.69681211660097,-448.79438879593823,261.0975766793373,True
300,22,hapibd,ibd,-212.97187517849704,-324.76142500905735,111.7895498305603,True
300,22,hapibd,mixed,-148.6584413721015,-388.66227297626693,240.00383160416544,True
300,22,true,ibd,-219.19399551599497,-303.67867581488144,84.48468029888647,True
300,22,true,mixed,-155.28469761344599,-361.5857720449078,206.3010744314618,True
300,23,hapibd,ibd,-233.16365930670017,-338.41500220830363,105.25134290160346,True
300,23,hapibd,mixed,-176.74416730535452,-462.03320617509434,285.2890388697398,True
300,23,true,ibd,-244.26496467076512,-322.7265852090687,78.46162053830355,True
300,23,true,mixed,-187.74875546659024,-438.98831088176155,251.2395554151713,True
300,24,hapibd,ibd,-229.2792759681425,-334.0067497154106,104.72747374726808,True
300,24,hapibd,mixed,-175.3803578288959,-408.82613736918296,233.44577954028705,True
300,24,true,ibd,-230.20635796729616,-298.5778205139755,68.37146254667934,True
300,24,true,mixed,-172.8764469594415,-362.1377877124835,189.261340753042,True
300,25,hapibd,ibd,-250.0731258982427,-354.0397007928128,103.96657489457013,True
300,25,hapibd,mixed,-190.52061551617172,-389.4551093491798,198.93449383300808,True
300,25,true,ibd,-250.74925455373136,-345.96206356712116,95.2128090133898,True
300,25,true,mixed,-188.1802385180704,-374.9726058636545,186.7923673455841,True
300,26,hapibd,ibd,-242.41275261862268,-331.3405414034738,88.92778878485115,True
300,26,hapibd,mixed,-184.50449481807314,-403.963042668044,219.45854784997087,True
300,26,true,ibd,-243.93348739656835,-316.4210073306642,72.48751993409587,True
300,26,true,mixed,-188.4182599717995,-375.7185790415174,187.3003190697179,True
300,27,hapibd,ibd,-225.27450564131593,-354.1713400334898,128.89683439217387,True
300,27,hapibd,mixed,-164.26524503822927,-468.64331410713714,304.37806906890785,True
300,27,true,ibd,-232.8349280616435,-332.0086626654972,99.17373460385369,True
300,27,true,mixed,-175.03399234335097,-438.422455656106,263.38846331275505,True
300,28,hapibd,ibd,-248.97153404468418,-363.3481248054131,114.3765907607289,True
300,28,hapibd,mixed,-190.1305501814224,-437.0987804809735,246.96823029955112,True
300,28,true,ibd,-247.38188632546488,-370.8300420451382,123.44815571967334,True
300,28,true,mixed,-187.0457754727032,-440.09659270954717,253.05081723684395,True
300,29,hapibd,ibd,-235.06497215837703,-356.17658952282983,121.1116173644528,True
300,29,hapibd,mixed,-175.9082038079432,-525.0196443119696,349.1114405040264,True
300,29,true,ibd,-238.73687675155912,-328.5159184829629,89.77904173140377,True
300,29,true,mixed,-182.79034454792088,-484.78928991930803,301.99894537138715,True
300,30,hapibd,ibd,-226.0915749013155,-356.85580889349933,130.76423399218382,True
300,30,hapibd,mixed,-166.2519567135829,-455.5102551079165,289.2582983943336,True
300,30,true,ibd,-234.99158836828818,-385.68335586259195,150.69176749430378,True
300,30,true,mixed,-174.5400085496663,-471.17334647471284,296.63333792504653,True
300,31,hapibd,ibd,-242.32232523866966,-359.1245773387102,116.80225210004053,True
300,31,hapibd,mixed,-179.4959952947116,-484.6474162056995,305.1514209109879,True
300,31,true,ibd,-246.57859523736522,-356.47688838188606,109.89829314452084,True
300,31,true,mixed,-186.17248896415478,-471.9651464356666,285.7926574715118,True
300,32,hapibd,ibd,-221.7686626641578,-306.40413171769666,84.63546905353886,True
300,32,hapibd,mixed,-161.40923336369312,-420.5325797406818,259.1233463769887,True
300,32,true,ibd,-224.76111974968316,-300.3595256962307,75.59840594654756,True
300,32,true,mixed,-166.1298242356132,-417.1698028565413,251.0399786209281,True
300,33,hapibd,ibd,-233.84823680581852,-316.09984888138695,82.25161207556843,True
300,33,hapibd,mixed,-172.5393296527444,-393.88021957159657,221.34088991885216,True
300,33,true,ibd,-238.26952138529182,-314.67373950910576,76.40421812381393,True
300,33,true,mixed,-180.51002599492512,-380.8468701997837,200.3368442048586,True
300,34,hapibd,ibd,-235.29502243651532,-350.000498148215,114.70547571169968,True
300,34,hapibd,mixed,-177.4391056449106,-445.75658067862173,268.31747503371116,True
300,34,true,ibd,-239.82847719708585,-349.2655649843285,109.43708778724263,True
300,34,true,mixed,-179.55124685248086,-432.22319489794677,252.6719480454659,True
300,35,hapibd,ibd,-234.2127429721775,-339.9608000364281,105.74805706425062,True
300,35,hapibd,mixed,-172.17573479710282,-412.9729852948076,240.79725049770477,True
300,35,true,ibd,-236.79000288860485,-314.71279022164987,77.92278733304502,True
300,35,true,mixed,-179.4778958719374,-375.49860803069794,196.02071215876055,True
300,36,hapibd,ibd,-234.3342956605558,-325.2569749272249,90.92267926666912,True
300,36,hapibd,mixed,-170.73116591700625,-437.7082173669456,266.9770514499393,True
300,36,true,ibd,-240.6411236338708,-305.5370561807855,64.89593254691471,True
300,36,true,mixed,-183.41352820968092,-403.12723708456247,219.71370887488155,True
300,37,hapibd,ibd,-225.21308436149917,-339.5287012994768,114.31561693797761,True
300,37,hapibd,mixed,-163.0734962406914,-377.42041968874435,214.34692344805293,True
300,37,true,ibd,-233.89418628814508,-340.0427683048212,106.14858201667613,True
300,37,true,mixed,-172.57662616736903,-375.6909968857771,203.11437071840808,True
300,38,hapibd,ibd,-237.48470438670017,-374.058591494511,136.57388710781083,True
300,38,hapibd,mixed,-174.45615997656287,-510.83461171526756,336.3784517387047,True
300,38,true,ibd,-243.6396301412685,-384.50502158067445,140.86539143940595,True
300,38,true,mixed,-180.9766536245404,-519.430787576289,338.45413395174864,True
300,39,hapibd,ibd,-226.951159247411,-324.1286685130779,97.17750926566691,True
300,39,hapibd,mixed,-162.91923993932707,-430.2709626396344,267.3517227003073,True
300,39,true,ibd,-234.06326597683352,-321.45043128107193,87.38716530423841,True
300,39,true,mixed,-172.20280082676163,-427.9078741934428,255.70507336668118,True
300,40,hapibd,ibd,-233.19302136403692,-312.57294175420515,79.37992039016822,True
300,40,hapibd,mixed,-171.96596736024082,-366.29901711468506,194.33304975444423,True
300,40,true,ibd,-238.40558265303522,-311.7277499239256,73.32216727089039,True
300,40,true,mixed,-175.7241225766066,-360.9915726928368,185.26745011623024,True
300,41,hapibd,ibd,-232.37327477248203,-345.9276563106953,113.55438153821325,True
300,41,hapibd,mixed,-179.0259292769709,-464.0755461247721,285.0496168478012,True
300,41,true,ibd,-235.9640111550785,-337.63321572346496,101.66920456838645,True
300,41,true,mixed,-179.41808751407896,-453.55176965826934,274.1336821441904,True
300,42,hapibd,ibd,-220.07568603771838,-314.5593022604036,94.48361622268524,True
300,42,hapibd,mixed,-156.3048778802448,-371.74157201151587,215.43669413127108,True
300,42,true,ibd,-226.11914421775668,-312.93907996485893,86.81993574710225,True
300,42,true,mixed,-166.92758240808539,-368.2231471217732,201.2955647136878,True
300,43,hapibd,ibd,-240.8085768003507,-377.8022489282775,136.9936721279268,True
300,43,hapibd,mixed,-178.71039145292912,-492.23198488995615,313.52159343702704,True
300,43,true,ibd,-244.8929991510046,-369.753730688093,124.86073153708841,True
300,43,true,mixed,-185.7457651216515,-472.1819921662542,286.4362270446027,True
300,44,hapibd,ibd,-242.23758878326603,-323.34323918916016,81.10565040589412,True
300,44,hapibd,mixed,-179.43581279903393,-382.9607910484255,203.52497824939158,True
300,44,true,ibd,-251.65030981417902,-317.280113950965,65.62980413678599,True
300,44,true,mixed,-187.7369926744193,-359.79864895150473,172.06165627708543,True
300,45,hapibd,ibd,-237.2831413847854,-368.56336653726834,131.28022515248293,True
300,45,hapibd,mixed,-178.23707703452803,-428.7503070109015,250.51322997637348,True
300,45,true,ibd,-239.3357432898539,-350.38334340066405,111.04760011081015,True
300,45,true,mixed,-178.6144144537996,-406.2965089788111,227.6820945250115,True
300,46,hapibd,ibd,-242.25252528645942,-382.4501242042974,140.197598917838,True
300,46,hapibd,mixed,-185.9134365135794,-494.43864698504933,308.5252104714699,True
300,46,true,ibd,-249.28388937326847,-372.11110925313767,122.8272198798692,True
300,46,true,mixed,-190.1032401568781,-464.3289664682576,274.2257263113795,True
300,47,hapibd,ibd,-254.5427316984434,-355.4744593786506,100.93172768020719,True
300,47,hapibd,mixed,-191.1979235590164,-462.37005226310856,271.1721287040922,True
300,47,true,ibd,-249.39156014651573,-358.0911609895601,108.69960084304435,True
300,47,true,mixed,-189.06482327454935,-458.0920821949544,269.0272589204051,True
300,48,hapibd,ibd,-238.2524338087612,-344.42826425672604,106.17583044796484,True
300,48,hapibd,mixed,-176.13319142158136,-418.76715195571586,242.6339605341345,True
300,48,true,ibd,-244.40917004071636,-356.63809293086337,112.228922890147,True
300,48,true,mixed,-181.83216879317922,-421.5501326598545,239.7179638666753,True
300,49,hapibd,ibd,-232.75689712466607,-352.05545627343855,119.29855914877248,True
300,49,hapibd,mixed,-169.70009727599015,-441.4947492808056,271.7946520048155,True
300,49,true,ibd,-232.71893071359486,-330.4770997982117,97.75816908461687,True
300,49,true,mixed,-172.33940215224914,-408.85660499692295,236.51720284467382,True
300,50,hapibd,ibd,-226.30238483069638,-315.171135890183,88.86875105948661,True
300,50,hapibd,mixed,-161.0861431698565,-386.93962009325753,225.85347692340102,True
300,50,true,ibd,-232.72955632370423,-320.2080790323174,87.47852270861318,True
300,50,true,mixed,-167.89048937841483,-376.43610004250735,208.54561066409252,True
300,51,hapibd,ibd,-240.30146524038744,-363.60480125629783,123.30333601591039,True
300,51,hapibd,mixed,-179.18236915084157,-473.0946048133976,293.91223566255604,True
300,51,true,ibd,-241.77944258616768,-359.9297760429123,118.15033345674462,True
300,51,true,mixed,-178.1857845710011,-460.11946078547635,281.9336762144752,True
300,52,hapibd,ibd,-241.38537735599732,-322.29368596749356,80.90830861149624,True
300,52,hapibd,mixed,-177.3589686479643,-417.28870997512036,239.92974132715605,True
300,52,true,ibd,-248.32445803523495,-330.0811474344593,81.75668939922434,True
300,52,true,mixed,-183.9792816746608,-424.1444362284801,240.16515455381932,True
300,53,hapibd,ibd,-230.3877781732645,-338.06960023472493,107.68182206146042,True
300,53,hapibd,mixed,-169.45697273496387,-459.2876557358279,289.83068300086404,True
300,53,true,ibd,-236.84341730034345,-329.81976065365905,92.9763433533156,True
300,53,true,mixed,-180.3564851498889,-440.1645062651752,259.8080211152863,True
300,54,hapibd,ibd,-242.14947189915733,-348.65321859469884,106.50374669554151,True
300,54,hapibd,mixed,-184.74007330799571,-461.49600837024593,276.7559350622502,True
300,54,true,ibd,-252.16703001207486,-336.9273610101597,84.76033099808484,True
300,54,true,mixed,-194.08490645078228,-425.5611587865168,231.4762523357345,True
300,55,hapibd,ibd,-249.1888443085584,-362.376853805906,113.18800949734762,True
300,55,hapibd,mixed,-183.03181137275632,-430.4120753149399,247.38026394218357,True
300,55,true,ibd,-255.11023068724742,-372.55228207426984,117.44205138702242,True
300,55,true,mixed,-189.37278546059872,-442.0159906585926,252.6432051979939,True
300,56,hapibd,ibd,-226.26484075855365,-355.85525856404877,129.59041780549512,True
300,56,hapibd,mixed,-163.19286955044475,-461.8041461030398,298.61127655259503,True
300,56,true,ibd,-228.59681694626298,-324.0088113093507,95.4119943630877,True
300,56,true,mixed,-166.56428110174718,-416.18759259065484,249.62331148890766,True
300,57,hapibd,ibd,-239.4448900367987,-342.271703277203,102.8268132404043,True
300,57,hapibd,mixed,-182.3074093269319,-446.69758793398285,264.390178607051,True
300,57,true,ibd,-245.1103263778584,-325.31459574664075,80.20426936878235,True
300,57,true,mixed,-192.9121307732656,-420.5203182688008,227.6081874955352,True
300,58,hapibd,ibd,-227.58500920011667,-311.5037630745331,83.91875387441641,True
300,58,hapibd,mixed,-166.2281943524462,-387.55379790673885,221.32560355429266,True
300,58,true,ibd,-227.41289248447643,-301.83686964551384,74.42397716103741,True
300,58,true,mixed,-166.99911894034304,-366.2026671797754,199.20354823943237,True
300,59,hapibd,ibd,-231.48229598597163,-334.9285271451011,103.44623115912947,True
300,59,hapibd,mixed,-170.04009157151572,-452.306225851697,282.2661342801813,True
300,59,true,ibd,-236.73724416084116,-331.0743957628539,94.33715160201274,True
300,59,true,mixed,-177.7201671012139,-436.9278890348652,259.2077219336513,True
300,60,hapibd,ibd,-239.59873286298642,-386.4203201614673,146.8215872984809,True
300,60,hapibd,mixed,-174.9035205738039,-520.3542735664545,345.45075299265056,True
300,60,true,ibd,-247.14946764393156,-378.5919293959194,131.44246175198785,True
300,60,true,mixed,-187.6381480736402,-496.7060773830137,309.0679293093735,True
300,61,hapibd,ibd,-227.86870491632604,-325.1608291336119,97.29212421728587,True
300,61,hapibd,mixed,-164.90761158577718,-402.98846728580946,238.0808557000323,True
300,61,true,ibd,-232.42194864810946,-325.42028368969204,92.99833504158258,True
300,61,true,mixed,-171.5192351951597,-399.72274405274624,228.20350885758654,True
300,62,hapibd,ibd,-238.14119619728638,-343.2847097157425,105.14351351845613,True
300,62,hapibd,mixed,-174.7559648627663,-443.15821249169784,268.40224762893155,True
300,62,true,ibd,-239.02089876678116,-332.1218854051469,93.10098663836573,True
300,62,true,mixed,-181.2927725918663,-428.59091798823937,247.29814539637306,True
300,63,hapibd,ibd,-240.667981864487,-361.82545786746476,121.15747600297777,True
300,63,hapibd,mixed,-181.0564004161766,-499.80091184819383,318.74451143201725,True
300,63,true,ibd,-243.68480685173589,-374.5945156361454,130.9097087844095,True
300,63,true,mixed,-179.47388495428513,-503.76526686434653,324.29138191006143,True
300,64,hapibd,ibd,-245.03340381729538,-336.2967022592804,91.263298441985,True
300,64,hapibd,mixed,-191.2212530069148,-437.7448677933479,246.52361478643311,True
300,64,true,ibd,-240.1194116225941,-322.52800282254213,82.40859119994803,True
300,64,true,mixed,-184.32437000158498,-411.02980600847303,226.70543600688805,True
300,65,hapibd,ibd,-220.60414664988366,-328.0714125855415,107.46726593565785,True
300,65,hapibd,mixed,-159.3425659276671,-380.51294872061914,221.17038279295204,True
300,65,true,ibd,-232.34494603902192,-332.4105129022273,100.06556686320539,True
300,65,true,mixed,-167.1737610097136,-376.0717697846269,208.8980087749133,True
300,66,hapibd,ibd,-236.19174222061847,-346.8049041945407,110.61316197392225,True
300,66,hapibd,mixed,-171.26478748233438,-402.71330046725154,231.44851298491716,True
300,66,true,ibd,-234.83956273773586,-330.547767873088,95.70820513535213,True
300,66,true,mixed,-172.3213396048561,-390.68322075138195,218.36188114652586,True
300,67,hapibd,ibd,-236.7201879473707,-344.3747645760396,107.65457662866888,True
300,67,hapibd,mixed,-169.54362079511873,-483.5595475531919,314.0159267580732,True
300,67,true,ibd,-236.6613331117485,-322.6235761783595,85.962243066611,True
300,67,true,mixed,-183.4423078784969,-461.6719045119912,278.22959663349434,True
300,68,hapibd,ibd,-249.19604112952342,-368.40614209457834,119.21010096505492,True
300,68,hapibd,mixed,-186.66069792408828,-467.7586773687401,281.09797944465186,True
300,68,true,ibd,-253.68723647392866,-348.3809757235451,94.69373924961641,True
300,68,true,mixed,-194.1691002688977,-450.0133356084295,255.8442353395318,True
300,69,hapibd,ibd,-226.91924871677827,-319.4741375246161,92.55488880783781,True
300,69,hapibd,mixed,-170.2141099612794,-440.18689704618083,269.9727870849014,True
300,69,true,ibd,-239.48956054562308,-329.6689153619789,90.17935481635584,True
300,69,true,mixed,-182.22088211830112,-439.7246306235719,257.5037485052708,True
300,70,hapibd,ibd,-236.4227857396466,-361.7789696919831,125.3561839523365,True
300,70,hapibd,mixed,-173.7708024943187,-438.0599935161239,264.2891910218052,True
300,70,true,ibd,-239.74813894842393,-349.41590537289693,109.667766424473,True
300,70,true,mixed,-172.0525086777684,-422.3064902874464,250.25398160967802,True
300,71,hapibd,ibd,-221.36483000648468,-338.3581815435535,116.9933515370688,True
300,71,hapibd,mixed,-159.1613032178059,-456.02331676628745,296.8620135484815,True
300,71,true,ibd,-218.12001697185482,-316.9228857612068,98.802868789352,True
300,71,true,mixed,-162.23400379592292,-421.7658189393282,259.5318151434053,True
300,72,hapibd,ibd,-226.1507025964966,-339.0935223409837,112.94281974448714,True
300,72,hapibd,mixed,-162.00872392549323,-434.9302064812705,272.9214825557773,True
300,72,true,ibd,-227.14927910916734,-318.3582112779604,91.20893216879304,True
300,72,true,mixed,-171.2186594537766,-402.50984536976006,231.29118591598345,True
300,73,hapibd,ibd,-233.81630760370786,-358.94407892231123,125.12777131860338,True
300,73,hapibd,mixed,-171.99493257213075,-409.90675438264185,237.9118218105111,True
300,73,true,ibd,-244.5700222361399,-335.3573454761187,90.78732323997883,True
300,73,true,mixed,-178.5958781759548,-381.8843776631671,203.28849948721228,True
300,74,hapibd,ibd,-228.21034126049412,-345.570255055828,117.35991379533388,True
300,74,hapibd,mixed,-167.7768899990717,-424.2911911608485,256.51430116177676,True
300,74,true,ibd,-228.56788786577462,-325.507685839318,96.93979797354339,True
300,74,true,mixed,-169.713504787525,-391.8794528886045,222.16594810107947,True
300,75,hapibd,ibd,-241.89763294885216,-358.6027118334498,116.70507888459764,True
300,75,hapibd,mixed,-177.15910131837717,-487.63661878489125,310.4775174665141,True
300,75,true,ibd,-244.18782689251782,-354.65518382993076,110.46735693741294,True
300,75,true,mixed,-186.0356019117856,-481.7272639963401,295.69166208455454,True
300,76,hapibd,ibd,-233.900140003081,-351.3563860062729,117.4562460031919,True
300,76,hapibd,mixed,-172.4166067517238,-421.83329100695715,249.41668425523335,True
300,76,true,ibd,-242.9461365149247,-343.50383013777645,100.55769362285176,True
300,76,true,mixed,-178.42699508544698,-393.92361944528795,215.49662435984098,True
300,77,hapibd,ibd,-236.4875138564663,-354.5766303350699,118.08911647860361,True
300,77,hapibd,mixed,-175.43814457880566,-430.23317794148824,254.79503336268257,True
300,77,true,ibd,-240.78630841984784,-350.1801699869757,109.39386156712789,True
300,77,true,mixed,-179.49941667492973,-423.0622326399897,243.56281596505997,True
300,78,hapibd,ibd,-231.25682871740204,-326.5137118617546,95.25688314435254,True
300,78,hapibd,mixed,-173.20868359396002,-374.1404371414381,200.93175354747808,True
300,78,true,ibd,-233.85479559702293,-318.1935369848402,84.33874138781727,True
300,78,true,mixed,-176.38791530415176,-361.49842931502127,185.1105140108695,True
300,79,hapibd,ibd,-224.0504663046119,-348.6129522175542,124.56248591294232,True
300,79,hapibd,mixed,-160.37105961336638,-452.9425706928193,292.5715110794529,True
300,79,true,ibd,-227.08091985892023,-334.22406888059993,107.1431490216797,True
300,79,true,mixed,-166.55916017136954,-438.1707699104282,271.6116097390586,True
300,80,hapibd,ibd,-232.20932592746138,-318.6266224594676,86.41729653200625,True
300,80,hapibd,mixed,-173.5622248358315,-421.4893301818278,247.92710534599632,True
300,80,true,ibd,-232.21298188610132,-304.4120885553946,72.19910666929326,True
300,80,true,mixed,-174.029910167955,-398.7752522125981,224.7453420446431,True
300,81,hapibd,ibd,-229.26652299186657,-345.93059725702034,116.66407426515377,True
300,81,hapibd,mixed,-171.8037211322025,-449.83704977061194,278.03332863840944,True
300,81,true,ibd,-235.55486916701742,-331.7618522719981,96.20698310498071,True
300,81,true,mixed,-179.029901935668,-432.37580964602506,253.34590771035707,True
300,82,hapibd,ibd,-231.69198775601797,-331.4620083600392,99.77002060402123,True
300,82,hapibd,mixed,-170.7012684591643,-377.0234334957355,206.3221650365712,True
300,82,true,ibd,-237.84527026232394,-324.97126712154665,87.12599685922271,True
300,82,true,mixed,-176.52083530996632,-361.30006291818387,184.77922760821755,True
300,83,hapibd,ibd,-234.5335328364382,-332.58668593715737,98.05315310071916,True
300,83,hapibd,mixed,-164.45284479710216,-411.30010113837676,246.8472563412746,True
300,83,true,ibd,-236.58800067897204,-340.86985959519603,104.281858916224,True
300,83,true,mixed,-172.33875991026608,-407.0338293781624,234.69506946789633,True
300,84,hapibd,ibd,-221.32896110303273,-343.6950027874432,122.36604168441045,True
300,84,hapibd,mixed,-162.1899602038014,-388.3972963601211,226.2073361563197,True
300,84,true,ibd,-227.5849828924157,-312.36306967511194,84.77808678269625,True
300,84,true,mixed,-169.86390091207997,-354.03857209356266,184.1746711814827,True
300,85,hapibd,ibd,-245.0346722486118,-381.1920736835981,136.1574014349863,True
300,85,hapibd,mixed,-180.68246268788184,-480.0332591338583,299.35079644597647,True
300,85,true,ibd,-248.2613222462056,-365.70772898670486,117.44640674049927,True
300,85,true,mixed,-186.726502251331,-460.059869442911,273.33336719158,True
300,86,hapibd,ibd,-243.15364171354926,-371.3198665976702,128.16622488412096,True
300,86,hapibd,mixed,-184.2074779400088,-448.73965011938685,264.53217217937805,True
300,86,true,ibd,-243.3910973886085,-367.7392798452333,124.34818245662478,True
300,86,true,mixed,-185.69633077955262,-432.5992059217007,246.90287514214805,True
300,87,hapibd,ibd,-224.35946952631622,-310.3549433212505,85.9954737949343,True
300,87,hapibd,mixed,-161.74824825951927,-395.2481949292831,233.49994666976383,True
300,87,true,ibd,-224.39748069461513,-300.95433896495985,76.55685827034472,True
300,87,true,mixed,-167.86268633142316,-388.976734864348,221.1140485329248,True
300,88,hapibd,ibd,-235.78849798135198,-363.98450693281006,128.19600895145808,True
300,88,hapibd,mixed,-176.11939660634863,-447.12209486597675,271.0026982596281,True
300,88,true,ibd,-241.1199051752315,-336.3503355960124,95.23043042078092,True
300,88,true,mixed,-176.7576284366491,-414.4274136983154,237.66978526166628,True
300,89,hapibd,ibd,-232.73418569445866,-354.95187170981137,122.21768601535271,True
300,89,hapibd,mixed,-177.9545996237675,-473.9610302464445,296.00643062267704,True
300,89,true,ibd,-236.3152722316335,-351.4305968523368,115.11532462070332,True
300,89,true,mixed,-178.1238422972777,-454.591777865155,276.4679355678773,True
300,90,hapibd,ibd,-236.31855034860894,-363.24519387781913,126.9266435292102,True
300,90,hapibd,mixed,-174.81009921463507,-478.52093030205634,303.7108310874213,True
300,90,true,ibd,-243.8726314511054,-355.90441272996236,112.03178127885695,True
300,90,true,mixed,-180.957909631706,-447.0377572032566,266.0798475715506,True
300,91,hapibd,ibd,-238.84434943633045,-342.1749428994136,103.33059346308318,True
300,91,hapibd,mixed,-176.8546433658367,-429.42991420494366,252.57527083910696,True
300,91,true,ibd,-246.64460605502325,-362.2919244642044,115.64731840918114,True
300,91,true,mixed,-186.4812031281077,-434.6999247608001,248.21872163269242,True
300,92,hapibd,ibd,-234.14266815971467,-335.85253336945874,101.70986520974407,True
300,92,hapibd,mixed,-168.78659900520722,-440.7345145983295,271.9479155931223,True
300,92,true,ibd,-233.2114207681636,-315.26001126584816,82.04859049768456,True
300,92,true,mixed,-178.7929148375123,-416.59300658504225,237.80009174752993,True
300,93,hapibd,ibd,-238.34947034089714,-358.64630713179304,120.2968367908959,True
300,93,hapibd,mixed,-185.86460674593587,-420.3164008974943,234.45179415155843,True
300,93,true,ibd,-238.3467410460026,-337.69989647999483,99.35315543399224,True
300,93,true,mixed,-184.90707775562112,-388.13823635179943,203.23115859617832,True
300,94,hapibd,ibd,-234.06781492297017,-343.0242499034428,108.95643498047264,True
300,94,hapibd,mixed,-168.4875014283968,-443.67705148841105,275.18955006001426,True
300,94,true,ibd,-235.6991732464193,-332.03054275285655,96.33136950643726,True
300,94,true,mixed,-171.53345301085807,-424.1166688620766,252.58321585121854,True
300,95,hapibd,ibd,-236.79911656274214,-345.48411115952626,108.68499459678412,True
300,95,hapibd,mixed,-180.4205746663222,-457.45280222932064,277.0322275629984,True
300,95,true,ibd,-234.6546506726455,-332.9487459000923,98.29409522744683,True
300,95,true,mixed,-181.60438445648913,-432.7498438096901,251.14545935320098,True
300,96,hapibd,ibd,-237.54665616434573,-338.96437679993466,101.41772063558892,True
300,96,hapibd,mixed,-174.90311615918694,-422.5341257067319,247.63100954754498,True
300,96,true,ibd,-247.46051447025937,-336.5999595675826,89.1394450973232,True
300,96,true,mixed,-195.4222379458054,-417.9577782822375,222.5355403364321,True
300,97,hapibd,ibd,-236.8998294650485,-334.91215616317174,98.01232669812325,True
300,97,hapibd,mixed,-176.8651826342212,-473.8607540321629,296.9955713979417,True
300,97,true,ibd,-247.88541431471785,-332.98011726350546,85.09470294878761,True
300,97,true,mixed,-192.0618898404923,-455.05497682197745,262.99308698148513,True
300,98,hapibd,ibd,-229.06273017732974,-358.51240797023985,129.4496777929101,True
300,98,hapibd,mixed,-167.59715484485386,-432.1587907782252,264.56163593337135,True
300,98,true,ibd,-228.28281591141723,-338.9907387285335,110.70792281711624,True
300,98,true,mixed,-164.02811688810513,-403.2445350857791,239.21641819767396,True
300,99,hapibd,ibd,-229.5139455299347,-347.60760704674743,118.09366151681274,True
300,99,hapibd,mixed,-164.9926854104728,-411.0597455595335,246.0670601490607,True
300,99,true,ibd,-233.98844244315808,-344.56375092297293,110.57530847981485,True
300,99,true,mixed,-175.56178879304161,-405.23125155995274,229.66946276691112,True
500,0,hapibd,ibd,-270.26446014918884,-430.48221088369087,160.21775073450203,True
500,0,hapibd,mixed,-200.89797041242247,-597.1449496198013,396.24697920737884,True
500,0,true,ibd,-271.7844008804798,-416.00473948438787,144.2203386039081,True
500,0,true,mixed,-202.91368789122743,-572.6662736071651,369.75258571593764,True
500,1,hapibd,ibd,-263.5101322134814,-460.1440606501933,196.63392843671187,True
500,1,hapibd,mixed,-204.12660718320961,-655.4234739621701,451.29686677896046,True
500,1,true,ibd,-264.9921030986943,-431.29265054749624,166.30054744880192,True
500,1,true,mixed,-202.73097025359428,-621.5262230805873,418.7952528269931,True
500,2,hapibd,ibd,-270.00363588293027,-467.42108387755627,197.417447994626,True
500,2,hapibd,mixed,-204.96498344175762,-694.0860557310796,489.12107228932194,True
500,2,true,ibd,-276.32515499979377,-470.37748552144666,194.0523305216529,True
500,2,true,mixed,-212.9171338960029,-686.718842700644,473.8017088046411,True
500,3,hapibd,ibd,-271.04294219753206,-427.6599272925222,156.61698509499013,True
500,3,hapibd,mixed,-210.673703679417,-620.4323505238414,409.75864684442433,True
500,3,true,ibd,-276.73733350630215,-411.2323299981038,134.49499649180166,True
500,3,true,mixed,-221.793143381506,-597.6757187003126,375.8825753188066,True
500,4,hapibd,ibd,-261.62296388894487,-417.404176110742,155.78121222179715,True
500,4,hapibd,mixed,-194.9454661347294,-595.2044154720443,400.2589493373149,True
500,4,true,ibd,-266.5901073423786,-425.7155775878291,159.12547024545051,True
500,4,true,mixed,-194.16332987616255,-585.0946476730206,390.9313177968581,True
500,5,hapibd,ibd,-263.85737980055524,-469.4665255680122,205.60914576745694,True
500,5,hapibd,mixed,-201.4195802430749,-656.5361535419494,455.11657329887447,True
500,5,true,ibd,-270.0829905871225,-445.4681524742224,175.3851618870999,True
500,5,true,mixed,-204.2990701315367,-611.1264163507082,406.82734621917143,True
500,6,hapibd,ibd,-274.2602203805414,-452.62230635314376,178.36208597260236,True
500,6,hapibd,mixed,-212.69114906397792,-569.7539981773633,357.06284911338537,True
500,6,true,ibd,-269.14446158337546,-436.4200270138384,167.27556543046296,True
500,6,true,mixed,-207.6282661435426,-548.6922912191949,341.0640250756523,True
500,7,hapibd,ibd,-264.1149397563729,-468.2283694473943,204.1134296910214,True
500,7,hapibd,mixed,-199.0287925955783,-666.2639546357531,467.23516204017477,True
500,7,true,ibd,-263.80885166506727,-469.93182352885555,206.12297186378828,True
500,7,true,mixed,-201.6312854285129,-666.8567109945861,465.2254255660732,True
500,8,hapibd,ibd,-270.6671835406402,-422.32360887005495,151.65642532941473,True
500,8,hapibd,mixed,-216.7497897351316,-595.5369839405973,378.78719420546577,True
500,8,true,ibd,-273.3691154888746,-410.2709848918234,136.90186940294876,True
500,8,true,mixed,-221.360501534183,-561.8410808797212,340.4805793455382,True
500,9,hapibd,ibd,-262.4488345731738,-457.6581796487057,195.20934507553187,True
500,9,hapibd,mixed,-198.49145501200138,-679.8577804352649,481.3663254232635,True
500,9,true,ibd,-268.4199533713445,-445.51301552418727,177.09306215284278,True
500,9,true,mixed,-206.90130135404058,-657.5869270887794,450.6856257347388,True
500,10,hapibd,ibd,-288.9658837249691,-516.5997060422188,227.63382231724972,True
500,10,hapibd,mixed,-229.27221170393895,-734.7851781141856,505.5129664102466,True
500,10,true,ibd,-285.43651688443555,-491.01397018732155,205.577453302886,True
500,10,true,mixed,-222.84504281229061,-694.718582634693,471.8735398224024,True
500,11,hapibd,ibd,-260.4275363593696,-458.3989354407482,197.9713990813786,True
500,11,hapibd,mixed,-196.53526507172444,-640.6436630972488,444.10839802552437,True
500,11,true,ibd,-265.6715878995162,-420.6976421488096,155.0260542492934,True
500,11,true,mixed,-202.94624662140112,-597.6116721100376,394.6654254886365,True
500,12,hapibd,ibd,-271.1087156823409,-434.02139429637754,162.91267861403662,True
500,12,hapibd,mixed,-210.4785050175618,-598.0732393304911,387.5947343129293,True
500,12,true,ibd,-271.97911890766454,-413.8969548476109,141.91783593994637,True
500,12,true,mixed,-210.7104048093388,-573.7548544221362,363.0444496127974,True
500,13,hapibd,ibd,-270.4793634019575,-458.49197184080856,188.01260843885103,True
500,13,hapibd,mixed,-205.2984158085825,-656.7680549793196,451.4696391707371,True
500,13,true,ibd,-269.9879133595817,-461.2379891950161,191.25007583543442,True
500,13,true,mixed,-205.0368907647476,-646.3410206894129,441.3041299246653,True
500,14,hapibd,ibd,-272.33293549993397,-461.8671918772077,189.53425637727372,True
500,14,hapibd,mixed,-202.4824858380204,-659.3104379993587,456.82795216133826,True
500,14,true,ibd,-272.44022345486746,-453.11469395659924,180.67447050173178,True
500,14,true,mixed,-210.5826471347408,-641.691407100828,431.1087599660872,True
500,15,hapibd,ibd,-262.383940542708,-465.59748067685496,203.21354013414697,True
500,15,hapibd,mixed,-198.6319142353197,-661.2176904357996,462.58577620047987,True
500,15,true,ibd,-269.1802717336135,-445.5618929984793,176.38162126486583,True
500,15,true,mixed,-203.35101511825113,-613.33658421238,409.9855690941289,True
500,16,hapibd,ibd,-266.69154214067765,-484.52273160551937,217.8311894648417,True
500,16,hapibd,mixed,-200.86535352000018,-720.6361754780263,519.7708219580261,True
500,16,true,ibd,-272.5590979545731,-481.5689232879421,209.009825333369,True
500,16,true,mixed,-210.17067841971902,-693.2583514375076,483.0876730177886,True
500,17,hapibd,ibd,-267.3881321139818,-468.6147289670551,201.22659685307332,True
500,17,hapibd,mixed,-205.3156008957315,-631.2628645736263,425.9472636778948,True
500,17,true,ibd,-270.775081278411,-448.6941875724618,177.91910629405078,True
500,17,true,mixed,-206.18394672139883,-597.3396738375496,391.15572711615084,True
500,18,hapibd,ibd,-275.75460945343906,-481.217039167413,205.46242971397396,True
500,18,hapibd,mixed,-208.5810741114948,-707.4362145588103,498.85514044731553,True
500,18,true,ibd,-276.9250521626481,-446.397369368565,169.4723172059169,True
500,18,true,mixed,-217.26758432137098,-671.9565093022347,454.68892498086376,True
500,19,hapibd,ibd,-265.6989448836864,-420.45976283796807,154.76081795428166,True
500,19,hapibd,mixed,-204.500291423157,-620.6564082878774,416.1561168647204,True
500,19,true,ibd,-275.80521499569807,-422.33740428725804,146.53218929155997,True
500,19,true,mixed,-213.4741553662159,-614.5240841992162,401.0499288330003,True
500,20,hapibd,ibd,-276.75600741118075,-480.3714257212196,203.61541831003888,True
500,20,hapibd,mixed,-212.5199785191544,-698.9000635072156,486.3800849880612,True
500,20,true,ibd,-279.1845156573016,-480.8212638749063,201.63674821760475,True
500,20,true,mixed,-217.4921608480143,-680.9713978730813,463.479237025067,True
500,21,hapibd,ibd,-265.1922340371073,-503.4110574251136,238.21882338800629,True
500,21,hapibd,mixed,-201.1823826688043,-737.257061787623,536.0746791188187,True
500,21,true,ibd,-268.9129385219799,-470.66350142102186,201.75056289904194,True
500,21,true,mixed,-203.4664130170321,-690.8899068038571,487.423493786825,True
500,22,hapibd,ibd,-281.0962718065483,-478.6077392632946,197.5114674567463,True
500,22,hapibd,mixed,-222.80133430737092,-696.1114127654745,473.3100784581036,True
500,22,true,ibd,-281.70597370898435,-464.46591589849345,182.7599421895091,True
500,22,true,mixed,-221.5459770883115,-692.8013744191578,471.25539733084634,True
500,23,hapibd,ibd,-263.4181434169576,-462.1753598468041,198.7572164298465,True
500,23,hapibd,mixed,-198.8709929876464,-608.9282006654215,410.0572076777751,True
500,23,true,ibd,-264.4474810372406,-436.22974712143196,171.78226608419135,True
500,23,true,mixed,-198.41277759216933,-573.9598249718099,375.54704737964056,True
500,24,hapibd,ibd,-273.838748443986,-444.2438408037993,170.4050923598133,True
500,24,hapibd,mixed,-206.1114982317746,-619.0817529490673,412.97025471729273,True
500,24,true,ibd,-273.9545742609559,-424.8786210407191,150.92404677976322,True
500,24,true,mixed,-208.76447576407833,-592.7774749030195,384.0129991389412,True
500,25,hapibd,ibd,-273.30676874706245,-448.5829805195244,175.27621177246198,True
500,25,hapibd,mixed,-208.2550091742303,-579.6467103123106,371.3917011380803,True
500,25,true,ibd,-277.9135583850405,-429.31569545963333,151.40213707459282,True
500,25,true,mixed,-213.97886666031408,-559.1429067705276,345.1640401102135,True
500,26,hapibd,ibd,-266.3670318592538,-428.1555786817416,161.78854682248777,True
500,26,hapibd,mixed,-203.0552594610411,-577.580154228922,374.5248947678809,True
500,26,true,ibd,-267.17183789231547,-437.00814793833183,169.83631004601637,True
500,26,true,mixed,-200.0747700616194,-571.8931301803868,371.81836011876743,True
500,27,hapibd,ibd,-275.8073155823131,-453.2436509480163,177.4363353657032,True
500,27,hapibd,mixed,-212.18317625467148,-645.7302148873566,433.54703863268514,True
500,27,true,ibd,-281.14780223563906,-443.22885298557827,162.0810507499392,True
500,27,true,mixed,-218.7145910689024,-625.7473843038908,407.03279323498845,True
500,28,hapibd,ibd,-278.36575814575235,-454.63912323723986,176.2733650914875,True
500,28,hapibd,mixed,-213.6561116061487,-588.1263195316335,374.47020792548483,True
500,28,true,ibd,-285.87105198891084,-444.3628647345088,158.49181274559794,True
500,28,true,mixed,-218.2180031929457,-562.0237048811758,343.8057016882301,True
500,29,hapibd,ibd,-266.15964914683514,-447.90643653490514,181.74678738807,True
500,29,hapibd,mixed,-202.91367831410676,-604.6550813193929,401.7414030052862,True
500,29,true,ibd,-266.1154757744106,-423.591314777424,157.4758390030134,True
500,29,true,mixed,-201.7982515496962,-570.549274641301,368.75102309160485,True
500,30,hapibd,ibd,-255.4453818610502,-467.7405807439707,212.29519888292052,True
500,30,hapibd,mixed,-188.5904060241631,-670.5208481011618,481.93044207699876,True
500,30,true,ibd,-256.2510403859464,-475.565845412081,219.3148050261346,True
500,30,true,mixed,-188.40012620109877,-671.643552809159,483.24342660806025,True
500,31,hapibd,ibd,-270.7919784973661,-481.3380781363516,210.54609963898554,True
500,31,hapibd,mixed,-207.832512157361,-627.5809744367685,419.74846227940753,True
500,31,true,ibd,-272.8724202425188,-436.0229408787616,163.1505206362428,True
500,31,true,mixed,-208.5206453010501,-585.2439992867634,376.7233539857133,True
500,32,hapibd,ibd,-259.882827229934,-471.5763822424299,211.6935550124959,True
500,32,hapibd,mixed,-197.5511984500806,-615.0577841668304,417.5065857167498,True
500,32,true,ibd,-263.5107596319384,-454.2051658825661,190.6944062506277,True
500,32,true,mixed,-199.702044117593,-581.4861945244279,381.7841504068349,True
500,33,hapibd,ibd,-266.5717134213692,-437.71119482471465,171.13948140334543,True
500,33,hapibd,mixed,-203.38291494010878,-625.7622328221265,422.37931788201774,True
500,33,true,ibd,-270.82398070353474,-412.4081278562852,141.58414715275046,True
500,33,true,mixed,-206.41103487464758,-593.2116980555478,386.8006631809002,True
500,34,hapibd,ibd,-270.9715987121876,-453.145773883774,182.1741751715864,True
500,34,hapibd,mixed,-209.6476668047456,-601.1550913975684,391.5074245928228,True
500,34,true,ibd,-276.1805524225584,-435.0137613423023,158.83320891974392,True
500,34,true,mixed,-211.3917747005971,-565.2910041319614,353.89922943136423,True
500,35,hapibd,ibd,-264.126972780353,-434.8106137708154,170.68364099046238,True
500,35,hapibd,mixed,-198.9723761100239,-586.7047869816462,387.7324108716223,True
500,35,true,ibd,-267.54155555857557,-434.7502049424761,167.20864938390054,True
500,35,true,mixed,-200.0737495043293,-565.882511735755,365.8087622314257,True
500,36,hapibd,ibd,-268.92497853338716,-435.64600336943187,166.7210248360447,True
500,36,hapibd,mixed,-205.3359152911107,-596.631044269349,391.29512897823827,True
500,36,true,ibd,-268.9848806359835,-422.5000965726382,153.51521593665473,True
500,36,true,mixed,-205.6045690381733,-562.7289747399598,357.1244057017865,True
500,37,hapibd,ibd,-271.018087787726,-483.8835935042479,212.8655057165219,True
500,37,hapibd,mixed,-205.02902128968867,-655.2475142580582,450.21849296836956,True
500,37,true,ibd,-279.9783465601374,-455.13894551324506,175.16059895310764,True
500,37,true,mixed,-213.89206527906273,-622.7747292056654,408.8826639266026,True
500,38,hapibd,ibd,-265.2453238434496,-475.7176650341267,210.47234119067707,True
500,38,hapibd,mixed,-205.0000119292442,-635.9212031644033,430.9211912351591,True
500,38,true,ibd,-271.4783108347124,-454.27580858271267,182.7974977480003,True
500,38,true,mixed,-208.1926603970816,-604.9954039560256,396.80274355894403,True
500,39,hapibd,ibd,-277.2878159849525,-494.497281582346,217.2094655973935,True
500,39,hapibd,mixed,-210.9863123839274,-681.2691655389557,470.2828531550283,True
500,39,true,ibd,-277.5083490654146,-461.159705879495,183.65135681408037,True
500,39,true,mixed,-214.61278651604712,-623.3248977872803,408.7121112712332,True
500,40,hapibd,ibd,-263.8518980651804,-441.79567786895143,177.943779803771,True
500,40,hapibd,mixed,-204.2547713600093,-625.0113910260711,420.75661966606185,True
500,40,true,ibd,-270.7632802217544,-421.971711491018,151.2084312692636,True
500,40,true,mixed,-215.27148155324272,-602.9442256300215,387.67274407677877,True
500,41,hapibd,ibd,-283.40340216156466,-453.0360718945783,169.63266973301364,True
500,41,hapibd,mixed,-214.0562981155251,-670.294477463477,456.2381793479519,True
500,41,true,ibd,-284.52200812725965,-451.5380701886924,167.01606206143276,True
500,41,true,mixed,-218.76714700040432,-647.0313225961463,428.264175595742,True
500,42,hapibd,ibd,-268.81086300351296,-457.6183675719942,188.80750456848125,True
500,42,hapibd,mixed,-209.47054930922238,-587.584138206623,378.11358889740063,True
500,42,true,ibd,-282.84685980657304,-457.2645852623512,174.41772545577817,True
500,42,true,mixed,-217.75209704654029,-567.9583734224655,350.2062763759252,True
500,43,hapibd,ibd,-277.7738892185802,-451.5778980086972,173.804008790117,True
500,43,hapibd,mixed,-212.628521007544,-586.2518949313301,373.62337392378606,True
500,43,true,ibd,-280.28037852539364,-460.017323581732,179.73694505633836,True
500,43,true,mixed,-217.63212996335318,-579.7665828422141,362.13445287886094,True
500,44,hapibd,ibd,-261.62325787974277,-455.5086739961668,193.88541611642404,True
500,44,hapibd,mixed,-199.56796894575942,-613.3434262689777,413.77545732321835,True
500,44,true,ibd,-264.13679288894554,-433.8349612507626,169.69816836181707,True
500,44,true,mixed,-203.6783086579207,-582.8888072641973,379.21049860627664,True
500,45,hapibd,ibd,-263.630016600252,-445.4865410383393,181.85652443808726,True
500,45,hapibd,mixed,-198.8764320495394,-605.4905107891187,406.6140787395793,True
500,45,true,ibd,-263.64741112321263,-399.2156578824403,135.5682467592277,True
500,45,true,mixed,-200.7535714849135,-548.1239396257866,347.37036814087315,True
500,46,hapibd,ibd,-282.5669338586429,-456.59596749504493,174.029033636402,True
500,46,hapibd,mixed,-217.558746562285,-649.5931251110358,432.03437854875074,True
500,46,true,ibd,-275.2203857316065,-441.7963982776539,166.57601254604742,True
500,46,true,mixed,-212.42869963177108,-615.5043393784538,403.07563974668267,True
500,47,hapibd,ibd,-276.6501138752772,-476.2680561076724,199.6179422323952,True
500,47,hapibd,mixed,-213.42459912925958,-657.6243485201529,444.1997493908933,True
500,47,true,ibd,-277.8630872913741,-464.1436060782757,186.2805187869016,True
500,47,true,mixed,-219.4229942532816,-647.2170850567392,427.7940908034576,True
500,48,hapibd,ibd,-268.2795908632884,-434.4940945179521,166.2145036546637,True
500,48,hapibd,mixed,-200.3456642243581,-592.9023307136318,392.55666648927377,True
500,48,true,ibd,-271.63968000801503,-422.3156543636984,150.67597435568337,True
500,48,true,mixed,-204.1284850165433,-578.6252452083206,374.4967601917773,True
500,49,hapibd,ibd,-263.92264709010135,-465.6226986875568,201.70005159745546,True
500,49,hapibd,mixed,-202.2639907117011,-640.575380599585,438.3113898878838,True
500,49,true,ibd,-273.79874177383493,-468.8326664574944,195.03392468365945,True
500,49,true,mixed,-208.89834544566912,-615.6165406474175,406.7181952017484,True
500,50,hapibd,ibd,-273.3744498133942,-492.94165267125743,219.5672028578632,True
500,50,hapibd,mixed,-208.62971313266183,-709.3851103845666,500.75539725190475,True
500,50,true,ibd,-272.80120351385466,-470.1055259762384,197.30432246238377,True
500,50,true,mixed,-210.3347070622346,-685.9823234804279,475.6476164181933,True
500,51,hapibd,ibd,-260.54070422776965,-431.8752866812351,171.33458245346543,True
500,51,hapibd,mixed,-191.8885283660215,-660.2177967846065,468.32926841858506,True
500,51,true,ibd,-260.10385028055,-405.7699652385028,145.6661149579528,True
500,51,true,mixed,-199.402327740832,-624.7801951176988,425.3778673768668,True
500,52,hapibd,ibd,-260.4183138961899,-465.18075348562223,204.76243958943235,True
500,52,hapibd,mixed,-199.6853514176476,-700.3348933095574,500.6495418919098,True
500,52,true,ibd,-262.0785921312421,-440.55518414111236,178.47659200987027,True
500,52,true,mixed,-202.7068944947857,-666.2231729763965,463.5162784816108,True
500,53,hapibd,ibd,-275.5913852927565,-441.8301984435301,166.23881315077358,True
500,53,hapibd,mixed,-206.42104195680218,-627.4608988087379,421.03985685193567,True
500,53,true,ibd,-275.82184909816607,-448.20879136693407,172.386942268768,True
500,53,true,mixed,-213.9622273809259,-617.4505749282888,403.4883475473629,True
500,54,hapibd,ibd,-259.6346258855737,-450.1068332370585,190.47220735148477,True
500,54,hapibd,mixed,-192.10481850418017,-613.9052472549671,421.8004287507869,True
500,54,true,ibd,-271.5160359446503,-464.64145511039976,193.12541916574946,True
500,54,true,mixed,-206.30682658381468,-603.0593123161301,396.75248573231545,True
500,55,hapibd,ibd,-271.6932768920893,-469.8867342754667,198.19345738337745,True
500,55,hapibd,mixed,-206.6218165910515,-699.2086364725085,492.586819881457,True
500,55,true,ibd,-269.4041003044016,-449.69237362449576,180.28827332009416,True
500,55,true,mixed,-209.94481999181897,-660.4132219599124,450.4684019680935,True
500,56,hapibd,ibd,-274.2404082549543,-436.7934205618999,162.55301230694562,True
500,56,hapibd,mixed,-209.3968017434527,-671.2441980630701,461.8473963196175,True
500,56,true,ibd,-272.03196410576356,-412.17044954715925,140.1384854413957,True
500,56,true,mixed,-210.5805722433272,-633.9925109581868,423.4119387148596,True
500,57,hapibd,ibd,-267.7595897270461,-430.6784587103132,162.9188689832671,True
500,57,hapibd,mixed,-208.81111683152318,-627.1070830872594,418.29596625573623,True
500,57,true,ibd,-269.5526671374172,-403.1354050996109,133.58273796219373,True
500,57,true,mixed,-216.6634935918274,-579.2864977115831,362.6230041197557,True
500,58,hapibd,ibd,-272.18367709555685,-446.9137811047735,174.73010400921663,True
500,58,hapibd,mixed,-207.04445475100198,-664.424556244136,457.3801014931341,True
500,58,true,ibd,-275.4237646530578,-437.62846526899216,162.20470061593437,True
500,58,true,mixed,-213.28485720472398,-641.8053761368861,428.5205189321622,True
500,59,hapibd,ibd,-262.4831505390387,-423.39837307761286,160.91522253857414,True
500,59,hapibd,mixed,-200.3508265091584,-585.3765786445496,385.02575213539114,True
500,59,true,ibd,-266.163955573731,-393.2262618246466,127.06230625091558,True
500,59,true,mixed,-205.898998128066,-552.3299661478989,346.43096801983285,True
500,60,hapibd,ibd,-280.7531375577872,-485.1421614533798,204.38902389559257,True
500,60,hapibd,mixed,-214.7452692783537,-667.0084426690191,452.26317339066543,True
500,60,true,ibd,-289.4405176148339,-479.22422982382943,189.78371220899555,True
500,60,true,mixed,-223.74651942306198,-651.6813840737425,427.93486465068054,True
500,61,hapibd,ibd,-269.28579186629435,-464.55959128337804,195.2737994170837,True
500,61,hapibd,mixed,-203.9857861529319,-682.082812558087,478.0970264051551,True
500,61,true,ibd,-272.3058636172446,-446.34638393850065,174.04052032125605,True
500,61,true,mixed,-205.7607341433102,-650.0981278215652,444.337393678255,True
500,62,hapibd,ibd,-269.2532771504076,-456.42104268454915,187.16776553414155,True
500,62,hapibd,mixed,-208.9437585052844,-694.5477051413993,485.6039466361149,True
500,62,true,ibd,-269.51843980688096,-429.7164013535921,160.19796154671116,True
500,62,true,mixed,-217.80138650068932,-668.6931106473596,450.8917241466703,True
500,63,hapibd,ibd,-270.0699101353705,-448.25653009060784,178.18661995523735,True
500,63,hapibd,mixed,-201.2917269094288,-606.1223594931815,404.83063258375273,True
500,63,true,ibd,-274.7560438450266,-423.78203153785824,149.02598769283162,True
500,63,true,mixed,-209.6134744705264,-567.1185860959129,357.50511162538646,True
500,64,hapibd,ibd,-272.917465134385,-489.15205606598454,216.23459093159954,True
500,64,hapibd,mixed,-206.03249241031438,-703.322137404371,497.28964499405663,True
500,64,true,ibd,-277.5809300789788,-480.04818603775533,202.46725595877655,True
500,64,true,mixed,-211.117826150025,-677.5805071585917,466.4626810085667,True
500,65,hapibd,ibd,-267.09844552710535,-512.4921029398317,245.39365741272638,True
500,65,hapibd,mixed,-203.6021669430529,-686.1251383546389,482.522971411586,True
500,65,true,ibd,-271.05375879438765,-500.0848556846068,229.03109689021915,True
500,65,true,mixed,-204.1393184478018,-654.155458927463,450.0161404796612,True
500,66,hapibd,ibd,-263.29267957035734,-441.5265209777448,178.23384140738744,True
500,66,hapibd,mixed,-203.6036434150026,-637.9472748106707,434.3436313956681,True
500,66,true,ibd,-266.4990213530139,-437.21914331148486,170.72012195847094,True
500,66,true,mixed,-201.25545218357598,-620.1136025007933,418.8581503172173,True
500,67,hapibd,ibd,-281.13175008693577,-430.9444657305659,149.81271564363016,True
500,67,hapibd,mixed,-218.4002174579273,-615.8454726202043,397.445255162277,True
500,67,true,ibd,-284.23117355958317,-434.51834186894973,150.28716830936656,True
500,67,true,mixed,-217.301681339432,-594.4962693759935,377.1945880365615,True
500,68,hapibd,ibd,-257.604886595482,-450.79981391866863,193.19492732318662,True
500,68,hapibd,mixed,-194.0453590336624,-633.7149646221003,439.6696055884379,True
500,68,true,ibd,-264.3315106463665,-414.3110923535077,149.97958170714122,True
500,68,true,mixed,-205.65084073034035,-587.3292367432831,381.67839601294276,True
500,69,hapibd,ibd,-268.47275526799484,-442.0888426096382,173.61608734164338,True
500,69,hapibd,mixed,-206.81327992632362,-555.0361538659935,348.22287393966985,True
500,69,true,ibd,-271.08031618543384,-426.1475992928069,155.06728310737304,True
500,69,true,mixed,-209.2795580376295,-533.7676442235503,324.4880861859208,True
500,70,hapibd,ibd,-257.1242431070015,-470.66689104735383,213.5426479403523,True
500,70,hapibd,mixed,-191.9695658068751,-694.9752974996728,503.0057316927977,True
500,70,true,ibd,-267.10975917701455,-476.4153306812814,209.30557150426682,True
500,70,true,mixed,-202.5938957098057,-672.5619326326872,469.96803692288154,True
500,71,hapibd,ibd,-266.80278217106104,-456.5218936867963,189.71911151573528,True
500,71,hapibd,mixed,-205.65789437524708,-638.7589913211812,433.10109694593405,True
500,71,true,ibd,-274.65105203124506,-444.51716083948963,169.86610880824458,True
500,71,true,mixed,-211.15811749922022,-598.9368661983241,387.77874869910386,True
500,72,hapibd,ibd,-253.16899045455727,-458.6894849521986,205.52049449764132,True
500,72,hapibd,mixed,-191.3550540442371,-648.1043745146845,456.7493204704474,True
500,72,true,ibd,-261.9461510389923,-435.5882583865608,173.64210734756853,True
500,72,true,mixed,-196.96675589142228,-614.8386490171264,417.8718931257041,True
500,73,hapibd,ibd,-257.38478866571387,-428.5807214579574,171.19593279224353,True
500,73,hapibd,mixed,-200.68180737218162,-612.3975519997869,411.7157446276052,True
500,73,true,ibd,-259.3502510334387,-405.74093654551916,146.39068551208044,True
500,73,true,mixed,-194.8460813297947,-579.9548065829545,385.1087252531597,True
500,74,hapibd,ibd,-265.88428692083573,-454.8472487408046,188.96296181996888,True
500,74,hapibd,mixed,-195.0699760152319,-659.4533199092424,464.3833438940105,True
500,74,true,ibd,-266.8878454331166,-444.672221468745,177.78437603562844,True
500,74,true,mixed,-201.35169389670972,-637.1404870949027,435.788793198193,True
500,75,hapibd,ibd,-275.59803276332536,-454.43193288217213,178.83390011884677,True
500,75,hapibd,mixed,-209.8158263500629,-655.6548220662676,445.83899571620464,True
500,75,true,ibd,-276.9270285578161,-441.0047384020898,164.07770984427373,True
500,75,true,mixed,-212.174610107493,-632.5117553186897,420.3371452111967,True
500,76,hapibd,ibd,-260.6066692684995,-500.86912554630294,240.26245627780344,True
500,76,hapibd,mixed,-198.1560174531209,-714.1247163342006,515.9686988810797,True
500,76,true,ibd,-269.05565258143866,-479.79448202917376,210.7388294477351,True
500,76,true,mixed,-203.2331829732685,-674.3837294998123,471.15054652654374,True
500,77,hapibd,ibd,-261.3399645026886,-419.0777524765904,157.7377879739018,True
500,77,hapibd,mixed,-196.55644367808299,-551.6917748316906,355.13533115360764,True
500,77,true,ibd,-263.3463376166522,-398.77756868595145,135.43123106929926,True
500,77,true,mixed,-199.68285101861082,-526.4761820347472,326.79333101613645,True
500,78,hapibd,ibd,-266.93106824275907,-443.15088505930163,176.21981681654256,True
500,78,hapibd,mixed,-204.5940577394859,-629.8094796883836,425.2154219488977,True
500,78,true,ibd,-273.34300337602156,-428.7921528466216,155.44914947060005,True
500,78,true,mixed,-210.6082055415519,-606.330546001648,395.7223404600961,True
500,79,hapibd,ibd,-263.67364425315867,-506.41587463192013,242.74223037876146,True
500,79,hapibd,mixed,-198.93433526634698,-752.1137155572387,553.1793802908917,True
500,79,true,ibd,-269.0594980607306,-495.2840455170568,226.2245474563262,True
500,79,true,mixed,-204.4560709419176,-730.89508722822,526.4390162863024,True
500,80,hapibd,ibd,-287.8183090686924,-486.48043306102966,198.66212399233729,True
500,80,hapibd,mixed,-223.1752779427953,-681.8694816139712,458.69420367117584,True
500,80,true,ibd,-286.1478316365471,-460.1191653549107,173.9713337183636,True
500,80,true,mixed,-227.0532115621002,-649.3287824382176,422.2755708761174,True
500,81,hapibd,ibd,-266.96395733813057,-468.64799174664796,201.6840344085174,True
500,81,hapibd,mixed,-200.3119914005961,-682.4763471140479,482.16435571345187,True
500,81,true,ibd,-272.73582300115737,-447.1611083741694,174.425285373012,True
500,81,true,mixed,-204.5298336627856,-646.0185639436116,441.4887302808261,True
500,82,hapibd,ibd,-262.3125460587273,-477.9434822931356,215.6309362344083,True
500,82,hapibd,mixed,-203.09016031037277,-641.8168759069408,438.72671559656806,True
500,82,true,ibd,-267.62001704608286,-438.44771860134193,170.82770155525907,True
500,82,true,mixed,-205.6513309296511,-594.2140080336542,388.5626771040031,True
500,83,hapibd,ibd,-264.326685490138,-500.2422537210222,235.91556823088422,True
500,83,hapibd,mixed,-204.45969221380062,-743.2686617496095,538.8089695358088,True
500,83,true,ibd,-269.9260253563377,-477.91011278552935,207.98408742919167,True
500,83,true,mixed,-213.28017891203058,-708.8876593416244,495.6074804295938,True
500,84,hapibd,ibd,-278.6185895183258,-467.730264002743,189.11167448441722,True
500,84,hapibd,mixed,-219.10494496321132,-639.5223289076981,420.4173839444868,True
500,84,true,ibd,-286.19805684379617,-427.5259598161089,141.32790297231276,True
500,84,true,mixed,-233.15502510694478,-602.5210563898922,369.36603128294746,True
500,85,hapibd,ibd,-265.4241771752668,-452.33349800437344,186.90932082910666,True
500,85,hapibd,mixed,-201.926711032511,-669.2096301670696,467.2829191345586,True
500,85,true,ibd,-263.30592546481313,-446.8255751906326,183.51964972581948,True
500,85,true,mixed,-200.5957037035128,-660.9650621915101,460.3693584879973,True
500,86,hapibd,ibd,-269.7404554034376,-490.46183711641623,220.72138171297865,True
500,86,hapibd,mixed,-209.13573038811887,-666.011544282019,456.87581389390016,True
500,86,true,ibd,-272.33132326609,-448.35775830625386,176.02643504016385,True
500,86,true,mixed,-210.33856974583858,-611.2776522672203,400.93908252138175,True
500,87,hapibd,ibd,-264.7987414504438,-471.25271208593426,206.45397063549046,True
500,87,hapibd,mixed,-197.3839557885753,-658.8268536668112,461.4428978782359,True
500,87,true,ibd,-266.88762843472955,-449.1593796728994,182.27175123816983,True
500,87,true,mixed,-208.1544737594575,-644.8601793107034,436.70570555124596,True
500,88,hapibd,ibd,-267.14305368462436,-459.91862472433445,192.7755710397101,True
500,88,hapibd,mixed,-202.67514630482123,-623.4727645335657,420.7976182287445,True
500,88,true,ibd,-276.3589203600086,-446.9321807614991,170.57326040149053,True
500,88,true,mixed,-210.95066251131828,-601.5294510381365,390.5787885268182,True
500,89,hapibd,ibd,-282.90710602979465,-476.82219580985026,193.9150897800556,True
500,89,hapibd,mixed,-217.30078964512742,-671.0744040031441,453.77361435801663,True
500,89,true,ibd,-283.4146006501999,-477.8465145321365,194.43191388193662,True
500,89,true,mixed,-219.2411226235585,-654.2299935944542,434.9888709708957,True
500,90,hapibd,ibd,-270.47884561959285,-436.8856529466947,166.40680732710183,True
500,90,hapibd,mixed,-210.68581902627741,-615.8059827289964,405.12016370271897,True
500,90,true,ibd,-276.5554410468571,-415.9481173420869,139.39267629522982,True
500,90,true,mixed,-210.71452482388298,-581.2355040075769,370.5209791836939,True
500,91,hapibd,ibd,-272.7895379869051,-459.11929667891644,186.32975869201135,True
500,91,hapibd,mixed,-207.38950859362453,-656.5910651971352,449.20155660351065,True
500,91,true,ibd,-269.8115904750668,-454.1129859540426,184.3013954789758,True
500,91,true,mixed,-214.18232613922802,-645.9710869255031,431.788760786275,True
500,92,hapibd,ibd,-271.9109138537317,-470.94370442400117,199.03279057026947,True
500,92,hapibd,mixed,-207.51190023924812,-689.9937025018871,482.481802262639,True
500,92,true,ibd,-274.9268438880574,-435.1960927777843,160.2692488897269,True
500,92,true,mixed,-208.517965740991,-643.7189382800078,435.2009725390168,True
500,93,hapibd,ibd,-253.34194008914247,-468.90175866979234,215.55981858064987,True
500,93,hapibd,mixed,-194.6312556883069,-692.7412791272087,498.1100234389018,True
500,93,true,ibd,-261.14639773364064,-448.6672020522204,187.52080431857974,True
500,93,true,mixed,-202.47161395958418,-659.1017833880684,456.63016942848424,True
500,94,hapibd,ibd,-262.75699139582076,-428.3310138721559,165.57402247633513,True
500,94,hapibd,mixed,-201.95781226521495,-625.0137704311746,423.0559581659597,True
500,94,true,ibd,-272.7502671460938,-419.7945912777773,147.04432413168348,True
500,94,true,mixed,-212.3512409533767,-602.1727657742281,389.8215248208514,True
500,95,hapibd,ibd,-278.9886151287721,-466.44704028205143,187.45842515327934,True
500,95,hapibd,mixed,-218.17069232584203,-668.9619608481636,450.79126852232156,True
500,95,true,ibd,-279.7338250614243,-445.52014160740185,165.78631654597757,True
500,95,true,mixed,-221.6502444827077,-645.5110781161054,423.8608336333977,True
500,96,hapibd,ibd,-290.7090382571603,-511.162227244697,220.45318898753675,True
500,96,hapibd,mixed,-224.66447315107382,-713.7918954467794,489.1274222957056,True
500,96,true,ibd,-286.47757803814244,-499.00458069018356,212.52700265204112,True
500,96,true,mixed,-220.4615514113267,-696.3308658461357,475.869314434809,True
500,97,hapibd,ibd,-266.7013183807696,-475.608786131837,208.90746775106743,True
500,97,hapibd,mixed,-204.34052193925783,-625.2279131752634,420.8873912360056,True
500,97,true,ibd,-269.5131855024948,-461.8451360419552,192.33195053946037,True
500,97,true,mixed,-205.89208088290462,-608.0281533671698,402.1360724842652,True
500,98,hapibd,ibd,-267.9914438398697,-415.11386592960685,147.12242208973714,True
500,98,hapibd,mixed,-200.66988089940662,-611.9648499994084,411.2949691000018,True
500,98,true,ibd,-277.3868564422159,-412.31975705070147,134.93290060848557,True
500,98,true,mixed,-215.8486477006475,-602.0979734265578,386.24932572591035,True
500,99,hapibd,ibd,-263.7232068737526,-453.1649274640586,189.44172059030603,True
500,99,hapibd,mixed,-204.5048056629156,-630.6754625450767,426.1706568821611,True
500,99,true,ibd,-272.6414246948579,-442.10631121645065,169.46488652159275,True
500,99,true,mixed,-208.33278711937422,-615.6516787057,407.3188915863258,True
750,0,hapibd,ibd,-320.1526668422575,-625.4521155985545,305.29944875629707,True
750,0,hapibd,mixed,-251.83013292540988,-965.1414538564303,713.3113209310204,True
750,0,true,ibd,-310.8217789673743,-569.5898990575315,258.7681200901572,True
750,0,true,mixed,-251.1037982180477,-892.7151382582688,641.6113400402211,True
750,1,hapibd,ibd,-310.4481547945591,-583.8443056120677,273.3961508175086,True
750,1,hapibd,mixed,-244.81910626918952,-870.187453297399,625.3683470282094,True
750,1,true,ibd,-310.1771859633032,-566.8885090976568,256.71132313435356,True
750,1,true,mixed,-246.76412599300681,-831.2490638824596,584.4849378894528,True
750,2,hapibd,ibd,-293.0412006240784,-581.2125106166559,288.1713099925775,True
750,2,hapibd,mixed,-232.12538898133178,-844.9962011709115,612.8708121895797,True
750,2,true,ibd,-293.25749511874943,-527.9669509418416,234.70945582309213,True
750,2,true,mixed,-232.9539505785247,-784.8346635858277,551.880713007303,True
750,3,hapibd,ibd,-304.9895671659672,-591.4786480524193,286.48908088645214,True
750,3,hapibd,mixed,-238.74976108114993,-907.2880141729072,668.5382530917573,True
750,3,true,ibd,-307.96976965988176,-568.3064004430117,260.33663078313,True
750,3,true,mixed,-249.36730947203358,-855.6511668646522,606.2838573926185,True
750,4,hapibd,ibd,-287.4592582532271,-568.5826811869904,281.12342293376327,True
750,4,hapibd,mixed,-223.0642446642871,-840.944205809403,617.8799611451159,True
750,4,true,ibd,-290.1324161169235,-525.0036737006602,234.87125758373674,True
750,4,true,mixed,-224.59163666900312,-791.2787360664591,566.687099397456,True
750,5,hapibd,ibd,-297.6484199648592,-619.5647393884439,321.91631942358464,True
750,5,hapibd,mixed,-238.16241820332363,-966.966989229107,728.8045710257834,True
750,5,true,ibd,-296.545403146505,-569.1974953337813,272.65209218727625,True
750,5,true,mixed,-233.5970870932466,-896.8071992034493,663.2101121102027,True
750,6,hapibd,ibd,-306.67527169716845,-596.6938413461992,290.0185696490307,True
750,6,hapibd,mixed,-239.2782913105224,-870.1045990039794,630.826307693457,True
750,6,true,ibd,-301.9414844491595,-577.885273475241,275.9437890260815,True
750,6,true,mixed,-236.89589622057673,-847.3637920507579,610.4678958301811,True
750,7,hapibd,ibd,-288.7119269199064,-547.4088019067133,258.6968749868069,True
750,7,hapibd,mixed,-217.479113368189,-819.349614104215,601.870500736026,True
750,7,true,ibd,-285.36780572549964,-531.0423810275183,245.6745753020187,True
750,7,true,mixed,-217.3940296131717,-798.7882799546235,581.3942503414518,True
750,8,hapibd,ibd,-291.586210392675,-563.7027335392949,272.11652314661984,True
750,8,hapibd,mixed,-226.8576792696629,-828.8226327788134,601.9649535091505,True
750,8,true,ibd,-290.95569046869804,-512.8800704607345,221.92437999203645,True
750,8,true,mixed,-229.8079771135309,-761.150401450727,531.3424243371961,True
750,9,hapibd,ibd,-306.6648067743574,-597.4911495096904,290.82634273533307,True
750,9,hapibd,mixed,-237.7186271395564,-968.6665643909715,730.9479372514152,True
750,9,true,ibd,-309.6861719038763,-583.951808250792,274.26563634691576,True
750,9,true,mixed,-242.1216474926527,-939.0676510367832,696.9460035441305,True
750,10,hapibd,ibd,-291.533761328961,-618.8304328223276,327.29667149336655,True
750,10,hapibd,mixed,-224.65355723632348,-900.6014375835806,675.9478803472571,True
750,10,true,ibd,-301.8693787292094,-599.014139986231,297.1447612570216,True
750,10,true,mixed,-236.8082447683916,-847.1633908389017,610.35514607051,True
750,11,hapibd,ibd,-295.49889829703363,-599.8997900805462,304.4008917835125,True
750,11,hapibd,mixed,-224.73615590702912,-943.3356273530934,718.5994714460643,True
750,11,true,ibd,-300.19231747735193,-567.9477332740321,267.75541579668015,True
750,11,true,mixed,-238.68077343350816,-892.8194307639961,654.138657330488,True
750,12,hapibd,ibd,-305.68787621741194,-598.9668722840818,293.27899606666983,True
750,12,hapibd,mixed,-241.0263430490566,-924.3778274585281,683.3514844094716,True
750,12,true,ibd,-311.48921975947707,-574.8398049134407,263.35058515396366,True
750,12,true,mixed,-242.76450905309198,-871.2970087632157,628.5324997101237,True
750,13,hapibd,ibd,-305.2156832255223,-615.4724123968786,310.25672917135626,True
750,13,hapibd,mixed,-237.50576562878447,-935.5500237837452,698.0442581549607,True
750,13,true,ibd,-302.57234626450685,-562.438502754456,259.8661564899491,True
750,13,true,mixed,-237.08015636178408,-856.8364830205542,619.7563266587701,True
750,14,hapibd,ibd,-300.2043100641258,-592.8141252988447,292.6098152347189,True
750,14,hapibd,mixed,-238.0525756048882,-859.6581984536475,621.6056228487594,True
750,14,true,ibd,-304.8826857483975,-571.3414438628263,266.4587581144288,True
750,14,true,mixed,-238.6595339509564,-823.1632988296864,584.50376487873,True
750,15,hapibd,ibd,-296.2641252450889,-614.0050526918054,317.7409274467165,True
750,15,hapibd,mixed,-227.90013922828228,-852.3174202322864,624.417281004004,True
750,15,true,ibd,-299.4441537925593,-559.7056016156347,260.2614478230754,True
750,15,true,mixed,-231.6218482731924,-775.5686408372668,543.9467925640744,True
750,16,hapibd,ibd,-297.331575984617,-568.6943053354325,271.3627293508155,True
750,16,hapibd,mixed,-229.4210371706404,-797.6681814847857,568.2471443141453,True
750,16,true,ibd,-308.28303309061585,-561.2535045134605,252.97047142284464,True
750,16,true,mixed,-244.79249863415006,-782.4629073338463,537.6704086996962,True
750,17,hapibd,ibd,-296.1181650765764,-578.6952143586448,282.57704928206834,True
750,17,hapibd,mixed,-226.55877069316588,-845.7958710980679,619.237100404902,True
750,17,true,ibd,-296.01525129334533,-561.613646272632,265.59839497928664,True
750,17,true,mixed,-227.2474306380936,-811.4115940057213,584.1641633676277,True
750,18,hapibd,ibd,-302.7712783694293,-581.2922390697831,278.52096070035384,True
750,18,hapibd,mixed,-235.4062699498452,-978.6037858419262,743.197515892081,True
750,18,true,ibd,-308.74968404217645,-554.4788455342466,245.72916149207015,True
750,18,true,mixed,-246.9626748901032,-938.5208270444846,691.5581521543813,True
750,19,hapibd,ibd,-300.3709129375827,-598.587454797878,298.21654186029525,True
750,19,hapibd,mixed,-237.69678829031014,-880.7519192879804,643.0551309976703,True
750,19,true,ibd,-307.3338331383018,-558.6806886432622,251.3468555049604,True
750,19,true,mixed,-245.91861094787342,-819.1576991205627,573.2390881726893,True
750,20,hapibd,ibd,-302.100345144566,-588.1408180595489,286.0404729149829,True
750,20,hapibd,mixed,-235.8594245435369,-826.9593273019052,591.0999027583683,True
750,20,true,ibd,-307.5517301104425,-573.8381846646718,266.28645455422924,True
750,20,true,mixed,-236.73547583492388,-811.6542865386236,574.9188107036998,True
750,21,hapibd,ibd,-322.45154692351434,-644.7981258316806,322.3465789081663,True
750,21,hapibd,mixed,-253.3597236499865,-931.816551212382,678.4568275623956,True
750,21,true,ibd,-324.3211468461374,-613.8561724956658,289.53502564952834,True
750,21,true,mixed,-261.2656855721088,-892.6627316815885,631.3970461094798,True
750,22,hapibd,ibd,-294.493115143276,-607.4704815086641,312.9773663653881,True
750,22,hapibd,mixed,-223.97813098118613,-869.7738267518209,645.7956957706348,True
750,22,true,ibd,-303.5555189591382,-573.4174888716825,269.8619699125443,True
750,22,true,mixed,-235.12306596552634,-819.7044872889743,584.581421323448,True
750,23,hapibd,ibd,-299.12491573290725,-617.0100313253135,317.8851155924063,True
750,23,hapibd,mixed,-233.8258237440518,-950.7418090345386,716.9159852904868,True
750,23,true,ibd,-303.1087056569172,-576.9658722194401,273.85716656252293,True
750,23,true,mixed,-243.1700186083719,-892.3104797121607,649.1404611037888,True
750,24,hapibd,ibd,-310.831261834148,-619.6728406774907,308.84157884334275,True
750,24,hapibd,mixed,-245.20260037740752,-940.1514938288101,694.9488934514026,True
750,24,true,ibd,-312.4943452262716,-566.9973448434528,254.50299961718116,True
750,24,true,mixed,-249.58999770632718,-857.9246626155409,608.3346649092138,True
750,25,hapibd,ibd,-294.1448197247544,-589.7568286362483,295.6120089114939,True
750,25,hapibd,mixed,-228.29750984860533,-815.235042737507,586.9375328889016,True
750,25,true,ibd,-293.03278647927453,-552.3801024852593,259.34731600598474,True
750,25,true,mixed,-228.79921884682219,-756.8787577104629,528.0795388636407,True
750,26,hapibd,ibd,-295.7001781441336,-585.4030443726707,289.7028662285371,True
750,26,hapibd,mixed,-233.90479716484867,-885.7479948257513,651.8431976609027,True
750,26,true,ibd,-303.69459193167694,-550.0345545719617,246.3399626402848,True
750,26,true,mixed,-248.2286084345262,-829.2545658704204,581.0259574358942,True
750,27,hapibd,ibd,-302.75993835250677,-596.6897809981751,293.9298426456684,True
750,27,hapibd,mixed,-236.59617176181717,-865.4316075826246,628.8354358208073,True
750,27,true,ibd,-299.5566028171976,-581.7862317648517,282.2296289476541,True
750,27,true,mixed,-235.49961359380808,-830.6960199264429,595.1964063326348,True
750,28,hapibd,ibd,-286.9967926209998,-582.1277702383952,295.1309776173954,True
750,28,hapibd,mixed,-223.1034241817787,-896.6244402962127,673.521016114434,True
750,28,true,ibd,-295.60053029404673,-546.2576053733991,250.65707507935235,True
750,28,true,mixed,-230.4210223129025,-834.8015799529907,604.3805576400882,True
750,29,hapibd,ibd,-292.71084363400666,-594.9579023143865,302.24705868037984,True
750,29,hapibd,mixed,-225.3288991374956,-910.5769332941957,685.2480341567001,True
750,29,true,ibd,-291.7743429091226,-572.6454255742406,280.87108266511797,True
750,29,true,mixed,-227.94123398033528,-872.5848830305899,644.6436490502547,True
750,30,hapibd,ibd,-308.6810156617999,-578.3976639408106,269.7166482790107,True
750,30,hapibd,mixed,-241.2648525738129,-904.5011158832165,663.2362633094035,True
750,30,true,ibd,-304.51171127525265,-548.1161661681361,243.6044548928835,True
750,30,true,mixed,-241.83696059022483,-855.0398917976651,613.2029312074402,True
750,31,hapibd,ibd,-292.49253314161035,-585.1577599637953,292.665226822185,True
750,31,hapibd,mixed,-228.998723785885,-921.8958323015652,692.8971085156802,True
750,31,true,ibd,-295.32928713713295,-551.5223838755728,256.19309673843986,True
750,31,true,mixed,-229.3238037003539,-878.249185175186,648.9253814748321,True
750,32,hapibd,ibd,-290.5395610304015,-627.6158665953495,337.07630556494803,True
750,32,hapibd,mixed,-232.5140629522056,-951.179164310818,718.6651013586124,True
750,32,true,ibd,-298.6059118712077,-600.9780914988839,302.37217962767625,True
750,32,true,mixed,-240.9040718058524,-909.8849285326926,668.9808567268402,True
750,33,hapibd,ibd,-291.5540076721819,-568.3600918734564,276.80608420127453,True
750,33,hapibd,mixed,-225.66100966513199,-852.1701978000114,626.5091881348794,True
750,33,true,ibd,-296.92100796304726,-523.4733180447429,226.55231008169562,True
750,33,true,mixed,-232.1367249532637,-780.1798260960763,548.0431011428127,True
750,34,hapibd,ibd,-287.57694190365356,-567.3758962839389,279.79895438028535,True
750,34,hapibd,mixed,-216.9637761777181,-846.330570431389,629.3667942536708,True
750,34,true,ibd,-291.4109232288109,-544.8492934105855,253.4383701817746,True
750,34,true,mixed,-228.28940275269207,-802.6114901227006,574.3220873700086,True
750,35,hapibd,ibd,-302.04157216654113,-605.0129519903953,302.9713798238542,True
750,35,hapibd,mixed,-233.0333412990362,-878.9559131150364,645.9225718160002,True
750,35,true,ibd,-306.65955091392294,-559.5373651075184,252.8778141935955,True
750,35,true,mixed,-240.11502035357438,-829.9032490867553,589.7882287331809,True
750,36,hapibd,ibd,-300.00243367951333,-621.1391459889128,321.13671230939946,True
750,36,hapibd,mixed,-234.32716002219792,-934.6112343590155,700.2840743368176,True
750,36,true,ibd,-305.09923707822725,-610.6345988367177,305.53536175849047,True
750,36,true,mixed,-237.7069312386166,-922.0558025109749,684.3488712723583,True
750,37,hapibd,ibd,-296.04095540829957,-601.9428988068074,305.90194339850785,True
750,37,hapibd,mixed,-229.70712617274282,-946.3518060484722,716.6446798757294,True
750,37,true,ibd,-306.36962472321545,-615.8155976939747,309.44597297075927,True
750,37,true,mixed,-241.0509628762656,-938.9546252946428,697.9036624183773,True
750,38,hapibd,ibd,-301.0780611772488,-591.1390473069963,290.0609861297475,True
750,38,hapibd,mixed,-234.39244461687886,-897.2148277902844,662.8223831734056,True
750,38,true,ibd,-310.9027115375714,-572.0783139886541,261.17560245108274,True
750,38,true,mixed,-245.98338889053167,-853.0826700364111,607.0992811458793,True
750,39,hapibd,ibd,-303.17177122997884,-656.1697741867557,352.9980029567769,True
750,39,hapibd,mixed,-236.71848521324887,-1020.3867250055554,783.6682397923065,True
750,39,true,ibd,-305.8126646161442,-624.9406849159308,319.12802029978656,True
750,39,true,mixed,-240.39970709972047,-948.8017270147294,708.402019915009,True
750,40,hapibd,ibd,-293.2676192540119,-536.3250805829996,243.0574613289877,True
750,40,hapibd,mixed,-225.6638895402022,-853.719792287058,628.0559027468557,True
750,40,true,ibd,-294.1108126682198,-501.054970150055,206.9441574818352,True
750,40,true,mixed,-236.03631936581638,-807.4282789572075,571.391959591391,True
750,41,hapibd,ibd,-292.3617609252688,-541.6183188454053,249.25655792013646,True
750,41,hapibd,mixed,-228.05676835462899,-802.3876164681334,574.3308481135044,True
750,41,true,ibd,-297.4112936774574,-510.215376944572,212.80408326711455,True
750,41,true,mixed,-231.9232482365439,-750.8669081460282,518.9436599094843,True
750,42,hapibd,ibd,-307.0044616762448,-603.273141450488,296.2686797742432,True
750,42,hapibd,mixed,-235.08764142324273,-891.3985374350647,656.3108960118219,True
750,42,true,ibd,-314.44508355173315,-597.3979227823755,282.9528392306424,True
750,42,true,mixed,-244.82052026977502,-857.5584825267055,612.7379622569305,True
750,43,hapibd,ibd,-295.14474195937055,-655.6462483545607,360.5015063951902,True
750,43,hapibd,mixed,-233.22900266808858,-982.0862279693687,748.8572253012801,True
750,43,true,ibd,-303.25624816843504,-627.2286907921775,323.9724426237425,True
750,43,true,mixed,-237.95161873109947,-924.2052452293658,686.2536264982664,True
750,44,hapibd,ibd,-288.6562491895533,-570.6463517062685,281.99010251671524,True
750,44,hapibd,mixed,-225.5889070343527,-904.1951026775376,678.606195643185,True
750,44,true,ibd,-295.7739994959972,-541.2321804025762,245.458180906579,True
750,44,true,mixed,-226.9919549492269,-843.9807317598162,616.9887768105893,True
750,45,hapibd,ibd,-294.75210302275514,-583.1912844673873,288.43918144463214,True
750,45,hapibd,mixed,-229.8720976654804,-816.9047798849565,587.0326822194761,True
750,45,true,ibd,-302.7685280665186,-574.6119275346932,271.8433994681746,True
750,45,true,mixed,-238.5985710170633,-786.0950851110939,547.4965140940305,True
750,46,hapibd,ibd,-305.37116735407346,-608.9495923546522,303.5784250005787,True
750,46,hapibd,mixed,-243.64951769311122,-897.2965995194671,653.6470818263559,True
750,46,true,ibd,-304.1475552970484,-575.2699136686573,271.12235837160887,True
750,46,true,mixed,-240.0307386849521,-857.3414685713616,617.3107298864095,True
750,47,hapibd,ibd,-300.8817359949365,-597.5920392483054,296.71030325336886,True
750,47,hapibd,mixed,-231.68919811688528,-915.2824420388206,683.5932439219353,True
750,47,true,ibd,-300.2897256744558,-543.4709708753442,243.18124520088838,True
750,47,true,mixed,-237.133092926396,-852.2826439662301,615.1495510398341,True
750,48,hapibd,ibd,-298.9756008241498,-567.2747446383428,268.299143814193,True
750,48,hapibd,mixed,-231.0216616487198,-836.0369134180108,605.015251769291,True
750,48,true,ibd,-298.2121702134293,-536.8677333004284,238.6555630869991,True
750,48,true,mixed,-229.4012659074746,-793.6511627795305,564.249896872056,True
750,49,hapibd,ibd,-300.31113242562174,-585.4192403568529,285.1081079312312,True
750,49,hapibd,mixed,-229.7571903176987,-887.3101750215823,657.5529847038836,True
750,49,true,ibd,-302.9062738063654,-570.4516383388543,267.5453645324889,True
750,49,true,mixed,-235.869677881836,-859.0545325712307,623.1848546893947,True
750,50,hapibd,ibd,-293.19990131852353,-573.0953325487249,279.8954312302013,True
750,50,hapibd,mixed,-229.83037451220972,-899.3003312780168,669.4699567658071,True
750,50,true,ibd,-290.5876074554603,-550.2476489489009,259.6600414934406,True
750,50,true,mixed,-225.42267891191958,-865.683713489269,640.2610345773495,True
750,51,hapibd,ibd,-288.5988335171404,-588.3182882882065,299.7194547710661,True
750,51,hapibd,mixed,-224.3702026073219,-894.1827014910751,669.8124988837533,True
750,51,true,ibd,-293.7136739276839,-562.7982502566623,269.0845763289784,True
750,51,true,mixed,-228.70897959087978,-825.809740771244,597.1007611803643,True
750,52,hapibd,ibd,-298.04582222053955,-596.8693707906355,298.8235485700959,True
750,52,hapibd,mixed,-230.1134700834456,-930.1739889975402,700.0605189140946,True
750,52,true,ibd,-306.02101587030944,-563.9570915395287,257.9360756692193,True
750,52,true,mixed,-235.61752692351038,-880.9191551312128,645.3016282077025,True
750,53,hapibd,ibd,-305.0996995433718,-591.0462268786599,285.9465273352881,True
750,53,hapibd,mixed,-234.0246992253607,-929.276653951487,695.2519547261263,True
750,53,true,ibd,-297.7667931331703,-593.4593885104617,295.6925953772914,True
750,53,true,mixed,-229.6006778966836,-911.1815153428779,681.5808374461943,True
750,54,hapibd,ibd,-291.49840971381633,-593.9169492494846,302.41853953566823,True
750,54,hapibd,mixed,-227.1080208227623,-889.6696590343453,662.5616382115829,True
750,54,true,ibd,-296.6051170291144,-548.9670786069939,252.36196157787953,True
750,54,true,mixed,-232.92759555944698,-831.4629439553844,598.5353483959374,True
750,55,hapibd,ibd,-304.3215929976137,-554.7865410789603,250.46494808134662,True
750,55,hapibd,mixed,-230.97839957812428,-831.4603286554673,600.481929077343,True
750,55,true,ibd,-302.2069970364908,-520.8308429986268,218.62384596213604,True
750,55,true,mixed,-239.64792240783,-790.6324058561348,550.9844834483048,True
750,56,hapibd,ibd,-306.71992561716297,-595.47307502845,288.75314941128704,True
750,56,hapibd,mixed,-242.1674688813175,-858.8228683952198,616.6553995139022,True
750,56,true,ibd,-308.0229986277601,-573.6665822282783,265.64358360051824,True
750,56,true,mixed,-239.3538136763307,-831.8658202311738,592.5120065548431,True
750,57,hapibd,ibd,-288.4988310654678,-637.486234545218,348.98740347975024,True
750,57,hapibd,mixed,-219.8987002703032,-1018.7483469803126,798.8496467100094,True
750,57,true,ibd,-292.6451780709536,-600.6872030852702,308.0420250143166,True
750,57,true,mixed,-227.05918235105352,-945.2359848902314,718.1768025391779,True
750,58,hapibd,ibd,-291.73006181922767,-594.9232010395515,303.1931392203238,True
750,58,hapibd,mixed,-229.1369750374546,-960.0938929706483,730.9569179331937,True
750,58,true,ibd,-295.58621228998385,-562.7900136917567,267.20380140177286,True
750,58,true,mixed,-232.3253620741027,-912.1057646325687,679.780402558466,True
750,59,hapibd,ibd,-303.87724535803636,-633.7837794135962,329.90653405555986,True
750,59,hapibd,mixed,-235.9164691752046,-942.0301532916412,706.1136841164366,True
750,59,true,ibd,-308.0227414124203,-597.3562718206211,289.33353040820083,True
750,59,true,mixed,-239.9058611040298,-882.6458404627173,642.7399793586875,True
750,60,hapibd,ibd,-311.2389155853096,-571.8266752390077,260.58775965369813,True
750,60,hapibd,mixed,-243.13456279310282,-857.0640458908681,613.9294830977653,True
750,60,true,ibd,-304.9485789745354,-563.3366836014823,258.38810462694687,True
750,60,true,mixed,-241.6387784009299,-837.5669879057828,595.9282095048528,True
750,61,hapibd,ibd,-291.8706400282864,-562.0973560929696,270.22671606468316,True
750,61,hapibd,mixed,-232.3046602839606,-858.5903919513547,626.2857316673941,True
750,61,true,ibd,-299.7968417238734,-558.0897581814363,258.2929164575629,True
750,61,true,mixed,-234.39307093369612,-841.3532422153212,606.9601712816251,True
750,62,hapibd,ibd,-284.1329722608811,-533.3800071130722,249.24703485219112,True
750,62,hapibd,mixed,-219.0979616041901,-852.9533391685819,633.8553775643918,True
750,62,true,ibd,-290.0308358228436,-500.3228591235829,210.2920233007393,True
750,62,true,mixed,-229.4356157515715,-804.4051775359386,574.9695617843671,True
750,63,hapibd,ibd,-308.6644273262286,-627.3114803298637,318.6470530036351,True
750,63,hapibd,mixed,-237.4783110317181,-954.2168276834362,716.7385166517181,True
750,63,true,ibd,-297.65048709361383,-589.9273076223762,292.2768205287624,True
750,63,true,mixed,-233.84887739243104,-908.1417864937479,674.2929091013168,True
750,64,hapibd,ibd,-305.5853488221383,-613.4053282970712,307.81997947493284,True
750,64,hapibd,mixed,-239.9044392849514,-945.0044287610194,705.099989476068,True
750,64,true,ibd,-307.3950716856922,-562.5483952904782,255.153323604786,True
750,64,true,mixed,-245.938882417607,-874.0586623120181,628.1197798944111,True
750,65,hapibd,ibd,-312.2306203568623,-643.6224861922688,331.39186583540646,True
750,65,hapibd,mixed,-244.05636710201517,-952.6106775012782,708.554310399263,True
750,65,true,ibd,-314.88144963602684,-611.0472385716007,296.16578893557386,True
750,65,true,mixed,-247.29126781616569,-881.8826432816743,634.5913754655086,True
750,66,hapibd,ibd,-295.83699103942894,-577.4321972649307,281.5952062255017,True
750,66,hapibd,mixed,-234.1467666477229,-809.6014674891003,575.4547008413774,True
750,66,true,ibd,-299.62163305456073,-556.6347886000722,257.01315554551144,True
750,66,true,mixed,-233.1279356298535,-767.7034500732063,534.5755144433529,True
750,67,hapibd,ibd,-294.3176836609741,-559.7736545321779,265.4559708712038,True
750,67,hapibd,mixed,-224.13230636472179,-943.6859847012062,719.5536783364844,True
750,67,true,ibd,-297.1616218054465,-538.3956166127923,241.23399480734582,True
750,67,true,mixed,-236.9431012124029,-897.685495750181,660.7423945377781,True
750,68,hapibd,ibd,-312.130795471852,-598.7764050754515,286.6456096035995,True
750,68,hapibd,mixed,-246.6669466473717,-909.1309358067106,662.4639891593389,True
750,68,true,ibd,-298.87194034228594,-580.4765063133801,281.6045659710942,True
750,68,true,mixed,-234.20876422622382,-866.4099351531066,632.2011709268828,True
750,69,hapibd,ibd,-298.2663350076112,-620.8739452621164,322.60761025450523,True
750,69,hapibd,mixed,-235.1562748608178,-928.5373271031355,693.3810522423177,True
750,69,true,ibd,-306.16905982002606,-569.0842768513386,262.9152170313125,True
750,69,true,mixed,-244.0685917704156,-844.139793522088,600.0712017516723,True
750,70,hapibd,ibd,-305.7583996030155,-592.2301735850351,286.4717739820196,True
750,70,hapibd,mixed,-235.0077482050129,-878.149224971462,643.1414767664492,True
750,70,true,ibd,-306.9633575069005,-532.1011146544178,225.13775714751728,True
750,70,true,mixed,-241.06392676103562,-791.5269512450509,550.4630244840152,True
750,71,hapibd,ibd,-300.6672115904155,-620.0980956342217,319.43088404380626,True
750,71,hapibd,mixed,-234.51948629677207,-921.1867700091886,686.6672837124165,True
750,71,true,ibd,-301.820006063023,-593.9168758128646,292.09686974984163,True
750,71,true,mixed,-232.8271514233648,-863.6407827438504,630.8136313204857,True
750,72,hapibd,ibd,-312.0812511340971,-657.2097809475774,345.1285298134803,True
750,72,hapibd,mixed,-246.76381535303733,-1021.5665931811621,774.8027778281248,True
750,72,true,ibd,-318.75231562333823,-614.5663607999761,295.8140451766379,True
750,72,true,mixed,-254.3077507273216,-954.9371035095246,700.629352782203,True
750,73,hapibd,ibd,-297.69603152165035,-652.7418418069567,355.04581028530635,True
750,73,hapibd,mixed,-236.2349804239506,-947.3922652273556,711.157284803405,True
750,73,true,ibd,-308.55078583915474,-621.7802070214096,313.2294211822549,True
750,73,true,mixed,-244.7815528645444,-912.7020517948805,667.9204989303361,True
750,74,hapibd,ibd,-296.73037433464987,-535.6484639055857,238.91808957093582,True
750,74,hapibd,mixed,-231.9983888210815,-872.8168424475135,640.8184536264321,True
750,74,true,ibd,-303.5774987069046,-518.9029721744683,215.32547346756377,True
750,74,true,mixed,-244.23705509777298,-836.6854989068066,592.4484438090336,True
750,75,hapibd,ibd,-296.90943524513773,-630.4990997803224,333.5896645351846,True
750,75,hapibd,mixed,-230.27845042363478,-994.1769736145086,763.8985231908738,True
750,75,true,ibd,-302.52574153252925,-573.1320755840912,270.606334051562,True
750,75,true,mixed,-240.0256821116806,-917.2268981966537,677.2012160849731,True
750,76,hapibd,ibd,-302.80803728357097,-616.5122315713136,313.7041942877426,True
750,76,hapibd,mixed,-236.6948671063342,-1021.8754633230657,785.1805962167315,True
750,76,true,ibd,-304.4395047757465,-574.0134766888739,269.57397191312737,True
750,76,true,mixed,-237.9568686314261,-947.6860501373776,709.7291815059515,True
750,77,hapibd,ibd,-301.13319524109943,-581.0312374805429,279.8980422394435,True
750,77,hapibd,mixed,-234.89153999516978,-857.3026629024469,622.4111229072771,True
750,77,true,ibd,-301.7672480237816,-537.2389825729088,235.47173454912718,True
750,77,true,mixed,-234.5478820673677,-806.701457269079,572.1535752017113,True
750,78,hapibd,ibd,-290.8114815545937,-563.4273164972818,272.61583494268814,True
750,78,hapibd,mixed,-226.29350178693517,-848.9471850430808,622.6536832561457,True
750,78,true,ibd,-291.5884772819121,-536.9519683067841,245.36349102487202,True
750,78,true,mixed,-226.6879489793036,-810.3220398069006,583.634090827597,True
750,79,hapibd,ibd,-308.76036857995183,-617.8643096828425,309.1039411028907,True
750,79,hapibd,mixed,-241.78807346100737,-910.1682411010373,668.38016764003,True
750,79,true,ibd,-315.91122400136715,-592.238791200835,276.3275671994678,True
750,79,true,mixed,-250.49632687728788,-867.0569284389527,616.5606015616648,True
750,80,hapibd,ibd,-292.6936732019242,-554.7765965783675,262.0829233764433,True
750,80,hapibd,mixed,-225.3935370357602,-833.4651308552236,608.0715938194634,True
750,80,true,ibd,-291.5849798555571,-529.1766368919995,237.59165703644237,True
750,80,true,mixed,-229.3471789969393,-803.0725307349436,573.7253517380043,True
750,81,hapibd,ibd,-307.4728486093085,-617.9050119172225,310.432163307914,True
750,81,hapibd,mixed,-241.1531193523877,-957.1378292750104,715.9847099226226,True
750,81,true,ibd,-305.45656323017636,-564.477718710247,259.02115548007066,True
750,81,true,mixed,-243.67425038790168,-889.8927047301511,646.2184543422494,True
750,82,hapibd,ibd,-306.8319959885214,-616.8460403150108,310.0140443264894,True
750,82,hapibd,mixed,-243.98997033610448,-860.8288568566294,616.838886520525,True
750,82,true,ibd,-310.8044785863558,-566.5879880940697,255.78350950771392,True
750,82,true,mixed,-243.8867299353926,-799.8712217796968,555.9844918443042,True
750,83,hapibd,ibd,-304.4138135968745,-621.2075003147787,316.7936867179042,True
750,83,hapibd,mixed,-241.2867821982503,-973.9788175075695,732.6920353093192,True
750,83,true,ibd,-307.7261141088618,-594.9620415208042,287.2359274119424,True
750,83,true,mixed,-241.193684227332,-931.1045791411121,689.9108949137801,True
750,84,hapibd,ibd,-300.51903779684903,-622.0842252330958,321.5651874362468,True
750,84,hapibd,mixed,-234.9708546413861,-886.4052901015547,651.4344354601685,True
750,84,true,ibd,-300.63341122326176,-562.7984938903799,262.1650826671181,True
750,84,true,mixed,-238.61098800784814,-819.5766631828006,580.9656751749525,True
750,85,hapibd,ibd,-291.6051643509797,-597.0570626883099,305.4518983373302,True
750,85,hapibd,mixed,-228.063712641997,-927.2708373448005,699.2071247028035,True
750,85,true,ibd,-294.7489907654694,-557.5775192483515,262.82852848288206,True
750,85,true,mixed,-229.07773414447158,-875.0586411603155,645.9809070158439,True
750,86,hapibd,ibd,-289.61299967120925,-573.0873713130809,283.47437164187164,True
750,86,hapibd,mixed,-228.8526459483677,-906.0814708346455,677.2288248862778,True
750,86,true,ibd,-288.93949273958,-542.7166291828431,253.77713644326315,True
750,86,true,mixed,-224.16185047253728,-831.2339488122891,607.0720983397518,True
750,87,hapibd,ibd,-294.19587902028076,-577.3584354361503,283.1625564158696,True
750,87,hapibd,mixed,-228.9269471557382,-926.7712701502596,697.8443229945215,True
750,87,true,ibd,-299.5862942506068,-558.6045738068207,259.0182795562139,True
750,87,true,mixed,-237.6101833254217,-880.4292973298551,642.8191140044335,True
750,88,hapibd,ibd,-299.1318646177703,-568.1473550441153,269.015490426345,True
750,88,hapibd,mixed,-232.91855113489197,-969.5174489144031,736.5988977795112,True
750,88,true,ibd,-301.8484971343422,-566.2846827932357,264.43618565889346,True
750,88,true,mixed,-233.3315112378234,-937.1993680683352,703.8678568305118,True
750,89,hapibd,ibd,-293.9941132478277,-618.226135767398,324.23202251957025,True
750,89,hapibd,mixed,-228.738930417782,-1011.3611416321182,782.6222112143362,True
750,89,true,ibd,-296.9832065652009,-576.5186297458047,279.5354231806038,True
750,89,true,mixed,-233.7281195180579,-931.7585977497191,698.0304782316612,True
750,90,hapibd,ibd,-296.282008387961,-573.9289870547424,277.64697866678137,True
750,90,hapibd,mixed,-226.6462267235648,-867.4390016319057,640.7927749083409,True
750,90,true,ibd,-303.6921446126055,-546.4743446497384,242.78220003713295,True
750,90,true,mixed,-236.28830180311488,-837.0448866107337,600.7565848076188,True
750,91,hapibd,ibd,-295.80420749081173,-585.1146437299072,289.3104362390955,True
750,91,hapibd,mixed,-228.97044436924648,-891.1591626388449,662.1887182695984,True
750,91,true,ibd,-299.09914469397114,-538.4321360780106,239.33299138403942,True
750,91,true,mixed,-235.3145941635016,-809.3314374235329,574.0168432600312,True
750,92,hapibd,ibd,-292.486157981497,-639.5323612862693,347.0462033047723,True
750,92,hapibd,mixed,-225.6039164418602,-951.3189608713636,725.7150444295035,True
750,92,true,ibd,-293.7591135412577,-606.2014525373781,312.44233899612044,True
750,92,true,mixed,-225.49469916439227,-908.2480105765168,682.7533114121245,True
750,93,hapibd,ibd,-289.1215623001802,-637.1624446348819,348.04088233470173,True
750,93,hapibd,mixed,-228.44909315301751,-942.2516576798143,713.8025645267968,True
750,93,true,ibd,-297.0169641053257,-589.9312321319811,292.9142680266554,True
750,93,true,mixed,-225.6281472234755,-875.6686565446429,650.0405093211674,True
750,94,hapibd,ibd,-296.3553201310214,-609.0556516738031,312.7003315427817,True
750,94,hapibd,mixed,-227.9194693750003,-887.1798764520942,659.2604070770939,True
750,94,true,ibd,-301.71875040995485,-565.2345508800612,263.51580047010634,True
750,94,true,mixed,-237.37856390912918,-814.9310097262869,577.5524458171577,True
750,95,hapibd,ibd,-311.23444888088454,-594.2053688994488,282.97092001856424,True
750,95,hapibd,mixed,-246.44096892236038,-887.1020138606867,640.6610449383263,True
750,95,true,ibd,-313.5282426596161,-582.9831893443286,269.45494668471247,True
750,95,true,mixed,-249.2981465783115,-863.0008722963996,613.7027257180881,True
750,96,hapibd,ibd,-293.51109385021635,-579.1793796880664,285.6682858378501,True
750,96,hapibd,mixed,-227.8218451341038,-896.9225731746711,669.1007280405673,True
750,96,true,ibd,-305.19405182651633,-570.4763345560754,265.28228272955903,True
750,96,true,mixed,-247.1798354789752,-880.098956979936,632.9191215009608,True
750,97,hapibd,ibd,-296.92068629568024,-614.5641064770377,317.6434201813575,True
750,97,hapibd,mixed,-237.1769611543325,-996.3428271726194,759.1658660182869,True
750,97,true,ibd,-305.77692247735416,-589.2417835507158,283.46486107336165,True
750,97,true,mixed,-239.9663978779026,-932.9117903076066,692.9453924297039,True
750,98,hapibd,ibd,-284.294182160464,-560.1667613029747,275.8725791425107,True
750,98,hapibd,mixed,-219.8708264559095,-812.6084169639227,592.7375905080131,True
750,98,true,ibd,-286.5050762777551,-524.6311055968281,238.12602931907298,True
750,98,true,mixed,-222.1683867102034,-749.0780289583441,526.9096422481407,True
750,99,hapibd,ibd,-292.2623363645127,-596.3947749548133,304.13243859030064,True
750,99,hapibd,mixed,-221.0788711642197,-948.3272638552343,727.2483926910146,True
750,99,true,ibd,-299.23808770833904,-564.9535715534796,265.71548384514057,True
750,99,true,mixed,-237.20582683100108,-913.6477641342691,676.441937303268,True
1000,0,hapibd,ibd,-323.5565144119555,-730.3571822784401,406.80066786648456,True
1000,0,hapibd,mixed,-252.66714146635042,-1160.737318338919,908.0701768725687,True
1000,0,true,ibd,-322.0460101752136,-680.1131461649081,358.0671359896945,True
1000,0,true,mixed,-254.1683204317041,-1097.9817204256908,843.8133999939866,True
1000,1,hapibd,ibd,-316.8526195290337,-718.8725354294861,402.0199159004524,True
1000,1,hapibd,mixed,-250.9124484030815,-1149.5897667153172,898.6773183122357,True
1000,1,true,ibd,-315.3283463507048,-665.3160204604666,349.98767410976177,True
1000,1,true,mixed,-251.83466097010077,-1088.8598369082388,837.025175938138,True
1000,2,hapibd,ibd,-323.6420929603502,-745.7611842601392,422.119091299789,True
1000,2,hapibd,mixed,-253.5310798442419,-1226.2273826379687,972.6963027937268,True
1000,2,true,ibd,-329.76481299568854,-709.8350151698276,380.070202174139,True
1000,2,true,mixed,-266.84624910224767,-1180.8434488134567,913.9971997112091,True
1000,3,hapibd,ibd,-326.9404906079195,-722.7348767588686,395.7943861509491,True
1000,3,hapibd,mixed,-254.48912384929938,-1152.8731941899323,898.3840703406329,True
1000,3,true,ibd,-326.08203112150494,-677.7555958679351,351.67356474643015,True
1000,3,true,mixed,-261.6782390502852,-1096.6318444960075,834.9536054457224,True
1000,4,hapibd,ibd,-315.0452872383481,-704.3944825624222,389.3491953240741,True
1000,4,hapibd,mixed,-248.3088046092823,-1045.9964216839778,797.6876170746955,True
1000,4,true,ibd,-317.47627417957193,-664.2631582330245,346.7868840534525,True
1000,4,true,mixed,-249.21150366734452,-982.0187924124515,732.8072887451069,True
1000,5,hapibd,ibd,-321.71697685982133,-740.3594842283328,418.6425073685115,True
1000,5,hapibd,mixed,-248.52838006725693,-1180.5159580034972,931.9875779362403,True
1000,5,true,ibd,-322.4401839539152,-697.9963688005348,375.5561848466196,True
1000,5,true,mixed,-256.3925453223881,-1116.6324035764717,860.2398582540836,True
1000,6,hapibd,ibd,-298.6679503053393,-654.9897997211289,356.3218494157896,True
1000,6,hapibd,mixed,-230.51592072271788,-1147.76475241227,917.248831689552,True
1000,6,true,ibd,-302.44861515756094,-640.1962191658622,337.74760400830127,True
1000,6,true,mixed,-236.52748658114322,-1122.5076325680836,885.9801459869404,True
1000,7,hapibd,ibd,-314.5140153815025,-753.0064307637001,438.49241538219763,True
1000,7,hapibd,mixed,-249.69387822569988,-1193.1189112766976,943.4250330509977,True
1000,7,true,ibd,-321.0368145665268,-707.545698611744,386.5088840452172,True
1000,7,true,mixed,-254.1229731162578,-1139.080062098759,884.9570889825013,True
1000,8,hapibd,ibd,-317.02120454541944,-712.3796708392065,395.35846629378705,True
1000,8,hapibd,mixed,-247.6249405743922,-1189.7646106769278,942.1396701025355,True
1000,8,true,ibd,-329.7084953737706,-685.3618781138309,355.65338274006035,True
1000,8,true,mixed,-270.9426436708509,-1145.389785996901,874.4471423260502,True
1000,9,hapibd,ibd,-321.65637974676224,-698.1899887734468,376.53360902668453,True
1000,9,hapibd,mixed,-249.32161574399282,-1095.925091237359,846.6034754933662,True
1000,9,true,ibd,-317.7774419366936,-655.6828148460855,337.90537290939193,True
1000,9,true,mixed,-248.7264992677131,-1023.6652507314119,774.9387514636987,True
1000,10,hapibd,ibd,-316.6795723800414,-742.890432162265,426.2108597822236,True
1000,10,hapibd,mixed,-251.32310107930832,-1205.747522257615,954.4244211783066,True
1000,10,true,ibd,-325.6571940852331,-717.2612500376657,391.60405595243265,True
1000,10,true,mixed,-257.1858929977771,-1157.6759978555071,900.4901048577301,True
1000,11,hapibd,ibd,-330.2604292891462,-716.4892354840953,386.2288061949491,True
1000,11,hapibd,mixed,-260.42641417954053,-1072.7822954250023,812.3558812454618,True
1000,11,true,ibd,-334.6794368664469,-661.5926599866131,326.91322312016615,True
1000,11,true,mixed,-266.3847799970106,-999.9991842902296,733.614404293219,True
1000,12,hapibd,ibd,-330.3522712802511,-739.3427585187843,408.9904872385332,True
1000,12,hapibd,mixed,-264.2812559683851,-1123.1331401805576,858.8518842121725,True
1000,12,true,ibd,-328.36302167165934,-687.079161967609,358.7161402959497,True
1000,12,true,mixed,-259.6397719904237,-1045.6212178351705,785.9814458447468,True
1000,13,hapibd,ibd,-316.0791215066847,-741.9597070748654,425.88058556818066,True
1000,13,hapibd,mixed,-245.3516376641512,-1194.569679473216,949.2180418090647,True
1000,13,true,ibd,-318.11239042608497,-696.7402184290232,378.62782800293826,True
1000,13,true,mixed,-251.1126056794847,-1117.205708011948,866.0931023324633,True
1000,14,hapibd,ibd,-310.75721839116653,-721.272628719479,410.5154103283125,True
1000,14,hapibd,mixed,-243.0597399966412,-1171.4111622189675,928.3514222223264,True
1000,14,true,ibd,-325.0231312233315,-690.2882615485496,365.2651303252181,True
1000,14,true,mixed,-261.9131378452473,-1120.9742884689697,859.0611506237224,True
1000,15,hapibd,ibd,-312.07588025487,-692.4530138329972,380.37713357812714,True
1000,15,hapibd,mixed,-243.8769215886599,-1124.3341326819639,880.457211093304,True
1000,15,true,ibd,-322.9044198221342,-661.3698919794107,338.4654721572765,True
1000,15,true,mixed,-252.2963039066868,-1068.9700813514019,816.673777444715,True
1000,16,hapibd,ibd,-323.50143376370636,-733.8608761451787,410.3594423814724,True
1000,16,hapibd,mixed,-258.0160360683439,-1114.1611953119548,856.1451592436108,True
1000,16,true,ibd,-323.97988673127196,-664.5162488575072,340.53636212623525,True
1000,16,true,mixed,-255.80581175878427,-1015.134498144092,759.3286863853077,True
1000,17,hapibd,ibd,-324.75565866449705,-716.1385287267019,391.38287006220486,True
1000,17,hapibd,mixed,-253.9999775907214,-1079.4974596163563,825.4974820256349,True
1000,17,true,ibd,-327.65282180991034,-672.3911355505095,344.73831374059915,True
1000,17,true,mixed,-257.8740037618905,-1016.5909125501997,758.7169087883092,True
1000,18,hapibd,ibd,-320.1939773420435,-741.2835447373132,421.0895673952696,True
1000,18,hapibd,mixed,-253.1241243771999,-1140.786333607956,887.6622092307562,True
1000,18,true,ibd,-323.30058325204755,-706.7228874263263,383.4223041742788,True
1000,18,true,mixed,-254.22515074549958,-1085.1019882487194,830.8768375032198,True
1000,19,hapibd,ibd,-330.0739284151423,-734.8106055278748,404.73667711273254,True
1000,19,hapibd,mixed,-261.0859010381486,-1175.1193152130252,914.0334141748765,True
1000,19,true,ibd,-328.25538777599155,-686.9181970455968,358.66280926960525,True
1000,19,true,mixed,-260.35863875359684,-1102.818708928876,842.4600701752793,True
1000,20,hapibd,ibd,-310.65905191907683,-705.7319422025404,395.07289028346355,True
1000,20,hapibd,mixed,-244.1481024002682,-1112.571377418214,868.4232750179459,True
1000,20,true,ibd,-320.10787553018855,-676.7017495874396,356.59387405725107,True
1000,20,true,mixed,-254.8905720422932,-1069.5520291242901,814.6614570819969,True
1000,21,hapibd,ibd,-318.7684164415148,-727.1202021508794,408.35178570936466,True
1000,21,hapibd,mixed,-253.71658058547183,-1133.3143712290089,879.5977906435371,True
1000,21,true,ibd,-323.55783977494787,-654.7501005880018,331.19226081305396,True
1000,21,true,mixed,-258.30005295282257,-1026.5564728746122,768.2564199217895,True
1000,22,hapibd,ibd,-311.86944323257717,-723.5969610477756,411.72751781519844,True
1000,22,hapibd,mixed,-243.36951090991528,-1101.3489841002947,857.9794731903794,True
1000,22,true,ibd,-323.7203231353676,-672.6116709952022,348.8913478598346,True
1000,22,true,mixed,-252.3097177108404,-1017.9311558849469,765.6214381741065,True
1000,23,hapibd,ibd,-311.8948028244711,-724.8369287313624,412.94212590689125,True
1000,23,hapibd,mixed,-245.4273128110521,-1126.0088793204698,880.5815665094176,True
1000,23,true,ibd,-317.6070244839637,-688.5478633684143,370.94083888445056,True
1000,23,true,mixed,-248.84609151150798,-1051.9543975855997,803.1083060740917,True
1000,24,hapibd,ibd,-331.47580406220436,-771.5466522472881,440.0708481850837,True
1000,24,hapibd,mixed,-264.63735051622274,-1245.5643461261363,980.9269956099135,True
1000,24,true,ibd,-327.0605536785851,-733.744979259487,406.68442558090186,True
1000,24,true,mixed,-257.1615103632263,-1174.2934786418484,917.1319682786221,True
1000,25,hapibd,ibd,-328.8152468905555,-772.6423542794282,443.8271073888727,True
1000,25,hapibd,mixed,-259.8457609989093,-1183.990595333812,924.1448343349027,True
1000,25,true,ibd,-317.5346699424394,-736.1503677244261,418.61569778198674,True
1000,25,true,mixed,-249.9237849887031,-1132.167635237449,882.243850248746,True
1000,26,hapibd,ibd,-318.87298560469014,-720.8962895719425,402.02330396725233,True
1000,26,hapibd,mixed,-249.4939031346377,-1130.0206119429618,880.5267088083241,True
1000,26,true,ibd,-325.4464971457585,-681.6745152037632,356.22801805800475,True
1000,26,true,mixed,-254.7710817002939,-1080.6123841978842,825.8413024975903,True
1000,27,hapibd,ibd,-311.35737099253015,-697.940382760198,386.5830117676678,True
1000,27,hapibd,mixed,-243.60723547040294,-1172.4211732647273,928.8139377943244,True
1000,27,true,ibd,-315.5824401405455,-673.8314846414877,358.2490445009422,True
1000,27,true,mixed,-249.0638454094787,-1130.2967141068336,881.2328686973549,True
1000,28,hapibd,ibd,-311.09824177485365,-738.2975766133915,427.1993348385378,True
1000,28,hapibd,mixed,-244.41484326426092,-1145.4509603575575,901.0361170932965,True
1000,28,true,ibd,-318.29284439617874,-702.2187402613738,383.92589586519506,True
1000,28,true,mixed,-249.8281212386556,-1099.7598430034486,849.931721764793,True
1000,29,hapibd,ibd,-319.67462711108124,-730.1378675972545,410.4632404861733,True
1000,29,hapibd,mixed,-248.18245527145783,-1163.5162151992852,915.3337599278274,True
1000,29,true,ibd,-318.35333784401007,-675.8305470568398,357.47720921282973,True
1000,29,true,mixed,-253.9546005075889,-1089.8477247757596,835.8931242681707,True
1000,30,hapibd,ibd,-313.91497372796647,-685.6310419093778,371.71606818141134,True
1000,30,hapibd,mixed,-249.1040492422523,-1118.1804494103555,869.0764001681032,True
1000,30,true,ibd,-324.4875322147825,-657.6215844261901,333.1340522114076,True
1000,30,true,mixed,-259.23401034354237,-1062.2898674453634,803.055857101821,True
1000,31,hapibd,ibd,-316.8888250949817,-690.7850961710112,373.8962710760295,True
1000,31,hapibd,mixed,-246.27571942120989,-1135.2208686126946,888.9451491914847,True
1000,31,true,ibd,-317.2699342895072,-645.9347632445279,328.66482895502065,True
1000,31,true,mixed,-252.7341696514631,-1067.1480452100798,814.4138755586166,True
1000,32,hapibd,ibd,-331.3150161147186,-711.5349988931972,380.2199827784786,True
1000,32,hapibd,mixed,-261.2543860736457,-1166.3144002922652,905.0600142186195,True
1000,32,true,ibd,-332.6511128709357,-676.1715986409049,343.5204857699692,True
1000,32,true,mixed,-267.43502046725143,-1098.819764311301,831.3847438440496,True
1000,33,hapibd,ibd,-302.96015140728804,-678.885858404554,375.925706997266,True
1000,33,hapibd,mixed,-240.9750388506993,-1131.2653816750917,890.2903428243924,True
1000,33,true,ibd,-307.5952648146483,-606.6262649813802,299.0310001667319,True
1000,33,true,mixed,-244.02940995024372,-1044.226321384886,800.1969114346423,True
1000,34,hapibd,ibd,-315.75589387587274,-749.0973662223644,433.3414723464916,True
1000,34,hapibd,mixed,-250.6904774651377,-1238.8278933511208,988.137415885983,True
1000,34,true,ibd,-322.8885096988224,-713.8059973028448,390.9174876040224,True
1000,34,true,mixed,-256.35916727155865,-1182.584134959286,926.2249676877275,True
1000,35,hapibd,ibd,-321.3915143939309,-724.4076621962819,403.016147802351,True
1000,35,hapibd,mixed,-257.45004263821943,-1198.5519862698204,941.101943631601,True
1000,35,true,ibd,-323.8559279948298,-707.4842164862614,383.6282884914316,True
1000,35,true,mixed,-255.7319007200175,-1160.825482501655,905.0935817816375,True
1000,36,hapibd,ibd,-312.6604720390518,-689.2291245382113,376.5686524991595,True
1000,36,hapibd,mixed,-244.3629011874427,-1184.3111855188745,939.9482843314318,True
1000,36,true,ibd,-319.96976604227683,-673.1911641271366,353.2213980848598,True
1000,36,true,mixed,-259.1103889712328,-1152.0322751001272,892.9218861288944,True
1000,37,hapibd,ibd,-320.4975308153453,-684.1123738444865,363.6148430291411,True
1000,37,hapibd,mixed,-249.0724584168433,-1055.424474945861,806.3520165290176,True
1000,37,true,ibd,-309.5008115049057,-633.1541482317377,323.65333672683204,True
1000,37,true,mixed,-243.974204543671,-986.1459495073494,742.1717449636784,True
1000,38,hapibd,ibd,-318.69677880046834,-692.3186740666046,373.6218952661362,True
1000,38,hapibd,mixed,-248.91139222105602,-1074.8821889910419,825.9707967699858,True
1000,38,true,ibd,-322.05468020216,-656.8491083545296,334.79442815236956,True
1000,38,true,mixed,-254.3014891714038,-1026.2103995770492,771.9089104056454,True
1000,39,hapibd,ibd,-314.1037801730012,-686.826267579576,372.72248740657477,True
1000,39,hapibd,mixed,-245.80991436706972,-1090.093516524357,844.2836021572873,True
1000,39,true,ibd,-314.88753895257753,-647.6259777052579,332.7384387526804,True
1000,39,true,mixed,-239.4855168930858,-1030.0751587192417,790.5896418261559,True
1000,40,hapibd,ibd,-334.21086488908213,-778.5173699585424,444.3065050694603,True
1000,40,hapibd,mixed,-263.08548920939035,-1192.97173020362,929.8862409942296,True
1000,40,true,ibd,-330.66905485074864,-758.061080058419,427.3920252076703,True
1000,40,true,mixed,-258.9014376878449,-1146.3331894869175,887.4317517990726,True
1000,41,hapibd,ibd,-324.108552382062,-712.0634610875084,387.95490870544637,True
1000,41,hapibd,mixed,-258.4167973602332,-1124.7204503189578,866.3036529587246,True
1000,41,true,ibd,-331.730779760816,-655.9743523971446,324.24357263632857,True
1000,41,true,mixed,-264.6928321784052,-1050.4636804884558,785.7708483100506,True
1000,42,hapibd,ibd,-321.9922852743021,-774.2400508303956,452.2477655560935,True
1000,42,hapibd,mixed,-254.9132932651888,-1242.2771585036614,987.3638652384726,True
1000,42,true,ibd,-327.15806486064747,-719.8670256292754,392.70896076862795,True
1000,42,true,mixed,-263.1388364104015,-1165.5956100817523,902.4567736713508,True
1000,43,hapibd,ibd,-319.56907415165506,-664.2982883125078,344.72921416085273,True
1000,43,hapibd,mixed,-255.4277954311961,-1019.8533942331629,764.4255988019668,True
1000,43,true,ibd,-321.9316497624755,-609.9000742151864,287.96842445271085,True
1000,43,true,mixed,-259.8532686434687,-937.160391445033,677.3071228015643,True
1000,44,hapibd,ibd,-325.97382039351584,-772.6773194538755,446.70349906035966,True
1000,44,hapibd,mixed,-261.4886733611341,-1192.9227835665117,931.4341102053777,True
1000,44,true,ibd,-323.53607398570676,-726.1910535510555,402.6549795653487,True
1000,44,true,mixed,-256.390538597774,-1124.2803464807732,867.8898078829992,True
1000,45,hapibd,ibd,-313.9241104807897,-704.9892351881733,391.06512470738363,True
1000,45,hapibd,mixed,-247.25867749223968,-1136.8883730018078,889.6296955095681,True
1000,45,true,ibd,-316.6579167160521,-636.274529966424,319.61661325037187,True
1000,45,true,mixed,-250.42340615338298,-1054.1852157844169,803.7618096310339,True
1000,46,hapibd,ibd,-320.5147386319443,-702.3357431719662,381.82100454002193,True
1000,46,hapibd,mixed,-254.3823643032257,-1100.271069833316,845.8887055300903,True
1000,46,true,ibd,-324.5058125231369,-658.7789061639213,334.2730936407844,True
1000,46,true,mixed,-259.6049509195024,-1039.378631803821,779.7736808843185,True
1000,47,hapibd,ibd,-323.7095879810247,-775.2152414601669,451.5056534791422,True
1000,47,hapibd,mixed,-253.2613510444846,-1198.0043574130796,944.7430063685949,True
1000,47,true,ibd,-333.9140889071846,-749.8587681554995,415.94467924831497,True
1000,47,true,mixed,-260.9997724055326,-1129.3491040157085,868.3493316101758,True
1000,48,hapibd,ibd,-312.3418243231532,-703.2507314180515,390.90890709489827,True
1000,48,hapibd,mixed,-241.6463017879281,-1122.8023589149193,881.1560571269912,True
1000,48,true,ibd,-311.24962720215984,-650.6706678789025,339.4210406767426,True
1000,48,true,mixed,-243.9227496543954,-1060.145129669667,816.2223800152717,True
1000,49,hapibd,ibd,-310.0588203261242,-716.6895341139282,406.630713787804,True
1000,49,hapibd,mixed,-243.0417750935908,-1261.6157949361577,1018.5740198425669,True
1000,49,true,ibd,-307.9490374269827,-677.2747696248658,369.3257321978831,True
1000,49,true,mixed,-245.21338068139377,-1198.5880862872484,953.3747056058546,True
1000,50,hapibd,ibd,-324.0182770438037,-747.8554123979771,423.8371353541734,True
1000,50,hapibd,mixed,-259.0657905762082,-1160.8396863153841,901.7738957391759,True
1000,50,true,ibd,-326.4117810772418,-711.8535733409531,385.44179226371125,True
1000,50,true,mixed,-256.1516524888135,-1089.3382265508137,833.1865740620002,True
1000,51,hapibd,ibd,-317.1101196476483,-743.2510730894808,426.1409534418325,True
1000,51,hapibd,mixed,-249.5023718768227,-1222.3581643932891,972.8557925164664,True
1000,51,true,ibd,-325.163438397522,-709.573741408234,384.410303010712,True
1000,51,true,mixed,-255.61302953471548,-1157.5272576463353,901.9142281116199,True
1000,52,hapibd,ibd,-310.8020305910907,-731.9503404911623,421.1483099000715,True
1000,52,hapibd,mixed,-243.5381328414642,-1218.3555966853298,974.8174638438657,True
1000,52,true,ibd,-320.774741370606,-714.8160779342412,394.0413365636352,True
1000,52,true,mixed,-254.27333914276662,-1174.2757994333608,920.0024602905942,True
1000,53,hapibd,ibd,-307.647786854484,-718.822499668506,411.174712814022,True
1000,53,hapibd,mixed,-234.8298797456405,-1106.5584571063118,871.7285773606714,True
1000,53,true,ibd,-310.8354512168297,-692.217862032969,381.3824108161393,True
1000,53,true,mixed,-241.15964845848362,-1060.3949726104772,819.2353241519936,True
1000,54,hapibd,ibd,-314.9301744424044,-746.5936225029282,431.66344806052376,True
1000,54,hapibd,mixed,-246.7234059172999,-1229.1655745487176,982.4421686314176,True
1000,54,true,ibd,-319.4729515419925,-727.1332322972125,407.66028075522007,True
1000,54,true,mixed,-252.1390149445686,-1166.2396280492353,914.1006131046668,True
1000,55,hapibd,ibd,-321.744090197796,-712.4137789592578,390.66968876146177,True
1000,55,hapibd,mixed,-255.03143355656368,-1182.2579014776697,927.2264679211061,True
1000,55,true,ibd,-323.2920128801784,-666.7132949096105,343.42128202943206,True
1000,55,true,mixed,-261.920242900457,-1114.110962261103,852.190719360646,True
1000,56,hapibd,ibd,-319.5351639083143,-727.4590784083654,407.92391450005107,True
1000,56,hapibd,mixed,-252.79247853042762,-1158.13859596679,905.3461174363624,True
1000,56,true,ibd,-321.73075867517537,-679.554239332399,357.8234806572236,True
1000,56,true,mixed,-254.0097829885341,-1098.0651265460685,844.0553435575345,True
1000,57,hapibd,ibd,-321.80362654772927,-738.2252557058683,416.42162915813907,True
1000,57,hapibd,mixed,-254.0039522677046,-1111.5317359194923,857.5277836517878,True
1000,57,true,ibd,-333.3929037458761,-693.993035090272,360.6001313443959,True
1000,57,true,mixed,-263.7959065315371,-1050.9848102125688,787.1889036810317,True
1000,58,hapibd,ibd,-317.5824876366868,-691.4967117568685,373.91422412018176,True
1000,58,hapibd,mixed,-251.4674879323883,-1113.0288662328282,861.56137830044,True
1000,58,true,ibd,-324.325089560891,-645.138615004124,320.81352544323295,True
1000,58,true,mixed,-254.09822236825102,-1048.1134105138235,794.0151881455724,True
1000,59,hapibd,ibd,-314.64692774561786,-702.9416120739593,388.2946843283414,True
1000,59,hapibd,mixed,-244.4798738105495,-1134.567637909534,890.0877640989844,True
1000,59,true,ibd,-309.1458724720115,-648.4180187081209,339.27214623610945,True
1000,59,true,mixed,-251.6628035781029,-1055.0275679484712,803.3647643703682,True
1000,60,hapibd,ibd,-301.92145840723765,-670.209236574388,368.28777816715035,True
1000,60,hapibd,mixed,-235.4617701958363,-1099.8382016652563,864.37643146942,True
1000,60,true,ibd,-304.0353703605727,-651.9534491108255,347.91807875025285,True
1000,60,true,mixed,-237.7061111455635,-1072.1940542249656,834.4879430794022,True
1000,61,hapibd,ibd,-308.1616891466351,-689.4596496878287,381.29796054119356,True
1000,61,hapibd,mixed,-241.6038047058739,-1090.2517045992654,848.6478998933915,True
1000,61,true,ibd,-309.3746400045404,-640.1362951647836,330.7616551602432,True
1000,61,true,mixed,-244.631918994715,-1018.1249235826047,773.4930045878897,True
1000,62,hapibd,ibd,-313.6461480938275,-708.4558039068525,394.80965581302496,True
1000,62,hapibd,mixed,-247.96909056160092,-1119.0897551132662,871.1206645516652,True
1000,62,true,ibd,-316.0683430940546,-660.9635621221883,344.8952190281336,True
1000,62,true,mixed,-247.0229890118678,-1048.606543610479,801.5835545986113,True
1000,63,hapibd,ibd,-325.62477940678286,-784.4592695475445,458.83449014076166,True
1000,63,hapibd,mixed,-261.7333857290625,-1212.4829574355363,950.7495717064737,True
1000,63,true,ibd,-327.1692358623684,-738.7945658716858,411.6253300093174,True
1000,63,true,mixed,-258.1524506263109,-1152.203761866129,894.0513112398182,True
1000,64,hapibd,ibd,-308.7307157565984,-659.7277827553327,350.9970669987343,True
1000,64,hapibd,mixed,-243.9589779055046,-1069.10252211026,825.1435442047554,True
1000,64,true,ibd,-312.7965846058917,-626.3129226957416,313.51633808984985,True
1000,64,true,mixed,-246.47223175167642,-1004.368869145433,757.8966373937566,True
1000,65,hapibd,ibd,-303.9543074957817,-669.3871028486698,365.4327953528881,True
1000,65,hapibd,mixed,-231.7837367578193,-1090.920263447551,859.1365266897317,True
1000,65,true,ibd,-308.1360220711702,-627.931212306129,319.79519023495885,True
1000,65,true,mixed,-241.3624210786073,-1028.976834323868,787.6144132452606,True
1000,66,hapibd,ibd,-325.2142885718121,-747.1327354269533,421.9184468551412,True
1000,66,hapibd,mixed,-255.9191480735368,-1162.0774229565425,906.1582748830057,True
1000,66,true,ibd,-324.93815045983206,-687.9100280926756,362.97187763284353,True
1000,66,true,mixed,-252.41084180601902,-1078.9721334973094,826.5612916912904,True
1000,67,hapibd,ibd,-325.66523271814,-702.4090132366015,376.7437805184615,True
1000,67,hapibd,mixed,-255.9089013347602,-1112.7539901781524,856.8450888433922,True
1000,67,true,ibd,-326.97236681146114,-675.7711566964175,348.79878988495636,True
1000,67,true,mixed,-258.8078335590978,-1061.3337972711884,802.5259637120905,True
1000,68,hapibd,ibd,-322.20873584890154,-715.0161218797014,392.8073860307998,True
1000,68,hapibd,mixed,-255.851021447237,-1150.739457139927,894.88843569269,True
1000,68,true,ibd,-326.00330963513557,-676.9300119096264,350.9267022744908,True
1000,68,true,mixed,-257.9405053557419,-1080.4889766593512,822.5484713036094,True
1000,69,hapibd,ibd,-318.04119596400943,-698.8179454329398,380.7767494689304,True
1000,69,hapibd,mixed,-247.373649479792,-1092.07444118754,844.7007917077481,True
1000,69,true,ibd,-324.0460972557732,-667.7170109405325,343.67091368475934,True
1000,69,true,mixed,-260.6794067476069,-1038.0740998824506,777.3946931348437,True
1000,70,hapibd,ibd,-311.1466929738327,-630.609912877524,319.4632199036913,True
1000,70,hapibd,mixed,-243.9332537620959,-1023.7970867446747,779.8638329825789,True
1000,70,true,ibd,-319.88499301106765,-607.0020077343793,287.1170147233116,True
1000,70,true,mixed,-250.6026083040296,-991.6385242966218,741.0359159925922,True
1000,71,hapibd,ibd,-319.45223267534607,-704.088485482915,384.6362528075689,True
1000,71,hapibd,mixed,-252.14929667300842,-1101.6339383818297,849.4846417088213,True
1000,71,true,ibd,-316.53020456424144,-662.1097545932432,345.5795500290018,True
1000,71,true,mixed,-249.5488249409222,-1022.8222311696973,773.273406228775,True
1000,72,hapibd,ibd,-311.8120922429704,-697.6867915526973,385.8746993097269,True
1000,72,hapibd,mixed,-247.37652226022496,-1077.3826080711801,830.0060858109551,True
1000,72,true,ibd,-312.34153281933385,-668.3395029047012,355.9979700853674,True
1000,72,true,mixed,-246.62015349628922,-1015.5313409673173,768.9111874710281,True
1000,73,hapibd,ibd,-318.53995598339753,-754.2337643732114,435.6938083898139,True
1000,73,hapibd,mixed,-251.5699947377817,-1135.8886045597064,884.3186098219247,True
1000,73,true,ibd,-324.5841412481504,-730.2932402710408,405.70909902289037,True
1000,73,true,mixed,-259.81083340292275,-1082.300678285136,822.4898448822132,True
1000,74,hapibd,ibd,-316.0312577296428,-724.0336456372803,408.0023879076375,True
1000,74,hapibd,mixed,-250.1221154629982,-1130.9536432158231,880.831527752825,True
1000,74,true,ibd,-317.0082307711746,-666.0760918426034,349.0678610714288,True
1000,74,true,mixed,-250.76962535691783,-1061.0248303727979,810.25520501588,True
1000,75,hapibd,ibd,-325.6809651831889,-715.0656436007723,389.3846784175834,True
1000,75,hapibd,mixed,-257.051167820704,-1108.925917349962,851.874749529258,True
1000,75,true,ibd,-325.70404858019504,-678.571102355462,352.867053775267,True
1000,75,true,mixed,-258.7607826255026,-1042.82882126661,784.0680386411075,True
1000,76,hapibd,ibd,-328.2363971211278,-722.2486134760741,394.01221635494625,True
1000,76,hapibd,mixed,-258.082115566172,-1121.0262181227608,862.9441025565889,True
1000,76,true,ibd,-325.84431574029196,-710.0509485474348,384.20663280714285,True
1000,76,true,mixed,-256.4757564160802,-1081.2635322895985,824.7877758735183,True
1000,77,hapibd,ibd,-320.9793137126813,-736.1558580521203,415.176544339439,True
1000,77,hapibd,mixed,-252.1150660503828,-1140.7864090617365,888.6713430113538,True
1000,77,true,ibd,-315.8704755188112,-678.5224766259533,362.65200110714215,True
1000,77,true,mixed,-247.57967420052202,-1070.7892991158515,823.2096249153294,True
1000,78,hapibd,ibd,-323.82770478152287,-777.9480596171669,454.12035483564404,True
1000,78,hapibd,mixed,-257.1998756436916,-1259.6509597995748,1002.4510841558832,True
1000,78,true,ibd,-322.1746036113248,-726.3108198319159,404.13621622059105,True
1000,78,true,mixed,-256.5987487460216,-1175.3845331099308,918.7857843639092,True
1000,79,hapibd,ibd,-315.82557982489226,-710.5221630221329,394.6965831972406,True
1000,79,hapibd,mixed,-246.5437439277042,-1190.300794676001,943.7570507482968,True
1000,79,true,ibd,-316.50834579732464,-682.0030589858237,365.4947131884991,True
1000,79,true,mixed,-252.6318847357633,-1139.0734417108417,886.4415569750785,True
1000,80,hapibd,ibd,-314.35294910796944,-702.7344983258831,388.3815492179137,True
1000,80,hapibd,mixed,-243.873780844927,-1104.444500988408,860.5707201434809,True
1000,80,true,ibd,-310.0175701484345,-661.610687765148,351.59311761671347,True
1000,80,true,mixed,-242.22901062595238,-1031.484983850372,789.2559732244196,True
1000,81,hapibd,ibd,-312.37117907297795,-729.1097204155175,416.7385413425395,True
1000,81,hapibd,mixed,-240.93601776104822,-1141.9218442651506,900.9858265041024,True
1000,81,true,ibd,-310.90173250020956,-687.0318983029842,376.1301658027747,True
1000,81,true,mixed,-246.0987103469547,-1085.759649825064,839.6609394781092,True
1000,82,hapibd,ibd,-322.6884076680112,-744.430480657126,421.74207298911483,True
1000,82,hapibd,mixed,-254.472107082597,-1139.9413497024907,885.4692426198937,True
1000,82,true,ibd,-330.3677776371327,-680.547205447261,350.17942781012835,True
1000,82,true,mixed,-265.69383902219926,-1066.6430693157372,800.949230293538,True
1000,83,hapibd,ibd,-309.9900878371561,-708.3372054875973,398.3471176504412,True
1000,83,hapibd,mixed,-240.2348252514848,-1170.3039020121685,930.0690767606836,True
1000,83,true,ibd,-309.9399194594304,-677.3572074115117,367.41728795208127,True
1000,83,true,mixed,-241.54188114303741,-1103.2984133346504,861.7565321916129,True
1000,84,hapibd,ibd,-315.10504826611395,-699.7288780462994,384.6238297801855,True
1000,84,hapibd,mixed,-248.27519787316672,-1137.3777610595278,889.1025631863611,True
1000,84,true,ibd,-318.91025382911494,-664.5695073211544,345.6592534920395,True
1000,84,true,mixed,-253.00501259912033,-1063.2475222671908,810.2425096680704,True
1000,85,hapibd,ibd,-316.5645483192846,-708.729222661089,392.1646743418044,True
1000,85,hapibd,mixed,-250.9614039343764,-1088.456106743706,837.4947028093295,True
1000,85,true,ibd,-317.7987566610402,-673.3356849064683,355.53692824542804,True
1000,85,true,mixed,-252.6624858535156,-1030.3620801591762,777.6995943056606,True
1000,86,hapibd,ibd,-321.44691231586796,-743.5965087574822,422.1495964416142,True
1000,86,hapibd,mixed,-249.4492932061334,-1143.905071949296,894.4557787431625,True
1000,86,true,ibd,-326.1689879036311,-690.5819517653098,364.4129638616787,True
1000,86,true,mixed,-257.2400383035888,-1073.358432335025,816.1183940314363,True
1000,87,hapibd,ibd,-329.06003819816624,-754.5321075601161,425.4720693619498,True
1000,87,hapibd,mixed,-262.88112660790944,-1231.1585314213764,968.277404813467,True
1000,87,true,ibd,-325.9457054561093,-718.6439282456424,392.69822278953313,True
1000,87,true,mixed,-264.102469905439,-1150.9009188504,886.7984489449611,True
1000,88,hapibd,ibd,-322.2965372151298,-739.3943901232835,417.09785290815375,True
1000,88,hapibd,mixed,-255.15253913248802,-1171.9305529629848,916.7780138304968,True
1000,88,true,ibd,-333.1188042019031,-675.3117613105394,342.1929571086363,True
1000,88,true,mixed,-265.29544436760796,-1091.6422328263427,826.3467884587347,True
1000,89,hapibd,ibd,-325.7263850658873,-687.9282521401718,362.2018670742845,True
1000,89,hapibd,mixed,-255.8047775967184,-1120.0566203502117,864.2518427534933,True
1000,89,true,ibd,-332.80571606033146,-653.7247097911687,320.91899373083726,True
1000,89,true,mixed,-267.9243029719586,-1065.0960178594855,797.171714887527,True
1000,90,hapibd,ibd,-320.5805933134107,-690.4654757548296,369.88488244141894,True
1000,90,hapibd,mixed,-248.3245489687735,-1075.527181527494,827.2026325587203,True
1000,90,true,ibd,-327.90570374535156,-676.0169379156353,348.1112341702837,True
1000,90,true,mixed,-263.5023977573334,-1038.8643747366405,775.361976979307,True
1000,91,hapibd,ibd,-323.5826497577075,-705.1206388857032,381.53798912799573,True
1000,91,hapibd,mixed,-255.3554188299002,-1107.8527693997216,852.4973505698215,True
1000,91,true,ibd,-324.4406171542281,-664.7034379857653,340.26282083153717,True
1000,91,true,mixed,-256.1346601833601,-1038.145666968386,782.0110067850259,True
1000,92,hapibd,ibd,-334.20953028186636,-700.2030788491198,365.99354856725347,True
1000,92,hapibd,mixed,-266.2337296482547,-1129.98555036131,863.7518207130554,True
1000,92,true,ibd,-327.6702012479754,-655.9527112317006,328.2825099837252,True
1000,92,true,mixed,-268.67346077373867,-1061.0910565965246,792.4175958227859,True
1000,93,hapibd,ibd,-327.2574109604559,-750.3482091066479,423.090798146192,True
1000,93,hapibd,mixed,-260.0977555666273,-1187.897405215242,927.7996496486148,True
1000,93,true,ibd,-327.3959442959057,-696.6142614853065,369.21831718940086,True
1000,93,true,mixed,-259.9322673020884,-1103.7493282641806,843.8170609620922,True
1000,94,hapibd,ibd,-323.37656779471985,-727.9394471828876,404.5628793881678,True
1000,94,hapibd,mixed,-256.74476819675704,-1209.1517655298483,952.4069973330912,True
1000,94,true,ibd,-330.1560644794725,-679.4044589797012,349.2483945002287,True
1000,94,true,mixed,-261.198831998616,-1128.0537695588116,866.8549375601956,True
1000,95,hapibd,ibd,-320.91579943748957,-702.562531612455,381.64673217496545,True
1000,95,hapibd,mixed,-248.3641600111088,-1184.6677223958231,936.3035623847144,True
1000,95,true,ibd,-323.18240922499916,-679.6407004128321,356.4582911878329,True
1000,95,true,mixed,-255.11406539010827,-1128.3426600523528,873.2285946622445,True
1000,96,hapibd,ibd,-330.3367070748309,-755.7454439671353,425.40873689230443,True
1000,96,hapibd,mixed,-260.27125287812765,-1172.4479288162493,912.1766759381217,True
1000,96,true,ibd,-325.21493840963205,-719.618394472598,394.4034560629659,True
1000,96,true,mixed,-254.5971682730461,-1101.5407007874512,846.9435325144051,True
1000,97,hapibd,ibd,-323.6855215959023,-690.9995343407089,367.31401274480663,True
1000,97,hapibd,mixed,-260.9601064076372,-1104.146294102402,843.1861876947647,True
1000,97,true,ibd,-324.9202592481624,-659.3624545044107,334.44219525624834,True
1000,97,true,mixed,-264.0610004198405,-1061.8463162649493,797.7853158451088,True
1000,98,hapibd,ibd,-323.03149551389146,-736.2035593304029,413.1720638165114,True
1000,98,hapibd,mixed,-256.5375032605331,-1215.0914820720552,958.5539788115221,True
1000,98,true,ibd,-326.52350680719866,-683.0785465096475,356.5550397024488,True
1000,98,true,mixed,-258.144771611723,-1136.1619572735167,878.0171856617937,True
1000,99,hapibd,ibd,-321.33910309684313,-716.0262776128936,394.6871745160505,True
1000,99,hapibd,mixed,-252.46334318001328,-1175.357462333897,922.8941191538838,True
1000,99,true,ibd,-329.67395929174023,-681.7157200373863,352.04176074564606,True
1000,99,true,mixed,-259.2257454261121,-1120.5224599909054,861.2967145647933,True
