genome_cm,replicate,source,model,delbo_recent,delbo_ancient,dlogz_recent,dlogz_ancient,true_beats_both,elbo_winner
50,0,hapibd,ibd,1.36454179567653,0.29338055478635283,3.205162494057447,1.4921471214155702,True,T_true
50,0,true,ibd,0.9854550468408831,0.1923057895154443,2.4309425589748628,1.51932699123617,True,T_true
50,0,none,snp,-2.4041045271803085,67.60899077960892,1.8486551661313584,71.28213836833675,False,T_alt1
50,0,hapibd,mixed,5.513348894669434,68.55322656110482,5.763241145545479,70.07063173750669,True,T_true
50,0,true,mixed,1.3810808131454593,65.16200310670858,4.4176923113995485,68.50942981324253,True,T_true
50,1,hapibd,ibd,5.311202005366226,-0.1239908828979992,7.85576661844479,0.6686716486389628,False,T_alt2
50,1,true,ibd,5.656790427141175,0.4259728168443928,7.014730692762612,0.829848259774451,True,T_true
50,1,none,snp,-3.9278057558723702,55.48865228221125,-3.2230806626448256,56.93946331095265,False,T_alt1
50,1,hapibd,mixed,6.337402464110568,53.91266273602179,9.429056415980611,58.52462878110043,True,T_true
50,1,true,mixed,2.8046945886761847,54.996044510806456,6.220125126424847,57.277937694764006,True,T_true
50,2,hapibd,ibd,-0.33960001823609787,0.58440593291715,1.5939147658797594,1.0515485441137855,False,T_alt1
50,2,true,ibd,-0.769656308935339,0.790337365350922,1.622177020829895,1.297081027120413,False,T_alt1
50,2,none,snp,-9.034433350606282,98.28136282177846,-5.740384461516868,99.67053851425194,False,T_alt1
50,2,hapibd,mixed,-3.1801326572269204,101.37757592242815,-0.5433110043795182,101.28468908204354,False,T_alt1
50,2,true,mixed,-3.557662210774936,100.51769384337858,-0.3037099572325843,101.40984160107791,False,T_alt1
50,3,hapibd,ibd,-2.1706530153344374,-2.186526180682705,2.649949145005394,1.7268983484400735,False,T_alt2
50,3,true,ibd,-0.6948151023456717,-0.7833834724176256,3.681717061466742,1.7747547707874105,False,T_alt2
50,3,none,snp,-1.789853394716669,72.61677039318485,-0.4970126070113636,69.60098136615207,False,T_alt1
50,3,hapibd,mixed,2.986193434679379,69.57679413729684,5.13066582883684,71.39708596294192,True,T_true
50,3,true,mixed,3.1082355310782503,69.12316501412148,5.675814405265129,70.23097666359263,True,T_true
50,4,hapibd,ibd,6.343753946478444,0.5065354196950977,8.099614752277859,1.2058757852639133,True,T_true
50,4,true,ibd,5.242717235753901,0.5806814903355644,7.51151335220942,1.4977334435455418,True,T_true
50,4,none,snp,-3.336465828041611,76.0324234442643,-3.1715344319110983,74.1962851700157,False,T_alt1
50,4,hapibd,mixed,5.955627374764532,75.6816669012306,8.624085624202493,76.89338975728266,True,T_true
50,4,true,mixed,7.35645079596064,75.94449349207481,7.293626004511154,77.80529116107157,True,T_true
50,5,hapibd,ibd,5.7179428282594245,1.5000944059861752,7.116986771608794,1.4848533780461253,True,T_true
50,5,true,ibd,6.263070080542917,0.9674342432660694,8.430481825754441,2.3738182705553754,True,T_true
50,5,none,snp,-4.178117648366229,58.126471714898955,-3.144562446381741,59.08627243234579,False,T_alt1
50,5,hapibd,mixed,7.106249088862754,57.50026125968601,8.960901155816444,59.7582573867674,True,T_true
50,5,true,mixed,9.130314356508961,58.253531938657375,8.279197396376546,59.40997860694061,True,T_true
50,6,hapibd,ibd,-0.6932224434004297,1.23663498893265,2.1646378288331505,2.505942615213911,False,T_alt1
50,6,true,ibd,0.4995064920973675,2.1615383055066957,2.2713848734408657,1.4023149197338398,True,T_true
50,6,none,snp,-5.832836872243917,51.207230310843485,-0.8056107140798332,56.99608132213934,False,T_alt1
50,6,hapibd,mixed,-2.1869329189264732,51.65172025012308,1.8467741272975218,55.08920076541436,False,T_alt1
50,6,true,mixed,0.0955532674399251,52.35367936064178,1.8073060081042769,54.19843826875086,True,T_true
50,7,hapibd,ibd,-0.46388995048940274,0.1217810582898835,1.3956737953543552,1.2332762764553422,False,T_alt1
50,7,true,ibd,1.039260488306752,1.0223752619351956,2.73594968765903,1.7491160620467383,True,T_true
50,7,none,snp,-2.300867953514615,49.143357268369485,-1.081256706389567,49.87448997769376,False,T_alt1
50,7,hapibd,mixed,0.8205298895773439,48.818753321612945,3.5306408384491164,51.257901873902526,True,T_true
50,7,true,mixed,4.682612331203188,51.19249421327382,4.6346747461326885,51.01388384015992,True,T_true
50,8,hapibd,ibd,-1.2607883440216483,2.1133307445719822,1.0332130727762205,1.4518075173873797,False,T_alt1
50,8,true,ibd,0.9480096235760413,0.6431910064522413,6.355269255469437,4.32554835909292,True,T_true
50,8,none,snp,-9.120552364032214,61.152697547660374,-3.698503531874053,64.14492891748043,False,T_alt1
50,8,hapibd,mixed,-1.9755243692154778,65.5566263630219,-0.35648685682294,63.77096236108768,False,T_alt1
50,8,true,mixed,1.4117337840683604,63.60577737779167,2.0928779148873105,64.24538715200624,True,T_true
50,9,hapibd,ibd,2.4030767424320345,2.03939954007015,4.956521210507759,2.5984241443296696,True,T_true
50,9,true,ibd,2.854286075840747,1.435482706918691,4.662281751542935,1.1252243171374516,True,T_true
50,9,none,snp,-6.559417098215707,79.54629506696847,-3.6708574160608407,81.15791029363646,False,T_alt1
50,9,hapibd,mixed,1.036210181423769,77.39444600106627,4.396229709737241,81.80416088361164,True,T_true
50,9,true,mixed,3.154858605657438,78.96666872659449,4.064801825618716,80.2249935025599,True,T_true
50,10,hapibd,ibd,6.4936001167490645,0.30961288975800016,9.192192242605415,1.9903614167361638,True,T_true
50,10,true,ibd,0.2572033625085055,0.6784891802648474,2.638138899959614,1.2786310819695075,True,T_true
50,10,none,snp,-6.15242463566705,74.22631708102303,-3.833485740382578,74.02616984112342,False,T_alt1
50,10,hapibd,mixed,2.5970843397249297,69.27938757864574,4.6361811718654025,74.0478925861695,True,T_true
50,10,true,mixed,2.3724857008894276,73.19890048846858,0.93284189279521,73.50144636666539,True,T_true
50,11,hapibd,ibd,8.26685631467143,0.1763635246674653,10.065171518544815,1.474018775502259,True,T_true
50,11,true,ibd,7.4618882053704,0.5407966255198744,9.067710392196261,0.9934509769024658,True,T_true
50,11,none,snp,-2.1102993694000816,82.8641738458056,-2.2587028821999198,83.03793291195157,False,T_alt1
50,11,hapibd,mixed,9.843865901759045,80.60661021827201,10.895718918345423,82.37358097033264,True,T_true
50,11,true,mixed,10.091080697016096,82.08861556418337,10.32733927224534,83.28841302927236,True,T_true
50,12,hapibd,ibd,5.057192684566843,-0.18236302511343183,7.723644539439732,1.0219133789262287,False,T_alt2
50,12,true,ibd,3.1979135474535667,0.9540023961907593,4.9139572435954335,1.418425645016896,True,T_true
50,12,none,snp,-8.00536447834839,65.45596296626073,-1.919642169843904,70.39706563419429,False,T_alt1
50,12,hapibd,mixed,4.6038880492284875,66.92309846039414,6.591671484527524,68.30503394037069,True,T_true
50,12,true,mixed,5.929561444446733,68.16221508735745,4.313738014156371,69.02628194597074,True,T_true
50,13,hapibd,ibd,5.715797220434496,0.9126706076132507,6.884766322611625,1.1631111541864243,True,T_true
50,13,true,ibd,3.962105407591565,0.921237193117463,5.682869646334552,1.0112747944820342,True,T_true
50,13,none,snp,-4.5846625475032035,62.464664913312106,-1.5369015000200505,65.13147662493702,False,T_alt1
50,13,hapibd,mixed,5.112463037867727,61.14828185868366,8.452455406590204,64.72707635004667,True,T_true
50,13,true,mixed,3.785613184093819,62.53923690040388,6.113612517181181,63.1856921790168,True,T_true
50,14,hapibd,ibd,-0.5425929830553571,-1.5081975725304346,3.216389135840558,0.9385752976878337,False,T_alt2
50,14,true,ibd,-0.37872851245259653,-0.9750518311209362,2.4353796144906994,0.5173608275918014,False,T_alt2
50,14,none,snp,-5.465234949938882,84.35230669409054,-3.6662976332509487,83.5838844981601,False,T_alt1
50,14,hapibd,mixed,1.7959644801820929,83.18194816599049,4.196835217242636,84.94071840793237,True,T_true
50,14,true,mixed,0.8578858279726518,83.10069672532704,2.983317404835759,83.6230903442483,True,T_true
50,15,hapibd,ibd,7.1843609367234365,0.4091338626786012,8.802575771844232,1.4467067629562962,True,T_true
50,15,true,ibd,6.21634503149437,1.2011678920301279,7.560051485722738,1.4482767754817019,True,T_true
50,15,none,snp,-2.7189348954391086,51.19319285354535,-0.25518039904984136,52.554981231427135,False,T_alt1
50,15,hapibd,mixed,10.737655598756575,51.61319835371039,10.11329599003976,53.370886391807446,True,T_true
50,15,true,mixed,6.3579832374511085,53.55229092120467,8.522265305207924,53.15444561670469,True,T_true
50,16,hapibd,ibd,10.20439307104553,0.6902583949284917,11.911368788748518,1.2531805439627703,True,T_true
50,16,true,ibd,6.6674506813452865,1.6910290953731533,7.832915812780556,1.1743778236129856,True,T_true
50,16,none,snp,-9.256515795019514,117.12957546149637,-5.062522498201169,122.16196973622642,False,T_alt1
50,16,hapibd,mixed,8.54201941606091,120.01351065272932,8.52852127283613,119.56289694235782,True,T_true
50,16,true,mixed,6.422028659565868,119.65246579956883,7.073233670937341,120.9277566569182,True,T_true
50,17,hapibd,ibd,3.4926311197033044,0.7232115556024894,6.875627036063349,1.4235540349105804,True,T_true
50,17,true,ibd,7.214106674469747,-0.2548223000082146,9.107263878954342,1.1775893863792817,False,T_alt2
50,17,none,snp,-4.55997041867948,56.033658852553,-1.8776783927163834,59.53536399124991,False,T_alt1
50,17,hapibd,mixed,5.455214772987375,57.7467169054421,6.791355616883678,57.79830647586084,True,T_true
50,17,true,mixed,9.05704848458575,56.389571822256414,11.12053557419965,58.96266685460945,True,T_true
50,18,hapibd,ibd,9.870462188089277,0.7963708493234662,12.302220115170059,1.9977184087734088,True,T_true
50,18,true,ibd,3.104388607889888,0.018802162772573183,6.098341623045684,1.1817799057360787,True,T_true
50,18,none,snp,-4.4789384885548,46.24184485034223,-2.91641388353419,47.721642824367734,False,T_alt1
50,18,hapibd,mixed,11.598200792458726,45.942568402073476,12.165987120425427,48.486634754618564,True,T_true
50,18,true,mixed,5.400948807351909,45.51623951665127,9.356354036919157,50.12228304041706,True,T_true
50,19,hapibd,ibd,2.589523506246252,0.6573245955849245,4.633932709756948,0.9645970741292444,True,T_true
50,19,true,ibd,4.1611631006965695,1.3890611628829674,5.676926660811972,1.9410583910728292,True,T_true
50,19,none,snp,-6.865245772746256,89.68181882663421,-3.991664645086992,91.52215368073283,False,T_alt1
50,19,hapibd,mixed,0.5623666774404938,89.15435862231159,5.34328850381263,93.60593221414048,True,T_true
50,19,true,mixed,6.872290402828625,90.73094148180185,6.064061973417026,93.60021714879586,True,T_true
50,20,hapibd,ibd,5.661690162302733,1.2996631000749232,7.02856769534236,1.6919310962118743,True,T_true
50,20,true,ibd,1.878016741405645,-0.21461264126492097,6.132892776756421,2.77474345474414,False,T_alt2
50,20,none,snp,-7.780887214470216,63.538397204899866,-6.247019022017533,62.22252103012483,False,T_alt1
50,20,hapibd,mixed,4.6576672501161624,64.53118323694756,4.854487160564233,65.02772143748032,True,T_true
50,20,true,mixed,0.62747710622493,62.61532055610202,2.9028236088756927,65.10251441265564,True,T_true
50,21,hapibd,ibd,2.9971222451606536,0.3306512281417895,5.321883925885743,1.7144831649845287,True,T_true
50,21,true,ibd,6.529589264023372,0.1695180907180145,8.494032453678784,1.769592063325888,True,T_true
50,21,none,snp,-3.953486999794457,106.4531507871559,0.7848752000761223,108.96552621751299,False,T_alt1
50,21,hapibd,mixed,7.686932842122246,107.83266423146668,8.481810890917131,108.6381607546308,True,T_true
50,21,true,mixed,9.300947440395063,108.21371617210977,10.489405690246727,109.67378344610509,True,T_true
50,22,hapibd,ibd,5.366697722175303,0.28083006825744405,7.213880622160758,1.0676057539858732,True,T_true
50,22,true,ibd,7.335322695384804,1.1500007150407896,8.639536449396644,1.570801876047483,True,T_true
50,22,none,snp,-6.522447077885303,76.69603174329217,1.978238429184998,83.10521922810412,False,T_alt1
50,22,hapibd,mixed,6.088305498053245,77.27663493158254,9.36919833348496,82.34453567224186,True,T_true
50,22,true,mixed,7.684492113618234,78.55852898711387,8.56922486089293,79.9624883162942,True,T_true
50,23,hapibd,ibd,-0.029475231197523044,1.158396740536773,2.2934985115054474,1.9357688098364747,False,T_alt1
50,23,true,ibd,1.4277724384315036,0.5165158190357317,3.951552623784579,1.4282935350549337,True,T_true
50,23,none,snp,-6.727656997705612,50.065558005725705,-0.008477458377001312,56.79360285318638,False,T_alt1
50,23,hapibd,mixed,2.122189908701614,54.501564092157096,4.098295743678847,56.13077894432911,True,T_true
50,23,true,mixed,0.973206387375015,52.42258653600604,4.855791155940054,56.10540217988792,True,T_true
50,24,hapibd,ibd,-0.7881875048535392,0.42418970025008207,1.356951470015673,1.2119026515515543,False,T_alt1
50,24,true,ibd,1.4780304293407482,3.0894285865421693,4.506090160508194,3.3324016021617524,True,T_true
50,24,none,snp,-5.02023594285853,57.31475396976562,-1.0372334985686038,59.13062742926675,False,T_alt1
50,24,hapibd,mixed,2.2336912828739344,55.10458315720028,1.8431966075266928,56.933936126214434,True,T_true
50,24,true,mixed,4.519118575947914,57.191528701454516,5.659410587974804,59.88319607514667,True,T_true
50,25,hapibd,ibd,7.838362444214766,0.8639380540582238,9.510410535113323,0.904949248125547,True,T_true
50,25,true,ibd,2.2399663257648967,-1.1085758413779274,7.871604542606775,3.3200260896693976,False,T_alt2
50,25,none,snp,-6.605379608941373,71.57675688502293,-1.9659863145437484,74.09945072346088,False,T_alt1
50,25,hapibd,mixed,7.261955059015264,71.0861208785096,11.062386538173726,74.78141488127675,True,T_true
50,25,true,mixed,3.958338575655702,71.82313684795317,6.377960418521383,74.17423560528873,True,T_true
50,26,hapibd,ibd,3.6040470235148234,0.26751201438878525,5.746149869945583,1.7426365016167722,True,T_true
50,26,true,ibd,-1.714750518558617,1.2799383049909352,0.3461625057232425,1.7487324457962643,False,T_alt1
50,26,none,snp,-8.055266412917959,49.41865093462482,-3.383179169945116,50.81584548115276,False,T_alt1
50,26,hapibd,mixed,2.2319592520484832,51.11186500734459,4.995401124260326,52.03853242546029,True,T_true
50,26,true,mixed,-3.1688256155580348,50.738062686146094,-0.0761237499982883,52.46653710937278,False,T_alt1
50,27,hapibd,ibd,3.5764740566347655,-0.4457389314286502,6.602377849020371,1.8640622885978075,False,T_alt2
50,27,true,ibd,4.751979244187339,0.9626237044873562,7.065160869535646,2.2382310996608226,True,T_true
50,27,none,snp,-7.248772397584446,78.08648338586127,-4.5101907246729525,77.0672771428571,False,T_alt1
50,27,hapibd,mixed,3.6872337854523636,76.75114800341699,3.9386728345236293,75.87097679490003,True,T_true
50,27,true,mixed,6.235402579711916,77.1066103663453,6.852067504930972,78.30948717566282,True,T_true
50,28,hapibd,ibd,4.184536688554971,0.3114693659433385,6.208221528749476,1.2219910471813478,True,T_true
50,28,true,ibd,4.848898131342651,0.8882640281751435,6.378463030665586,1.5589027124575807,True,T_true
50,28,none,snp,-3.1961848818478984,67.04507782453038,-1.1620667488182335,69.58411695283223,False,T_alt1
50,28,hapibd,mixed,5.482333724406232,65.11029793384,7.606715882771596,68.1944663931429,True,T_true
50,28,true,mixed,7.68915952480441,67.13143173866256,9.190261865622375,69.82901137639612,True,T_true
50,29,hapibd,ibd,6.130976225685544,0.6020123805044477,7.817545421031724,1.3095936424988963,True,T_true
50,29,true,ibd,7.532643867272043,0.18334194711241025,9.003583640241033,1.1228875250354804,True,T_true
50,29,none,snp,-2.5567779076039905,63.47915878579468,-3.071397889467441,63.28201110385673,False,T_alt1
50,29,hapibd,mixed,8.954619677892964,63.2854377509821,8.040805509649232,64.16360563161447,True,T_true
50,29,true,mixed,11.142628314581273,63.52194713715757,11.445038952940195,66.11852303869576,True,T_true
50,30,hapibd,ibd,6.551890724629885,0.8199685438344488,8.688678199928034,1.308436581163562,True,T_true
50,30,true,ibd,1.661805334135579,0.9407787507172714,3.420690971141795,1.5200597967741487,True,T_true
50,30,none,snp,-6.944917647579327,69.7244595722142,-4.208453277194991,70.79372749705101,False,T_alt1
50,30,hapibd,mixed,5.138721407354268,67.48168689658307,6.055420018441907,69.79481952790097,True,T_true
50,30,true,mixed,-0.5813108047835982,69.32320965766974,1.7900398695777398,71.38317084737479,False,T_alt1
50,31,hapibd,ibd,8.257135622541199,0.3352846123945028,9.81190011204282,1.0137202956176736,True,T_true
50,31,true,ibd,6.226359867464311,0.889847133234781,8.353221047723252,2.221275686028804,True,T_true
50,31,none,snp,-3.788281937866472,76.23616717094274,-1.4968560096973391,80.3135770964286,False,T_alt1
50,31,hapibd,mixed,7.139420346484982,74.97593139469858,10.188650469803477,78.94657998600461,True,T_true
50,31,true,mixed,7.169768833648163,77.91693086839328,7.044428678216036,79.30447817511913,True,T_true
50,32,hapibd,ibd,2.885239285990764,0.555681844582864,5.528734562171053,1.940540929841461,True,T_true
50,32,true,ibd,5.472049180289872,-0.5059648028889683,10.667326308055578,4.125570166009737,False,T_alt2
50,32,none,snp,-2.80798987871583,74.54374310416641,-1.210235020713931,75.96707758380485,False,T_alt1
50,32,hapibd,mixed,5.3432094466766245,71.6961612267537,7.152478204780806,74.70405913223597,True,T_true
50,32,true,mixed,9.135214472969423,74.13819082897491,9.98937165511596,74.91607689439434,True,T_true
50,33,hapibd,ibd,5.810701732734202,0.5826337780105177,7.7639880224732,1.2017675784882442,True,T_true
50,33,true,ibd,4.221229497660175,0.8476288325031192,5.900472692802481,1.4026979974336484,True,T_true
50,33,none,snp,-2.194792681621621,62.32467953749271,-0.5415325497975303,63.40331325140761,False,T_alt1
50,33,hapibd,mixed,10.860307034001693,62.41535947827387,9.011432175346272,63.275372953550814,True,T_true
50,33,true,mixed,8.935153799638485,63.70261021217833,7.179680052497076,63.9531426105154,True,T_true
50,34,hapibd,ibd,7.365083382777755,1.0475054571801081,8.035711452031876,0.5359480210524907,True,T_true
50,34,true,ibd,4.176043873305105,0.8375395729222816,5.453120547645625,0.879059998750364,True,T_true
50,34,none,snp,-11.193467842836455,76.29354449259836,-5.295142687451417,80.83665927305391,False,T_alt1
50,34,hapibd,mixed,2.26414989296876,81.27877801524198,4.42521757869774,82.72206147968548,True,T_true
50,34,true,mixed,2.073878650905712,79.1357299455851,1.8553704095589296,81.74474883703526,True,T_true
50,35,hapibd,ibd,10.14197666879889,0.09071780117210437,11.628840707068491,0.8886177579288983,True,T_true
50,35,true,ibd,4.80207919389855,-0.045996026381772026,7.786125558826001,1.8589901209533934,False,T_alt2
50,35,none,snp,-3.736109274907225,56.63642815275888,-0.050246501171187674,57.46599289360925,False,T_alt1
50,35,hapibd,mixed,12.118484834589523,55.683888242304775,14.479524548623331,58.19720009808816,True,T_true
50,35,true,mixed,8.852569379266214,56.81753918088006,9.689537035090112,57.780650587402775,True,T_true
50,36,hapibd,ibd,7.469628299524942,0.8743594901549159,9.178264785116596,1.603489608735515,True,T_true
50,36,true,ibd,7.006868897195488,0.9722528505823504,9.314259675837405,1.5036178672188782,True,T_true
50,36,none,snp,-2.0463159249491305,75.83857099045872,5.4335612250823,82.1559751178211,False,T_alt1
50,36,hapibd,mixed,13.61794843562572,77.22889970126481,12.342517263996044,77.8340348715155,True,T_true
50,36,true,mixed,9.86245949682349,76.10623411653354,12.669581513809746,76.93269296359011,True,T_true
50,37,hapibd,ibd,-1.0474062296573834,0.21225727008993545,1.0127206321972722,1.0888303324007609,False,T_alt1
50,37,true,ibd,-2.005794063484899,1.8002226617631152,0.47431807226394085,1.9367989272125214,False,T_alt1
50,37,none,snp,-8.95683096041778,73.37345652060633,-4.907458048682663,78.12382279876286,False,T_alt1
50,37,hapibd,mixed,-2.4332315730690937,77.29110274107103,0.13776814735440723,79.52320842973887,False,T_alt1
50,37,true,mixed,-2.730207435887465,76.90282644836476,-2.0044638789260034,78.53564760325068,False,T_alt1
50,38,hapibd,ibd,2.145264466753872,0.8619749828645524,3.360547580718844,0.9859235999494445,True,T_true
50,38,true,ibd,3.640051817888832,1.5406032341960554,5.605006301122103,1.2634842938237796,True,T_true
50,38,none,snp,-2.0681943479628906,107.33665336358641,0.349172191487213,107.74928018565552,False,T_alt1
50,38,hapibd,mixed,6.105724870598507,106.86202243324622,8.080879998316334,108.18288642860381,True,T_true
50,38,true,mixed,7.5988291201822875,106.77794682173781,9.760061879251182,107.49815796553462,True,T_true
50,39,hapibd,ibd,16.829068229938514,0.5886931011430079,18.36851253111368,1.337917560997795,True,T_true
50,39,true,ibd,-0.15179422757216798,0.23079702069586006,2.7243332979294337,1.7961610701700863,False,T_alt1
50,39,none,snp,-6.000816872042748,90.23763097250152,-3.5783738216265277,92.76268065332964,False,T_alt1
50,39,hapibd,mixed,12.858513977645515,87.12467324149964,13.160525323555476,89.36170971965763,True,T_true
50,39,true,mixed,1.267920925032513,92.77484057859522,2.3107539831045756,93.0641971906372,True,T_true
50,40,hapibd,ibd,-2.3014204758636367,0.5530487973063032,-0.09551937565251478,0.8742468653478568,False,T_alt1
50,40,true,ibd,-0.9905362846747607,1.2352014724072546,1.554929295054535,2.4622777369858113,False,T_alt1
50,40,none,snp,-4.3244395255571995,108.16613191787164,-3.216658926304987,108.67078478701795,False,T_alt1
50,40,hapibd,mixed,-2.7246157219021683,106.29743701533462,-0.9463814418280236,106.32160425709506,False,T_alt1
50,40,true,mixed,2.0584502860833283,108.68073842997711,-0.009871518070070806,108.74633317952099,True,T_true
50,41,hapibd,ibd,-1.23506919885628,1.8373740982804634,1.3814226041378959,2.137625333880635,False,T_alt1
50,41,true,ibd,-2.195597872040622,0.08884678548096758,1.4900993779192504,2.516435589922253,False,T_alt1
50,41,none,snp,-9.680118241358564,103.23601055444229,-4.459272852403302,104.0483361681948,False,T_alt1
50,41,hapibd,mixed,-3.4691869831216167,100.90802232741044,-0.6242784508111612,104.1636987338007,False,T_alt1
50,41,true,mixed,-1.4739895954595426,105.61181038394153,-0.17417365486976166,105.18847339497574,False,T_alt1
50,42,hapibd,ibd,6.003400270979057,-0.11236966967354078,8.301098634674531,1.503550516970165,False,T_alt2
50,42,true,ibd,6.114064784949932,0.7768222632539334,8.077901760718476,1.9397011637361459,True,T_true
50,42,none,snp,-5.3338249530728525,45.85056615276352,-1.9567987766346064,48.61741249602001,False,T_alt1
50,42,hapibd,mixed,6.257690038736996,46.56424985546971,7.729015203354237,47.36355239995639,True,T_true
50,42,true,mixed,8.368046157385947,47.71139237437313,7.9796242597439715,49.06461117131512,True,T_true
50,43,hapibd,ibd,6.849578348495811,0.39785811724451037,8.745791716259532,1.4085948518491023,True,T_true
50,43,true,ibd,7.364465805841377,1.7228418391216564,8.49722713725049,1.3597872222227068,True,T_true
50,43,none,snp,0.6198930223603583,57.46471180475775,2.5103552823686215,57.42501258578418,True,T_true
50,43,hapibd,mixed,14.768761160828646,54.22648056707068,14.36619490636248,57.4614100635053,True,T_true
50,43,true,mixed,11.430281171562811,55.61768214100093,12.559365998673215,56.38970079286972,True,T_true
50,44,hapibd,ibd,8.180070450544235,-0.34526605954727074,10.86760902729182,1.7626534042436504,False,T_alt2
50,44,true,ibd,6.685951672061151,0.6278925050990551,8.938341860101417,2.1497331151472565,True,T_true
50,44,none,snp,-3.6383928429338503,62.780164411432054,-0.23042646050019755,63.46336175226797,False,T_alt1
50,44,hapibd,mixed,11.090421845841576,63.18361686743634,13.831457994625055,65.91598796962151,True,T_true
50,44,true,mixed,13.205646477233287,63.94640962687167,13.394346820046437,66.11684179984154,True,T_true
50,45,hapibd,ibd,5.519225075784647,0.30237855860806917,7.965152843195,1.7141108614958966,True,T_true
50,45,true,ibd,1.5720171894421355,0.20900755862237475,5.001319426542352,2.4139064004962734,True,T_true
50,45,none,snp,-3.7916904227085197,87.84521279869165,-1.6321860188830115,90.09626670492001,False,T_alt1
50,45,hapibd,mixed,7.80353964860511,88.89175709376751,8.526586412734503,90.29126962277647,True,T_true
50,45,true,mixed,2.1478597193351874,86.67959282865878,4.283037405120368,88.9196814451209,True,T_true
50,46,hapibd,ibd,7.00880006097259,0.42835502597100117,9.350083444698527,1.9541258131553434,True,T_true
50,46,true,ibd,4.513612157643308,-0.027835094287553375,6.884331132803936,1.694803646204349,False,T_alt2
50,46,none,snp,-11.15933918178493,86.2244772571021,0.5265918268946237,97.35051483752147,False,T_alt1
50,46,hapibd,mixed,6.542429018302329,93.3954340472832,8.531256100076604,94.57813311128996,True,T_true
50,46,true,mixed,6.8162751647960675,94.87162866415285,8.245434018238882,94.90771460016468,True,T_true
50,47,hapibd,ibd,0.9432705412327493,0.5383747185246648,2.354786523256166,0.7743822225775148,True,T_true
50,47,true,ibd,4.843534035264071,0.22166387186064185,6.908098802678438,1.1642803518380447,True,T_true
50,47,none,snp,-3.6199183310422995,87.75827708712677,0.1478327334553029,91.05407310824418,False,T_alt1
50,47,hapibd,mixed,4.156631063792005,90.79318553355199,6.3391609491058745,92.07680372371443,True,T_true
50,47,true,mixed,8.462377662738163,90.73725667362268,10.381725080654377,91.74209460159983,True,T_true
50,48,hapibd,ibd,1.290479769432494,0.28836349054819266,3.486615188402965,1.0931124369658107,True,T_true
50,48,true,ibd,0.5725484518111443,0.6579700066095597,3.247349621520158,0.9463558499822113,True,T_true
50,48,none,snp,-3.8155650499046914,122.81062866704858,-0.775859621299432,124.83131459621501,False,T_alt1
50,48,hapibd,mixed,3.520867039601484,120.5466413015376,5.055666784741561,124.30819513104144,True,T_true
50,48,true,mixed,1.9035145156657052,121.08543704702764,4.899574909825077,123.80801155293213,True,T_true
50,49,hapibd,ibd,10.91704558224771,0.9392187535060543,13.04015140342355,2.153925390654308,True,T_true
50,49,true,ibd,8.642395093367298,1.1286247336451254,9.75671834144407,1.9079670210614381,True,T_true
50,49,none,snp,-5.360480061001297,55.79090771666626,-1.8553788674215994,58.8382318824973,False,T_alt1
50,49,hapibd,mixed,13.609079117634508,56.69425649881836,16.598201407270153,60.66122626360067,True,T_true
50,49,true,mixed,10.01342741202157,56.14485349514854,12.80517138512063,60.34365053774904,True,T_true
50,50,hapibd,ibd,2.9224132029561645,0.7138061580751867,4.850203592249784,1.37483507781468,True,T_true
50,50,true,ibd,1.0486501754770359,0.8641095456273717,3.12161218359455,0.9087879281811979,True,T_true
50,50,none,snp,-4.932585678210117,118.02230950172779,-2.672115595232661,119.21437650055124,False,T_alt1
50,50,hapibd,mixed,3.411174794265122,117.48000912235827,6.591941515460846,121.36859431891823,True,T_true
50,50,true,mixed,1.314737369714834,117.97973185561071,4.07455108982046,119.59484571703788,True,T_true
50,51,hapibd,ibd,-0.7655637111981264,0.9619312975974594,1.0984944186133703,0.9882755036712467,False,T_alt1
50,51,true,ibd,-1.6988509533841807,0.6502021379021699,0.6044786737127765,1.566363917553872,False,T_alt1
50,51,none,snp,-4.126673725915083,104.3903834027445,-3.4983022492464073,101.85632012781886,False,T_alt1
50,51,hapibd,mixed,1.1241813610265154,101.53773711460711,0.4194654825701747,102.60236767689395,True,T_true
50,51,true,mixed,-1.5822017913214381,101.16108562815286,0.5593978436882878,102.1084097440156,False,T_alt1
50,52,hapibd,ibd,6.798129154061542,1.5431699534481425,8.83442448210269,1.6914300120279222,True,T_true
50,52,true,ibd,9.542298447181423,1.4795593613507663,11.523033768144956,3.0420185149842496,True,T_true
50,52,none,snp,-7.873450669611831,53.249200889859196,-2.821443133761484,57.733508111186,False,T_alt1
50,52,hapibd,mixed,8.664237055176855,54.87395628616764,10.43906646089745,58.76290620777522,True,T_true
50,52,true,mixed,13.056025399772679,57.26474700601706,11.560361343323677,58.437539465460716,True,T_true
50,53,hapibd,ibd,10.719438607761617,0.859973346294197,12.17275052158115,1.8359254989871658,True,T_true
50,53,true,ibd,3.7836756619626044,1.1634769394577233,4.859451821251923,1.4412673525147568,True,T_true
50,53,none,snp,-0.6900965087180069,96.13663417902181,-1.1109491005558496,96.87964176382685,False,T_alt1
50,53,hapibd,mixed,16.244058011640078,94.0797956454536,15.809055739805657,95.85812812987764,True,T_true
50,53,true,mixed,7.183354879285659,94.79911689155223,8.21421990756221,96.82552169868863,True,T_true
50,54,hapibd,ibd,4.5142827145223805,0.18390943244588698,7.251068360141943,1.3236955605319167,True,T_true
50,54,true,ibd,-3.2384006404206502,1.372978289022484,-0.573307010271435,2.4920520949349054,False,T_alt1
50,54,none,snp,-8.95567187410763,64.77053908927749,-3.094054190752182,70.14462586849338,False,T_alt1
50,54,hapibd,mixed,2.523375342431109,67.25213494908758,5.811075586931722,69.44813228342069,True,T_true
50,54,true,mixed,-5.150117172215488,69.18603565498199,-1.8150944177584023,70.7942545609579,False,T_alt1
50,55,hapibd,ibd,4.779187552728047,1.0530685369026287,6.850726390086891,0.9613932274279193,True,T_true
50,55,true,ibd,8.280754982478697,1.0931651952386972,9.725053274487664,1.5076513841408996,True,T_true
50,55,none,snp,-4.842497026924189,57.1966268546596,-2.412276945855133,53.92751464438302,False,T_alt1
50,55,hapibd,mixed,6.416646024576181,51.41585096602449,8.157389454908397,54.80273028863276,True,T_true
50,55,true,mixed,9.647713882907226,52.73064924030194,10.950168949030541,54.7828994561542,True,T_true
50,56,hapibd,ibd,-0.25476230323192794,0.023286156474370046,2.4384154411390284,1.0413017684925876,False,T_alt1
50,56,true,ibd,2.4483700177016487,-0.1792048285687997,4.9886632715311805,0.7890841450720245,False,T_alt2
50,56,none,snp,-3.2848981208509045,132.06920382336807,-1.0143995503048728,133.28057368457883,False,T_alt1
50,56,hapibd,mixed,2.8580706418473056,131.09389807088576,3.765640324334157,131.6330170887789,True,T_true
50,56,true,mixed,6.967220850239059,133.99447867898823,7.027917027412272,133.47425088243727,True,T_true
50,57,hapibd,ibd,2.010281308511054,1.281765863681244,3.430349397458599,1.54139177346579,True,T_true
50,57,true,ibd,4.799419360211772,-0.0712412887382925,8.162592692542802,1.7780995087763927,False,T_alt2
50,57,none,snp,-3.7925995751006027,93.33043780994191,-0.1066128574870433,96.54765750924423,False,T_alt1
50,57,hapibd,mixed,3.9867874599535895,93.68953470764647,4.737718041917788,93.65178680336379,True,T_true
50,57,true,mixed,9.370192671971864,92.87143910887566,10.029726829238257,94.7754317320832,True,T_true
50,58,hapibd,ibd,0.9848655778083639,1.5251664409230727,3.999439830892328,1.5471696479984587,True,T_true
50,58,true,ibd,2.692476383819013,1.9686250096332856,4.85301004914578,2.368440452813047,True,T_true
50,58,none,snp,-4.792255890120984,90.66395342833258,-3.1365155907166553,91.36601265509407,False,T_alt1
50,58,hapibd,mixed,2.2995040849716304,94.36860472912022,4.246260789162733,91.7451272782755,True,T_true
50,58,true,mixed,1.2570068421276943,88.59391316085042,4.342414892581715,91.48927158554176,True,T_true
50,59,hapibd,ibd,9.358298312489723,0.3596073961314801,10.798247616010997,1.265716895217878,True,T_true
50,59,true,ibd,4.403175866584434,-0.5807442261072424,6.962678276434076,1.3334434737342065,False,T_alt2
50,59,none,snp,-3.887673302750258,90.80711124925585,-1.7470809847071607,94.10233711387363,False,T_alt1
50,59,hapibd,mixed,12.845709817152866,91.43826254425208,14.966643057787763,94.6584354116525,True,T_true
50,59,true,mixed,9.052916919686524,91.93599409217158,10.215908530847742,94.4385503251876,True,T_true
50,60,hapibd,ibd,-0.37530659270382216,2.4596046102190883,0.7847519204789535,1.586775392699053,False,T_alt1
50,60,true,ibd,-0.6933581262032646,0.9090556021401994,2.4719167155280672,1.9789552146746132,False,T_alt1
50,60,none,snp,-3.6924982847142083,63.6927857617563,-0.24662574395193104,63.69762833939907,False,T_alt1
50,60,hapibd,mixed,1.4840238736047269,61.59353589426567,3.605736329804529,63.332413894527406,True,T_true
50,60,true,mixed,3.3099472739977926,61.58093911119474,3.7261619585712396,63.41795846126557,True,T_true
50,61,hapibd,ibd,12.381690450861896,0.9356718655920133,13.94629838282566,1.4070179668331093,True,T_true
50,61,true,ibd,2.354895870934513,-1.7383023513941964,6.826940778176009,0.8416142327124021,False,T_alt2
50,61,none,snp,-7.0261217427627365,58.841805638042935,-3.2710196438937302,62.08006038622806,False,T_alt1
50,61,hapibd,mixed,10.789814412437138,59.30463716681011,11.043558964392844,60.79214266197582,True,T_true
50,61,true,mixed,2.0734245324577785,57.91839226472679,5.0938383376376635,61.38986099319345,True,T_true
50,62,hapibd,ibd,4.184536688554971,0.3114693659433385,6.208221528749476,1.2219910471813478,True,T_true
50,62,true,ibd,4.848898131342651,0.8882640281751435,6.378463030665586,1.5589027124575807,True,T_true
50,62,none,snp,-3.1961848818478984,67.04507782453038,-1.1620667488182335,69.58411695283223,False,T_alt1
50,62,hapibd,mixed,5.482333724406232,65.11029793384,7.606715882771596,68.1944663931429,True,T_true
50,62,true,mixed,7.68915952480441,67.13143173866256,9.190261865622375,69.82901137639612,True,T_true
50,63,hapibd,ibd,7.099381575082617,0.045191113693789475,8.889997036420766,-0.011925638706088648,True,T_true
50,63,true,ibd,6.648178642951137,0.5314037453910032,8.359795769768226,1.5240039592773087,True,T_true
50,63,none,snp,-3.553233543323202,42.161176004797596,-0.9514656121785379,44.22127316447555,False,T_alt1
50,63,hapibd,mixed,10.373298709235542,43.27672998476896,11.19550569896856,44.51684027627442,True,T_true
50,63,true,mixed,7.03950723583236,41.77175879453809,10.77161614176309,44.76877339645952,True,T_true
50,64,hapibd,ibd,5.861525525682737,0.8361204688129362,6.931808291731215,0.8985559188582499,True,T_true
50,64,true,ibd,4.838017928102232,1.5229527494001616,7.571053552997284,2.7496446626512636,True,T_true
50,64,none,snp,-4.420795075487458,47.23558079274292,-2.9036243781486277,45.98645395290818,False,T_alt1
50,64,hapibd,mixed,8.068619079655093,47.12665664135528,7.507499638380963,47.592014740795804,True,T_true
50,64,true,mixed,6.922129224942509,47.252929157972105,7.864145275782988,48.361001334182916,True,T_true
50,65,hapibd,ibd,-1.504600326239398,0.055444807927983675,3.0475947795652303,1.9031155584811188,False,T_alt1
50,65,true,ibd,0.9499488363886996,1.1168562003378781,3.536932101268718,2.362425851687874,True,T_true
50,65,none,snp,-5.4536798757954585,91.87282730566984,-0.9121079143107877,94.23445781524185,False,T_alt1
50,65,hapibd,mixed,1.065257102865914,90.66195207628141,3.169438380778061,92.83647620170959,True,T_true
50,65,true,mixed,-1.4895187668310257,89.52615604303749,2.5798457634458885,91.71326671792274,False,T_alt1
50,66,hapibd,ibd,12.381690450861896,0.9356718655920133,13.94629838282566,1.4070179668331093,True,T_true
50,66,true,ibd,2.354895870934513,-1.7383023513941964,6.826940778176009,0.8416142327124021,False,T_alt2
50,66,none,snp,-7.0261217427627365,58.841805638042935,-3.2710196438937302,62.08006038622806,False,T_alt1
50,66,hapibd,mixed,10.789814412437138,59.30463716681011,11.043558964392844,60.79214266197582,True,T_true
50,66,true,mixed,2.0734245324577785,57.91839226472679,5.0938383376376635,61.38986099319345,True,T_true
50,67,hapibd,ibd,5.364377763481514,0.6996797787026878,7.055087586886657,1.2756310383650487,True,T_true
50,67,true,ibd,10.473183907321271,1.33611180247388,11.881642291479466,1.9280392632151688,True,T_true
50,67,none,snp,-4.905261743881205,90.55009029693463,-1.411981498809098,93.46477896404326,False,T_alt1
50,67,hapibd,mixed,5.6682431067743835,90.77252838215855,8.020696991126513,92.12258903446677,True,T_true
50,67,true,mixed,11.461420656316307,90.71615928854808,10.711801033842917,92.85932319478995,True,T_true
50,68,hapibd,ibd,1.4826595169635652,0.4532033695930977,3.4683183335358763,0.7734464078968415,True,T_true
50,68,true,ibd,2.574456956898871,0.4160167239699888,5.221539162681609,2.1843448075220806,True,T_true
50,68,none,snp,-2.967114531420883,62.66539798877911,-1.784557622937264,64.24509739546764,False,T_alt1
50,68,hapibd,mixed,3.179896028655506,64.27115404345028,4.963537517609652,64.59689362094073,True,T_true
50,68,true,mixed,5.467120039838036,63.830128676172166,6.998454782479698,66.03815719203727,True,T_true
50,69,hapibd,ibd,7.7368400334515,-0.13755236443947183,9.35449590163654,1.4352875260891835,False,T_alt2
50,69,true,ibd,1.0916075116164166,0.19526510845338407,2.878204077229981,1.441517181900025,True,T_true
50,69,none,snp,-6.0247355275290495,53.00657415612639,-3.488935278740975,55.70980884207927,False,T_alt1
50,69,hapibd,mixed,5.695478573990499,53.685259986465525,7.952564372875116,55.902743759173234,True,T_true
50,69,true,mixed,1.2117231047919717,57.54929230598273,2.464297932678562,58.66909835167034,True,T_true
50,70,hapibd,ibd,0.14057274021757848,0.3887062477679706,3.0053265224538563,2.043969354026302,True,T_true
50,70,true,ibd,0.32865271266337004,-0.39166644068791356,5.248121513304227,3.0535854022157025,False,T_alt2
50,70,none,snp,-7.757681828415983,65.60319806536333,-4.709444050554069,66.93179621215292,False,T_alt1
50,70,hapibd,mixed,-0.9176315432682287,66.00949002112029,0.10890362520680696,68.23047385312982,False,T_alt1
50,70,true,mixed,-2.2914902622541575,66.4307694394639,1.971687802069738,68.48471519165638,False,T_alt1
50,71,hapibd,ibd,4.931655087627689,-0.25899509040135626,8.782903077567994,2.9726611366303928,False,T_alt2
50,71,true,ibd,2.3085158254717726,0.103049522620978,4.527981305475805,1.2336329171214118,True,T_true
50,71,none,snp,-9.549330916197007,84.8685853308447,-4.206643144933288,88.76817812849339,False,T_alt1
50,71,hapibd,mixed,2.2770155607575475,89.63285898400233,4.743345610543784,91.8142723879886,True,T_true
50,71,true,mixed,-0.07061588044915368,87.92243149010655,1.2943108831722867,90.39666983052905,False,T_alt1
50,72,hapibd,ibd,10.687098827988336,0.8858915759969364,12.657775171856542,2.006353156999836,True,T_true
50,72,true,ibd,10.734804632283101,0.7679315887263272,12.953629883696834,1.7520032764821565,True,T_true
50,72,none,snp,-5.333315985870126,64.16580796963986,-0.04072428835865338,67.92873579049117,False,T_alt1
50,72,hapibd,mixed,8.63038856027498,62.33809012016704,11.40074806370815,65.24751269627026,True,T_true
50,72,true,mixed,9.595736687760294,62.005042143313275,12.15409602024154,65.67388001706196,True,T_true
50,73,hapibd,ibd,9.750521562978804,0.5571272849164757,11.94201788795695,2.09572714011901,True,T_true
50,73,true,ibd,6.109664141708663,1.670638038717101,7.657219804191186,2.357858968648685,True,T_true
50,73,none,snp,-4.11835509770642,69.03055830285929,-2.0821036904322483,71.3104349256449,False,T_alt1
50,73,hapibd,mixed,14.130549421107418,69.96879056352546,11.787459377589471,71.33276229494106,True,T_true
50,73,true,mixed,7.77918807534482,69.16886658689162,9.214716053092133,71.540007403993,True,T_true
50,74,hapibd,ibd,3.8583359431519852,0.9371363327752817,5.729868781782471,1.6863177495092714,True,T_true
50,74,true,ibd,0.5519165919356226,1.1162944910682029,2.3207291122280935,1.8380326054522982,True,T_true
50,74,none,snp,-6.890686460517063,79.50539950486395,-5.043134338180607,79.77477553473483,False,T_alt1
50,74,hapibd,mixed,2.7420842379094523,79.83633496051829,5.494077097821318,82.06169534704718,True,T_true
50,74,true,mixed,-0.001194870198489184,82.08120124218141,2.042812296283728,83.99890091640424,False,T_alt1
50,75,hapibd,ibd,2.0862141662911142,1.2427004851254253,4.444625295150473,1.947686360737805,True,T_true
50,75,true,ibd,4.884120462573719,2.3580225328241795,6.603088233456361,1.6658533729960823,True,T_true
50,75,none,snp,-2.4976738315365843,90.79471190427799,0.9181037880637035,91.71469990092328,False,T_alt1
50,75,hapibd,mixed,6.660028476636597,89.92882571876461,8.375019501015942,92.04010508226008,True,T_true
50,75,true,mixed,7.730200935788858,91.20718997900734,10.54666484688346,91.1740803555951,True,T_true
50,76,hapibd,ibd,1.2268780840267937,1.1980354292989261,3.2739823201542606,1.1880050108800333,True,T_true
50,76,true,ibd,0.5043780915544005,0.503289546878392,2.912822088840784,1.6362736742717914,True,T_true
50,76,none,snp,-5.806275071468651,116.11782762013175,-3.652332955146669,118.6225944743396,False,T_alt1
50,76,hapibd,mixed,-0.8190089791227706,115.10084407738371,2.672810273716266,118.67355414055271,False,T_alt1
50,76,true,mixed,-0.7568236224502982,116.01809803271071,2.5752603806528924,116.78101583518841,False,T_alt1
50,77,hapibd,ibd,-0.5658371597789085,0.011707219552789638,3.1654626187924464,1.6010287166168098,False,T_alt1
50,77,true,ibd,0.8112188231795869,0.7659916407418734,2.3838956889142366,1.2273766397611041,True,T_true
50,77,none,snp,-6.8628128703145315,93.44321851920132,-3.0922619309378447,96.57764127574347,False,T_alt1
50,77,hapibd,mixed,0.05651961901554614,95.01543292100483,2.4576459287370938,97.60888577016232,True,T_true
50,77,true,mixed,1.41553155114174,95.46438497450143,2.004519592673219,97.62509659058202,True,T_true
50,78,hapibd,ibd,3.932632634970645,0.5128485660592048,6.003593346375226,1.0057856719126619,True,T_true
50,78,true,ibd,13.413410331763544,1.1757115433003094,15.344246852319543,1.8197203648836364,True,T_true
50,78,none,snp,-4.565740346505194,99.50936203265309,-3.2582246995077355,100.5707767052393,False,T_alt1
50,78,hapibd,mixed,4.572478650896571,97.5588214405705,6.776633514405276,99.98913386330197,True,T_true
50,78,true,mixed,12.620020473564779,98.7694544787669,16.26130177514601,99.24696837779565,True,T_true
50,79,hapibd,ibd,-1.1664794361970507,0.374429973161881,0.11178368112513226,-0.340204200591927,False,T_alt1
50,79,true,ibd,-2.1711493469301217,1.5116988005942744,0.3124768814038532,2.230901935898487,False,T_alt1
50,79,none,snp,-5.316639618468162,114.70011923433228,-0.6545373274990567,118.20755084753534,False,T_alt1
50,79,hapibd,mixed,1.2367877837056653,116.72783366177553,0.630484896151458,116.63908584538709,True,T_true
50,79,true,mixed,-3.8424835160855366,111.04631208771539,0.8647288211290345,117.00501123940323,False,T_alt1
50,80,hapibd,ibd,0.7144113945268487,0.3564649289843942,3.269908709389995,1.9113991776037835,True,T_true
50,80,true,ibd,0.6756984769810117,-0.04552072460847967,3.334167676350404,1.9532619572578653,False,T_alt2
50,80,none,snp,-8.419481958385393,55.27875686303402,-2.275947341133815,60.10452794046827,False,T_alt1
50,80,hapibd,mixed,1.5842896889929534,57.52097111817989,2.47992815034776,57.24639202331923,True,T_true
50,80,true,mixed,1.5937530160804414,56.65071515907445,3.7927603862093378,59.218543387342905,True,T_true
50,81,hapibd,ibd,3.5212774539746476,0.386063892897198,5.4246832034282875,1.015256315998414,True,T_true
50,81,true,ibd,0.7489175024307428,-0.019754768679575818,3.262619482459371,1.2344333814742185,False,T_alt2
50,81,none,snp,-7.141247295097138,106.16362946534679,-4.899024149827184,108.12335819187174,False,T_alt1
50,81,hapibd,mixed,1.3504928189469894,103.91195920987353,2.8853858948816082,105.3137988566752,True,T_true
50,81,true,mixed,0.6539680950406677,104.07063159943567,1.9126736251601244,105.74476298923415,True,T_true
50,82,hapibd,ibd,4.770657226814194,-0.19785422384214257,9.524081018940478,3.2887565523057276,False,T_alt2
50,82,true,ibd,10.407379230554739,0.41776662033342404,11.553280322514098,1.1453370515930317,True,T_true
50,82,none,snp,-4.250410510858714,79.25232593634155,-0.7363157344266966,80.27117995908006,False,T_alt1
50,82,hapibd,mixed,9.686443865446535,78.88658879063676,8.910103724385593,80.76953873293824,True,T_true
50,82,true,mixed,11.920459097195987,77.60770538125294,13.599600870096666,81.0182298251475,True,T_true
50,83,hapibd,ibd,0.6337267186615918,0.8729624493432482,2.8368140395674857,0.7605367738947564,True,T_true
50,83,true,ibd,2.6038516735229393,0.6992345445295314,4.545153380477132,1.8101609495925572,True,T_true
50,83,none,snp,-4.525993156499272,82.3876943429363,-1.6754531927592922,84.54713349466698,False,T_alt1
50,83,hapibd,mixed,1.8180453872943332,80.50758040350578,3.801073733385465,83.55753219465684,True,T_true
50,83,true,mixed,2.8651179764175083,81.97723436445901,5.685390184847691,84.24667128939083,True,T_true
50,84,hapibd,ibd,0.93403339401587,0.6402614840932017,4.246406158234521,2.190275763622026,True,T_true
50,84,true,ibd,7.846239139740078,0.8809652218645851,9.042231130940706,1.0810085108635121,True,T_true
50,84,none,snp,-4.818905756778417,95.80019146701778,-1.3943883201976774,98.24348393409582,False,T_alt1
50,84,hapibd,mixed,3.5633812901927087,96.97432939713065,5.475050793892478,97.68624614016467,True,T_true
50,84,true,mixed,7.413961529564702,96.77394975680333,10.367835173097632,98.83867099234529,True,T_true
50,85,hapibd,ibd,-2.0392949794607205,1.697282347308061,1.014741807786237,2.236740914887804,False,T_alt1
50,85,true,ibd,0.9225021865703695,2.458830767781791,2.871987165543942,3.1082353941821452,True,T_true
50,85,none,snp,-4.2716576806611215,56.70191013749097,1.0725384214286677,60.81627624605692,False,T_alt1
50,85,hapibd,mixed,-1.2569913847068648,57.833101092360266,1.4994356641035722,58.60588580363323,False,T_alt1
50,85,true,mixed,1.7614828818609567,59.85386886586616,4.040290737772821,60.943572622697744,True,T_true
50,86,hapibd,ibd,3.259319080233979,1.218011182668448,4.494089879868596,1.2924612843338252,True,T_true
50,86,true,ibd,2.7911073062130924,1.129271508739663,4.317787977647868,0.7194018338543628,True,T_true
50,86,none,snp,-4.200142251683658,103.5194530281945,-1.889810483790768,106.69020068228221,False,T_alt1
50,86,hapibd,mixed,1.3531256175592574,103.55300001248956,4.185022079046561,105.61234003699784,True,T_true
50,86,true,mixed,2.055943762431326,103.68569109407659,4.507873294800945,105.52129574524011,True,T_true
50,87,hapibd,ibd,-1.3336275114062914,-1.072987842447617,2.6168240109990677,1.3982951565354824,False,T_alt1
50,87,true,ibd,5.631243203818798,0.8110532132388926,7.640337696198628,-0.1612752591013873,True,T_true
50,87,none,snp,-4.423906477175798,104.98507398541605,-3.286906425368322,106.26484029364104,False,T_alt1
50,87,hapibd,mixed,1.9389728610482706,105.48228950492377,3.0879529665215557,106.80501260783763,True,T_true
50,87,true,mixed,6.261232510208458,106.08470196293212,7.055805076239338,107.04676791909161,True,T_true
50,88,hapibd,ibd,-1.8070331373845647,1.1698650680941114,0.06565936612895484,0.46458203930444597,False,T_alt1
50,88,true,ibd,-2.776153412605396,4.256190586543738,-1.0754953803397882,1.6958991063011126,False,T_alt1
50,88,none,snp,-4.310411346014156,97.16931756333665,-3.2344630217755395,95.35207070687574,False,T_alt1
50,88,hapibd,mixed,-2.0273366129003705,94.78027793944446,0.0031567376030210426,96.02575448728577,False,T_alt1
50,88,true,mixed,-4.704146496443002,98.53592721166324,-0.6775997486932965,96.37187673632008,False,T_alt1
50,89,hapibd,ibd,1.610702272477198,0.4775576086717592,3.9409580404757207,1.9805368613697283,True,T_true
50,89,true,ibd,-1.1486703900077941,0.7069513234417002,1.1434288776961807,1.1028849787412014,False,T_alt1
50,89,none,snp,-3.8941193202423037,71.98778995382456,-1.3858485581266464,71.60739716480049,False,T_alt1
50,89,hapibd,mixed,1.8901616108928891,68.42939721172101,3.9155934312295955,68.14416226524065,True,T_true
50,89,true,mixed,-0.17257435954716982,68.51523028584495,3.8210826592291482,72.04768886605108,False,T_alt1
50,90,hapibd,ibd,2.285642039989341,0.42857268453894903,4.556701444550242,1.4228692067034387,True,T_true
50,90,true,ibd,1.4240992638872854,1.1282163171074728,3.4800620868828958,1.5912172365927972,True,T_true
50,90,none,snp,-4.494132508310059,114.69920364047445,-2.0657005289417825,116.48072966913445,False,T_alt1
50,90,hapibd,mixed,5.079937488075714,116.70029033261953,7.345926891474875,116.71316102950651,True,T_true
50,90,true,mixed,6.847367445852711,118.36396862925338,6.7081388481735615,119.66758343490575,True,T_true
50,91,hapibd,ibd,2.0625533663846056,0.9136885411224398,4.089219609242804,1.5586042638541358,True,T_true
50,91,true,ibd,0.2913626668446625,1.3890469701550217,2.5524202748992764,2.3659951824909626,True,T_true
50,91,none,snp,-8.02258897952547,64.86908246847369,-4.544632192982199,68.88307070668557,False,T_alt1
50,91,hapibd,mixed,4.187083492880191,70.86138124629329,7.268922973527026,73.50562507334237,True,T_true
50,91,true,mixed,-1.0836139736689177,68.37256403615515,2.9589254842679225,71.86020389101509,False,T_alt1
50,92,hapibd,ibd,-0.052967364286729435,1.7973266153576901,1.589566716476611,1.2501256149002984,False,T_alt1
50,92,true,ibd,-1.1910683069297647,0.001248234798026715,1.9061110478805006,1.7320687740656524,False,T_alt1
50,92,none,snp,-4.280421251208505,80.44170664010757,-0.5685792805743048,81.96725501391336,False,T_alt1
50,92,hapibd,mixed,-0.850461167987163,80.98940540385794,1.9802526653200232,81.3677035306435,False,T_alt1
50,92,true,mixed,0.09857091243611649,81.82350908709493,1.3715454179770887,82.71390413412615,True,T_true
50,93,hapibd,ibd,8.762523279368395,0.7160766673195553,10.587069706176209,1.0458068815627541,True,T_true
50,93,true,ibd,12.252260314909506,-0.12491211876232455,15.818344826226337,2.6967966699379247,False,T_alt2
50,93,none,snp,-3.8939483371789123,59.86859682708805,-1.651756080183219,59.615132734540474,False,T_alt1
50,93,hapibd,mixed,11.181372137860947,58.64101422833957,11.203151425615971,60.100852837293274,True,T_true
50,93,true,mixed,14.362902192210399,56.67696951582842,18.72921515081302,62.51638247573686,True,T_true
50,94,hapibd,ibd,5.1818898585673026,0.5168792373358713,7.261641311386285,1.7518103337641264,True,T_true
50,94,true,ibd,3.6845010907819074,1.942798008415167,5.394208661631978,1.6118134408191622,True,T_true
50,94,none,snp,-8.42876269966375,73.16705569878775,-4.680562409081091,76.41483216381422,False,T_alt1
50,94,hapibd,mixed,4.696843519190722,75.1111880557017,7.320891847822267,78.1388169749429,True,T_true
50,94,true,mixed,3.0950800635978197,76.93984792537331,4.716755916472167,78.11324424725682,True,T_true
50,95,hapibd,ibd,3.327231634873357,3.414046795838601,6.396949475687734,-0.7821245982617882,True,T_true
50,95,true,ibd,9.420481207712783,0.7334597044584825,10.97588912976147,1.4944221704045333,True,T_true
50,95,none,snp,-5.609444707322872,116.82468012776245,-2.812699371174844,118.57758509657256,False,T_alt1
50,95,hapibd,mixed,3.989610394538957,115.79727311644291,7.423706634677359,119.94260575127845,True,T_true
50,95,true,mixed,10.385290492340474,116.86206170718908,10.28130333147439,118.86448706235741,True,T_true
50,96,hapibd,ibd,0.07593046508236512,1.9814712317783858,2.5029353304442736,1.8336538907373097,True,T_true
50,96,true,ibd,1.323308067859955,0.3486909582501312,3.5292088714390673,1.5830350962033322,True,T_true
50,96,none,snp,-7.5716886645218295,93.75722960654474,-1.935215120899862,98.34257500335227,False,T_alt1
50,96,hapibd,mixed,4.1264991021753445,96.12054977463181,4.394652054640773,97.10541751519841,True,T_true
50,96,true,mixed,1.534187295043182,94.23183166559292,6.341628250506162,98.77153719862187,True,T_true
50,97,hapibd,ibd,-0.37417942762351686,0.518178341168408,3.854692800792236,3.0827694689334066,False,T_alt1
50,97,true,ibd,0.24338197368399506,-1.209178779052536,4.8804353232999915,2.0565474413429286,False,T_alt2
50,97,none,snp,-3.6115402379776,96.8534172760312,-2.3317159172863953,98.73413032830969,False,T_alt1
50,97,hapibd,mixed,1.0598633287250294,97.6673386876839,2.6476356829123517,98.00275874296702,True,T_true
50,97,true,mixed,4.603923214319295,100.08441196710207,4.713433955050277,98.23758199550856,True,T_true
50,98,hapibd,ibd,0.8334244263098753,0.2719671605904921,2.826604502163292,1.3187479229350743,True,T_true
50,98,true,ibd,-1.7322455592825747,1.2475336621128577,1.7950058736601306,2.7269299729300087,False,T_alt1
50,98,none,snp,-5.144531584167904,126.98746348680416,-0.8868186561424878,130.11309657085815,False,T_alt1
50,98,hapibd,mixed,0.5522121372686115,127.13107194782133,2.418949351102299,128.23909859199995,True,T_true
50,98,true,mixed,-0.9265104681716991,125.80854855719656,4.06510429137704,132.71319675441768,False,T_alt1
50,99,hapibd,ibd,6.64397274516665,1.9176601389005157,9.176897025976587,2.102152219520491,True,T_true
50,99,true,ibd,4.798663812125056,0.3393338384363176,6.786714224326005,1.5941276608691055,True,T_true
50,99,none,snp,-7.19102119308992,58.611521351439904,-3.4309687055113187,61.182110917288895,False,T_alt1
50,99,hapibd,mixed,5.210295986691435,57.333374441303036,5.5322118000395335,57.82222140044618,True,T_true
50,99,true,mixed,3.001024671467448,57.23281061618415,5.728827124527768,59.613881679570284,True,T_true
100,0,hapibd,ibd,6.892904740329129,0.6436920620177773,8.66636016520934,1.1848327310578384,True,T_true
100,0,true,ibd,6.162471949213909,0.13441968678009175,8.831176858787074,1.497900351323068,True,T_true
100,0,none,snp,-5.162724234756592,239.39512354936346,-5.549167507212417,238.13066443756307,False,T_alt1
100,0,hapibd,mixed,6.931098770492213,237.16471171112852,6.623681499300858,238.24864171362978,True,T_true
100,0,true,mixed,3.8880205365325082,236.85220301289337,7.582622978004707,239.89665416660011,True,T_true
100,1,hapibd,ibd,12.782249037474088,0.5682401744101355,14.650438766338851,1.8453503256981207,True,T_true
100,1,true,ibd,13.635549305138625,0.46728613041409517,15.869253701333093,1.818124005541165,True,T_true
100,1,none,snp,-10.062107270971989,118.05512077493113,-3.9574562684072347,122.49788352417426,False,T_alt1
100,1,hapibd,mixed,12.053599109067363,120.19600785907181,12.489495820401117,121.58038351101197,True,T_true
100,1,true,mixed,13.090140641730784,119.19053813034384,15.049815326372169,121.90357695296822,True,T_true
100,2,hapibd,ibd,17.48830094117821,0.4164956556161883,18.974537221178224,0.9117004895389869,True,T_true
100,2,true,ibd,12.48053793875033,1.5922132431663556,13.49627455618051,1.3954905130165116,True,T_true
100,2,none,snp,-4.3394535693633465,119.9321958576781,-1.894555089610357,123.12341938224802,False,T_alt1
100,2,hapibd,mixed,21.084923720611812,120.53959988275673,19.82240485130575,122.03762469838458,True,T_true
100,2,true,mixed,16.611686111154654,120.02677982813137,15.328889006847277,122.20878959125491,True,T_true
100,3,hapibd,ibd,2.808552449376549,0.6773230266162784,4.164826171337609,1.1100351930635952,True,T_true
100,3,true,ibd,1.5224766604165438,0.1853301320253422,6.0915868827911765,2.892717211049728,True,T_true
100,3,none,snp,-4.953617423137285,128.16065519162737,-1.373267598099062,129.74409434990633,False,T_alt1
100,3,hapibd,mixed,3.1182805751897718,128.47810137386338,9.013731225178958,133.4204591059157,True,T_true
100,3,true,mixed,5.3392055373205665,129.28167505360713,8.023333108238603,132.0170873993736,True,T_true
100,4,hapibd,ibd,17.2153229232799,0.5282695373662136,19.293347959718545,0.7642034811237011,True,T_true
100,4,true,ibd,5.4300329520111745,-0.08548915831482873,8.86842911192133,2.663837957244624,False,T_alt2
100,4,none,snp,-10.868964833088043,199.45952967662785,-6.236610000687776,204.34284185572184,False,T_alt1
100,4,hapibd,mixed,10.88893293440782,197.35003883602144,12.048382401841451,198.84515046277835,True,T_true
100,4,true,mixed,1.8347878197680814,199.02913804499113,4.051224342410194,202.09306880052168,True,T_true
100,5,hapibd,ibd,15.509290245683587,0.9971578175371576,18.092849602483966,2.6056976476828595,True,T_true
100,5,true,ibd,8.66418671941446,1.1938695790220493,10.540754022539176,1.1496266667981843,True,T_true
100,5,none,snp,-8.746429396746144,150.05479611419918,-4.794109898099656,153.3469420631416,False,T_alt1
100,5,hapibd,mixed,14.18998286809213,150.19095056640458,14.458192268273933,150.29356410826952,True,T_true
100,5,true,mixed,7.829773583959451,151.48900103478476,9.298323513588414,152.39755416817582,True,T_true
100,6,hapibd,ibd,-1.5526837272968805,1.5086843668912593,0.3849362245051111,1.2169347420443444,False,T_alt1
100,6,true,ibd,-0.11503747187674662,1.7700047219928479,2.9188018158516797,2.272831221892204,False,T_alt1
100,6,none,snp,-3.411871400413652,150.50104375859843,-0.9454490182209057,152.60883880263634,False,T_alt1
100,6,hapibd,mixed,2.8858229236142563,153.87909451098554,3.431208188926149,152.86381334056955,True,T_true
100,6,true,mixed,3.0342432418900387,149.60592968441188,4.8965812358195535,151.9685489243339,True,T_true
100,7,hapibd,ibd,5.776219108013123,1.794391002917763,8.862783131854258,3.0177168876711846,True,T_true
100,7,true,ibd,7.5138066130732,-0.3114451640767868,11.063407607166369,2.0449430917102234,False,T_alt2
100,7,none,snp,-5.070888390140652,144.0368640444637,-1.0736317724651485,148.16462016626343,False,T_alt1
100,7,hapibd,mixed,6.50758407341489,146.51545574135457,9.626110746784292,148.41967707004505,True,T_true
100,7,true,mixed,11.236176083463306,149.72951834693353,14.126109236154988,148.01031770350556,True,T_true
100,8,hapibd,ibd,15.466638957792185,0.42180495789017414,17.01224895516887,1.1094663519222365,True,T_true
100,8,true,ibd,9.75224186188359,0.9235557930190907,11.932021871785025,1.672104123494421,True,T_true
100,8,none,snp,-3.3025711510752522,160.63902254540204,-0.012164945519643311,161.89737668986666,False,T_alt1
100,8,hapibd,mixed,20.519352240461046,159.99745526001158,22.090642012268972,162.09314358258953,True,T_true
100,8,true,mixed,14.423786888626694,159.24868195650427,16.92410147866164,161.0697512840205,True,T_true
100,9,hapibd,ibd,13.360520966446046,0.5677468478387766,15.011638504549154,1.0879529666784151,True,T_true
100,9,true,ibd,11.839291763920954,0.5367256416103032,14.271744083786444,0.9071041706554581,True,T_true
100,9,none,snp,-7.800035290620805,88.75730332998933,-4.367521271811533,91.51703873854416,False,T_alt1
100,9,hapibd,mixed,10.595321374754079,88.5096173275313,13.42902957807786,92.0396284368459,True,T_true
100,9,true,mixed,12.363533226198598,88.64373333570163,12.919762773567854,91.10259533000139,True,T_true
100,10,hapibd,ibd,8.400530502476954,1.3260372842213428,12.616616150396624,3.9653629067134943,True,T_true
100,10,true,ibd,6.556140338414195,1.3798973462172626,8.233525325844028,2.0475257234479045,True,T_true
100,10,none,snp,-8.65289850872081,163.5839543667642,-5.594052098050916,162.6661801554987,False,T_alt1
100,10,hapibd,mixed,7.316972184648392,162.56790063799343,9.349862735417574,163.71485588909655,True,T_true
100,10,true,mixed,6.701225281049375,162.09042685547197,8.037773186052306,164.80038652233216,True,T_true
100,11,hapibd,ibd,16.11406029297669,0.15319198460855432,17.84499056471452,0.8856184129479345,True,T_true
100,11,true,ibd,10.734850922256868,-0.03930625586397696,13.41906314924509,1.7067004744286862,False,T_alt2
100,11,none,snp,-5.379905392048482,150.4074364668223,-1.2893994700839713,153.2901457724214,False,T_alt1
100,11,hapibd,mixed,18.946553477425255,150.4234508498364,19.7588845189984,151.72785240502992,True,T_true
100,11,true,mixed,14.11596185535899,150.58925307873835,15.764513504904002,152.59640120602546,True,T_true
100,12,hapibd,ibd,13.0457636290229,1.3086967644169931,15.75826585865508,3.3198633393647583,True,T_true
100,12,true,ibd,5.19225278860543,0.06326519869588765,7.651136196750713,1.787715751777057,True,T_true
100,12,none,snp,-3.635336790052719,197.92514846980913,-3.4771750208466656,197.08346133034252,False,T_alt1
100,12,hapibd,mixed,15.701287207280728,194.92981950154834,19.074827252973904,199.79352566185108,True,T_true
100,12,true,mixed,10.182998675661025,195.76316230488527,11.293386687379154,198.60125252340535,True,T_true
100,13,hapibd,ibd,15.7527094177901,0.5605896956429035,18.038775788973766,2.1300253308476726,True,T_true
100,13,true,ibd,16.385717807307287,1.2395698775238202,17.31628778923914,1.221757971474915,True,T_true
100,13,none,snp,-2.7850233882275788,236.70643268363085,-3.0924175696556446,236.74131257803597,False,T_alt1
100,13,hapibd,mixed,17.47995565347472,235.3848924997626,18.098524637412694,235.94990593978451,True,T_true
100,13,true,mixed,17.715966894682737,235.16972984580838,17.804846623233516,236.12504597154674,True,T_true
100,14,hapibd,ibd,11.22864688211618,-0.39467000585062806,13.48805360690136,-0.4160770262885478,False,T_alt2
100,14,true,ibd,1.9825606112463277,1.4249506654732613,5.099401999055715,1.1980374802122071,True,T_true
100,14,none,snp,-8.427911220384527,169.10768207286344,-5.216351566908685,170.68917678341376,False,T_alt1
100,14,hapibd,mixed,8.58352911132593,164.6762172448735,8.49195618235899,166.4031405236949,True,T_true
100,14,true,mixed,2.99228217382489,169.97366847675548,4.488059182479475,170.5680326747359,True,T_true
100,15,hapibd,ibd,4.18972972622322,-0.05907117840445153,6.2190245785138245,0.7661283331272557,False,T_alt2
100,15,true,ibd,3.976030845502322,2.051832312539034,5.917357544361693,1.4406852038598856,True,T_true
100,15,none,snp,-10.310944147591474,242.45172278642104,-7.047035238406444,246.13278248526044,False,T_alt1
100,15,hapibd,mixed,1.355848198591758,245.1953786242448,2.521486448182742,245.54884984435654,True,T_true
100,15,true,mixed,3.456235744676661,245.87424838016648,3.4385440134485066,246.50557495564905,True,T_true
100,16,hapibd,ibd,2.8326090363457013,-0.02593826947813227,4.823698622238936,1.5407152736180763,False,T_alt2
100,16,true,ibd,3.982461365589131,-0.0763333430092814,6.483575449376758,1.146553189109369,False,T_alt2
100,16,none,snp,-6.269077609582382,154.89423809576124,-3.178191966107775,155.44280302446901,False,T_alt1
100,16,hapibd,mixed,3.698761175521284,154.2931881907819,4.459789195993821,155.68546282898916,True,T_true
100,16,true,mixed,4.530297085981459,153.0275899794874,6.318149703951619,155.06208373830873,True,T_true
100,17,hapibd,ibd,2.05215374842831,1.9864140501625513,4.389254073686573,0.6622828437220676,True,T_true
100,17,true,ibd,1.7800681965826186,1.723591327661552,4.3157777795892684,2.427979425745093,True,T_true
100,17,none,snp,-6.071891014197629,136.29919232679083,-3.726412609003873,137.22665074996434,False,T_alt1
100,17,hapibd,mixed,2.3095768778773618,137.12039836654856,4.267710102030179,136.9979248194845,True,T_true
100,17,true,mixed,1.3025990506440053,135.42513620080288,5.632772136500392,138.95348397750905,True,T_true
100,18,hapibd,ibd,12.456558455302456,0.2697697453093042,14.922384809474863,2.1610216204103665,True,T_true
100,18,true,ibd,14.039241222345538,1.2106803044522678,15.3242766590364,2.0874182312675487,True,T_true
100,18,none,snp,-7.274236621109772,179.7057243336455,-6.230669441334413,181.32157310091853,False,T_alt1
100,18,hapibd,mixed,15.857974021160686,179.75046912408195,13.960186113994297,179.8388123799325,True,T_true
100,18,true,mixed,14.944555028667196,180.16371455002033,15.349591008320004,181.97829887450317,True,T_true
100,19,hapibd,ibd,3.77463401460264,0.3615257611921834,5.369399296048215,1.3224220541862053,True,T_true
100,19,true,ibd,2.5725496162411616,-0.05190426649258484,5.573137378340306,1.6869410591408212,False,T_alt2
100,19,none,snp,-0.20726377964749787,154.11287643190352,-1.8855782652032715,156.29593732710276,False,T_alt1
100,19,hapibd,mixed,4.77648369203925,157.2857317899626,5.718519170736528,156.49053059247112,True,T_true
100,19,true,mixed,4.616245335303034,155.32497804803032,10.640593947385867,160.97584661730795,True,T_true
100,20,hapibd,ibd,5.2831655253112615,0.09281485775446185,7.255190902351501,1.5117569682925591,True,T_true
100,20,true,ibd,1.347299518425075,1.0438928752322454,3.238751026251151,-0.05155664761358025,True,T_true
100,20,none,snp,-4.965317277531195,129.27100832544747,-3.1183110811644,128.66771294028777,False,T_alt1
100,20,hapibd,mixed,2.4651725888880947,123.6354104605011,6.800367998215933,127.49310434104072,True,T_true
100,20,true,mixed,2.4566144750984336,125.53692972557874,3.3329795905215747,127.4553634143189,True,T_true
100,21,hapibd,ibd,7.683843351033175,-1.044336910895396,10.373592958937365,1.0779410245417296,False,T_alt2
100,21,true,ibd,10.297580719366408,0.826432292008576,11.650713305775867,0.7832658248295559,True,T_true
100,21,none,snp,-9.23098246112859,188.6178665041096,-3.444967426586004,191.7724733533772,False,T_alt1
100,21,hapibd,mixed,9.407034442170897,191.33211171929293,12.593153863679277,193.92343281100077,True,T_true
100,21,true,mixed,14.202585086527108,193.40438996293483,15.647903540338717,194.12692218022843,True,T_true
100,22,hapibd,ibd,15.251700889298661,1.25786924002486,18.411090591220358,2.654941714030116,True,T_true
100,22,true,ibd,21.997212180865034,1.0144038603570777,23.543924210317414,1.4261376927811966,True,T_true
100,22,none,snp,-4.561509548904446,171.86036204665785,-3.2510193650213495,171.71377798452716,False,T_alt1
100,22,hapibd,mixed,14.891812353101813,168.97117424720082,17.51954380184577,172.2829446680498,True,T_true
100,22,true,mixed,24.137909019527342,171.39844483426756,23.407517690902466,171.74151738037762,True,T_true
100,23,hapibd,ibd,7.075685817001272,0.7260657135151405,10.0262216176545,2.7711252816857836,True,T_true
100,23,true,ibd,9.397597338300443,1.4902712652534547,12.168394408655729,2.305199579367354,True,T_true
100,23,none,snp,-6.167676759409993,159.81488366378653,-3.6688865549309426,161.18818144217232,False,T_alt1
100,23,hapibd,mixed,8.210299113212272,159.50992255350803,9.586304722778806,160.9874539571654,True,T_true
100,23,true,mixed,10.73422585780557,160.57309991956762,11.423510606206065,162.03423426975073,True,T_true
100,24,hapibd,ibd,9.404464416662393,1.394034781585873,12.116146156580584,1.029698553803712,True,T_true
100,24,true,ibd,5.621569470180901,1.0592531081351524,8.31801959955476,2.314940849306339,True,T_true
100,24,none,snp,-3.2311950015104607,239.1848681531986,-0.30479317504254055,237.65745606696743,False,T_alt1
100,24,hapibd,mixed,16.643050517768586,237.14116243456675,19.705953118833435,240.4008919797212,True,T_true
100,24,true,mixed,12.027674083378315,235.3299730399076,12.715874487004157,236.7935803251739,True,T_true
100,25,hapibd,ibd,15.497632384074905,-0.2155466424407848,16.78984853033657,0.8514481032170522,False,T_alt2
100,25,true,ibd,13.50670312709292,0.6520162063238502,14.850427584896465,0.9209006232029822,True,T_true
100,25,none,snp,-5.692858188589419,150.46727372055932,0.07618140589930533,153.62253327349177,False,T_alt1
100,25,hapibd,mixed,13.483913024252303,151.80564124741161,16.41448953202476,152.67757362276348,True,T_true
100,25,true,mixed,11.124562069242472,149.68640104558384,12.5347230750954,152.1607531421956,True,T_true
100,26,hapibd,ibd,4.446825321780494,1.5510473990895832,6.584669356212913,1.2824225415333217,True,T_true
100,26,true,ibd,7.943310062248997,0.8733502221238609,10.691507204175565,2.4971912619464263,True,T_true
100,26,none,snp,-1.1331918418323355,140.1761650846963,-1.921145173719566,142.13758741216301,False,T_alt1
100,26,hapibd,mixed,5.018666056246275,138.89503021771785,8.488342023184202,141.00527618614086,True,T_true
100,26,true,mixed,10.725530427087989,140.03996778161994,12.282574459876031,142.06851995058372,True,T_true
100,27,hapibd,ibd,2.526815672239536,0.7771080529246035,5.374961481563588,2.3750373206987376,True,T_true
100,27,true,ibd,-0.5748132305987497,-0.14279215790773492,2.4167653427290645,1.124121473192048,False,T_alt1
100,27,none,snp,-4.683684931453065,131.21459133130335,0.541636308390494,135.88291514444444,False,T_alt1
100,27,hapibd,mixed,2.509471905446617,131.5538277434147,3.4312200250532214,132.0143181303283,True,T_true
100,27,true,mixed,-0.6628647027474557,132.14970115756037,3.7446510059804012,135.3903267303045,False,T_alt1
100,28,hapibd,ibd,8.749393624870635,2.1885868094955754,14.354177252464154,7.360281657710516,True,T_true
100,28,true,ibd,8.16752634005175,2.475798490903145,9.93176736606975,3.4153699913856315,True,T_true
100,28,none,snp,-8.670187059579018,124.48492367337015,-6.745496440632877,124.16353168954032,False,T_alt1
100,28,hapibd,mixed,8.232987715904812,123.0734305702326,9.001557549942731,125.33664567604157,True,T_true
100,28,true,mixed,7.252884357397392,123.60494271736465,7.3396119840703875,125.93533054829612,True,T_true
100,29,hapibd,ibd,20.374576652638723,0.45944873100330597,21.883475531184956,1.4198562804249946,True,T_true
100,29,true,ibd,12.269635290257554,1.6583658115085598,14.34147253033268,1.5469594578394492,True,T_true
100,29,none,snp,-5.550269869489359,141.30679225691654,-4.41380931867895,143.07881142646667,False,T_alt1
100,29,hapibd,mixed,20.2249585770314,143.4351733208153,20.55668764651591,144.568954295024,True,T_true
100,29,true,mixed,10.855052187456664,142.28728899537433,14.182360705099626,146.51585909234052,True,T_true
100,30,hapibd,ibd,20.37505085204893,0.18445805553935202,22.344618807855937,1.3125121436789868,True,T_true
100,30,true,ibd,13.587333013779784,0.3924388952765696,15.264058929440722,1.0598391667866167,True,T_true
100,30,none,snp,-7.10172530939813,146.02574917272668,-4.6422159817779445,147.63902793471198,False,T_alt1
100,30,hapibd,mixed,15.738238588951987,142.93556422481177,16.838078010708017,144.3522321359118,True,T_true
100,30,true,mixed,9.201607299770473,144.28408480579566,11.02690334784046,144.96190422024793,True,T_true
100,31,hapibd,ibd,6.103094640575819,0.6445346698525896,7.729432452758516,1.37025845799036,True,T_true
100,31,true,ibd,6.812976296163384,0.9912146602366647,8.118468037819213,1.3488811320213188,True,T_true
100,31,none,snp,-6.890271039152385,112.87373224130774,-3.5472501927087023,114.69726157760635,False,T_alt1
100,31,hapibd,mixed,5.868204794038746,113.30717627901038,9.390263272660036,117.08208209746897,True,T_true
100,31,true,mixed,7.464527722637058,114.47831763169657,8.584898033790779,116.42627738060452,True,T_true
100,32,hapibd,ibd,12.366832025009217,0.6877538392781162,14.119631156224017,1.3353170696488803,True,T_true
100,32,true,ibd,7.760385234714988,1.1173070921315684,9.905366446346108,1.5897005762550407,True,T_true
100,32,none,snp,-7.72018573816711,111.10160794656966,-1.3954247963736677,114.46768227319498,False,T_alt1
100,32,hapibd,mixed,15.569602051841315,112.53665964476721,18.1434894445853,113.42544835378519,True,T_true
100,32,true,mixed,13.836966137549638,109.84203434203158,15.751957304164364,114.42411614923682,True,T_true
100,33,hapibd,ibd,9.464629885632007,0.37956291116580587,12.33057701566571,1.473542749333376,True,T_true
100,33,true,ibd,6.523575124650591,0.8951553803808281,13.342807465529347,6.15289629583404,True,T_true
100,33,none,snp,-6.972895731966009,140.30380747149397,-6.584295543317623,140.53612845701343,False,T_alt1
100,33,hapibd,mixed,5.971939037642358,138.41433515733522,6.661659852939238,140.40112948193942,True,T_true
100,33,true,mixed,3.818267934240083,139.40198620885957,4.8226354968582825,140.06090363050075,True,T_true
100,34,hapibd,ibd,20.602172539063645,1.9680962557265786,21.667427059514978,-1.433998954299824,True,T_true
100,34,true,ibd,16.59476498574989,0.5800556471782841,18.44172146143225,1.634332040537231,True,T_true
100,34,none,snp,-7.310371539524578,126.51573910717418,-1.870570682084164,132.4997515723933,False,T_alt1
100,34,hapibd,mixed,20.77748702031755,126.77901863060075,23.101985970513113,129.86711511592995,True,T_true
100,34,true,mixed,19.52282649198895,128.78215006103545,20.885387255350906,130.91543928457352,True,T_true
100,35,hapibd,ibd,17.441216797402177,0.6213254973419566,19.133810715367275,1.8350725387430487,True,T_true
100,35,true,ibd,18.959274118750557,1.0808864354528112,21.473767334340806,3.332809843908535,True,T_true
100,35,none,snp,-2.922856822400796,159.55343637900899,1.5129531853977412,161.8811988764094,False,T_alt1
100,35,hapibd,mixed,23.61471214077835,159.20647985249252,26.274477164414748,160.20210713563057,True,T_true
100,35,true,mixed,25.681520351877225,158.43948916269187,26.17892147397484,160.14649400044402,True,T_true
100,36,hapibd,ibd,9.668444621052515,1.0065531236170102,11.560543388689837,1.4423742244033235,True,T_true
100,36,true,ibd,1.5647761217471725,0.771698090323099,3.779194562326097,1.1543670060060265,True,T_true
100,36,none,snp,-5.9630247568019,110.99724592381847,-2.827357049135692,109.91059970728992,False,T_alt1
100,36,hapibd,mixed,11.314103766450273,107.72201239679322,12.207554400037012,108.94473208699237,True,T_true
100,36,true,mixed,4.272993298000813,108.19493224319896,5.468752809932937,110.21880727285364,True,T_true
100,37,hapibd,ibd,19.234946576680557,-0.3125197644830564,21.340255713011885,1.2293326951061658,False,T_alt2
100,37,true,ibd,19.87541700585095,1.16664713067496,20.83403738442982,1.4435182062307774,True,T_true
100,37,none,snp,-1.3808492222604087,204.6083793722675,1.8420974085355084,205.7927067079841,False,T_alt1
100,37,hapibd,mixed,24.675236104387125,201.316658146806,25.52621158086467,202.5532724762322,True,T_true
100,37,true,mixed,23.87356915024671,200.01041516802107,27.247173334946183,203.67025344529264,True,T_true
100,38,hapibd,ibd,-0.05994506180593362,0.24435790105570732,3.0502389311550644,0.9263482371336806,False,T_alt1
100,38,true,ibd,4.990385074799093,1.8518729735646104,8.300917203351702,2.2493336212963584,True,T_true
100,38,none,snp,-5.550829688859409,156.40002288933854,-4.0606151228049185,157.99457633001106,False,T_alt1
100,38,hapibd,mixed,3.3486752332872243,159.88209407431057,2.8527896950801335,156.02745160427884,True,T_true
100,38,true,mixed,6.194782192911191,156.60841690980592,8.064522716052352,155.65849689614925,True,T_true
100,39,hapibd,ibd,8.711278362990782,-0.028853701345923355,10.564619335602032,0.428108828332455,False,T_alt2
100,39,true,ibd,10.707360519176802,0.9190278465754034,13.172239265752381,1.5155630488368104,True,T_true
100,39,none,snp,-6.251157174309363,145.90022243318668,-3.2160489242124726,148.54673531144292,False,T_alt1
100,39,hapibd,mixed,6.62498238952773,142.7103259300593,9.475260352197324,144.59042880215156,True,T_true
100,39,true,mixed,14.80583846943938,144.1337859542557,14.610963575396568,146.7439859473724,True,T_true
100,40,hapibd,ibd,9.716026415976103,0.08252414731347812,13.128718035761977,1.6962372804665335,True,T_true
100,40,true,ibd,4.754261795139399,0.4056051594580481,6.757879156168457,1.3359435563516513,True,T_true
100,40,none,snp,-6.653349617950212,154.88809174161645,-5.720597657654459,155.56695588213654,False,T_alt1
100,40,hapibd,mixed,11.937030084546393,155.9272540713714,10.614357541854304,157.30466295723218,True,T_true
100,40,true,mixed,4.781496970925275,155.24828954146523,7.475329879188024,158.19318122304117,True,T_true
100,41,hapibd,ibd,7.085153618856225,0.556374165729494,9.236048156744658,2.2612895903661183,True,T_true
100,41,true,ibd,5.220188917293228,-0.026995764732419048,7.561988004200458,1.258865925026555,False,T_alt2
100,41,none,snp,-2.0082546985573444,179.5312734453774,0.18445063272565676,181.6472631877275,False,T_alt1
100,41,hapibd,mixed,10.859554455193233,178.46778208034428,11.923837808516708,180.03008088836512,True,T_true
100,41,true,mixed,12.427254093875376,179.01433837602556,13.07319575973338,181.32533066795725,True,T_true
100,42,hapibd,ibd,2.7491716151424725,0.05730914567112677,4.998902479948526,1.3122191247133514,True,T_true
100,42,true,ibd,5.099939090225092,2.013652643594668,7.505513250461405,1.215371410922188,True,T_true
100,42,none,snp,-5.917238409202032,168.88385228311387,-3.244198786662622,170.91568512631147,False,T_alt1
100,42,hapibd,mixed,3.8390332301033254,167.00510516865663,5.077848791263591,170.78334642644697,True,T_true
100,42,true,mixed,6.45976823383856,170.28466861922715,9.478440076660902,171.671964763054,True,T_true
100,43,hapibd,ibd,14.8551760389239,0.48349810114913794,15.735612401663872,0.8747293565416498,True,T_true
100,43,true,ibd,5.467176884638775,0.296371481687828,8.053087313169556,0.8695382740045545,True,T_true
100,43,none,snp,-5.394983264868401,137.84313434971645,-3.913019353522074,139.71531039987144,False,T_alt1
100,43,hapibd,mixed,13.181892377538077,137.12378778891363,15.419280429974748,139.56761248806194,True,T_true
100,43,true,mixed,9.144085631306211,136.68706648391165,10.520928923337493,137.83660756161626,True,T_true
100,44,hapibd,ibd,12.261980827167747,1.0876351298139753,13.996235979130745,1.8868359612257848,True,T_true
100,44,true,ibd,11.502295844915267,0.4708727110027553,13.963611219927515,1.458208223420968,True,T_true
100,44,none,snp,-4.043368912678542,133.2288849347383,-3.499588208411623,132.0108009333381,False,T_alt1
100,44,hapibd,mixed,15.96233310039645,131.27933640791602,15.486636310353163,133.1823236380982,True,T_true
100,44,true,mixed,15.190400873701947,130.78559349383085,17.402478910940374,132.7123216028271,True,T_true
100,45,hapibd,ibd,15.386334811318136,1.1655118226476873,16.373810163388697,1.53685319819877,True,T_true
100,45,true,ibd,12.18939280131832,1.4338940776414688,13.673186379564925,1.7924872043260223,True,T_true
100,45,none,snp,-6.432562825493125,175.13547417581987,-4.563853657179102,175.69309352690823,False,T_alt1
100,45,hapibd,mixed,16.28506278253451,173.33176795798752,17.41851700795729,175.5527366350087,True,T_true
100,45,true,mixed,15.34465905837095,174.44003093145938,15.280901077576516,176.81817310116418,True,T_true
100,46,hapibd,ibd,16.89375628565972,1.3162770933716672,18.622706782474722,1.7023392970241673,True,T_true
100,46,true,ibd,9.605093331497699,0.8422351409772943,11.212127065694716,1.7611336921423515,True,T_true
100,46,none,snp,-7.5541741497899615,128.90227987509152,-3.518323021678192,132.47345239199117,False,T_alt1
100,46,hapibd,mixed,16.942808602691173,130.4230423349288,17.205095715836848,132.09569777656316,True,T_true
100,46,true,mixed,12.20734384718574,131.72135180619625,12.788814521713448,133.11393727309377,True,T_true
100,47,hapibd,ibd,18.36314784259062,0.9008000582034583,20.329626525720926,1.8330653933246026,True,T_true
100,47,true,ibd,9.171920364747365,1.0367145004535416,11.780401047956246,1.7953136503318206,True,T_true
100,47,none,snp,-7.820767899454967,137.59522547512006,-4.007924163206738,140.4268928952402,False,T_alt1
100,47,hapibd,mixed,17.575898191617057,138.21342115580364,18.5844742744724,140.23658147637548,True,T_true
100,47,true,mixed,10.50881915642475,139.33404326523083,12.827907940855908,141.54407404097316,True,T_true
100,48,hapibd,ibd,5.156699605470976,0.457662155854365,6.858444546848347,1.266015970913088,True,T_true
100,48,true,ibd,7.531722866548137,1.2285620398576782,9.88356856174562,2.195852355657621,True,T_true
100,48,none,snp,-5.3983300461748875,117.92770425979043,-3.6584796243811084,119.34632760588606,False,T_alt1
100,48,hapibd,mixed,1.6073521269711364,114.69672121875098,5.318815785708438,118.23801872050394,True,T_true
100,48,true,mixed,8.745784301921617,117.6917715928848,8.933603462120047,118.56989612023843,True,T_true
100,49,hapibd,ibd,9.069894439221684,0.8731221879599502,11.412748779989187,1.829101233063227,True,T_true
100,49,true,ibd,8.892577083977045,0.8008509467321687,12.327221267568461,3.7684895542864467,True,T_true
100,49,none,snp,-6.813234210437717,213.54731286103723,-4.009544011230318,214.46193273169249,False,T_alt1
100,49,hapibd,mixed,9.402831449685095,212.4171740839521,11.269462874001675,215.23905766870382,True,T_true
100,49,true,mixed,8.716973138943729,213.99948853666044,11.345199647117227,216.2765620010792,True,T_true
100,50,hapibd,ibd,4.7973072336909865,0.8462537063786897,6.754830324845614,0.7619029894026426,True,T_true
100,50,true,ibd,7.059593547340768,1.7561379680982157,8.508721186144413,1.777845739117339,True,T_true
100,50,none,snp,-8.080581015251244,143.6622693598636,-3.693557058063071,146.7583449935853,False,T_alt1
100,50,hapibd,mixed,3.8478659156697006,144.31908953837797,7.525317458450786,147.80848974307176,True,T_true
100,50,true,mixed,9.13428560479511,145.89997094590063,8.107243266632025,147.16402166016601,True,T_true
100,51,hapibd,ibd,15.473400339101232,0.27829705680173333,18.073007116834162,1.2200486379177278,True,T_true
100,51,true,ibd,12.211544858640337,1.8319101630244177,15.909509918541744,3.3017495147683746,True,T_true
100,51,none,snp,-3.5215220581482427,147.77333107279446,-0.010995988242775923,149.4225053317138,False,T_alt1
100,51,hapibd,mixed,20.161152328965755,146.12161985318994,23.167484460041493,148.24436964493287,True,T_true
100,51,true,mixed,16.009221362571907,146.99836448689635,18.398907131617563,148.77719464949726,True,T_true
100,52,hapibd,ibd,9.992993636944533,1.2547683615792948,12.600693721226776,2.7260107368246054,True,T_true
100,52,true,ibd,13.66407748482851,0.5739475234748568,15.499567445158277,1.430827931819465,True,T_true
100,52,none,snp,-4.550415732309908,139.31286724591018,-2.9439580647612047,140.6944976381974,False,T_alt1
100,52,hapibd,mixed,14.031910698301573,139.56748598607243,12.73717595971857,140.39372212214758,True,T_true
100,52,true,mixed,16.041281787881644,138.5073037629562,16.95307592383037,141.7846777378824,True,T_true
100,53,hapibd,ibd,12.728675609654374,0.7092368056181044,14.346598696984074,0.9760467382697016,True,T_true
100,53,true,ibd,12.810425899315618,0.4186275811393898,15.32025274386092,1.7686059338891766,True,T_true
100,53,none,snp,-7.294782417584887,185.50326102106644,-1.9327902325544528,188.25134765330796,False,T_alt1
100,53,hapibd,mixed,13.103459374608178,184.87498721486375,14.326508913850375,186.48144864043147,True,T_true
100,53,true,mixed,14.441622773407943,184.9862330687779,13.448345345981224,185.83318333959852,True,T_true
100,54,hapibd,ibd,5.582700232220958,0.7071036223786109,9.254636827199818,2.6265081293906576,True,T_true
100,54,true,ibd,6.0587099641114435,6.605649823253742,8.29440400056697,6.060059417023666,True,T_true
100,54,none,snp,-7.5293482916117185,121.8067983307931,0.06636749566366973,129.50757208035276,False,T_alt1
100,54,hapibd,mixed,5.888456478683906,122.99377771576425,7.6060733584740206,124.12116984559373,True,T_true
100,54,true,mixed,9.640693947209996,130.07136110674443,10.332586749070089,130.99110281239976,True,T_true
100,55,hapibd,ibd,0.24611521013824245,0.756678412126206,2.395882532199977,0.9098402076988918,True,T_true
100,55,true,ibd,1.8238831683841283,-0.0032329087423477176,4.385251738222223,1.5177917228555202,False,T_alt2
100,55,none,snp,-7.178312426651864,186.34065537020186,-3.7784941467692548,188.3040066980772,False,T_alt1
100,55,hapibd,mixed,-0.6020960245824369,185.04975433583323,2.1509946569460396,187.5506294199485,False,T_alt1
100,55,true,mixed,1.386405060794516,185.54211056950655,3.6273325035158166,186.9977426160418,True,T_true
100,56,hapibd,ibd,16.46676795177811,0.41277901122796834,18.425447496586912,1.0445891985342257,True,T_true
100,56,true,ibd,17.402903087058576,1.3840936831762463,18.805330350621944,1.913629901262908,True,T_true
100,56,none,snp,-2.9420909903034627,155.21105797409064,-2.496552067947107,154.69691029045777,False,T_alt1
100,56,hapibd,mixed,17.155363419433968,152.94413720441787,20.740388422622345,155.51678643835007,True,T_true
100,56,true,mixed,20.89410940134502,156.26445882754865,21.72487911301306,157.4736714444035,True,T_true
100,57,hapibd,ibd,6.917992047577286,0.7859600521745165,8.827740019756504,1.1231550731155266,True,T_true
100,57,true,ibd,5.256564619754386,-0.13690650332469545,7.472871118212055,0.48966537821976885,False,T_alt2
100,57,none,snp,-8.602236510567014,116.56975864140406,-4.939857083471061,119.46863695701332,False,T_alt1
100,57,hapibd,mixed,8.617447034288887,118.45133996173843,8.134314609304056,119.52710571574545,True,T_true
100,57,true,mixed,5.612743127052539,117.57120329019395,7.800620849188931,120.66458602233598,True,T_true
100,58,hapibd,ibd,16.41999619358819,0.9357097975664033,18.34541622011895,1.3311560762207648,True,T_true
100,58,true,ibd,24.744796820799337,-0.7771270030823132,27.623868583848235,1.6629018196410357,False,T_alt2
100,58,none,snp,-3.3482855484480787,193.0980067148287,-0.5584119167444968,194.56723272663953,False,T_alt1
100,58,hapibd,mixed,22.26691979488919,191.55142521843163,22.286707973580434,192.58419134707822,True,T_true
100,58,true,mixed,30.686961415745373,190.68707653781917,32.669332097494646,193.1758473555957,True,T_true
100,59,hapibd,ibd,15.863154988022757,1.2860884966983406,17.43275209447188,1.2469285081197938,True,T_true
100,59,true,ibd,11.128668727712835,2.258236859105409,13.145228218298598,3.571443830516273,True,T_true
100,59,none,snp,-6.089244253740084,130.39500631389467,-1.484027232528348,134.76713621771265,False,T_alt1
100,59,hapibd,mixed,14.01700499970687,128.74936753184645,15.307210228160955,132.57701839060917,True,T_true
100,59,true,mixed,12.444489945449448,132.43943432669013,12.926367128942587,134.65995830115182,True,T_true
100,60,hapibd,ibd,11.682554129195324,0.7453117084963026,13.74543993238666,1.478659945622752,True,T_true
100,60,true,ibd,9.747848838566426,0.6837037954960863,12.156348853773636,1.7388737110225918,True,T_true
100,60,none,snp,-11.631132861886972,96.62390957470346,-4.401292195281258,101.55029007716678,False,T_alt1
100,60,hapibd,mixed,8.676916826200113,99.1927227017363,10.62846792670166,101.69983561873175,True,T_true
100,60,true,mixed,8.337821311253663,99.08051017859083,9.89863349669207,101.70095636734166,True,T_true
100,61,hapibd,ibd,6.7400988557253925,1.3226923871004317,8.58984461089267,1.7033854728023243,True,T_true
100,61,true,ibd,8.131715355410591,-0.6477621267173106,10.572970458190127,1.130990668642255,False,T_alt2
100,61,none,snp,5.699054657298625,106.18791064259196,3.9493597713005144,109.91540680914116,True,T_true
100,61,hapibd,mixed,11.887894264765606,104.32251170017656,12.683073620655392,106.74095453845928,True,T_true
100,61,true,mixed,13.672979150844128,105.07600769383347,14.827718285545956,105.85966746519287,True,T_true
100,62,hapibd,ibd,6.05963093917299,0.38672154761630395,8.431415142308992,1.2882414901796153,True,T_true
100,62,true,ibd,5.853774155258947,0.9722589622599003,8.65225029249126,2.7391390148052324,True,T_true
100,62,none,snp,0.15063448886031594,115.71701684935297,0.11671962749134934,117.18962500838954,True,T_true
100,62,hapibd,mixed,11.341560875561385,115.35174333574173,12.165519552237186,116.33933617120081,True,T_true
100,62,true,mixed,12.647108832595194,117.7773186308682,13.430968020668814,122.01236320593861,True,T_true
100,63,hapibd,ibd,11.451241991069907,0.9605080015269323,12.606537981677661,1.6805803078933934,True,T_true
100,63,true,ibd,11.4831310499234,1.1603274623589357,15.560498524664496,4.4103654681076705,True,T_true
100,63,none,snp,-5.016304417128737,197.55811002922522,-3.8021075523654773,198.08481511161781,False,T_alt1
100,63,hapibd,mixed,14.676042040102175,198.95215704686368,14.179367701057998,200.38590390304174,True,T_true
100,63,true,mixed,12.852853926928333,198.6370791694223,14.121280319868788,200.45779806532016,True,T_true
100,64,hapibd,ibd,10.705869560013696,0.3226155902389962,12.358965547686836,1.5046670439242007,True,T_true
100,64,true,ibd,6.525382439050475,0.38565878037030643,8.395782561388103,1.530365495967402,True,T_true
100,64,none,snp,-6.183398188813076,137.0225289251235,-4.193423848001807,135.65926079678383,False,T_alt1
100,64,hapibd,mixed,8.78992891904673,133.02214604066896,11.28888649833712,136.57945603227557,True,T_true
100,64,true,mixed,7.443357532918299,135.8941594392167,8.33892180846496,137.2454239807019,True,T_true
100,65,hapibd,ibd,7.731519829199101,3.0594207013633934,9.25836852501618,1.3652890428303976,True,T_true
100,65,true,ibd,3.9440184399205407,0.32317894836137384,5.893568020423743,1.4300106000121389,True,T_true
100,65,none,snp,-2.629970525795585,178.04991151979306,0.2875909765759488,180.18190661559242,False,T_alt1
100,65,hapibd,mixed,7.343061921839592,173.13441278769918,11.635390919852966,177.69176451462178,True,T_true
100,65,true,mixed,7.330798345727089,179.1479522806011,8.329377349973669,178.19490820526457,True,T_true
100,66,hapibd,ibd,13.451732794804911,0.5393104987691686,16.04644338564441,0.775333389395513,True,T_true
100,66,true,ibd,11.172294008819193,2.0509601986641712,12.786118569842671,2.453633485895949,True,T_true
100,66,none,snp,-6.664789532314764,169.64644438997408,-3.5907800590077557,173.19272139996502,False,T_alt1
100,66,hapibd,mixed,12.220268293597314,170.9279708596174,14.35208843273989,172.11219713467756,True,T_true
100,66,true,mixed,11.388538990426724,171.73608033106055,12.684826677060613,172.1945473088426,True,T_true
100,67,hapibd,ibd,21.199850181878844,1.3713225655337737,22.587360058331598,2.1399511413739845,True,T_true
100,67,true,ibd,12.76438215141306,1.0886998610825742,14.305738654250945,2.1343634404904606,True,T_true
100,67,none,snp,-3.9113372142140754,188.306018455749,-1.2282262374175303,190.2761132890609,False,T_alt1
100,67,hapibd,mixed,24.582640785105752,185.87500308461216,25.53810647709082,189.81190042203335,True,T_true
100,67,true,mixed,15.520351708331617,186.3238658502006,16.942848997721313,188.43414893202961,True,T_true
100,68,hapibd,ibd,16.384667556180148,1.2148534157483368,17.746660559485292,1.6877760590707567,True,T_true
100,68,true,ibd,10.705699934645821,1.722332160687813,12.363514503790498,1.9912177368633195,True,T_true
100,68,none,snp,-6.0422945234067065,101.40901010097176,-4.352129660928696,99.42279450330861,False,T_alt1
100,68,hapibd,mixed,16.335850131179427,96.26478701198639,16.145641523843466,98.58297799485743,True,T_true
100,68,true,mixed,7.198329456978314,95.12168069676406,10.638917310234518,99.64255432172976,True,T_true
100,69,hapibd,ibd,11.594856014834704,0.9113397539062191,13.26311976730696,1.6409695880723518,True,T_true
100,69,true,ibd,6.136840373248305,1.4313016067169428,7.446657446589086,1.366898115759966,True,T_true
100,69,none,snp,-4.328545286737796,94.6255821475793,0.5381019518477146,95.20374323103275,False,T_alt1
100,69,hapibd,mixed,12.918600136053612,92.60411408138455,16.625299864185763,96.29037104684642,True,T_true
100,69,true,mixed,10.056139717049717,95.14832759806876,12.16725027300987,98.15815103526128,True,T_true
100,70,hapibd,ibd,10.97177203992473,1.1134586777030506,12.400239157198286,-2.601537569544064,True,T_true
100,70,true,ibd,10.713294770164225,-0.10273798195913741,12.691603773912249,1.3676622286328382,False,T_alt2
100,70,none,snp,-4.53297531567036,144.94558913042752,-2.925291811680623,147.7445631636237,False,T_alt1
100,70,hapibd,mixed,14.154513812430594,147.52542736213476,14.510891227355003,147.0541681057474,True,T_true
100,70,true,mixed,13.161377821392136,148.4114998108448,14.850831436601084,149.03984692715716,True,T_true
100,71,hapibd,ibd,6.812152906586562,0.8693103637210697,8.470644700553663,1.1269232481045321,True,T_true
100,71,true,ibd,7.596717636397415,2.0826103795805864,9.78821126355814,2.0855140000669508,True,T_true
100,71,none,snp,-7.186791610044704,105.27668349853569,-2.7096299080837696,106.66381825900817,False,T_alt1
100,71,hapibd,mixed,7.453007783867719,104.27280318284019,9.310898742057645,104.80679178585109,True,T_true
100,71,true,mixed,10.004714316697857,104.92652548252431,10.068929806967503,106.71176497556769,True,T_true
100,72,hapibd,ibd,18.449480885990226,1.1335011752450725,20.639145341439587,2.7302324294894618,True,T_true
100,72,true,ibd,23.070203209302406,0.7779848593058318,24.108820500943636,1.605169025594364,True,T_true
100,72,none,snp,-6.397593365153593,144.37347244876787,-3.3118568589390165,146.85272736949364,False,T_alt1
100,72,hapibd,mixed,19.913877049707736,144.344272720983,19.532385744744147,146.35784922089866,True,T_true
100,72,true,mixed,23.511009233185092,144.47800910532692,25.39725865500543,147.2741955600949,True,T_true
100,73,hapibd,ibd,7.653680682443394,-1.3123353675843816,10.66212816016531,0.9403117787376516,False,T_alt2
100,73,true,ibd,12.951493889247303,0.7926960463619537,14.462191640559041,1.7445191406850995,True,T_true
100,73,none,snp,-2.4960672409246314,148.51867575840225,0.057204987787372374,149.42810349007314,False,T_alt1
100,73,hapibd,mixed,13.538485042954221,149.06062144555395,13.880897325252164,149.29051482307045,True,T_true
100,73,true,mixed,16.131929064706128,147.0984003144413,17.54348287506582,149.39240044077002,True,T_true
100,74,hapibd,ibd,13.564623519330183,0.8529703095924503,15.845667730027856,1.8989895736654603,True,T_true
100,74,true,ibd,6.6940815481931395,1.6504488373798267,8.437035359332668,1.3555330708466045,True,T_true
100,74,none,snp,-5.404874689323918,130.58827801993306,-3.2966002730060637,131.68162350004232,False,T_alt1
100,74,hapibd,mixed,12.986400264385395,129.16707518656273,13.830686995949861,130.0129664191211,True,T_true
100,74,true,mixed,8.119058899363836,133.42489916100885,8.87787717792159,133.51830365495644,True,T_true
100,75,hapibd,ibd,7.818358166865352,1.6342249402640334,9.370066463512273,1.7235266856679914,True,T_true
100,75,true,ibd,9.917508858996314,1.126923800965983,12.945137292400176,2.9623380408606295,True,T_true
100,75,none,snp,-2.0334119594322324,114.30399243805832,-0.8304316283459983,112.59901067257778,False,T_alt1
100,75,hapibd,mixed,9.778654440632181,112.93181010047638,11.67863572411656,113.40411732595891,True,T_true
100,75,true,mixed,14.936292688816792,112.62375527125522,15.384796250097622,114.63973291932533,True,T_true
100,76,hapibd,ibd,9.908227449598002,1.362018477983952,12.461898757132104,2.2561391365202326,True,T_true
100,76,true,ibd,12.805538593477706,1.5629533896288592,14.469083663173365,1.9538166529678165,True,T_true
100,76,none,snp,1.4800051295667132,177.11470783379238,0.04994325099903563,177.24820536490853,True,T_true
100,76,hapibd,mixed,17.29227885260505,175.99553754500238,16.91278496758295,176.0294795938918,True,T_true
100,76,true,mixed,18.10356573435729,177.38447955838365,20.670267334095712,179.48783245478535,True,T_true
100,77,hapibd,ibd,8.986281803634085,-0.2126248310036658,11.009068361204669,0.4071850693347301,False,T_alt2
100,77,true,ibd,7.795199230997099,1.4076184878114475,10.356732302853146,2.5994568538731357,True,T_true
100,77,none,snp,-3.491498646715339,176.9876341842953,0.6625007378092889,180.6965946499546,False,T_alt1
100,77,hapibd,mixed,17.723017273763787,179.44136594619053,16.9716409681358,178.63005177988455,True,T_true
100,77,true,mixed,14.268125007000435,178.85499176460792,15.173934941722166,179.2584395566327,True,T_true
100,78,hapibd,ibd,14.593513594877038,-1.6017455524246031,18.67929993490762,1.418917463453397,False,T_alt2
100,78,true,ibd,19.04312725953025,0.8223065232517115,20.31853700469955,0.9084435643034965,True,T_true
100,78,none,snp,-3.4182117368942144,192.36678466477207,-0.40131776592287594,190.6479708901081,False,T_alt1
100,78,hapibd,mixed,18.613387730455884,186.50721273584807,21.370412084230736,188.58089433257567,True,T_true
100,78,true,mixed,22.6582901156726,187.39184268833787,25.183844101018153,190.48183576390306,True,T_true
100,79,hapibd,ibd,6.191440989148248,1.5209034004399484,7.76306713618348,1.2957140662534243,True,T_true
100,79,true,ibd,5.928150216132394,0.2961550501097747,7.663232569777449,0.8213788664758397,True,T_true
100,79,none,snp,-5.188907865049586,107.1107896978152,-3.7467811705505696,107.77617512448231,False,T_alt1
100,79,hapibd,mixed,9.810322078398485,106.3341646696297,7.393277137652873,107.64434158476071,True,T_true
100,79,true,mixed,6.5594932342949335,105.97840733725405,8.3711142960112,107.47173139779244,True,T_true
100,80,hapibd,ibd,12.106067266956359,1.8055849616701494,15.60992672078973,2.6280799341849956,True,T_true
100,80,true,ibd,16.6942466032624,2.741116753877634,18.163053331609888,3.439802387628191,True,T_true
100,80,none,snp,-1.4619874464131506,186.1864928618783,0.2748347586566453,187.77106185139132,False,T_alt1
100,80,hapibd,mixed,17.418414403878046,185.79790108629487,18.365201821720916,188.372657309095,True,T_true
100,80,true,mixed,21.15731227421901,186.50006676921487,22.53371511314137,188.72342827473503,True,T_true
100,81,hapibd,ibd,8.52648691124648,1.5195806513355024,9.472712539508677,1.5897781813083043,True,T_true
100,81,true,ibd,15.244658613745287,0.10791967241834755,16.888766220558125,0.9897319294336455,True,T_true
100,81,none,snp,-1.5329370667073832,124.0389411723765,-1.2231969157560343,125.53368137135794,False,T_alt1
100,81,hapibd,mixed,11.396411915607274,124.08614160486212,13.138054108169086,125.81402515373384,True,T_true
100,81,true,mixed,16.959748419529006,122.75047677083728,18.784943918492587,125.65705639473316,True,T_true
100,82,hapibd,ibd,22.13657404494137,-0.679828371177166,25.2996824296321,1.3532340968025096,False,T_alt2
100,82,true,ibd,10.374161192469984,0.17310058382065563,12.952577384633258,1.2047529479906416,True,T_true
100,82,none,snp,-5.4000088601973815,111.37800741795594,-4.772643646890472,112.11648507476158,False,T_alt1
100,82,hapibd,mixed,18.48647821431493,108.67752282965887,20.07278478198006,109.67789503274298,True,T_true
100,82,true,mixed,12.21166923946106,109.94729828747529,13.55378704796098,111.4687697476048,True,T_true
100,83,hapibd,ibd,4.76713379650829,0.5255707869616515,7.0517673701300225,0.9537233544573667,True,T_true
100,83,true,ibd,7.193876229749435,2.311408214801986,8.728181515479548,0.8915568403699297,True,T_true
100,83,none,snp,-7.415691627264778,123.34944494801823,-3.163026414156718,125.42643386170684,False,T_alt1
100,83,hapibd,mixed,7.218597502705492,123.66536233167885,7.923235804549549,126.78086150413473,True,T_true
100,83,true,mixed,8.349199658451795,124.9076794976774,10.151109600448365,126.54570152055379,True,T_true
100,84,hapibd,ibd,10.456654581284852,0.9186888144782301,12.477117746034452,1.3599474361061823,True,T_true
100,84,true,ibd,13.425141344720572,0.9241399043795298,14.990015091654811,1.9555230219771147,True,T_true
100,84,none,snp,-1.7959493266986613,200.15347719739475,-1.1888652657493566,200.82609330400908,False,T_alt1
100,84,hapibd,mixed,13.827124414580908,198.2763624819214,13.829746861276334,199.57877189410874,True,T_true
100,84,true,mixed,16.152851138001438,199.27571498744038,17.37193809311708,201.2746911462495,True,T_true
100,85,hapibd,ibd,0.05887291108717818,3.7961395854141244,2.3148005068397026,1.674290416037536,True,T_true
100,85,true,ibd,0.644359222353529,0.6322811894583253,3.9554168626789874,2.395565973300677,True,T_true
100,85,none,snp,-0.537244570652021,132.78449572787352,-0.6357477417693076,132.2591018017471,False,T_alt1
100,85,hapibd,mixed,1.810525338529942,128.96990358114667,4.339206370558543,132.3763676613914,True,T_true
100,85,true,mixed,4.637584374526455,131.83978777884306,6.247891137442338,131.65118815377377,True,T_true
100,86,hapibd,ibd,15.949033463761822,-0.5424337161192341,18.640656964165657,1.0645021243849442,False,T_alt2
100,86,true,ibd,24.61261654529011,0.9863984798459455,25.665823929686013,1.4021637892106469,True,T_true
100,86,none,snp,-0.7335193674865224,169.18562531525632,-1.186009185846821,170.09785760525676,False,T_alt1
100,86,hapibd,mixed,21.65253546365804,167.84600390105746,22.92259831802724,171.01124462366957,True,T_true
100,86,true,mixed,27.87691529055695,167.93870980266345,28.132816657721918,169.46143187515563,True,T_true
100,87,hapibd,ibd,16.563138336987976,1.3289121318695436,19.080670171889665,2.8739982930945587,True,T_true
100,87,true,ibd,20.710739732863686,0.6852461563806571,21.72448600077678,1.2033083593836693,True,T_true
100,87,none,snp,-1.0486457970744354,120.44342364809967,0.9335922271414461,119.24809232504396,False,T_alt1
100,87,hapibd,mixed,20.18335115967446,116.75013685610514,21.28862576432138,118.55415684846594,True,T_true
100,87,true,mixed,25.70587549392991,117.16798366754011,25.910328765296015,118.96933415529901,True,T_true
100,88,hapibd,ibd,14.224937881486682,0.4449033286117299,15.799387471379532,0.909777540975341,True,T_true
100,88,true,ibd,13.185762542352933,0.6348443431077158,15.134981242296504,1.1948952433517093,True,T_true
100,88,none,snp,-6.03353200398076,129.70179204944898,-3.6038104314795376,132.28327483656722,False,T_alt1
100,88,hapibd,mixed,17.34940199710762,129.5605755963843,19.050953326474215,131.25698100222104,True,T_true
100,88,true,mixed,21.037655225957963,130.38518162214504,21.710067111334894,131.4645115188503,True,T_true
100,89,hapibd,ibd,19.58702966582075,0.8933470011753002,21.3933134729279,0.6633100782582346,True,T_true
100,89,true,ibd,11.581577693051884,1.3252736373165988,12.95547677738773,1.8801969066531683,True,T_true
100,89,none,snp,-6.53059438777149,148.74975345017887,-2.823889470452265,151.40506259621887,False,T_alt1
100,89,hapibd,mixed,18.464379107698193,150.27390456071987,19.09007721623729,152.28698132925072,True,T_true
100,89,true,mixed,11.059859430435807,151.18957798198065,12.17115298095436,152.50112075481582,True,T_true
100,90,hapibd,ibd,4.051742491678027,2.2100681362177284,6.0279677272567085,1.2969612318639463,True,T_true
100,90,true,ibd,1.7764908638651775,2.1745004865220494,4.464258068256925,1.5252227124070146,True,T_true
100,90,none,snp,-7.025470483930185,125.62496232823277,-3.245647112756224,127.46902030133424,False,T_alt1
100,90,hapibd,mixed,6.7007576351407465,125.66443295060824,5.842402602359016,126.41225767610854,True,T_true
100,90,true,mixed,4.3242174440588315,125.02058303105193,4.789394529889222,127.37400975073666,True,T_true
100,91,hapibd,ibd,10.785081881928022,0.5488471746672872,12.761605369757945,1.184963787419946,True,T_true
100,91,true,ibd,12.829308497981401,0.352630554582845,15.188535341767448,1.1844726498042633,True,T_true
100,91,none,snp,-7.721034187468089,148.40697839929007,-4.218453601469562,148.38472454527206,False,T_alt1
100,91,hapibd,mixed,10.72503273693249,147.4096542490198,11.558083747130212,149.45233232431693,True,T_true
100,91,true,mixed,14.605835299720297,149.71034919296702,15.473982914523305,151.98190685911953,True,T_true
100,92,hapibd,ibd,10.156240205032674,1.0289392780401556,11.832696026132112,1.8220422900593576,True,T_true
100,92,true,ibd,9.71918121619646,4.0861417068758215,11.901407829790656,0.7698876243382529,True,T_true
100,92,none,snp,-5.934896720121827,130.8794608454969,-3.7107515966841973,133.557362334405,False,T_alt1
100,92,hapibd,mixed,9.363259512539912,129.6625003952343,11.29361522481264,132.73003543807894,True,T_true
100,92,true,mixed,9.459500608630634,130.0000560858976,11.548654523919367,132.90875795576926,True,T_true
100,93,hapibd,ibd,14.437695107100382,-0.28216203549359875,18.152789177493418,2.217487078464444,False,T_alt2
100,93,true,ibd,12.9273937786771,-0.02123097598723689,15.397321230774452,1.5932261554231957,False,T_alt2
100,93,none,snp,-4.87880689483336,82.79464044991725,-0.01518030667399728,87.06052608592415,False,T_alt1
100,93,hapibd,mixed,16.32563233594243,82.70447587711854,17.690649928377752,84.23853068392233,True,T_true
100,93,true,mixed,14.317349383540432,83.79106855291712,15.283229268652036,84.03967951250402,True,T_true
100,94,hapibd,ibd,6.517690607457098,0.49779103037707273,8.369707558457236,1.2412900170138244,True,T_true
100,94,true,ibd,3.7875899507006068,1.3518186906089227,5.466571604217535,1.8141659144424125,True,T_true
100,94,none,snp,-5.0722098038635295,178.51431480706276,-3.2667755812875185,177.17871416834151,False,T_alt1
100,94,hapibd,mixed,6.172490963431372,176.91055368152973,6.924595915138411,177.30853821688743,True,T_true
100,94,true,mixed,2.511797241998096,175.21568634852278,7.572710943127234,179.30840947019124,True,T_true
100,95,hapibd,ibd,10.139589058359661,-0.560808592431755,13.21380726839348,1.2521747303343886,False,T_alt2
100,95,true,ibd,10.076939832430014,-0.28739056081593617,12.183429550800412,0.8804579867556583,False,T_alt2
100,95,none,snp,-4.97142246403541,170.25575536476225,0.1617102639149124,172.56341408281523,False,T_alt1
100,95,hapibd,mixed,14.263270386392179,167.5710653595315,16.53238772322962,171.09013793444373,True,T_true
100,95,true,mixed,15.488579546334279,168.12221246308042,17.41787079217616,170.73994299745064,True,T_true
100,96,hapibd,ibd,3.472792360039648,0.9729939002050969,5.348720306218979,1.6574595548281934,True,T_true
100,96,true,ibd,0.9700810588071818,0.6791658347568728,3.0408819139578327,1.3227320362500734,True,T_true
100,96,none,snp,-5.926763027852267,144.97309371584217,-4.943171099910742,145.32633615754855,False,T_alt1
100,96,hapibd,mixed,0.34614759737345935,141.4009420906771,4.503359349192493,145.21370436677154,True,T_true
100,96,true,mixed,3.6176854309815383,146.09980471053208,4.188163427932636,145.57709609237645,True,T_true
100,97,hapibd,ibd,13.27848719882573,0.6573443785290181,16.605960665719493,2.4456734672104403,True,T_true
100,97,true,ibd,4.928152192588783,2.4012138800927403,8.038796495432138,3.2193171274142287,True,T_true
100,97,none,snp,-6.698961646397873,128.0415541322985,-3.5011736176689823,131.1456367014297,False,T_alt1
100,97,hapibd,mixed,13.41310451666186,132.4398655742138,13.72506117583788,132.63826741374265,True,T_true
100,97,true,mixed,3.1179392980756404,130.46713465837556,7.0501849640714624,132.08028620340554,True,T_true
100,98,hapibd,ibd,11.861818009665967,0.8467277399554689,13.347916265567221,1.5930118884918443,True,T_true
100,98,true,ibd,6.20931461859098,1.4753252606143406,7.931147750522086,1.2247995135386418,True,T_true
100,98,none,snp,-5.013797961365061,137.13553035782644,-1.5471067230818676,139.74243227296506,False,T_alt1
100,98,hapibd,mixed,10.529791512701763,138.4502792258932,12.611146186133169,139.24525553618977,True,T_true
100,98,true,mixed,7.432879487713194,138.91364054143332,8.25529853117095,139.6460393370107,True,T_true
100,99,hapibd,ibd,16.618147038292562,1.3689571374562775,18.217408959981697,2.126826948823606,True,T_true
100,99,true,ibd,13.196920935590953,1.9970541090007146,15.89964722717309,3.369386270908336,True,T_true
100,99,none,snp,-3.356440913302574,107.2666040897454,-1.562269900936215,108.69787476097324,False,T_alt1
100,99,hapibd,mixed,20.104056765480152,107.95196185720835,18.97771540046648,109.69089516526685,True,T_true
100,99,true,mixed,14.1692887604693,108.01363102274388,18.9979518640763,112.12259477369042,True,T_true
150,0,hapibd,ibd,21.879289149301286,1.471884591132266,23.99746394841395,1.584159084958543,True,T_true
150,0,true,ibd,19.53362412797958,1.6704668236785665,21.41531891985386,2.2288376472763503,True,T_true
150,0,none,snp,-2.49624245043508,183.7761411294165,1.6886011910794352,186.6027819967307,False,T_alt1
150,0,hapibd,mixed,29.912486204255345,183.46730546830793,30.03039818038593,185.22836238133766,True,T_true
150,0,true,mixed,27.648634966929507,185.30391191019976,29.353399629083924,186.8448247477186,True,T_true
150,1,hapibd,ibd,11.62871952841121,0.8292467125443181,13.346285182571933,1.1992785940967678,True,T_true
150,1,true,ibd,11.536914038101173,2.026174659734778,13.178823900320367,1.8047753004115634,True,T_true
150,1,none,snp,-7.655087134887523,198.4814999607871,-3.480874624322013,200.07482289677137,False,T_alt1
150,1,hapibd,mixed,14.096003472636994,198.84611448472376,13.19341810676778,199.5442462118255,True,T_true
150,1,true,mixed,11.389359492595986,199.28051947646017,13.067089577843262,200.85051228055383,True,T_true
150,2,hapibd,ibd,21.080454590139226,1.1499391947048707,22.538158912636163,1.7606111942723714,True,T_true
150,2,true,ibd,20.383316559957677,0.2598826241130041,22.09375736970523,1.722858652430034,True,T_true
150,2,none,snp,0.3876700879914843,244.82467665254234,1.4860818199970538,246.98195850044976,True,T_true
150,2,hapibd,mixed,26.608002959834295,244.35841127684083,27.785459337073746,246.14819858410306,True,T_true
150,2,true,mixed,27.175848932297356,244.19023215964918,27.83854440537425,246.69251496056876,True,T_true
150,3,hapibd,ibd,23.82371181261658,1.216619773334287,25.278812946541677,0.9108466808495166,True,T_true
150,3,true,ibd,17.67161511091814,-0.37904455677215765,19.541312101643484,0.31508441795429576,False,T_alt2
150,3,none,snp,-5.841536808799223,224.34444125744884,-2.8415434750366444,225.74631919808178,False,T_alt1
150,3,hapibd,mixed,21.712741746455038,222.81344480695574,23.57988854627544,225.05410657184194,True,T_true
150,3,true,mixed,17.740288331353753,223.3057584145193,19.388405551539364,225.8948274648781,True,T_true
150,4,hapibd,ibd,10.81515273336177,1.3233163898440523,13.062838179407208,2.752450805172572,True,T_true
150,4,true,ibd,14.965092522849943,1.9199464456956719,17.465638258484972,2.367385904677093,True,T_true
150,4,none,snp,-5.87546488216022,180.94176987605798,-0.7045671920381693,185.1726531923191,False,T_alt1
150,4,hapibd,mixed,12.4665800433323,183.5771888531509,16.108389248895577,186.625807377992,True,T_true
150,4,true,mixed,17.112822696344097,182.54561039558044,21.143307204906137,186.17287289830273,True,T_true
150,5,hapibd,ibd,20.930465999356016,0.32959681652138784,22.613085037992164,1.5727750678355221,True,T_true
150,5,true,ibd,18.102308135496486,0.5757287166181584,19.407034633949706,1.23063239808846,True,T_true
150,5,none,snp,-7.695139996810173,263.9403004915525,-6.192641944390246,265.59096070852684,False,T_alt1
150,5,hapibd,mixed,21.4044042109459,270.28038196887235,19.73014707466629,271.5580260653434,True,T_true
150,5,true,mixed,18.554229945681925,270.02217667347963,19.80889437571568,271.9525409465715,True,T_true
150,6,hapibd,ibd,19.022174294476883,1.838962437228389,20.87420985973671,1.1293264784293342,True,T_true
150,6,true,ibd,13.838468803283064,0.978179536145916,16.30262851347831,0.6648536646570733,True,T_true
150,6,none,snp,-3.534696325716048,250.35826325424767,-1.5611156467346916,252.49131611506445,False,T_alt1
150,6,hapibd,mixed,23.42918196861811,252.44026680773587,23.557029071411904,252.55885575183527,True,T_true
150,6,true,mixed,17.804050972179,250.79753612331126,19.647109438734645,252.72085139683207,True,T_true
150,7,hapibd,ibd,17.15539603129986,1.1227876401167975,18.62497356271453,0.21102370234615364,True,T_true
150,7,true,ibd,26.402946761201235,1.216714017395077,27.152126549316307,1.2959819672352353,True,T_true
150,7,none,snp,-6.564203980185354,213.1656149942047,-3.4237409505274243,216.23000471515505,False,T_alt1
150,7,hapibd,mixed,19.102884565227356,213.26234279599436,20.55574480790702,216.09174802710476,True,T_true
150,7,true,mixed,27.64804624766151,213.04082864777027,28.140886227450665,215.6145189613076,True,T_true
150,8,hapibd,ibd,17.599338398666703,0.2399236607807893,19.5610490888522,1.2209530423299384,True,T_true
150,8,true,ibd,14.22222136860725,1.674933628205281,15.504044083910998,1.7303717131915448,True,T_true
150,8,none,snp,-5.835578177350026,263.7056541827382,-2.6394145143551384,265.8070426909489,False,T_alt1
150,8,hapibd,mixed,21.810067725900495,268.23269422519763,21.041817662551097,269.025037288259,True,T_true
150,8,true,mixed,15.008572744744384,266.3718794848311,17.641488107275592,268.24064204444323,True,T_true
150,9,hapibd,ibd,9.706337808095498,1.7038484736103783,11.234906527551232,1.6001884415503014,True,T_true
150,9,true,ibd,10.196084407713016,0.47947287601269295,13.186357594096307,2.1294325689326286,True,T_true
150,9,none,snp,-5.564415650552604,225.46860783512886,-3.2600391420754207,225.55461436511087,False,T_alt1
150,9,hapibd,mixed,11.620672028778017,224.32081749499096,11.319714544754447,225.851821107052,True,T_true
150,9,true,mixed,12.490540123670314,225.5524892204664,12.596873935321156,226.40115786551334,True,T_true
150,10,hapibd,ibd,14.594907396593243,-0.0027006619496035,16.59195974191786,0.7663884548044848,False,T_alt2
150,10,true,ibd,11.163800831417035,-0.42144143828582514,13.504204407572388,0.7013191912952266,False,T_alt2
150,10,none,snp,-6.380830440014275,272.94556025388744,-3.5045720174924355,275.26866721210706,False,T_alt1
150,10,hapibd,mixed,14.91406915858991,272.5371583529882,17.51416177642932,274.62089727086914,True,T_true
150,10,true,mixed,15.996283488183764,273.96143208587796,17.02830783577656,275.51829550912385,True,T_true
150,11,hapibd,ibd,12.559086583497873,0.18813822540278125,14.532431142399588,0.6733043454008509,True,T_true
150,11,true,ibd,19.760643561315703,0.59794260130883,20.876733203625662,1.103099657064348,True,T_true
150,11,none,snp,-7.56707007128275,224.8523849052777,-3.972438019189056,229.46154964105727,False,T_alt1
150,11,hapibd,mixed,12.25704883023758,227.8876543104142,14.128904835535167,230.4773043308157,True,T_true
150,11,true,mixed,19.011497065714394,226.98885752761106,20.058466927773623,230.1796724387563,True,T_true
150,12,hapibd,ibd,4.0055581932574285,0.575230630251383,5.833744139811159,0.9522465381679979,True,T_true
150,12,true,ibd,6.6552537232053055,2.7408213763680465,8.104478962949997,2.845426514699483,True,T_true
150,12,none,snp,-9.045228091392236,193.38558081257497,-6.307934654328449,194.60786871021458,False,T_alt1
150,12,hapibd,mixed,2.538723993133061,191.9096366814503,3.3223006274637896,193.71501001281402,True,T_true
150,12,true,mixed,4.152201107247379,193.52384452108012,7.287178163128402,196.56976043192194,True,T_true
150,13,hapibd,ibd,26.87462446592366,1.1623792092066196,28.69016834083439,1.0044227856189991,True,T_true
150,13,true,ibd,14.53600551839105,0.26437422232785934,16.05222370770113,1.4811332384238938,True,T_true
150,13,none,snp,-3.207803591841177,197.96623857477266,-2.4480202564934217,198.82846596779365,False,T_alt1
150,13,hapibd,mixed,28.13903734277028,195.95004035439246,28.56845407912826,197.7552438045839,True,T_true
150,13,true,mixed,20.44137206828151,198.26943684339025,18.690910495295782,199.3448088185913,True,T_true
150,14,hapibd,ibd,10.952214602190963,1.4570942095773205,12.1229998771434,0.8994903159936882,True,T_true
150,14,true,ibd,13.25851612177837,-0.022373327703320456,14.967908514669375,1.1294595745685285,False,T_alt2
150,14,none,snp,-7.369232406124112,226.94839650716852,-1.2888645037649198,232.1904586619239,False,T_alt1
150,14,hapibd,mixed,13.034961184006278,229.24984646859696,14.800286356566374,231.17626187430724,True,T_true
150,14,true,mixed,16.713233475695148,233.4731803847303,17.388253496426785,234.91588914357942,True,T_true
150,15,hapibd,ibd,21.042386134786426,-0.44213637089336544,22.16298169242438,0.363396288943278,False,T_alt2
150,15,true,ibd,19.942107957836242,0.9527770660306487,21.385697937700968,1.7172646246281715,True,T_true
150,15,none,snp,-5.554442159001265,226.68770824220385,-1.149963989622961,228.644139974971,False,T_alt1
150,15,hapibd,mixed,19.157634979341395,224.86040483414425,22.34544559929074,228.00111603067586,True,T_true
150,15,true,mixed,21.357764532977427,224.75834009240228,22.995611002584667,227.80765973745855,True,T_true
150,16,hapibd,ibd,11.49807585626894,1.518089215285812,13.232983184456486,1.7599572118694198,True,T_true
150,16,true,ibd,17.547398968530047,0.3107639588018003,18.999625430972145,1.810990027699546,True,T_true
150,16,none,snp,-4.055986323992322,251.26693163336483,-0.31397765510925524,253.4650425372872,False,T_alt1
150,16,hapibd,mixed,15.082754794112446,249.3791575611409,16.28828731159291,252.0691210737454,True,T_true
150,16,true,mixed,21.33615688678873,251.88258314252784,22.277265191568972,252.7982120411441,True,T_true
150,17,hapibd,ibd,16.932022738618258,1.1834334169384135,18.97329122504678,2.070820984723298,True,T_true
150,17,true,ibd,10.808807245419473,1.0528357634981376,12.352981195140757,2.0510064591202593,True,T_true
150,17,none,snp,-9.233264357092331,206.74623513818747,-3.5221979987339864,209.7712316660882,False,T_alt1
150,17,hapibd,mixed,20.21576152196667,207.38585942491798,18.936625191566264,209.17823723489693,True,T_true
150,17,true,mixed,12.846546722070201,208.65435374740224,13.14952892107081,210.04868941445667,True,T_true
150,18,hapibd,ibd,12.682058055684706,0.5353904291102367,14.877301495121742,1.730660929497418,True,T_true
150,18,true,ibd,6.582110250751498,0.7350602946653169,7.935642212507474,1.4440133349111477,True,T_true
150,18,none,snp,-8.218420750092669,231.60407301445855,-2.7501323714820956,235.04317328214262,False,T_alt1
150,18,hapibd,mixed,14.866122113219234,231.56369771663327,16.12967427601268,234.43648549709346,True,T_true
150,18,true,mixed,7.557544320896142,231.21858311596327,8.80168044640314,234.54006272468544,True,T_true
150,19,hapibd,ibd,18.504005802083867,0.25263838800876215,20.11006118005818,0.9789045884558902,True,T_true
150,19,true,ibd,19.00449963629154,2.363566272321634,22.909566366319694,5.628365709101814,True,T_true
150,19,none,snp,-3.747456381609048,148.13906282074583,-3.518186644366537,150.15686592370216,False,T_alt1
150,19,hapibd,mixed,19.84842631105954,148.56992996225551,19.95006811337842,149.38975552662285,True,T_true
150,19,true,mixed,23.06370974060971,150.91429506978275,23.118221918235577,152.6709552663642,True,T_true
150,20,hapibd,ibd,12.806959431913242,0.032005820245871064,15.22740510453653,1.073958090085796,True,T_true
150,20,true,ibd,8.470243529670825,1.1440453258027503,9.98284624290082,1.1862385298905451,True,T_true
150,20,none,snp,-3.781610096296113,175.4643894690951,-3.197373215879516,177.32479993366331,False,T_alt1
150,20,hapibd,mixed,17.67621067372292,174.0286458529267,16.05118607933923,175.50864729312414,True,T_true
150,20,true,mixed,9.32684137880247,171.21797823329965,13.683836098526086,175.71243235839913,True,T_true
150,21,hapibd,ibd,18.990442442862957,1.3891777539731152,22.057839903146657,3.1030183140286454,True,T_true
150,21,true,ibd,19.247527310085218,0.8313967356923229,20.277444791513602,1.405211342253665,True,T_true
150,21,none,snp,-9.2777286829023,217.95817229561516,-5.124015541921764,221.8201969261993,False,T_alt1
150,21,hapibd,mixed,19.78634168669396,221.61496868911917,22.16848588089664,223.4501050842253,True,T_true
150,21,true,mixed,20.68881799369177,221.18574954171635,22.113727203697692,223.6943314222177,True,T_true
150,22,hapibd,ibd,22.56895169136905,1.4127987047599788,24.412579054161256,1.3376076237149448,True,T_true
150,22,true,ibd,6.268217544359231,0.08820880140945064,8.375014154942619,1.0533076818848315,True,T_true
150,22,none,snp,-5.335296369323444,210.87295227352865,-3.4786210874558776,213.03100252600862,False,T_alt1
150,22,hapibd,mixed,23.408685917295003,210.8085182632804,23.17111775173862,211.4767668109187,True,T_true
150,22,true,mixed,7.087731046289576,210.67274578285645,8.67760671863428,213.77537457453678,True,T_true
150,23,hapibd,ibd,14.966087395557992,0.7346290493293282,15.864400790569931,0.7787201325206183,True,T_true
150,23,true,ibd,17.281089279823135,0.9783374770617854,19.685737358126744,2.7364945616031378,True,T_true
150,23,none,snp,-4.356905903558864,191.83484042455103,-2.3727446566123547,193.55048604453853,False,T_alt1
150,23,hapibd,mixed,16.701700607345373,191.22940688482385,17.951259606936873,193.4066542969341,True,T_true
150,23,true,mixed,20.964834747835084,192.80547484817723,21.418024021181907,193.80552896860513,True,T_true
150,24,hapibd,ibd,12.311084170132915,-0.1204668174083281,14.876337761375936,0.8056074970623968,False,T_alt2
150,24,true,ibd,19.21017796047687,0.8576232054575712,21.00388118917826,1.693069849556565,True,T_true
150,24,none,snp,-8.161663589598003,196.53362469483352,-2.3585211221633458,198.78424114919613,False,T_alt1
150,24,hapibd,mixed,15.45772010528907,194.17688324529334,17.46988778659656,197.8079634996716,True,T_true
150,24,true,mixed,20.657273965822867,196.16002001731184,22.017964922755255,197.25668606700958,True,T_true
150,25,hapibd,ibd,14.29119471362361,-0.25948318364956435,16.172428738675677,0.7144404302080716,False,T_alt2
150,25,true,ibd,19.81479420603077,0.32436279781978783,21.466188681847655,1.2966754259427375,True,T_true
150,25,none,snp,-6.7583665617151105,171.965200887364,-4.37486895889986,170.2281746671831,False,T_alt1
150,25,hapibd,mixed,11.800802205520938,168.13754040926108,13.11956644031983,170.2613620140951,True,T_true
150,25,true,mixed,20.077160532294414,168.92620124277866,18.74068643888998,170.7623395910052,True,T_true
150,26,hapibd,ibd,21.707157764449192,-0.6110742635009672,24.619399402282085,0.751318642046158,False,T_alt2
150,26,true,ibd,32.9171376940196,0.950243072941305,34.05022898618722,1.1418388426708361,True,T_true
150,26,none,snp,-1.99986039943391,240.62299568201857,-2.0543013027133483,241.35843839780233,False,T_alt1
150,26,hapibd,mixed,26.488926820967947,242.25800346454452,27.658013716363172,242.47938169778882,True,T_true
150,26,true,mixed,37.572796071168,240.98449424840598,37.83679009383249,242.73813526797016,True,T_true
150,27,hapibd,ibd,12.530780431735252,1.6453891474876627,15.998618028922465,3.9091746219135644,True,T_true
150,27,true,ibd,6.817738804871709,1.6124890635625206,8.235708146694748,1.7564151102151868,True,T_true
150,27,none,snp,-7.695082347315392,198.745957002667,-4.938249783536662,200.7465061245725,False,T_alt1
150,27,hapibd,mixed,10.875287861393588,197.9516923112726,11.823485682533658,200.17309062859496,True,T_true
150,27,true,mixed,7.407030760634257,200.88492938187338,9.169347707036508,201.991568564785,True,T_true
150,28,hapibd,ibd,17.785398844662495,0.6589032560036685,18.767060662645036,0.6132328860034306,True,T_true
150,28,true,ibd,9.24485452618896,0.4538973773532291,12.502991835173077,2.080536710520448,True,T_true
150,28,none,snp,-5.676875532688953,241.28411576223448,-3.1713662956893955,244.34288012874862,False,T_alt1
150,28,hapibd,mixed,19.167438297743843,239.33527460562766,20.09092764902661,241.94887910956987,True,T_true
150,28,true,mixed,12.546034761919515,240.1442339573797,15.379158234744011,243.20639954207698,True,T_true
150,29,hapibd,ibd,17.20970042933186,1.222085216939064,18.529965373870112,2.1812608519163064,True,T_true
150,29,true,ibd,19.526275276792035,1.1446826649892898,21.565309172754667,2.107743884104451,True,T_true
150,29,none,snp,-6.79060900920971,236.26153061175265,-3.0113829618308614,239.1205240032212,False,T_alt1
150,29,hapibd,mixed,17.80875929577323,236.4162925110422,19.281237566338177,238.00116585736416,True,T_true
150,29,true,mixed,22.782936008902226,236.4914482413204,21.89558933283692,238.01077952743066,True,T_true
150,30,hapibd,ibd,26.133304425818437,0.5467002604519848,27.986176477563333,0.9451835364720864,True,T_true
150,30,true,ibd,34.38097357328664,0.41078428037442904,35.906486951624174,1.4684943627585199,True,T_true
150,30,none,snp,-3.798339040978373,201.15971210051572,-2.799645300619744,199.07916382881427,False,T_alt1
150,30,hapibd,mixed,27.06031749199289,196.0470656367386,27.472385484410637,196.97919001295057,True,T_true
150,30,true,mixed,35.183338184866784,195.00537041278224,37.33392131633619,197.5886275153371,True,T_true
150,31,hapibd,ibd,19.01120273907054,0.1388930892012752,21.18440444906608,1.712739193119802,True,T_true
150,31,true,ibd,17.762694067639757,1.1561786725328034,19.74406131647376,2.386901002846429,True,T_true
150,31,none,snp,-3.7741942710081418,193.1567306258806,-3.365118295547852,192.55367890869042,False,T_alt1
150,31,hapibd,mixed,21.72960989957562,196.1509295812963,23.126809664262453,193.0594558816054,True,T_true
150,31,true,mixed,20.912050961315742,192.22164312084254,21.646407535929086,194.04799038276565,True,T_true
150,32,hapibd,ibd,15.31417224862355,1.2083250887070847,17.052976321593974,0.566581841523373,True,T_true
150,32,true,ibd,13.262773605236362,-0.25400528919732324,15.725925309453203,1.44767493211927,False,T_alt2
150,32,none,snp,-5.821136317799244,187.92118347244966,-5.514668995814489,189.13910447417047,False,T_alt1
150,32,hapibd,mixed,14.12890965401462,187.7257288895839,15.10356368630545,188.54205088266022,True,T_true
150,32,true,mixed,12.358646886279132,186.77447109991797,13.44774741598954,188.6463619862184,True,T_true
150,33,hapibd,ibd,3.566132814278717,0.14499845108645104,5.986849524934854,1.5304571441813835,True,T_true
150,33,true,ibd,11.326025023001137,0.8388168202465351,13.549418816115434,2.318777963181361,True,T_true
150,33,none,snp,-9.955352090351788,203.99477069292206,-4.574534573750071,208.8681895022968,False,T_alt1
150,33,hapibd,mixed,3.801907722231306,209.61154037674177,5.4147290319658055,210.58464774470517,True,T_true
150,33,true,mixed,7.2580530994393655,207.90902546387846,10.379451797659499,210.6420705849458,True,T_true
150,34,hapibd,ibd,25.187255779219498,0.7652970084137678,26.890787461317757,1.0219806754774083,True,T_true
150,34,true,ibd,26.48940608245593,0.5840814219768333,27.82665147639898,1.4976537514892811,True,T_true
150,34,none,snp,-3.669122752613454,259.2218592127317,-1.485349067277916,262.4846200758241,False,T_alt1
150,34,hapibd,mixed,27.40336763215052,259.97680010102977,28.722974505184283,260.8164011989504,True,T_true
150,34,true,mixed,31.49768537174188,262.70543923997207,31.273116760224468,263.81663531394736,True,T_true
150,35,hapibd,ibd,15.895943287926201,0.3987260887903403,18.012512162674426,1.4579573797917362,True,T_true
150,35,true,ibd,10.8127674627803,-0.3301340466257727,13.448312158874273,1.1255495924718844,False,T_alt2
150,35,none,snp,-8.797817657735465,180.51570590302208,-4.303254203309621,183.4317130404957,False,T_alt1
150,35,hapibd,mixed,14.777497545793267,182.5089757383516,17.640341728152094,186.66312386650412,True,T_true
150,35,true,mixed,12.414088801178735,182.42236765867256,15.238575337001862,185.1830540350829,True,T_true
150,36,hapibd,ibd,19.419978227860923,0.3813788185595399,21.44112837924095,0.9187218913795903,True,T_true
150,36,true,ibd,16.17319681279838,0.40359599214977493,17.756635617074664,1.2908751933339317,True,T_true
150,36,none,snp,-8.919590752304309,155.0712580404425,-4.8560982334363985,156.43743803869677,False,T_alt1
150,36,hapibd,mixed,17.64224383711931,154.87798436594255,18.093317986701237,157.32772001257104,True,T_true
150,36,true,mixed,16.25885502904248,155.79920140674443,17.161029961356093,158.12578103794937,True,T_true
150,37,hapibd,ibd,7.25636952580561,-0.8567601737633481,10.552177852578183,1.3659738009407931,False,T_alt2
150,37,true,ibd,10.917895791992777,0.35070650441812745,13.327351688086935,1.3684190685088709,True,T_true
150,37,none,snp,-6.486703462777935,265.0227072401761,-2.984779023518115,269.0365154290617,False,T_alt1
150,37,hapibd,mixed,12.029583027027826,267.7068100290702,12.128571089451697,269.73691769537743,True,T_true
150,37,true,mixed,14.62569148125013,268.13519807843375,16.50529708393961,269.9377283128853,True,T_true
150,38,hapibd,ibd,16.53122505274746,2.1627131872294854,17.80211171119663,1.7283444353905395,True,T_true
150,38,true,ibd,16.312359190611147,5.54029822137062,18.131171755568744,3.6277600517905455,True,T_true
150,38,none,snp,-4.956726378059365,211.0684096123164,-4.2289609531016055,212.71675660721723,False,T_alt1
150,38,hapibd,mixed,19.124300468600865,212.30120612808466,21.022826157586252,215.19668483621496,True,T_true
150,38,true,mixed,21.040069386403587,216.47750615432875,21.458506559929305,218.91343179583313,True,T_true
150,39,hapibd,ibd,13.097647562865319,0.15289286615109177,14.098179405606913,1.1267893318507447,True,T_true
150,39,true,ibd,12.604977972064177,1.7764529074093787,15.633653331585151,4.101516665368564,True,T_true
150,39,none,snp,-2.9531496592176367,227.01465623673448,-0.24978499988692704,230.06120527617276,False,T_alt1
150,39,hapibd,mixed,13.340392779329335,225.27279606465163,16.204027253893912,226.87136949995246,True,T_true
150,39,true,mixed,17.59742731242713,227.7134735602916,18.392703487814515,229.9985792472995,True,T_true
150,40,hapibd,ibd,15.157690464937389,0.8455819456557094,17.036288741474294,0.6962566662169536,True,T_true
150,40,true,ibd,8.333481412886556,0.750410842929881,10.344339931222834,1.569981805923959,True,T_true
150,40,none,snp,-8.163041985269814,227.00163903849096,-4.011725417308853,227.23800764140566,False,T_alt1
150,40,hapibd,mixed,16.26187899041318,224.6977975123961,15.782847266464046,225.169306894843,True,T_true
150,40,true,mixed,9.730997967366875,225.30150960195624,9.898459723615588,226.14446912151553,True,T_true
150,41,hapibd,ibd,23.950649841025324,0.6585619494713626,25.98500622306608,1.1301745982528075,True,T_true
150,41,true,ibd,31.929504464064053,0.2957078164841107,33.59292507992848,1.5280359449876357,True,T_true
150,41,none,snp,-4.955289206780364,211.92849903844294,-3.041905742995489,211.8976160907703,False,T_alt1
150,41,hapibd,mixed,27.315562164531144,210.25560004683058,28.90091887716187,211.84173868358332,True,T_true
150,41,true,mixed,36.34936389767938,210.80518375450214,36.56874637176131,212.23698990536445,True,T_true
150,42,hapibd,ibd,9.725269564737744,0.6474253581224048,11.919165083913612,1.5919753887567083,True,T_true
150,42,true,ibd,19.681941834373873,2.933546216239762,21.159742596395148,4.231709372258791,True,T_true
150,42,none,snp,-1.6937920917975546,216.0309723595301,-0.266363526552297,216.90506614901815,False,T_alt1
150,42,hapibd,mixed,13.187480376134005,213.48778509892986,15.288932889246865,216.07169185728245,True,T_true
150,42,true,mixed,23.844058206452672,216.86167522127747,25.244177847886306,219.42686885583106,True,T_true
150,43,hapibd,ibd,12.984832377332111,-0.733639919821627,15.302627733933349,0.9397109065789948,False,T_alt2
150,43,true,ibd,11.673949490820917,0.8459625076257566,13.308053491651577,0.4866353141868274,True,T_true
150,43,none,snp,-4.900374575749581,186.84804868946745,-1.7411974193063315,188.85903197350228,False,T_alt1
150,43,hapibd,mixed,13.435983075815443,184.57097690685308,16.368589481203713,188.0206285558544,True,T_true
150,43,true,mixed,16.147053203931364,184.74127541035722,15.333339458693814,186.72072831276637,True,T_true
150,44,hapibd,ibd,16.506470861309822,1.3047542107806578,18.0791597414252,1.4451718718743223,True,T_true
150,44,true,ibd,18.00743855213574,0.05133583315307533,20.049840237622277,1.2651744878658633,True,T_true
150,44,none,snp,-8.223087911107744,212.162799217081,-3.3392234404843606,215.25999481205662,False,T_alt1
150,44,hapibd,mixed,15.283840673261636,210.80408750028488,20.56676576610664,215.81794729852587,True,T_true
150,44,true,mixed,25.200209792863546,215.09255444387924,24.920081118856302,216.17667530522613,True,T_true
150,45,hapibd,ibd,29.235584547320514,-0.6076015913831441,31.003666615092612,0.9487128098266453,False,T_alt2
150,45,true,ibd,21.062159866751983,1.2901617725630103,23.381028497776896,1.841776204222242,True,T_true
150,45,none,snp,-7.749739644705922,201.45898188154496,-4.578839071118161,204.69653132045937,False,T_alt1
150,45,hapibd,mixed,27.793328673835532,205.86550195780342,28.140809296654766,207.10119436948096,True,T_true
150,45,true,mixed,19.917334007117887,204.16575044731167,24.91853100027788,209.6462075285347,True,T_true
150,46,hapibd,ibd,20.802355585405508,0.7247020282390508,22.807145261386097,0.9784275819562254,True,T_true
150,46,true,ibd,18.51893569955044,0.7775052007422119,20.815800470767925,1.6287240916245196,True,T_true
150,46,none,snp,-4.6915127015678415,273.09724078320545,-0.7582498486044784,274.9736358767635,False,T_alt1
150,46,hapibd,mixed,26.364204360505767,274.59003795613876,26.57228945166787,275.7879643967795,True,T_true
150,46,true,mixed,25.45785455150289,274.57305797046615,25.2623880813359,274.99854937835704,True,T_true
150,47,hapibd,ibd,5.671236715682852,0.28556787932583916,8.822183932156065,2.4628386225030567,True,T_true
150,47,true,ibd,8.853877001639859,1.9385301412262947,10.50877368883721,2.9980744358264815,True,T_true
150,47,none,snp,-8.084167051045071,167.69419517733024,-4.445846195176522,171.13875846685318,False,T_alt1
150,47,hapibd,mixed,6.791010330148168,169.71097995392958,8.320251760078975,171.45769843529038,True,T_true
150,47,true,mixed,9.392135126494878,169.97651288366927,11.777957996672711,172.27907078890425,True,T_true
150,48,hapibd,ibd,14.676017478159764,0.26691723603300943,16.36373740649543,1.0789020496229966,True,T_true
150,48,true,ibd,16.655319741383323,0.7484913153043067,18.131684612272124,1.1511031803241565,True,T_true
150,48,none,snp,-9.793927743883394,253.31395110451217,-5.45308069250293,257.11369549327225,False,T_alt1
150,48,hapibd,mixed,13.015750432964182,253.68146323296472,12.978485330579218,255.9788131403347,True,T_true
150,48,true,mixed,18.703347371584385,254.75561958578615,15.715036771905318,256.3159719925961,True,T_true
150,49,hapibd,ibd,17.39231305179061,2.1099065946297912,18.95269479405823,1.693080291577104,True,T_true
150,49,true,ibd,18.96324643502001,1.1351620126470152,20.103916396740857,1.5754315691200134,True,T_true
150,49,none,snp,-6.353006806339856,183.65933642876715,-4.666807762988732,180.72826471605129,False,T_alt1
150,49,hapibd,mixed,15.119404656919784,177.2701782912178,16.06109611239461,180.42918087055426,True,T_true
150,49,true,mixed,15.362612555950477,176.36939529890566,18.446084658479435,180.3593579723703,True,T_true
150,50,hapibd,ibd,21.82811256254101,0.05846115379685557,23.774616055093873,1.052867661826724,True,T_true
150,50,true,ibd,22.742840347792566,0.6326342152130451,24.912229869278605,1.6612240283564574,True,T_true
150,50,none,snp,-5.034133674454598,267.27632801237723,-2.25225643816448,270.03638202584773,False,T_alt1
150,50,hapibd,mixed,24.0628352775241,264.9059474632512,24.705062103798184,265.506836583201,True,T_true
150,50,true,mixed,27.604046949746248,267.79091175387174,27.258424764333313,267.9263160169039,True,T_true
150,51,hapibd,ibd,12.786411673764633,-0.10091847261986686,15.426197133261951,1.1474148129085506,False,T_alt2
150,51,true,ibd,13.065537494752846,-0.4914611487356524,15.717946459639876,1.1938292434383015,False,T_alt2
150,51,none,snp,-2.7861864221904824,269.8072983124452,-2.6473687527924454,272.0674344493061,False,T_alt1
150,51,hapibd,mixed,14.141232350290466,275.1133977327246,16.113329187141176,274.85619045798387,True,T_true
150,51,true,mixed,18.014306897015956,273.2037186295074,18.52555156251816,275.1640623824722,True,T_true
150,52,hapibd,ibd,15.82252008953779,-0.03170983681079065,17.628067694468513,0.7637659930781808,False,T_alt2
150,52,true,ibd,7.969092978192492,1.2794421465659127,10.759894769357743,1.9886918756283762,True,T_true
150,52,none,snp,-1.9766031511343698,188.60048408353634,-0.23583553429685367,188.49993769023115,False,T_alt1
150,52,hapibd,mixed,18.11455973234311,186.9321926887645,20.01326175159295,186.3682740746556,True,T_true
150,52,true,mixed,12.36313320509393,187.33762512086344,12.893252965705415,188.39741156030877,True,T_true
150,53,hapibd,ibd,16.89341566824791,-0.19398394363699367,19.743047321781887,1.8813076558561477,False,T_alt2
150,53,true,ibd,13.168468325060957,0.7958208850886592,14.724994333271212,1.2579247725068115,True,T_true
150,53,none,snp,-5.764929550347148,234.51449278041622,-2.909205121315672,234.214754896338,False,T_alt1
150,53,hapibd,mixed,19.476984421459775,232.37908600761432,20.1280805707716,233.9952264010481,True,T_true
150,53,true,mixed,17.28192331084111,232.90251943196208,15.875406418126431,233.311117327051,True,T_true
150,54,hapibd,ibd,5.012529016320542,0.1537943587172208,7.722885436884582,1.4775320625604138,True,T_true
150,54,true,ibd,17.432666623697884,-0.1887471336424369,19.25815672648025,1.033743275216068,False,T_alt2
150,54,none,snp,-3.462076870126147,201.88910441454803,-1.253258197386657,202.46424065658096,False,T_alt1
150,54,hapibd,mixed,9.5551048025456,201.22677141375507,10.34567808119425,202.30453773290913,True,T_true
150,54,true,mixed,22.302639690478145,200.5680377488021,22.168017276087284,200.560706897036,True,T_true
150,55,hapibd,ibd,11.542049904479939,2.6121177627271948,13.411983252531485,1.919307614372343,True,T_true
150,55,true,ibd,17.536141716788222,0.5149020620292788,20.917253253709617,3.2657835091924596,True,T_true
150,55,none,snp,-7.253574338968605,187.04680971804152,-2.464274326131715,191.30900570183087,False,T_alt1
150,55,hapibd,mixed,13.501091173162166,187.87955432621214,16.335778249998754,191.00926502446006,True,T_true
150,55,true,mixed,23.582047610138943,189.3546191693374,22.20359749809748,190.3023539476173,True,T_true
150,56,hapibd,ibd,12.659472469260862,0.1995767007670679,15.224064213961015,2.2995974543052,True,T_true
150,56,true,ibd,16.76211615407186,0.887784710899524,18.088533654967307,1.5383893052503765,True,T_true
150,56,none,snp,-9.298005551485325,229.1360359881768,-3.7074569431026987,229.29974615384444,False,T_alt1
150,56,hapibd,mixed,14.737038310483854,226.32106934717936,16.786442018989277,228.5649970643273,True,T_true
150,56,true,mixed,21.251557630302102,227.19526539803297,20.763504775626217,228.4377015021596,True,T_true
150,57,hapibd,ibd,15.571958767842943,-0.05428152585704993,17.922481805588035,1.6618738909585034,False,T_alt2
150,57,true,ibd,17.15246125478427,0.3776234276494961,18.911828408902295,1.565559353480836,True,T_true
150,57,none,snp,-3.8976924148150616,248.97209610294038,-0.19027948960145125,251.8511661475999,False,T_alt1
150,57,hapibd,mixed,18.717843042054255,248.0268505252092,20.61001345498883,249.5461438802672,True,T_true
150,57,true,mixed,24.410391429355798,249.34417057252656,20.659013396425195,250.81435882302924,True,T_true
150,58,hapibd,ibd,13.776238942111519,0.9518753209182194,15.883981906687495,1.4778939864183371,True,T_true
150,58,true,ibd,12.52675498564517,0.5676786036281101,14.605915786080828,1.5198027111914598,True,T_true
150,58,none,snp,-4.067138072748659,253.98122671404698,-2.311892212537309,254.66458410334593,False,T_alt1
150,58,hapibd,mixed,17.706689570237444,253.96286767872107,19.270471447149276,255.49622305028,True,T_true
150,58,true,mixed,16.623447348164632,253.73038963316807,20.17406076297661,257.1757614266646,True,T_true
150,59,hapibd,ibd,27.25060493083558,0.7411823950691314,28.497419629913622,1.8372236376640956,True,T_true
150,59,true,ibd,19.367122971481137,1.1456723602087777,20.56148484566117,1.5100070873164952,True,T_true
150,59,none,snp,-4.953663296234701,220.0649305264101,-5.452538463000472,219.64133108991467,False,T_alt1
150,59,hapibd,mixed,26.88690598822612,217.78838281562162,28.0460434585205,219.1941357081896,True,T_true
150,59,true,mixed,21.18474663021351,219.38079269792968,20.68418335450906,220.8513637411375,True,T_true
150,60,hapibd,ibd,16.627295276459535,0.5438814361735638,18.324803469561488,1.1106348810554891,True,T_true
150,60,true,ibd,20.57712543225145,0.48796305158376185,21.62921541314614,1.4221549037193313,True,T_true
150,60,none,snp,-0.9794623930031676,290.08466989030876,-0.8712036776297793,287.8810880388779,False,T_alt1
150,60,hapibd,mixed,21.775193700737987,286.60520913769454,22.92720334699328,289.52554415013196,True,T_true
150,60,true,mixed,26.588797667571527,287.9864368488978,27.358478707429867,289.92069306098296,True,T_true
150,61,hapibd,ibd,13.646559715297258,-0.2475070317942425,15.904302320843698,1.3616153497841026,False,T_alt2
150,61,true,ibd,8.12809517893092,1.4749887040744625,9.483534472416721,1.7073356142585965,True,T_true
150,61,none,snp,-1.72630176510755,241.69373296928006,-0.7488938005818255,242.46122686504094,False,T_alt1
150,61,hapibd,mixed,13.956265565486035,236.8302354930215,16.436955600530695,239.36176423236174,True,T_true
150,61,true,mixed,9.049079528067779,239.1151209701166,12.374007391682994,240.89404795780828,True,T_true
150,62,hapibd,ibd,8.539142744380968,0.01520810856635535,10.492107580492387,0.9250167818291573,True,T_true
150,62,true,ibd,8.430103323702639,-0.6456531362122178,11.329375801657221,0.41641977275824615,False,T_alt2
150,62,none,snp,-6.624864586188039,196.82656735360143,-5.04219999630255,198.19953930220345,False,T_alt1
150,62,hapibd,mixed,10.043048773229202,194.02855345911613,11.444024078825663,195.49235282865592,True,T_true
150,62,true,mixed,11.130994136683,193.9366923773807,14.503784294403147,196.48667493529396,True,T_true
150,63,hapibd,ibd,15.816776801431132,1.2955789432563733,17.817699320737603,1.5171686035875211,True,T_true
150,63,true,ibd,20.341967430277435,1.9772517693112661,21.857732568767545,1.5148065724145567,True,T_true
150,63,none,snp,-6.2339193523802265,233.74755735801858,-4.5288579993661955,235.6646889249838,False,T_alt1
150,63,hapibd,mixed,19.107093648923183,236.33187760639154,19.342223443649743,237.07605170443003,True,T_true
150,63,true,mixed,20.784147083578574,234.71228846600562,23.64687907133512,238.0159774288802,True,T_true
150,64,hapibd,ibd,22.41950565168571,0.12933360214873346,25.428150656812733,1.3306804199221176,True,T_true
150,64,true,ibd,12.68951030098384,0.17086965376853414,14.711374533992512,1.4415948516279968,True,T_true
150,64,none,snp,-4.898349766117633,158.79956768929702,-3.5393702954892916,159.00201752474817,False,T_alt1
150,64,hapibd,mixed,24.50263640087718,156.34618283263828,24.522127358728426,158.9365652488832,True,T_true
150,64,true,mixed,13.813569709975553,157.32989901477717,15.21647748683489,158.67503867074788,True,T_true
150,65,hapibd,ibd,16.393407593347376,2.000075985137755,20.977924584053596,3.5873121712880334,True,T_true
150,65,true,ibd,21.230421327946146,0.8233134848233306,25.060172515751276,3.623282016019317,True,T_true
150,65,none,snp,-7.60178646351557,152.68293279020747,-3.661057970406624,157.0961838917256,False,T_alt1
150,65,hapibd,mixed,18.90194037403387,154.08173736403256,19.030775392086582,155.28958318615085,True,T_true
150,65,true,mixed,23.839607947040065,154.08364983702904,25.149367515410376,156.42424458696505,True,T_true
150,66,hapibd,ibd,31.977304515153634,1.7043698460458643,34.01823899553136,1.5344874918283722,True,T_true
150,66,true,ibd,24.04189432387213,0.5978384477237739,26.367562268647106,2.3004096592111978,True,T_true
150,66,none,snp,-5.4419380509162565,307.3437750087591,-4.404710474072928,309.61535474522094,False,T_alt1
150,66,hapibd,mixed,34.18675113542969,308.42365132694647,33.7742898726012,309.8008903304774,True,T_true
150,66,true,mixed,24.942421720354503,308.53826020320685,25.062306475322117,309.53529074480537,True,T_true
150,67,hapibd,ibd,16.57528725647279,0.7307630990747214,18.93917913168937,1.6164199948738656,True,T_true
150,67,true,ibd,20.44147091598927,3.364764335372854,21.948651314994862,3.602804582227776,True,T_true
150,67,none,snp,-0.2955791434425592,197.930699068145,0.7975815128298365,196.30258154071402,False,T_alt1
150,67,hapibd,mixed,22.249561597112972,195.4728657029331,23.607305618538163,195.73945036838555,True,T_true
150,67,true,mixed,26.711068546026524,198.21897283367866,27.805462519005545,199.754969887155,True,T_true
150,68,hapibd,ibd,18.331491031431028,2.1601898192257067,20.374319751071425,1.412293562381592,True,T_true
150,68,true,ibd,26.30920883369558,0.5526065031849896,27.674138471973492,1.1993243226451114,True,T_true
150,68,none,snp,-7.128872415527802,236.5192602142559,-3.0762585001777722,240.85872280311003,False,T_alt1
150,68,hapibd,mixed,21.13654860405981,238.46266414136198,22.240573411589622,240.0344224118836,True,T_true
150,68,true,mixed,28.863049364559146,238.90915688554864,29.63011978963189,239.88742620289062,True,T_true
150,69,hapibd,ibd,1.7893009106169302,0.562744179798699,4.509151961852012,0.9435670882131433,True,T_true
150,69,true,ibd,6.809132087722162,-0.045342046140575576,9.01724171777289,1.1041697266919073,False,T_alt2
150,69,none,snp,-8.873790112538959,247.7287047644234,-4.629228090013683,248.64196886934002,False,T_alt1
150,69,hapibd,mixed,0.2857289392532323,244.89597178535314,1.6484989838184845,247.5956970939366,True,T_true
150,69,true,mixed,6.280183259271411,246.65917631812735,7.713912123262304,247.5894504355992,True,T_true
150,70,hapibd,ibd,13.291072820406725,0.2013432396728092,15.456880797767127,-0.023907850517986162,True,T_true
150,70,true,ibd,8.115128626117325,-0.633935444987884,10.955907551700363,1.5846366380179688,False,T_alt2
150,70,none,snp,-7.489395822573226,268.57412949411497,-2.8125215058932866,273.807290699831,False,T_alt1
150,70,hapibd,mixed,13.158811636996063,270.10951061997025,13.172111888894875,273.1640979738215,True,T_true
150,70,true,mixed,9.802379016055852,270.63078994264015,11.088871404950936,272.5908313880171,True,T_true
150,71,hapibd,ibd,6.312324126197126,1.928445773303764,8.33001105477797,1.5440887879933598,True,T_true
150,71,true,ibd,3.922684277596545,0.824820334513845,7.619782409078766,2.398545926153787,True,T_true
150,71,none,snp,-8.05126466471166,198.44940189563704,-6.0227177428526275,199.36619261738403,False,T_alt1
150,71,hapibd,mixed,5.262618599593708,196.87135839484068,7.341524898464428,199.24476597555778,True,T_true
150,71,true,mixed,4.919473672941621,198.39320953757388,7.347391213600503,199.5943556239154,True,T_true
150,72,hapibd,ibd,16.34307546437057,-1.0446736622896822,18.285322027024677,0.919814260275416,False,T_alt2
150,72,true,ibd,11.645358660752237,0.5201850693352128,13.12463848452154,1.4152092755763022,True,T_true
150,72,none,snp,-6.206967637656046,193.13698587374634,-2.1597229568040106,195.70525253662223,False,T_alt1
150,72,hapibd,mixed,17.19213895803918,191.34771512146085,20.809909122708433,194.79862928618385,True,T_true
150,72,true,mixed,14.9299998314645,192.32107489701642,17.883770599490447,196.21619046826154,True,T_true
150,73,hapibd,ibd,31.31049196495755,0.888971718003404,32.9712831188462,1.8645594345613006,True,T_true
150,73,true,ibd,27.37264578996664,0.8754264639575524,28.696270548672175,1.3280370650830946,True,T_true
150,73,none,snp,-6.552907231322756,162.6184198600599,-3.2654728262570814,165.7328847792697,False,T_alt1
150,73,hapibd,mixed,34.73411424571219,163.23809881034433,37.242664526461425,167.39773954840078,True,T_true
150,73,true,mixed,32.55441196457468,163.65981167105087,34.468394852102705,168.00881539271455,True,T_true
150,74,hapibd,ibd,23.12932893251815,1.1514370956869584,25.196809821653403,1.8339131634827197,True,T_true
150,74,true,ibd,21.61590169548424,1.9706709354495047,23.59516045255566,2.023268336034505,True,T_true
150,74,none,snp,-5.190515513242715,225.38102888296535,-3.308800624685965,225.60650172775044,False,T_alt1
150,74,hapibd,mixed,27.616939062569173,222.97377113520713,26.629268452021392,223.87618651181845,True,T_true
150,74,true,mixed,26.98681626309761,223.72331358368618,27.995677568549382,225.4207839324625,True,T_true
150,75,hapibd,ibd,11.200164767704251,-0.31111434693278284,13.56107527801268,1.2995272976950503,False,T_alt2
150,75,true,ibd,8.234248803732697,0.8640006783113847,9.69953472689906,1.4873545592867856,True,T_true
150,75,none,snp,-5.765293829172464,177.0542930449027,-3.3083460737074546,179.26629838440005,False,T_alt1
150,75,hapibd,mixed,14.383268278097603,177.53755661120624,14.044343910758528,177.96326940904945,True,T_true
150,75,true,mixed,11.333439012566458,178.95151389430492,13.101666855735004,179.26096051709177,True,T_true
150,76,hapibd,ibd,11.638610693758181,2.170687263556232,13.525375908018447,-1.7202107916537557,True,T_true
150,76,true,ibd,9.08259865095161,0.7806390575689193,10.685448696737382,1.141353273559389,True,T_true
150,76,none,snp,-3.089142353481119,241.68999377435537,-1.5818301544323106,243.82279695264856,False,T_alt1
150,76,hapibd,mixed,11.796451039881447,242.2704715288215,14.740792114651668,243.6485324696639,True,T_true
150,76,true,mixed,12.009287909247774,243.26618559343768,14.536590755466136,245.0224989778493,True,T_true
150,77,hapibd,ibd,14.293516396196935,2.2720418536252964,15.542662028147788,1.9765525917209743,True,T_true
150,77,true,ibd,20.018282390720685,0.7582223895655886,21.654344845050616,1.42628754227664,True,T_true
150,77,none,snp,-7.059150709307531,230.88693091638748,-4.52437364541111,230.78570687538658,False,T_alt1
150,77,hapibd,mixed,13.132213918173107,229.89283395194198,12.88752753479281,230.83054886791498,True,T_true
150,77,true,mixed,20.141519631104728,228.93330673850102,22.50366412915912,231.96616648014992,True,T_true
150,78,hapibd,ibd,4.5746192793610305,-0.1809806071174478,7.461079007559846,1.8712798167001665,False,T_alt2
150,78,true,ibd,1.8969111234699767,0.23473836362009592,6.845978350987167,2.8784410514769547,True,T_true
150,78,none,snp,-6.123598782965708,237.58444667455151,-4.998055132091942,237.32606524248718,False,T_alt1
150,78,hapibd,mixed,5.120268044283961,234.11558382661002,8.211783182666636,237.74496470099564,True,T_true
150,78,true,mixed,2.530606607063987,234.34969266603022,5.975888958978146,237.60366441515714,True,T_true
150,79,hapibd,ibd,12.879099766921655,1.5112207518701553,15.689987570642558,2.289223459167232,True,T_true
150,79,true,ibd,14.443340314763503,1.0766651128678575,15.914857770630192,1.497109517582885,True,T_true
150,79,none,snp,-5.778458811924597,196.4177713385682,-3.740168403089058,198.59808881348704,False,T_alt1
150,79,hapibd,mixed,16.678497378610814,201.0521885626393,17.455184640467678,202.24346899130427,True,T_true
150,79,true,mixed,19.3412439722091,200.53265029096318,19.63527098557867,202.9445532021358,True,T_true
150,80,hapibd,ibd,6.992231949418056,0.1351868794717177,8.667155454245119,0.582350777805317,True,T_true
150,80,true,ibd,2.041491579984779,-1.3952801980212257,5.433521907532196,0.4333586860767866,False,T_alt2
150,80,none,snp,-5.331289044027798,239.49337957725345,-3.7149919938992753,242.66214204297688,False,T_alt1
150,80,hapibd,mixed,8.368686214225477,241.2373798665235,8.839475055298436,241.72764871886784,True,T_true
150,80,true,mixed,5.41210858194691,242.37044233113562,6.755300723657854,243.81076887347024,True,T_true
150,81,hapibd,ibd,28.489416613881644,0.6561166177483244,30.40125408443174,0.9603587970995875,True,T_true
150,81,true,ibd,33.772475781476345,0.7354044341166741,34.811782741328216,1.4862302541275483,True,T_true
150,81,none,snp,-0.8898446235989113,234.10547670308642,1.523866052834336,237.36153675306377,False,T_alt1
150,81,hapibd,mixed,37.0305087814252,233.86463301826936,37.56979669824929,235.867647523182,True,T_true
150,81,true,mixed,39.68005563165113,232.46754589175103,42.30792185135971,236.1383756602151,True,T_true
150,82,hapibd,ibd,9.167854303944353,1.1803341936559946,10.476648065926298,1.118943216358872,True,T_true
150,82,true,ibd,5.868755229390615,0.4055483943148488,8.979987688456106,2.3767648933918224,True,T_true
150,82,none,snp,-8.959502854531404,275.96323107479765,-4.196457812533431,281.11805323267464,False,T_alt1
150,82,hapibd,mixed,10.71789763428663,280.43537735814164,11.165238491758345,282.29630857947143,True,T_true
150,82,true,mixed,6.127438929661167,278.9463644990548,9.829057884698983,282.6384095109163,True,T_true
150,83,hapibd,ibd,22.863823486734702,0.09126564216853694,24.98595502713937,0.23939712147947034,True,T_true
150,83,true,ibd,24.649704591157615,0.4170371246980835,25.953081936016787,1.2459827654549827,True,T_true
150,83,none,snp,-2.126772906533681,191.45402847238591,0.6400531592606029,193.35330996596366,False,T_alt1
150,83,hapibd,mixed,27.539536907821116,192.3136725966478,29.437525765029875,192.68658370025778,True,T_true
150,83,true,mixed,29.55620039108723,191.52623445305312,30.873148708138785,193.78951726056985,True,T_true
150,84,hapibd,ibd,12.846630716111264,0.2228744781733667,14.532581576590957,0.4993327538304584,True,T_true
150,84,true,ibd,11.554241614038858,0.6539975183337106,14.110465133100178,1.6146789364589722,True,T_true
150,84,none,snp,-9.44988866294577,188.69620266854093,-4.25850730773616,193.16244296448667,False,T_alt1
150,84,hapibd,mixed,9.901759377011018,187.78899504681704,13.916725658953965,192.06727880951297,True,T_true
150,84,true,mixed,12.809382393833147,191.1640209848559,13.139020438365776,193.3518669934656,True,T_true
150,85,hapibd,ibd,32.0698328464085,0.7609624925112541,33.744452707228334,1.311993005052301,True,T_true
150,85,true,ibd,30.817377443750047,1.1744315495359103,32.10330613799056,1.7058146334659057,True,T_true
150,85,none,snp,-3.865124102445499,202.6409818931927,-2.1821380229993608,203.71052514883507,False,T_alt1
150,85,hapibd,mixed,38.169659634447385,201.44468327884775,36.93711579764164,203.9794553650065,True,T_true
150,85,true,mixed,34.96877436779101,201.47827506734833,34.20296528633622,202.91818352814082,True,T_true
150,86,hapibd,ibd,15.420432724691892,0.5439181684401433,16.998021032439,0.7631605793218341,True,T_true
150,86,true,ibd,15.718941084202982,-0.7956254787028172,19.362592949926523,1.21731059612668,False,T_alt2
150,86,none,snp,-5.36006397257832,248.2044538258315,-4.292319539878491,248.1810753390959,False,T_alt1
150,86,hapibd,mixed,15.621121593090237,247.14100643774427,16.926417501313693,248.19639468844642,True,T_true
150,86,true,mixed,16.224031464710833,246.69278756113167,17.484666742910605,247.7649853669491,True,T_true
150,87,hapibd,ibd,19.366037897988065,0.42811620839609077,22.92676208229392,2.407148984246305,True,T_true
150,87,true,ibd,17.985264761879478,0.8825027176425237,19.49481941552537,1.3046461253242683,True,T_true
150,87,none,snp,-1.2503585709225291,174.39356398674357,-0.4674890232097795,174.27132777024875,False,T_alt1
150,87,hapibd,mixed,24.168096565090366,172.52033718595285,25.997384727180048,173.4184568230246,True,T_true
150,87,true,mixed,23.21385641316445,174.5627592825992,24.13431358755531,175.9980407748066,True,T_true
150,88,hapibd,ibd,8.802754474786298,-0.265400344267789,11.07169403242321,0.7796957378920695,False,T_alt2
150,88,true,ibd,11.650377550905745,0.8900369001395916,13.559653118354106,1.4847913615627988,True,T_true
150,88,none,snp,-2.513900973769722,215.38602034744878,-1.865040691706433,215.44452155103536,False,T_alt1
150,88,hapibd,mixed,14.76990750660147,212.63035417053663,14.739098660266649,212.27801969526917,True,T_true
150,88,true,mixed,12.678685260267827,212.1963087922484,17.46197773758081,215.35022937892617,True,T_true
150,89,hapibd,ibd,12.755283769384107,0.030966342801690416,14.44387236875258,1.07326887658391,True,T_true
150,89,true,ibd,10.41849296257044,0.1459482155658236,13.34184460728224,1.9759226971087855,True,T_true
150,89,none,snp,-6.914937287944813,160.45943016861355,-4.165431311743191,162.39830418670203,False,T_alt1
150,89,hapibd,mixed,15.57276419959959,161.42852956576138,16.999920529453988,164.24176476496115,True,T_true
150,89,true,mixed,14.566772598782563,160.98635980529951,14.852020039573517,162.95957427140624,True,T_true
150,90,hapibd,ibd,13.588692599198765,1.2104113389547422,16.015162200208835,2.427241727134856,True,T_true
150,90,true,ibd,16.0816058060457,1.1662564711141954,17.697404537321376,1.225125783437619,True,T_true
150,90,none,snp,-4.6567856450174645,259.9288833749586,-2.9107500972247635,258.8083504580547,False,T_alt1
150,90,hapibd,mixed,15.653868653387804,258.85915831905913,16.39701321371325,259.32028952844735,True,T_true
150,90,true,mixed,18.204340350903323,258.68720449037767,19.380377924297107,260.6496432615942,True,T_true
150,91,hapibd,ibd,18.765250989543347,1.5403323833847367,20.678790074866185,1.9756310811864068,True,T_true
150,91,true,ibd,24.008658776983452,3.0297878838583756,26.04675660664404,4.728668145219842,True,T_true
150,91,none,snp,-3.648963912860406,208.76497116468687,0.3515947803711086,207.50309526590868,False,T_alt1
150,91,hapibd,mixed,24.391699249169307,207.82285201397917,23.36380157581945,208.6371932630481,True,T_true
150,91,true,mixed,28.31531694417899,207.77611357037793,31.090795622982483,211.02156633842492,True,T_true
150,92,hapibd,ibd,13.847914486995734,1.9868622299365768,16.17343545746141,2.673657585319546,True,T_true
150,92,true,ibd,8.38941462855027,0.1324595292387869,10.722240398914437,1.8852695454841069,True,T_true
150,92,none,snp,-6.470676002115667,300.52812693411977,0.8970604403406313,305.6204803213845,False,T_alt1
150,92,hapibd,mixed,15.626205406111922,299.0491480338078,15.84217919345383,301.14031370285875,True,T_true
150,92,true,mixed,13.619802227411554,299.8224177191132,10.798738829890453,301.28186858704527,True,T_true
150,93,hapibd,ibd,13.77824552644887,2.902641292991831,15.459007541392026,1.6604654534549752,True,T_true
150,93,true,ibd,13.305362259351341,0.9784101678570778,14.565380023603495,1.1972844896380366,True,T_true
150,93,none,snp,-5.4223369751020485,225.3139078313888,-3.4951265449098656,226.34038424761218,False,T_alt1
150,93,hapibd,mixed,12.281047520828025,223.88251422559864,14.988493351348183,225.81700922626186,True,T_true
150,93,true,mixed,14.391523275406854,224.61193560364802,17.07935394825566,226.91052257486257,True,T_true
150,94,hapibd,ibd,22.057528217587446,0.556037107808038,23.627178749187607,1.0247811826590407,True,T_true
150,94,true,ibd,12.558528673211441,2.528890948692748,14.606880430414492,1.7084550536665972,True,T_true
150,94,none,snp,-8.268777765621728,176.06690638076955,-6.217116951959504,177.5139838576188,False,T_alt1
150,94,hapibd,mixed,21.054150421185227,177.6817344800584,17.77384936631273,179.32433439104693,True,T_true
150,94,true,mixed,9.794431615452652,176.9688234700797,11.273068433102168,178.66781346899538,True,T_true
150,95,hapibd,ibd,12.941104470452842,-0.9587415421700882,16.119874736994234,1.2873274049721317,False,T_alt2
150,95,true,ibd,9.824162321137948,0.18172313023396214,12.05312805991224,1.4216914968474725,True,T_true
150,95,none,snp,-1.4532404165978114,244.05012235126094,1.7878392233408391,244.06426421065083,False,T_alt1
150,95,hapibd,mixed,19.036094652251393,243.07702396017012,22.458696850360354,245.3635470532637,True,T_true
150,95,true,mixed,15.943863720816921,240.4444132981869,19.74124335970714,244.81639425456302,True,T_true
150,96,hapibd,ibd,11.924240888272976,1.5677609358758673,13.854881600606603,0.9990763387861819,True,T_true
150,96,true,ibd,14.787737783894443,1.1694429352874067,18.49777743497623,3.289217234227692,True,T_true
150,96,none,snp,-11.07875521257169,224.25187672221037,-5.722741176295791,229.62766840222633,False,T_alt1
150,96,hapibd,mixed,11.67716409237957,224.7697582285813,11.872573956293763,225.77133093555483,True,T_true
150,96,true,mixed,17.036030409074357,226.51862966889465,17.654625152289043,227.93120794120915,True,T_true
150,97,hapibd,ibd,18.80080399150617,0.519033639090992,20.40505606592231,-0.05492105845729611,True,T_true
150,97,true,ibd,17.077506440484143,0.18936992127609642,18.69142369608204,1.1408748700887656,True,T_true
150,97,none,snp,-3.3061176002946837,207.43684089803406,-2.1768580061674143,209.8628136999409,False,T_alt1
150,97,hapibd,mixed,23.045890162585295,207.80628199905144,23.506097297588298,208.2229274314437,True,T_true
150,97,true,mixed,25.71130436121439,207.86166739722603,23.275705593187524,209.52775207998852,True,T_true
150,98,hapibd,ibd,11.235197288951355,0.5776172576449312,16.0044442714385,3.5983476893453883,True,T_true
150,98,true,ibd,6.563035011604825,1.5784483287704631,8.281519406123294,1.66367699610484,True,T_true
150,98,none,snp,-5.302118166540168,160.11799953764682,-4.289470878088963,161.1749879531314,False,T_alt1
150,98,hapibd,mixed,10.73681499250523,156.86051427408677,14.8776304995028,161.51694990011882,True,T_true
150,98,true,mixed,6.947949126520086,157.74894062474644,8.728990740514718,160.63097736912025,True,T_true
150,99,hapibd,ibd,15.496358137529995,0.5729250228897342,17.803177994099173,1.778522130679164,True,T_true
150,99,true,ibd,6.3953243890814235,0.3673652208044018,8.791252161699475,1.2524421516401105,True,T_true
150,99,none,snp,-4.964937611542702,248.87650894772656,-3.7528481140208783,247.81896627826936,False,T_alt1
150,99,hapibd,mixed,16.295679283766788,248.12302955660726,18.41234479498081,249.89414170596518,True,T_true
150,99,true,mixed,8.540656489720362,247.20131625678772,9.352234898129211,248.4057115810307,True,T_true
200,0,hapibd,ibd,16.077078227889473,-0.3675993708350518,19.05740585328809,1.049419886119324,False,T_alt2
200,0,true,ibd,17.830139580037866,0.5833085312419541,20.02187047215304,1.7230918172588758,True,T_true
200,0,none,snp,-4.715825239916768,318.38424875101146,-3.2717569414792607,321.5862898255689,False,T_alt1
200,0,hapibd,mixed,18.494856272296403,316.1328966445202,19.044095493138144,318.0590371014549,True,T_true
200,0,true,mixed,22.70623236493614,319.8955457510589,21.95205890580408,319.854466662344,True,T_true
200,1,hapibd,ibd,16.266425307976277,0.9660057924932062,18.291196501232633,1.4578038404097526,True,T_true
200,1,true,ibd,20.46648480997672,0.6791976078807522,24.440168075231924,3.6958566636544674,True,T_true
200,1,none,snp,-8.458132061568634,249.49765535410228,-4.669910011175894,251.24262810277676,False,T_alt1
200,1,hapibd,mixed,18.0897135534519,247.79094190369275,17.659170060406694,249.82640439948733,True,T_true
200,1,true,mixed,23.393535193194822,247.72707703980333,23.13614015604341,250.23352732562765,True,T_true
200,2,hapibd,ibd,35.457712250841126,0.5046190974926219,37.50774929254629,1.292191961123848,True,T_true
200,2,true,ibd,33.894881462317414,0.23451578630042036,35.45480048064596,1.7075111063567476,True,T_true
200,2,none,snp,-8.117717324355201,290.65383830603497,-4.469046462811143,293.1808932878149,False,T_alt1
200,2,hapibd,mixed,37.80196131709562,290.7604713738508,37.23167521768585,292.01366319120973,True,T_true
200,2,true,mixed,34.71190995029204,291.808157238498,35.49692928814733,293.25689949493477,True,T_true
200,3,hapibd,ibd,28.34973989996473,1.1786958222176906,30.260642833740263,0.9995414693685518,True,T_true
200,3,true,ibd,43.00621662714363,1.0750340963049325,44.377296877963374,1.1459392415685556,True,T_true
200,3,none,snp,-5.046811260024665,261.4897069134608,-3.8184562937692235,262.2012477643356,False,T_alt1
200,3,hapibd,mixed,30.62877940685064,262.21315011684874,29.479390842712263,264.94037312923325,True,T_true
200,3,true,mixed,49.60880047661021,263.31945752519994,48.420919421220844,264.30204722213034,True,T_true
200,4,hapibd,ibd,22.891672912790227,0.671601439924757,25.273396236415124,1.4850686768785692,True,T_true
200,4,true,ibd,28.476054572913085,0.30125316910061883,30.758640542912815,1.7877585307230106,True,T_true
200,4,none,snp,-1.9924635905430748,305.5672729422641,0.35518951009492383,308.35277071064775,False,T_alt1
200,4,hapibd,mixed,25.906554258198838,302.7552267450392,28.824164780527838,304.7315627406341,True,T_true
200,4,true,mixed,36.68550847004761,304.23752971558804,36.00091144466515,307.3135665426745,True,T_true
200,5,hapibd,ibd,22.85579642770324,2.5894697117251724,23.907350905931793,0.7457717519838241,True,T_true
200,5,true,ibd,12.400110745387337,-0.20078488191163046,15.511689024605914,1.2597077202480023,False,T_alt2
200,5,none,snp,-3.478013782751198,326.06353897271833,-1.6487161783592157,327.53496123276364,False,T_alt1
200,5,hapibd,mixed,28.05354342447876,327.53098213000516,27.168713068500693,327.9247231890163,True,T_true
200,5,true,mixed,18.62203241186768,326.9822437843684,19.79672015769711,327.05371805836387,True,T_true
200,6,hapibd,ibd,33.57467434801006,0.6862789062754189,35.25973663398062,1.7667950529750556,True,T_true
200,6,true,ibd,29.82369997372936,0.005299146201537042,31.855907822806415,1.8199425705962824,True,T_true
200,6,none,snp,-1.2515090318165534,221.9729010979292,1.8073823199593377,223.170375083843,False,T_alt1
200,6,hapibd,mixed,42.66984421155905,220.96809936759763,42.96719747172483,221.45009043173238,True,T_true
200,6,true,mixed,39.32214568470849,221.26297078087046,40.753441312833246,222.60816574442407,True,T_true
200,7,hapibd,ibd,24.152442264644662,1.1016930469782835,25.490619583561198,1.1638987588760585,True,T_true
200,7,true,ibd,28.184523231989544,0.1710425557499775,30.172159195399644,1.1201493697874696,True,T_true
200,7,none,snp,-5.715352730113004,210.1459405807581,-4.142840334366767,211.41960737851267,False,T_alt1
200,7,hapibd,mixed,24.772657564665735,211.95957317350732,26.598335294252564,212.05018462004324,True,T_true
200,7,true,mixed,34.22532759569819,210.02702058668999,34.33225809919128,213.33026115382182,True,T_true
200,8,hapibd,ibd,7.747262397133227,-0.030995600059469552,9.51461449937571,0.14613290310887805,False,T_alt2
200,8,true,ibd,12.34846977607117,0.8746399233281466,14.283706062201162,1.3495982839761211,True,T_true
200,8,none,snp,-9.399426516206326,365.64314563198326,-2.5595233150274055,370.23193902147494,False,T_alt1
200,8,hapibd,mixed,6.080702194226632,363.6425498818629,8.739276539102917,367.15840620806733,True,T_true
200,8,true,mixed,14.047595086588217,368.98189478625216,15.306516591597386,368.9872669013075,True,T_true
200,9,hapibd,ibd,19.354963721721987,1.2401999423563552,21.137829540768735,1.236687946618133,True,T_true
200,9,true,ibd,13.27757287424015,1.1487703466702612,15.184222494936307,1.1105275390084444,True,T_true
200,9,none,snp,-4.297013110275895,242.75740788761175,-1.876667888715204,242.70666333648063,False,T_alt1
200,9,hapibd,mixed,22.42992572836701,238.78718250857435,24.06757009788427,241.97569137521842,True,T_true
200,9,true,mixed,18.572023900858568,243.5634641286313,19.673734639725268,244.10293432377472,True,T_true
200,10,hapibd,ibd,24.843175838446626,0.9827295255518891,26.79814614997906,2.109726164457612,True,T_true
200,10,true,ibd,29.92632923275201,0.7121686543017631,31.05579673975373,1.7633766077157986,True,T_true
200,10,none,snp,5.00515654140548,247.46792002657745,7.501921091595136,248.96426466177576,True,T_true
200,10,hapibd,mixed,36.84591601684531,246.41902974335966,36.451438802877504,248.0177040491849,True,T_true
200,10,true,mixed,41.65631666261885,248.9416090734431,42.16984935409246,250.61037969995797,True,T_true
200,11,hapibd,ibd,22.982482459593427,0.19030264635384242,24.892165951989597,0.7728945632958073,True,T_true
200,11,true,ibd,25.280772522570373,0.8084335263379501,29.234674649902814,4.031428201443617,True,T_true
200,11,none,snp,-6.0409504812324,253.98780595508907,-3.8190854619950656,254.01825081742004,False,T_alt1
200,11,hapibd,mixed,26.64717317028021,252.96604821122878,26.3652404478226,255.4227956580089,True,T_true
200,11,true,mixed,26.74152369513726,252.2355226124679,29.694198728379178,255.92864204225774,True,T_true
200,12,hapibd,ibd,27.316069162636467,-1.3432204697881787,31.33055255072341,1.578730508861696,False,T_alt2
200,12,true,ibd,45.13567554904725,1.2501624598338026,46.01399479688763,1.5611694631201942,True,T_true
200,12,none,snp,-2.335625651994846,279.9517703633969,-1.6114662741313737,280.8549887372037,False,T_alt1
200,12,hapibd,mixed,32.13946421748881,277.20403133876374,32.25715130661402,279.04490186868145,True,T_true
200,12,true,mixed,50.89832947152158,277.91328255950975,49.65611875743073,279.9961063449275,True,T_true
200,13,hapibd,ibd,21.182936439005914,-0.34330992177490316,23.218526217933515,0.16598945211262617,False,T_alt2
200,13,true,ibd,11.719462709385141,-0.29328771258388997,13.882615070544489,0.755533021265478,False,T_alt2
200,13,none,snp,-4.898314956861263,299.3608786955414,-1.7630191161097528,300.56957919891175,False,T_alt1
200,13,hapibd,mixed,22.917523062383964,299.68635768283616,23.302072456399912,300.87067066406,True,T_true
200,13,true,mixed,14.395192020574711,297.77571409379743,16.413428323912598,300.09059745992687,True,T_true
200,14,hapibd,ibd,27.23473787558595,1.0119841941539676,30.092643788188525,1.7856250899834265,True,T_true
200,14,true,ibd,21.10859860792678,0.1077224606792413,22.533058475280853,1.3905267245149844,True,T_true
200,14,none,snp,-3.504202127721495,248.8121989881648,-1.305550398381385,249.75715580339468,False,T_alt1
200,14,hapibd,mixed,27.048684727495043,245.6538450727738,30.44192133765071,245.9632407091003,True,T_true
200,14,true,mixed,26.904282845848826,249.28377875124374,24.18428502583143,250.69603037921078,True,T_true
200,15,hapibd,ibd,33.8034163894892,0.6657051897083477,35.10279667030278,1.7831640541673153,True,T_true
200,15,true,ibd,28.411177163910224,0.8583561540668541,29.881970674438065,1.5124553522929887,True,T_true
200,15,none,snp,-4.501690269163937,297.461520808858,2.4376905649607252,300.6324724996562,False,T_alt1
200,15,hapibd,mixed,38.590547843883144,294.5584213229355,38.25617867509001,296.98608638789017,True,T_true
200,15,true,mixed,30.83996599592075,295.2785183736245,34.131633397477145,298.2946914681154,True,T_true
200,16,hapibd,ibd,26.725874523993383,0.5006978072081267,28.342434119961126,0.9115442079215086,True,T_true
200,16,true,ibd,21.51190218005749,0.01818053062319791,23.407939840593656,1.459821232275317,True,T_true
200,16,none,snp,-4.717033894242814,254.9999872742854,-1.5195873346153306,254.71548355463588,False,T_alt1
200,16,hapibd,mixed,31.500406716537867,253.2792115420089,33.3867797685088,254.48895315934527,True,T_true
200,16,true,mixed,27.26684275133138,253.5709495026678,28.315880794402375,255.7828488422556,True,T_true
200,17,hapibd,ibd,24.09278567125915,3.742535690432021,26.18359107111317,4.226196282013035,True,T_true
200,17,true,ibd,23.30913310923509,1.0332945053445712,25.34912018493148,1.721054208301382,True,T_true
200,17,none,snp,-3.7473157456096473,294.8947328347882,-5.071547426258,287.86983556162295,False,T_alt1
200,17,hapibd,mixed,22.95500965708797,283.8537252748763,22.852936501320045,286.0682506722733,True,T_true
200,17,true,mixed,26.936158415735093,285.4094387325961,24.551931602314596,286.1308558833747,True,T_true
200,18,hapibd,ibd,20.749243001475776,-0.7681829571874914,23.918936126694774,0.3805838713855678,False,T_alt2
200,18,true,ibd,25.5560188096305,1.1606508760181384,26.85091306074196,2.0926574508947056,True,T_true
200,18,none,snp,-3.75456906849276,266.84229176213074,-1.4154791558178772,268.8474119531947,False,T_alt1
200,18,hapibd,mixed,27.71629238988271,266.22031597054826,28.493568267622805,267.52082594088694,True,T_true
200,18,true,mixed,32.14345673371224,267.4357657393764,32.12274675583123,269.3292344514688,True,T_true
200,19,hapibd,ibd,18.00244629976976,0.9309040250541329,20.562430663876626,1.974008519823343,True,T_true
200,19,true,ibd,22.025348804650122,0.9228796767611414,25.285584340003112,3.7056929390108166,True,T_true
200,19,none,snp,-8.300562569055764,408.5236946667442,-5.908390998261396,411.2531185187768,False,T_alt1
200,19,hapibd,mixed,20.295993862618786,409.1002435843866,22.00033250731562,412.59578400147166,True,T_true
200,19,true,mixed,25.480684339516586,410.65439643583227,24.93431489521899,412.2561497707468,True,T_true
200,20,hapibd,ibd,19.84152928283001,0.10747538836463377,22.7320843269994,1.9862360746911918,True,T_true
200,20,true,ibd,22.916275345282145,1.0680273429702822,24.257492387420996,1.5746967691053442,True,T_true
200,20,none,snp,-7.602101742704896,280.20752453466014,-2.212016701981284,282.58258038246004,False,T_alt1
200,20,hapibd,mixed,22.399792354876922,280.3133127552733,24.956731772394647,281.5094926105118,True,T_true
200,20,true,mixed,29.083311839011657,281.03967486739936,26.520477948076746,282.67071614096074,True,T_true
200,21,hapibd,ibd,22.459001247047155,2.7720355433246198,24.376291121309833,1.9535321075694014,True,T_true
200,21,true,ibd,22.08491660809429,0.9648387163680923,24.7625391178519,2.445654631114877,True,T_true
200,21,none,snp,-7.799112711915271,313.30271488414047,-4.1392118722860545,315.05498962472535,False,T_alt1
200,21,hapibd,mixed,23.04383873899593,312.0662857509793,24.31903424721432,314.08273368190896,True,T_true
200,21,true,mixed,24.173619634433578,312.43691384949096,26.157047078208308,314.44442046321683,True,T_true
200,22,hapibd,ibd,33.805806780332745,1.0518395208048616,35.276649258963204,0.843399450054477,True,T_true
200,22,true,ibd,16.943798367889798,0.45057987080525663,19.046836014197197,0.4892040568263383,True,T_true
200,22,none,snp,-3.946209231524481,286.0090923290288,-0.9904679361603428,290.11677809243145,False,T_alt1
200,22,hapibd,mixed,36.03242038859099,290.0017173320464,37.568260402892264,292.71293335825965,True,T_true
200,22,true,mixed,24.951987805822995,288.80805624940433,23.36196209121843,290.332799609036,True,T_true
200,23,hapibd,ibd,16.042399158781905,-0.4424825919389548,19.368630632085626,1.2369972282459685,False,T_alt2
200,23,true,ibd,19.107623847419802,0.6015505917559665,21.214854979914378,1.1932446177586655,True,T_true
200,23,none,snp,-6.285025959141361,272.8327615589934,-4.402606540935594,274.04695508971486,False,T_alt1
200,23,hapibd,mixed,18.624079627027697,272.7530549272901,19.913818489865093,273.9184765976503,True,T_true
200,23,true,mixed,22.28895832201681,272.27836566892154,23.670431886731308,274.9375623586435,True,T_true
200,24,hapibd,ibd,30.697458039713837,0.559069783881597,32.53574027036083,1.4534376728796303,True,T_true
200,24,true,ibd,29.79516824219411,0.415355861744672,32.33855979685728,2.1823315726473425,True,T_true
200,24,none,snp,-2.209676366043574,299.8340768185521,-0.3670628498897912,300.3484161017166,False,T_alt1
200,24,hapibd,mixed,37.91687005708488,299.18368282819745,38.8329270174315,300.9613757430909,True,T_true
200,24,true,mixed,37.04801568903065,297.96714054412814,40.97362729172846,300.5234721042317,True,T_true
200,25,hapibd,ibd,27.507405621060798,-0.43668055294105557,29.86628983892186,1.4770160576770763,False,T_alt2
200,25,true,ibd,14.096350931948422,1.3799381548444387,16.216006720374594,2.2987405344942715,True,T_true
200,25,none,snp,-5.837282245115468,283.7936720528314,-2.9632999271050693,285.5147871276984,False,T_alt1
200,25,hapibd,mixed,26.54638862895598,281.78164975099656,26.905946596446142,282.2886234030424,True,T_true
200,25,true,mixed,15.475855688307945,282.723388021242,16.64068236670107,285.5097613718318,True,T_true
200,26,hapibd,ibd,26.12550778208103,0.3986740448601438,27.83695137920543,1.7216617916366772,True,T_true
200,26,true,ibd,28.86239570718783,1.034926401277545,30.596789283698257,2.1235670148965653,True,T_true
200,26,none,snp,-8.609101463554456,244.42852795986587,-3.4153459885831055,248.45611363854647,False,T_alt1
200,26,hapibd,mixed,26.08910444140173,242.92151642782238,28.169056914947333,245.45557608182997,True,T_true
200,26,true,mixed,30.14041054311869,244.83294582674225,31.202081553595008,244.86091550097944,True,T_true
200,27,hapibd,ibd,28.66611601247655,-0.4043614635940287,30.812805846047098,1.2201577870769995,False,T_alt2
200,27,true,ibd,29.666990813602894,0.4825163853834056,30.798374108613274,1.3549247295647433,True,T_true
200,27,none,snp,-7.634129260226011,283.45634611127673,-2.563888579185793,286.6034537318777,False,T_alt1
200,27,hapibd,mixed,28.85641562400818,283.2015303925332,30.677475538222467,286.0455208801195,True,T_true
200,27,true,mixed,29.59592622062138,284.34863840680157,31.47423681674354,286.8597086091874,True,T_true
200,28,hapibd,ibd,17.49498439012882,1.346714383939286,18.639100395833566,2.070701410372635,True,T_true
200,28,true,ibd,18.850716347137876,1.9004976331346484,20.932240900086413,3.8097514904094965,True,T_true
200,28,none,snp,-7.830677726493867,300.18733069788277,-4.186426314262455,298.913887854595,False,T_alt1
200,28,hapibd,mixed,18.316650439100044,297.7646653416219,18.673550640525235,300.3548366751264,True,T_true
200,28,true,mixed,19.39914258739924,299.04002869906253,20.92034837594923,301.76757627245456,True,T_true
200,29,hapibd,ibd,27.16549221838909,1.054944965370538,29.6556829783282,2.6223641692672857,True,T_true
200,29,true,ibd,18.57326043124897,0.733594081064382,21.14310689446026,2.0964770865892888,True,T_true
200,29,none,snp,-3.65372997702282,266.50081748344553,-3.5890164028980323,268.95223957698965,False,T_alt1
200,29,hapibd,mixed,26.79632932515392,264.952852839135,29.590009856898064,268.2597148723247,True,T_true
200,29,true,mixed,21.246733929876086,267.13053480737324,21.585244433948986,268.6076793531395,True,T_true
200,30,hapibd,ibd,25.995952997958597,-1.2545407267987798,29.125134447332897,0.9384071353311185,False,T_alt2
200,30,true,ibd,26.671102592319244,0.35507748957076046,28.612151033189463,1.864462713135623,True,T_true
200,30,none,snp,-8.284706122357516,271.82073800288197,-6.222831078211698,268.55112605666665,False,T_alt1
200,30,hapibd,mixed,27.83224998930251,265.4909091180324,30.04701539636531,267.9325682327787,True,T_true
200,30,true,mixed,31.33385581575979,265.48098246285434,27.921788164809243,267.28245289676056,True,T_true
200,31,hapibd,ibd,32.7166497745512,0.11101931066843918,34.323581359947894,0.605629814358025,True,T_true
200,31,true,ibd,33.00868211021512,0.6485105264572155,34.36874910514754,1.4461416401357496,True,T_true
200,31,none,snp,-4.699248476680836,259.1023698772055,-3.1889039255377014,258.04884340637705,False,T_alt1
200,31,hapibd,mixed,31.75332970740584,256.10957526618296,32.04442958737849,257.92200879481857,True,T_true
200,31,true,mixed,33.35296828841703,256.72644155948444,32.318569274104334,258.48354607261524,True,T_true
200,32,hapibd,ibd,24.169999772551847,0.473368263320026,28.661482488503765,3.109467179690938,True,T_true
200,32,true,ibd,13.818693466163552,0.7934150145843262,15.963524335208547,1.5797704784589826,True,T_true
200,32,none,snp,-9.102295436908207,199.5175969779222,-1.5714236631125758,206.3021145573168,False,T_alt1
200,32,hapibd,mixed,23.720299098534923,200.18055836856166,25.959523748282948,201.51009263370437,True,T_true
200,32,true,mixed,14.757978475576493,203.65761244344296,14.983862303146793,204.4581743418334,True,T_true
200,33,hapibd,ibd,23.79638542254642,0.14364318963959022,25.93042900645554,0.6905101832302023,True,T_true
200,33,true,ibd,19.734517958467137,1.4497043964671548,21.920146691470904,2.1534081978917072,True,T_true
200,33,none,snp,0.1635874975652385,262.4140004594399,3.5450417178387283,262.8600172690035,True,T_true
200,33,hapibd,mixed,36.44807412939602,261.308543588958,34.47685254319873,262.23890726978664,True,T_true
200,33,true,mixed,29.567347400427792,259.8919897711403,31.649616500220162,262.9857850766029,True,T_true
200,34,hapibd,ibd,16.696166953159803,1.0875553094719237,18.007296519209945,1.0574380671696417,True,T_true
200,34,true,ibd,17.411019629140128,0.7328014456360847,18.28542269677027,0.9524870798815073,True,T_true
200,34,none,snp,-8.16780945716733,297.07341144461583,-6.1255854130141,299.10275223097415,False,T_alt1
200,34,hapibd,mixed,16.25335165952086,297.42189779070725,15.848639354919328,297.09971782052827,True,T_true
200,34,true,mixed,18.49491263009608,298.6790869840807,18.278673104986666,299.54107642270617,True,T_true
200,35,hapibd,ibd,36.057843090257904,1.3516630875481894,39.698823354198,4.4640054521859724,True,T_true
200,35,true,ibd,20.888768380117483,1.017284028210753,22.887493467267063,2.7331409667914954,True,T_true
200,35,none,snp,-5.489409835463693,256.9978362985487,-1.124616418216803,261.9831838895808,False,T_alt1
200,35,hapibd,mixed,38.931708954276814,257.7413463780763,39.92043863236432,259.7018667234656,True,T_true
200,35,true,mixed,25.58533257725381,257.807012348052,26.708779045006082,262.46034285090616,True,T_true
200,36,hapibd,ibd,19.822392276104694,1.3050267732682244,22.353538653028693,2.548333349504105,True,T_true
200,36,true,ibd,23.904881815658484,-0.3425021736123597,26.463837213015893,1.4236945503963625,False,T_alt2
200,36,none,snp,-8.787537829136806,298.5966250938313,-7.601160880445981,298.95501569444406,False,T_alt1
200,36,hapibd,mixed,17.05018333109038,296.42356236191824,18.084757509661955,298.028849809047,True,T_true
200,36,true,mixed,21.63889335696848,295.74383738546885,23.12814084552977,297.55583839067407,True,T_true
200,37,hapibd,ibd,27.4402136899414,0.962313616075221,29.09036229110083,0.5218199898135367,True,T_true
200,37,true,ibd,13.908570657390527,0.1911856889410899,16.121717812136296,1.266553355459365,True,T_true
200,37,none,snp,-2.688606296219966,336.0161468617814,0.13005859472659154,336.8891004059066,False,T_alt1
200,37,hapibd,mixed,30.502884723110384,333.2810433970611,31.439319262838495,335.64330765457294,True,T_true
200,37,true,mixed,18.742381854817097,335.6440175458895,19.738406908359394,337.5032190467899,True,T_true
200,38,hapibd,ibd,22.19624099722762,-0.12988240741432833,24.60992296678657,1.21486203098749,False,T_alt2
200,38,true,ibd,17.67140737114346,0.7909408791513783,20.513011793790355,2.5760331826745357,True,T_true
200,38,none,snp,-9.420843219883558,220.23104486243804,-3.4011991740655176,226.14516205646962,False,T_alt1
200,38,hapibd,mixed,25.16861953817923,222.8702898696804,26.056415902980888,224.91120902513143,True,T_true
200,38,true,mixed,21.04775839781584,222.6390408341447,21.648293854564884,224.94123194766715,True,T_true
200,39,hapibd,ibd,16.499630283661475,-0.9330139345810267,18.624721497153047,0.619399872498974,False,T_alt2
200,39,true,ibd,23.26851916493638,0.40469214079874405,25.192295779558833,1.7153226198091147,True,T_true
200,39,none,snp,-6.11435873193583,358.6361909572546,-3.7996704605335268,360.703294759613,False,T_alt1
200,39,hapibd,mixed,17.58893030120211,355.7231632621447,20.08042448985225,357.5629743900908,True,T_true
200,39,true,mixed,27.915199629985523,358.25725515030666,29.024266798856416,360.1958717422125,True,T_true
200,40,hapibd,ibd,19.16578984169297,-0.020607347023172906,20.658372712965388,0.9227992598520984,False,T_alt2
200,40,true,ibd,17.154804763316235,0.2938593942308785,19.06570354162693,1.2850669490181303,True,T_true
200,40,none,snp,-6.721236607334557,258.56449157594847,-4.1202343738812885,262.0499570383341,False,T_alt1
200,40,hapibd,mixed,17.948099968933207,256.82378574816505,18.914948913876373,258.21511102673946,True,T_true
200,40,true,mixed,23.079720999047083,259.0386908551946,23.013713443149584,262.9436250146758,True,T_true
200,41,hapibd,ibd,33.07516789447877,0.5127854730451702,35.3061853291606,1.5369030765420462,True,T_true
200,41,true,ibd,20.56087076313713,1.9356140438233354,21.74604857381732,2.607700120915439,True,T_true
200,41,none,snp,-4.8338616865021855,261.6906749543695,-3.065173678902269,261.6161103391237,False,T_alt1
200,41,hapibd,mixed,33.32355242547419,257.7391416819386,34.698661677376776,258.9678399078814,True,T_true
200,41,true,mixed,22.78539300459903,259.50491944241355,23.96676622370086,262.24212519508524,True,T_true
200,42,hapibd,ibd,30.601084685992248,0.49082964558209596,34.43352291070195,3.066124325811444,True,T_true
200,42,true,ibd,28.7551023468439,1.336127551183779,31.83577626545707,2.93885403990555,True,T_true
200,42,none,snp,-6.589308721509248,217.03067445607985,-4.174536851642884,217.72175391211056,False,T_alt1
200,42,hapibd,mixed,34.53124824457561,217.35575648822802,34.285578312475195,218.99414858799688,True,T_true
200,42,true,mixed,31.465276292320453,216.40365400587402,32.64533499247358,218.92845626261834,True,T_true
200,43,hapibd,ibd,27.225592763619716,0.11339127337728883,29.29783638340487,1.2043616115467728,True,T_true
200,43,true,ibd,21.260407371253024,1.2167928368848209,23.08697780512074,2.7106378421427735,True,T_true
200,43,none,snp,-6.470198877760616,295.9808960839135,-4.3330469240315495,299.26713355766844,False,T_alt1
200,43,hapibd,mixed,28.39598673979927,295.31132741478325,29.185836632670743,296.75065610623517,True,T_true
200,43,true,mixed,24.383996322788107,296.3940056679457,25.331039439844403,298.89997637530746,True,T_true
200,44,hapibd,ibd,40.639261016580605,0.32419629570856046,42.13244573579544,0.8825674095037357,True,T_true
200,44,true,ibd,27.930677343443534,1.2334352271193723,29.69524382770595,2.1514093920071105,True,T_true
200,44,none,snp,-0.0989820930854961,391.2111602936495,3.4705777734663883,393.855595723569,False,T_alt1
200,44,hapibd,mixed,47.009162754667585,392.3553342222254,51.34393576307309,397.11812916531557,True,T_true
200,44,true,mixed,36.019459998137705,392.4344425986179,39.30872993230247,396.2707171838621,True,T_true
200,45,hapibd,ibd,35.497351679304614,0.0790380006512521,38.92769160922023,2.377212641091944,True,T_true
200,45,true,ibd,28.43693976468856,0.6114699955296032,29.93395296903421,1.467791543610133,True,T_true
200,45,none,snp,-5.874559158792842,263.59919785248513,-2.1870564325244786,268.69823132094103,False,T_alt1
200,45,hapibd,mixed,38.04647130378268,261.58062402378414,37.25717906139502,263.43591437408156,True,T_true
200,45,true,mixed,31.291352301340936,261.43388733329357,31.14214396330601,264.36256671636016,True,T_true
200,46,hapibd,ibd,21.676412778276074,0.6126975187129347,24.405574618014214,2.07037612560552,True,T_true
200,46,true,ibd,24.93188628178865,0.7155786372692035,26.735735507133228,1.7148348302042962,True,T_true
200,46,none,snp,-0.9111695352026103,353.0675568085776,0.7640862913436024,355.08729549837426,False,T_alt1
200,46,hapibd,mixed,31.6395520266486,351.0782156529681,30.7026414510664,351.72691645056887,True,T_true
200,46,true,mixed,33.71724958061077,349.8439876598487,33.67149587531384,352.40451768109097,True,T_true
200,47,hapibd,ibd,13.802681441662287,-0.7576702059446063,16.564201422648864,1.6731295223129052,False,T_alt2
200,47,true,ibd,12.837921644043405,1.6653035555683289,14.16777366808978,2.2029291005786433,True,T_true
200,47,none,snp,-8.286328584267217,283.839835366814,-5.775696263534044,286.7311004641925,False,T_alt1
200,47,hapibd,mixed,13.540108873162609,283.2706388285739,14.317762401957708,285.6274257254112,True,T_true
200,47,true,mixed,12.02539336848173,284.4734859616228,14.401766259913188,286.6921890651611,True,T_true
200,48,hapibd,ibd,28.337137235263185,0.9058521416415886,31.08730456711274,2.58557401715899,True,T_true
200,48,true,ibd,29.958810419127587,0.13102559147799298,31.482411194598797,1.3139238864708602,True,T_true
200,48,none,snp,-2.57499562152638,343.9983161099603,1.8476833411038243,347.68804354222493,False,T_alt1
200,48,hapibd,mixed,35.742821907431306,345.35202389295455,37.783327354802395,347.56242995110256,True,T_true
200,48,true,mixed,38.99734624277363,345.5489003726294,39.11903943061765,347.3639691797342,True,T_true
200,49,hapibd,ibd,31.10776626174166,0.6130556350578047,32.68130222685039,1.8699974854728794,True,T_true
200,49,true,ibd,39.545243929376255,0.6167745682441534,40.53816973395806,1.508804253098532,True,T_true
200,49,none,snp,-8.045769242068811,222.61691548619737,-4.598488281031884,225.08353098785727,False,T_alt1
200,49,hapibd,mixed,33.20222265775246,221.5073113215019,32.294585303507915,223.63293173931785,True,T_true
200,49,true,mixed,40.500782395761604,221.54513748364556,42.439507335849214,224.32431424817838,True,T_true
200,50,hapibd,ibd,27.805370789106803,1.0510323844313234,29.63496660467669,1.682105368672751,True,T_true
200,50,true,ibd,29.042937786191402,1.5374258169987343,30.013401232043492,2.03322553411013,True,T_true
200,50,none,snp,-6.401309707032176,312.9308456855935,-5.11540434456797,316.4626918013308,False,T_alt1
200,50,hapibd,mixed,27.281674472333435,312.68761583493017,28.18319275217314,313.46922567740785,True,T_true
200,50,true,mixed,29.75787216544944,314.67068520411055,31.08424563873419,316.9123752975953,True,T_true
200,51,hapibd,ibd,24.179918482768898,1.0025001448230455,25.6466166767635,1.1588668748957502,True,T_true
200,51,true,ibd,11.884642875339438,-0.7071926033544287,15.106484295017765,1.1774231857549182,False,T_alt2
200,51,none,snp,-7.263588629662596,223.29220638711226,-4.0748448930734185,222.32007511273767,False,T_alt1
200,51,hapibd,mixed,24.63668513049646,221.69852908091784,25.875754538447808,223.5068985663404,True,T_true
200,51,true,mixed,17.641105442278928,221.76393100945148,16.414665480463327,224.19839992479166,True,T_true
200,52,hapibd,ibd,30.297390900746763,-0.34219789459564254,32.2112690594345,0.7647953930395204,False,T_alt2
200,52,true,ibd,20.580100195645315,-0.47739705822274914,22.671235386633356,1.2430595870255274,False,T_alt2
200,52,none,snp,-7.18878261013046,249.86063512837742,-4.893311143570308,250.75058482404137,False,T_alt1
200,52,hapibd,mixed,27.73289700608879,250.3686155542245,31.811165773525317,254.86933234442873,True,T_true
200,52,true,mixed,21.224947089576716,248.3225799542937,21.38176162398875,251.20113140630707,True,T_true
200,53,hapibd,ibd,31.818168752910623,1.0587822606280497,35.87054109385147,4.625655374656731,True,T_true
200,53,true,ibd,27.12226363435306,-0.12522815750207883,29.20777836893322,1.4560999283509943,False,T_alt2
200,53,none,snp,-9.85214962524871,261.2203111664339,-3.3880752909534166,268.0207002006227,False,T_alt1
200,53,hapibd,mixed,31.175907684780782,264.49146443070646,33.49921751002569,265.70224034348496,True,T_true
200,53,true,mixed,31.48990018274327,265.23477343506795,27.881298865198346,266.56674939269146,True,T_true
200,54,hapibd,ibd,17.673969021040193,0.17098591516196393,19.801014764787794,1.4243162737305681,True,T_true
200,54,true,ibd,13.118953173983726,-0.4248551807655474,15.55781119361339,0.5323884242933445,False,T_alt2
200,54,none,snp,-7.961010502870337,246.8754857953909,-5.26595989589196,247.56603428587405,False,T_alt1
200,54,hapibd,mixed,12.412806762822783,241.30647931267248,14.635155599868,244.43448929553185,True,T_true
200,54,true,mixed,11.948686686287004,243.18308195984534,14.448668320352482,247.0112526823119,True,T_true
200,55,hapibd,ibd,31.653820171737465,0.45973620411010074,34.07299021670005,1.7897590059106108,True,T_true
200,55,true,ibd,22.887052176149552,1.0006713483559508,24.315534720725935,1.5605946831579445,True,T_true
200,55,none,snp,-1.840275720294862,340.82010719407145,-2.891336094692157,341.6842559819373,False,T_alt1
200,55,hapibd,mixed,35.96118433042275,338.1487556300251,37.081705508602795,340.9139262420641,True,T_true
200,55,true,mixed,27.476971671861293,337.4558501411259,30.02358784727386,341.5869998353851,True,T_true
200,56,hapibd,ibd,37.41951852238793,1.8645709159825117,39.01817333290978,2.3008890752744264,True,T_true
200,56,true,ibd,27.6592583525709,3.25092631893574,29.291508132467072,4.4220703317800485,True,T_true
200,56,none,snp,-7.652358112027098,286.9788767042139,-4.88846687951208,286.1488833340375,False,T_alt1
200,56,hapibd,mixed,33.022648237923875,282.02932748114245,34.29847196076571,283.9612927441299,True,T_true
200,56,true,mixed,25.270434044762084,284.98234988854045,27.30383062007627,286.55759053655913,True,T_true
200,57,hapibd,ibd,37.56817859633236,0.6952656389472054,38.46434953982674,0.8407281439727967,True,T_true
200,57,true,ibd,31.104153870135008,0.5374138529133461,32.63932242721259,1.3111664937658816,True,T_true
200,57,none,snp,-10.370107011165466,243.3149844453223,-5.229220965956827,247.0492491586934,False,T_alt1
200,57,hapibd,mixed,33.426297284805884,243.42054389870705,34.7502846921075,245.00132044220393,True,T_true
200,57,true,mixed,29.148032717736385,243.51178294925117,33.03042334665639,247.27884041870416,True,T_true
200,58,hapibd,ibd,20.090537850114515,1.0243429395109445,21.601264264655384,0.8690133807507436,True,T_true
200,58,true,ibd,28.26436180647525,-0.3162893706060572,30.055499393015282,1.483520459508128,False,T_alt2
200,58,none,snp,-8.511287360972823,270.477146178716,-2.465513506428138,277.50882206058174,False,T_alt1
200,58,hapibd,mixed,22.75192152719964,273.60482649090073,21.678930927424005,275.78755519250575,True,T_true
200,58,true,mixed,29.347827304311295,272.1133964296798,31.45329117664312,277.1548899332248,True,T_true
200,59,hapibd,ibd,13.763573497210785,0.1821359650786576,15.339317175355148,0.7273789047893615,True,T_true
200,59,true,ibd,15.955925905197745,1.268375497447579,19.16666913268051,4.189430335122694,True,T_true
200,59,none,snp,-3.3148438706397805,244.73876186009664,-1.8468073699695111,246.07430461741558,False,T_alt1
200,59,hapibd,mixed,15.778601292123994,243.6996157588665,17.75036179245015,244.69542799385772,True,T_true
200,59,true,mixed,19.007005331699418,249.51611383145374,22.508037390983645,249.95089926222568,True,T_true
200,60,hapibd,ibd,25.04205342841115,0.5442148353357936,26.52350095645957,1.4980040275583804,True,T_true
200,60,true,ibd,33.437327522621246,0.2671189070044022,35.298027808321194,1.359722513065151,True,T_true
200,60,none,snp,-2.9246747219724156,251.3720481233168,0.710399159073809,252.4055325373044,False,T_alt1
200,60,hapibd,mixed,29.282751307547755,246.19366567703045,29.71038025719625,249.88923130775524,True,T_true
200,60,true,mixed,38.026778209003766,248.14802884053728,39.208268443206975,249.79392650734476,True,T_true
200,61,hapibd,ibd,28.455953177880986,1.2265594250809215,30.713102038551284,2.624093574451308,True,T_true
200,61,true,ibd,26.392613647982472,0.5361363269458934,28.730244543404922,2.4487207343216824,True,T_true
200,61,none,snp,-5.805134873115861,244.8170693586767,-3.502333694204374,246.1881393311255,False,T_alt1
200,61,hapibd,mixed,27.785052717501486,242.42497861914245,29.984739561689906,245.84097631536903,True,T_true
200,61,true,mixed,29.14772555226685,242.81480666448124,27.734375303797947,245.37009401417063,True,T_true
200,62,hapibd,ibd,19.235226694987006,-0.6697461823122239,21.47103436939892,0.701852192319933,False,T_alt2
200,62,true,ibd,27.71310616850036,0.4985875425293216,29.575420549245678,1.3943557086160752,True,T_true
200,62,none,snp,0.4878636499451403,340.31920299279244,5.683713967173439,342.11045846468653,True,T_true
200,62,hapibd,mixed,31.14962116692928,338.53149836743944,33.19048209094268,340.6628666583998,True,T_true
200,62,true,mixed,40.5841172346413,339.01179010220335,41.622264840160796,341.0876275318041,True,T_true
200,63,hapibd,ibd,18.04807121708521,-0.3577112345563762,21.268733228596318,1.0066699651233364,False,T_alt2
200,63,true,ibd,19.18785243368987,1.326873306779163,21.798350605429988,2.356249149791381,True,T_true
200,63,none,snp,-9.77276181055727,300.7915840291012,-6.079881895538996,302.5824223797358,False,T_alt1
200,63,hapibd,mixed,19.88021328722573,296.90598119848755,19.274116424822836,298.06005615193646,True,T_true
200,63,true,mixed,21.27520702931588,298.351526074041,21.63158963847087,299.13364494372496,True,T_true
200,64,hapibd,ibd,31.82414951720986,0.15904667008561546,34.174684356305676,0.9316286311881754,True,T_true
200,64,true,ibd,26.67841920094736,0.1878171416247767,28.37482302487294,1.0753153028079225,True,T_true
200,64,none,snp,-4.862912595080118,246.0499364944651,-0.5512016756567704,250.3055065020513,False,T_alt1
200,64,hapibd,mixed,36.75868503236023,244.283961422786,35.38879119901617,247.32437375688656,True,T_true
200,64,true,mixed,33.54419343323974,246.69762994778415,32.43242641832168,248.4437798111452,True,T_true
200,65,hapibd,ibd,37.823303552762894,0.5224868455287606,39.0310899901319,0.6647150968636879,True,T_true
200,65,true,ibd,29.688660949126557,1.0909938400968713,31.26890424428052,1.5314136869648962,True,T_true
200,65,none,snp,-12.533818468864908,331.4734633097288,-4.09456691042611,339.21141386581223,False,T_alt1
200,65,hapibd,mixed,34.96165326822634,330.49834283398803,34.94806392873352,332.5510944848946,True,T_true
200,65,true,mixed,32.975440345720926,332.0052879832412,32.89372104329172,335.1947599416899,True,T_true
200,66,hapibd,ibd,27.792535792821013,0.7060419950865651,29.26475086312422,0.7279962399970259,True,T_true
200,66,true,ibd,27.745817781598333,-0.07614740180792978,29.655585019984017,1.0596399589595649,False,T_alt2
200,66,none,snp,-4.973630165070432,318.92455190639606,-2.4893768574318855,320.7663948198417,False,T_alt1
200,66,hapibd,mixed,28.58062971195008,317.5955517438558,29.286629618071828,318.19333821153623,True,T_true
200,66,true,mixed,29.128365782962646,318.46822267597537,31.63052290991419,320.7406875399207,True,T_true
200,67,hapibd,ibd,31.786748263226343,1.7833971976489238,33.92748483188234,3.7669335871542557,True,T_true
200,67,true,ibd,22.568118923033836,2.324494495594763,23.957709571923687,2.40163128163465,True,T_true
200,67,none,snp,-2.7257493558301533,306.08326445989263,-0.2427194014875198,307.67003464136343,False,T_alt1
200,67,hapibd,mixed,37.02639605394839,305.6797026420735,37.868366547004285,308.87073752725905,True,T_true
200,67,true,mixed,29.221430192043016,308.10595420816344,29.859243885377396,310.2795625744641,True,T_true
200,68,hapibd,ibd,31.27322770489178,-0.025417981104055798,34.01739878853027,0.5747860510537066,False,T_alt2
200,68,true,ibd,19.3172143550033,1.3696155241293582,20.634431522760565,1.4428577180920286,True,T_true
200,68,none,snp,-8.494285555452048,245.09388676202184,-4.30861341563898,250.25329309819466,False,T_alt1
200,68,hapibd,mixed,30.45499281295423,249.11033275494344,32.31677152048434,251.41077201716445,True,T_true
200,68,true,mixed,19.99977414059086,250.40826309717391,20.96876322124129,251.61541410836833,True,T_true
200,69,hapibd,ibd,35.69115438016718,0.5662999603771368,36.682960898146774,1.0680452330071546,True,T_true
200,69,true,ibd,26.054019687000192,0.3073150680215804,27.401657289778797,0.779210263259273,True,T_true
200,69,none,snp,-3.8887270552781388,265.0475515121095,-2.5720730542866406,265.4811947152576,False,T_alt1
200,69,hapibd,mixed,38.29461012297568,262.4725612977044,37.15115298477926,262.6058602751614,True,T_true
200,69,true,mixed,29.259404263802907,262.39325771033214,28.717566277695227,263.0809706190342,True,T_true
200,70,hapibd,ibd,17.832359283473778,0.6064380811597232,20.21347311508012,1.4690612739928213,True,T_true
200,70,true,ibd,14.071335162489618,0.24687056078971636,17.241315678744428,1.089697587102961,True,T_true
200,70,none,snp,-12.020456527472998,271.36412901883693,-4.93234809055938,278.4663879462249,False,T_alt1
200,70,hapibd,mixed,19.23763083668871,274.5133295240085,17.54891084920078,275.8448613104186,True,T_true
200,70,true,mixed,14.394906822728046,274.1879271782792,17.416323076743424,276.98132030936665,True,T_true
200,71,hapibd,ibd,9.196171806345404,-0.41096146187302907,11.553485499550987,0.5668173085896058,False,T_alt2
200,71,true,ibd,11.129775762665332,-0.3753998821555342,12.95513614309067,0.9412972506895585,False,T_alt2
200,71,none,snp,-7.057336390226595,253.21813961406394,-6.52263360098447,256.223300999869,False,T_alt1
200,71,hapibd,mixed,7.024027064440361,252.0093841292196,10.233081439177198,254.2145396767759,True,T_true
200,71,true,mixed,15.920694938610751,254.44053892829464,15.724018269323722,256.2219725637591,True,T_true
200,72,hapibd,ibd,20.10834150462702,0.6970022795723878,21.310396421531408,0.6356615797148493,True,T_true
200,72,true,ibd,13.329205413052364,-0.13312359601570734,16.392239771651248,1.849924979172414,False,T_alt2
200,72,none,snp,-4.139706969299304,242.81210264573244,-3.178836846245865,243.96853755718132,False,T_alt1
200,72,hapibd,mixed,23.346943982053318,243.13074122669028,25.37329547006047,245.44875064538633,True,T_true
200,72,true,mixed,22.240241385696663,243.51712650263337,21.381058983043033,244.7657102571174,True,T_true
200,73,hapibd,ibd,21.147416775209734,1.2966178121413634,24.094994729152745,1.635785747752493,True,T_true
200,73,true,ibd,16.863396524627348,0.8516690944290985,19.221465358712976,2.989282004164778,True,T_true
200,73,none,snp,-7.765931198656951,251.54924341608725,-5.218881696717624,250.1800864400211,False,T_alt1
200,73,hapibd,mixed,21.980268472832307,250.34244704942137,22.484544093893305,251.6605918110419,True,T_true
200,73,true,mixed,17.198331479309218,250.72051577090588,19.529131594357295,252.97860737806715,True,T_true
200,74,hapibd,ibd,13.15148700379828,1.1231841732161456,15.143622615333328,2.280160390209147,True,T_true
200,74,true,ibd,22.7284730788175,2.5190786002254413,23.54240794485125,3.2447704509437756,True,T_true
200,74,none,snp,-6.804707637903007,296.299866911337,-4.327041620985057,297.2429205564405,False,T_alt1
200,74,hapibd,mixed,11.287099484795988,294.2239220457626,13.022179861949212,295.4475949156647,True,T_true
200,74,true,mixed,23.467380037795152,296.03902369934815,24.75484963774977,296.84847261730425,True,T_true
200,75,hapibd,ibd,18.849918558287726,-0.19889541659358656,22.750516874668392,2.061384427776943,False,T_alt2
200,75,true,ibd,20.26095391500249,0.5227152186155877,21.88887841762363,1.591085229858237,True,T_true
200,75,none,snp,0.7968120683621613,318.1385307953922,1.9449118114391055,319.15681785678913,True,T_true
200,75,hapibd,mixed,25.906311039986548,316.4313759002965,27.778373016368192,318.4016589405893,True,T_true
200,75,true,mixed,29.222108516113565,318.3560715926342,29.194207542272153,318.1856075789848,True,T_true
200,76,hapibd,ibd,28.994863361901736,0.5765195522516535,30.73983859079118,1.1844991849618225,True,T_true
200,76,true,ibd,19.82895767355629,0.6473309171306312,23.612807539557252,2.938090220049048,True,T_true
200,76,none,snp,-8.339325971016972,253.30723756278715,-3.3959377450559245,257.0522838297891,False,T_alt1
200,76,hapibd,mixed,25.80502721005695,252.3054467363386,28.287730807309657,254.17499297526942,True,T_true
200,76,true,mixed,21.04429580634843,254.05474292519068,22.18959371968367,254.8004974339256,True,T_true
200,77,hapibd,ibd,27.14670284355168,-0.8689990038785709,28.506376947248384,0.31070550064583813,False,T_alt2
200,77,true,ibd,20.76274315384839,0.5385012086218524,22.836698892366144,2.227424736911985,True,T_true
200,77,none,snp,-5.755521848947637,260.61694613396065,-3.9906717205079687,262.66756553689066,False,T_alt1
200,77,hapibd,mixed,28.33335381575006,259.17365879114686,27.35301479108648,259.73915835937026,True,T_true
200,77,true,mixed,23.687301288299125,259.03529373017847,24.332028865737527,260.87496773984327,True,T_true
200,78,hapibd,ibd,13.230970737532118,0.34018106000741,15.849116292041714,1.5191955391159127,True,T_true
200,78,true,ibd,13.526492915431646,1.3707439421340268,16.59076590362548,3.4508122672600052,True,T_true
200,78,none,snp,0.3577707726417998,282.9939073218083,1.7310388776879506,282.1542551492829,True,T_true
200,78,hapibd,mixed,19.532423241818464,281.20246641872404,19.806762330955422,282.5911027758268,True,T_true
200,78,true,mixed,19.8037910655448,285.2963839200104,21.289688967473978,285.1827770327619,True,T_true
200,79,hapibd,ibd,28.39955758012843,1.1631842888944277,29.356367099875428,1.3712621632284083,True,T_true
200,79,true,ibd,32.281555049978124,0.70150263692409,33.62905414899234,0.9904447264686667,True,T_true
200,79,none,snp,-3.731180178975613,307.89038356156215,-2.0415354002700354,308.7957503432055,False,T_alt1
200,79,hapibd,mixed,34.620926261815896,305.5318941427279,34.996891303959615,307.0884005755156,True,T_true
200,79,true,mixed,39.43904039264342,306.0470204659494,39.46319472457742,307.73348818186844,True,T_true
200,80,hapibd,ibd,17.41150176662856,1.5798609785583153,19.817240629400516,0.764012305149123,True,T_true
200,80,true,ibd,25.518269544037224,0.7713425744871927,26.829490964353568,1.2087054047235029,True,T_true
200,80,none,snp,-7.70068208428215,265.5979862486916,-3.6109913615687574,267.2051278972581,False,T_alt1
200,80,hapibd,mixed,23.19914789604499,265.19238351637813,23.6444653731684,267.17006575323836,True,T_true
200,80,true,mixed,31.70553367425555,264.3894175076915,32.490886734650786,266.21952842699216,True,T_true
200,81,hapibd,ibd,17.297413880796825,-0.14804778166407573,19.35457754980061,1.0390921078740405,False,T_alt2
200,81,true,ibd,17.22148787273869,1.4332875179788118,19.341397048413995,2.6725470503210147,True,T_true
200,81,none,snp,-1.6997059705111397,237.39164411148147,0.015385457844622863,237.40601040145083,False,T_alt1
200,81,hapibd,mixed,20.532288822203384,234.38360780996436,22.2171514345591,235.72943533481896,True,T_true
200,81,true,mixed,23.277931028876708,237.58358315041855,24.687243756164435,240.26947163761622,True,T_true
200,82,hapibd,ibd,20.55590790438228,0.495346491252576,22.1865573180674,0.6903081932730402,True,T_true
200,82,true,ibd,18.79369468771523,0.33765240152962406,22.24050216770948,2.922052350692155,True,T_true
200,82,none,snp,-5.141852726614076,287.182122288953,-2.075114042675523,277.7929098915221,False,T_alt1
200,82,hapibd,mixed,22.00541551895418,277.5369861672201,19.873335706076887,278.8309710849014,True,T_true
200,82,true,mixed,23.826809638366143,278.89915580768206,22.7016956532278,279.6372847220602,True,T_true
200,83,hapibd,ibd,21.715881085300083,0.7220681689407797,23.81706076996747,1.3350005242975271,True,T_true
200,83,true,ibd,23.209037737149742,0.35182145889911,25.24216869701658,1.2767095052433035,True,T_true
200,83,none,snp,-4.676967497570793,287.9134832155425,-3.6422821206082716,288.2370943436318,False,T_alt1
200,83,hapibd,mixed,23.131366560365706,286.49474941686344,24.486331723324497,287.97333973602485,True,T_true
200,83,true,mixed,26.627317102226016,287.2888311540082,27.03621357359566,288.9234372189104,True,T_true
200,84,hapibd,ibd,18.43564464343632,-0.4015853382550745,20.522091396665274,0.8774620676871905,False,T_alt2
200,84,true,ibd,22.449742843959484,0.6510680592615756,23.80115265158264,1.134739786959841,True,T_true
200,84,none,snp,-3.5270444909984207,273.74615577997065,-1.1503231700841212,275.24464376534155,False,T_alt1
200,84,hapibd,mixed,24.258478422101064,271.34763335761465,25.52162191385665,273.31674837634193,True,T_true
200,84,true,mixed,27.9037856176885,271.7322647588082,29.53103820340084,273.8634154988205,True,T_true
200,85,hapibd,ibd,22.038006928482986,0.037806771060530764,23.50027596130471,0.1658581218893289,True,T_true
200,85,true,ibd,20.574695429211175,0.9476350227258195,22.496693276662313,2.4877126188456486,True,T_true
200,85,none,snp,-4.105198057445143,330.9786618634454,-2.4250746047716234,332.6101945916748,False,T_alt1
200,85,hapibd,mixed,24.29771616136614,330.70545471931507,25.498820693687094,331.24715262101586,True,T_true
200,85,true,mixed,24.80620915499526,333.5432102077736,26.761210618222947,334.6522845417278,True,T_true
200,86,hapibd,ibd,42.1939258347507,-0.11450226682677567,44.027749795587994,1.089264486150796,False,T_alt2
200,86,true,ibd,30.33158868743891,0.6333421222811069,31.87848429695046,1.7831821998397004,True,T_true
200,86,none,snp,-9.059474416900311,318.4089829868514,-1.802969535271835,324.0427025370743,False,T_alt1
200,86,hapibd,mixed,40.64725020554201,317.02198163006994,41.12373705332317,319.91180036357764,True,T_true
200,86,true,mixed,32.111870021258795,319.01192767166845,37.60731628930185,325.3098511711794,True,T_true
200,87,hapibd,ibd,41.399939200457425,0.5863486955809947,42.737587226396556,1.6605005888455082,True,T_true
200,87,true,ibd,26.444003797861598,0.35991191276494305,27.41096676601086,1.2985263713951838,True,T_true
200,87,none,snp,-5.057795106504123,308.78371231173804,-3.3893211639858905,310.73737353680366,False,T_alt1
200,87,hapibd,mixed,42.05677018530207,307.27872868384827,44.25879616726752,309.8199166415778,True,T_true
200,87,true,mixed,30.71505572941112,308.3243435424202,30.27638951195695,310.4105907528039,True,T_true
200,88,hapibd,ibd,34.04247528422414,-0.09546521564263344,35.839900750553426,1.1984727445618262,False,T_alt2
200,88,true,ibd,40.195741427717536,0.8235310448495454,41.32000134973285,1.4995362898325197,True,T_true
200,88,none,snp,-3.0963294384755216,284.24794243369274,-2.003321871456876,284.61460514884385,False,T_alt1
200,88,hapibd,mixed,38.628182853763064,280.67594607918977,37.769328107972456,283.02521996724914,True,T_true
200,88,true,mixed,43.612259531071516,278.2591940728443,45.9913323167967,283.22724958543955,True,T_true
200,89,hapibd,ibd,30.02168284431096,1.5251655441553282,31.62936577550917,1.8378903117981338,True,T_true
200,89,true,ibd,27.63957002605673,2.5819803445676826,29.167851139090686,3.5995770583625983,True,T_true
200,89,none,snp,-9.25318046955271,271.09451534796267,-1.721157902006503,277.4415857954415,False,T_alt1
200,89,hapibd,mixed,33.60034742644254,275.84972576824805,33.16758164967163,277.3639943859687,True,T_true
200,89,true,mixed,31.566747123230016,277.85665251641444,31.28676093052573,279.1352544292946,True,T_true
200,90,hapibd,ibd,14.391270048211538,-0.6240516878419271,17.11611837768399,1.3246275713252658,False,T_alt2
200,90,true,ibd,16.567193697610094,2.1467227181141197,19.23162121225974,3.3510225571539536,True,T_true
200,90,none,snp,-5.12925483027098,295.4729803626189,-4.229776547336066,294.09344114021684,False,T_alt1
200,90,hapibd,mixed,18.600237226867108,292.72102135751805,19.78101108176682,294.13860885255855,True,T_true
200,90,true,mixed,22.176525198904216,293.3464071499624,21.766192099555326,295.01143898905605,True,T_true
200,91,hapibd,ibd,28.896524123735418,0.23405227350320956,31.92145302879257,-0.025655874171093274,True,T_true
200,91,true,ibd,21.772518336152615,1.1451723040213722,22.68486392161921,1.0815963451977098,True,T_true
200,91,none,snp,-5.751487631555754,283.37250270772427,-3.679842487498263,283.0341820190603,False,T_alt1
200,91,hapibd,mixed,31.646824704150788,285.30488454852383,31.014902178276373,286.75588646705233,True,T_true
200,91,true,mixed,22.884776976275816,282.0824948785124,25.456675121030912,285.89325375290724,True,T_true
200,92,hapibd,ibd,12.05706424732304,0.24731262578333713,14.353447752057235,1.277592870638614,True,T_true
200,92,true,ibd,5.628665310244116,2.2107718368919222,7.468118817045934,1.5802283896510403,True,T_true
200,92,none,snp,-8.23956914082384,276.53580846847944,-2.308077272888454,279.1504140361569,False,T_alt1
200,92,hapibd,mixed,12.118124332667719,274.6177065033377,16.03274654826643,277.9233528194118,True,T_true
200,92,true,mixed,9.078636696024859,280.25798193496166,10.293086580237059,281.5345487156111,True,T_true
200,93,hapibd,ibd,20.735359189443244,0.5380901720810982,22.597968716190223,1.2774375051268692,True,T_true
200,93,true,ibd,14.729850382415151,-0.5836727564010573,18.423873465681027,2.342713307131106,False,T_alt2
200,93,none,snp,-11.870715126128356,274.6702404311861,-6.734772573989005,275.97175263524775,False,T_alt1
200,93,hapibd,mixed,19.042465556901448,273.561396656894,20.849490755557667,276.41624097274905,True,T_true
200,93,true,mixed,16.083748413799384,276.25820765553556,18.05964884555982,276.60598703335484,True,T_true
200,94,hapibd,ibd,32.481627482966786,-0.06265160801328307,34.1477372795442,0.8716403622018447,False,T_alt2
200,94,true,ibd,32.39017948829829,-0.11668654332123651,34.2579798693001,1.281421255533587,False,T_alt2
200,94,none,snp,-4.908130305061768,305.1606492962592,-1.4468111432585928,307.8214552739726,False,T_alt1
200,94,hapibd,mixed,34.53715382826198,302.2634914237798,34.389409632034585,304.14904108585955,True,T_true
200,94,true,mixed,34.495530275966615,304.6156143937644,38.522182512156945,307.62841323108506,True,T_true
200,95,hapibd,ibd,29.450251344786608,0.7934170827283822,32.41022542073631,2.200693879180619,True,T_true
200,95,true,ibd,26.071954407906617,2.119928418937093,27.188161126541274,3.045560455932957,True,T_true
200,95,none,snp,-5.9959922136065344,312.60152082532045,-2.0862374106594146,314.35870301635566,False,T_alt1
200,95,hapibd,mixed,34.283770215735956,312.27764105337815,35.13287192306268,314.0422436579483,True,T_true
200,95,true,mixed,30.374216383561958,313.40968311878055,31.05322688507286,316.2349112115894,True,T_true
200,96,hapibd,ibd,22.395169009200714,0.5367455112811967,25.28139708370597,2.1459377125632955,True,T_true
200,96,true,ibd,21.57520928969683,-0.25940310388705257,23.362196660528355,0.8167083124699559,False,T_alt2
200,96,none,snp,-8.567933523690712,308.342652980192,-3.7987688180207826,311.36543283446576,False,T_alt1
200,96,hapibd,mixed,23.29419508857424,309.8728986557171,24.267162545418955,310.32673169124786,True,T_true
200,96,true,mixed,25.032697605039772,310.1296521050283,24.492742913537654,313.07027260043697,True,T_true
200,97,hapibd,ibd,33.87168696808885,0.20762927623570704,35.443981986602836,0.8286485887023218,True,T_true
200,97,true,ibd,33.1983457722003,1.0279776097338242,33.969795509698,1.362539918598486,True,T_true
200,97,none,snp,-6.5318085205177105,271.5666830758427,-6.179905896142699,271.72194854098586,False,T_alt1
200,97,hapibd,mixed,31.115180620252204,268.40521306271233,31.41824454327491,271.6831008486621,True,T_true
200,97,true,mixed,32.337277008858536,268.7162321245209,32.279530273059294,271.32457044578837,True,T_true
200,98,hapibd,ibd,11.837394712431859,0.31716007010817293,14.426611136647978,1.934777723681691,True,T_true
200,98,true,ibd,15.474402379129742,0.45383826135847016,17.239501980243205,1.2771253161831737,True,T_true
200,98,none,snp,-0.4835373778536649,303.30632273647944,0.2222417299461057,301.4625423574848,False,T_alt1
200,98,hapibd,mixed,18.418910193410056,298.0065099672404,22.37300338203329,301.12297988163607,True,T_true
200,98,true,mixed,26.37069696817727,298.62340210957586,23.28211228406684,301.20020120799745,True,T_true
200,99,hapibd,ibd,25.34072218919266,1.6449634947011589,26.57551679146519,1.9093484652837276,True,T_true
200,99,true,ibd,27.87234218489081,0.77447872539841,28.948943534841845,1.236884851782861,True,T_true
200,99,none,snp,-3.860277202034524,318.82766667248217,-4.101123162861128,318.6595214575929,False,T_alt1
200,99,hapibd,mixed,28.30861756307857,317.6250935616903,28.37901273421886,319.6441785980859,True,T_true
200,99,true,mixed,34.07583687245483,318.20107610864284,33.247435434777884,320.0896732108585,True,T_true
300,0,hapibd,ibd,59.488054643737684,-0.056853673012540185,61.788812748114395,0.8015026243268721,False,T_alt2
300,0,true,ibd,64.97983856557934,0.5369426652595735,66.005239803296,1.3483879047895186,True,T_true
300,0,none,snp,-2.8502762733776663,473.50234306809637,-0.9132751999533184,472.933046299366,False,T_alt1
300,0,hapibd,mixed,60.55981633114325,465.5232730342706,63.00993593931483,468.5394362077935,True,T_true
300,0,true,mixed,69.73220534537779,468.28705958382454,70.97011239100797,470.7137831779324,True,T_true
300,1,hapibd,ibd,44.25343558158795,0.7020604084228523,45.427091322161175,1.1007010867467102,True,T_true
300,1,true,ibd,43.89940421439718,-0.04575674533100482,45.87241464089726,1.1315406206042553,False,T_alt2
300,1,none,snp,-3.068680401147745,333.52264941829435,-3.049194377097244,334.4821536490614,False,T_alt1
300,1,hapibd,mixed,46.8751244036595,330.300400943757,46.80089660747447,332.47854542162696,True,T_true
300,1,true,mixed,49.04075328230002,330.51914378242884,48.65142989758013,333.56622499286027,True,T_true
300,2,hapibd,ibd,31.876971035084324,0.3725956627159519,34.2297556062301,0.45372984872966526,True,T_true
300,2,true,ibd,29.621787004533616,1.4994506673889703,30.31489984858794,1.9231860454457035,True,T_true
300,2,none,snp,-6.900297568526902,416.60156327046985,-4.495329323028692,417.3295857354722,False,T_alt1
300,2,hapibd,mixed,34.28779544240706,416.62839041042844,33.717037485483985,418.1247809904934,True,T_true
300,2,true,mixed,33.06876089473192,415.69686401063154,33.196909606969,418.9594761642022,True,T_true
300,3,hapibd,ibd,37.39443535299836,2.0613492877204465,39.1317766485422,1.4455831894545952,True,T_true
300,3,true,ibd,33.42791421172822,0.7687301775914364,34.69509157022026,1.3055897444222069,True,T_true
300,3,none,snp,-4.178866257434489,427.9811260877975,-1.4688951162566042,429.7105017425451,False,T_alt1
300,3,hapibd,mixed,42.4745662215289,425.8758790156131,44.243705456899534,428.9426309018425,True,T_true
300,3,true,mixed,39.75625888595678,426.5545881998353,40.58010906302877,428.1399803016528,True,T_true
300,4,hapibd,ibd,25.114656985440035,0.5783858987775545,27.035102936416507,2.1663344139081744,True,T_true
300,4,true,ibd,31.30893633180554,1.9948518103221318,32.34944737142877,2.3111706445298807,True,T_true
300,4,none,snp,-6.334595971110815,453.45385642425754,-3.836236489437873,453.7407227082713,False,T_alt1
300,4,hapibd,mixed,28.86371366173475,453.46507896301466,31.29086325427761,455.5291236827443,True,T_true
300,4,true,mixed,36.761102804134055,453.44032310499557,38.177340366165936,455.33525171044755,True,T_true
300,5,hapibd,ibd,37.30859297206845,-0.333053146213075,39.63520990224396,0.22632277812041934,False,T_alt2
300,5,true,ibd,36.40680345593077,1.0053862340497233,37.816529964600676,1.1990819694489687,True,T_true
300,5,none,snp,-1.0137308237939493,458.9380202008515,0.879111866468314,460.94553903599495,False,T_alt1
300,5,hapibd,mixed,42.38924741311416,455.3481284465996,44.22103305578389,456.88286210571107,True,T_true
300,5,true,mixed,44.213430730536004,455.0704585331943,46.09623282756223,457.60660130855524,True,T_true
300,6,hapibd,ibd,45.24240530236415,0.4310899165619162,46.325500282321144,0.9557405236148213,True,T_true
300,6,true,ibd,53.10659585210709,-0.056095926526523954,54.95282602849812,1.1642572351882166,False,T_alt2
300,6,none,snp,-5.732778568969394,478.91301438486886,-2.7490952423519346,481.8553710947457,False,T_alt1
300,6,hapibd,mixed,46.826302733475615,479.7449907957519,46.82233729680442,481.2556070744663,True,T_true
300,6,true,mixed,58.650994894356415,479.9046306038198,56.5254498526275,481.0049289102669,True,T_true
300,7,hapibd,ibd,34.4540674115984,-1.1141889335127075,36.49339741163686,0.4763103610241899,False,T_alt2
300,7,true,ibd,30.434611349980173,0.7510830797227754,32.22222052066013,1.5950985595995917,True,T_true
300,7,none,snp,0.7659221416298649,385.8319396526143,-0.17580755941777682,385.6320048767873,True,T_true
300,7,hapibd,mixed,39.86246856114039,381.78670522887205,41.01098741285671,382.97421641987387,True,T_true
300,7,true,mixed,39.04216640329352,384.20223084092686,38.796847799419396,384.84374392598914,True,T_true
300,8,hapibd,ibd,43.00908186320896,0.7334433363037363,44.91228865161398,1.5483328410776096,True,T_true
300,8,true,ibd,29.93411288155167,0.7631733582122706,32.308647728730506,1.9933782473083284,True,T_true
300,8,none,snp,-6.285303177457422,408.47949558571105,-4.616307388961971,407.1319004759405,False,T_alt1
300,8,hapibd,mixed,40.079977451777296,401.27236258780476,41.213180466409,404.240122479859,True,T_true
300,8,true,mixed,30.271850440351358,403.87852134699176,30.714048239731227,404.6910956676352,True,T_true
300,9,hapibd,ibd,37.058595380200614,1.2315041524272488,38.13839289657136,0.9625369992597825,True,T_true
300,9,true,ibd,27.66381484852448,0.25717886340154905,29.381283878853026,1.3781752118858606,True,T_true
300,9,none,snp,-3.6818116731254875,378.18537896690043,-2.214222387236859,378.9959133252003,False,T_alt1
300,9,hapibd,mixed,41.31961534212553,377.89779430965075,41.77474569717481,379.06272203774716,True,T_true
300,9,true,mixed,36.71571701455642,375.94289232259905,35.34813960720558,378.2308557345091,True,T_true
300,10,hapibd,ibd,51.490457729022154,0.14725612842056535,53.31426114549387,1.3479773218552111,True,T_true
300,10,true,ibd,48.41453493482058,0.44313834198820246,49.7061454984989,1.3808544405701468,True,T_true
300,10,none,snp,-0.8622296905319473,439.5261085231191,0.9004012366005512,439.11760521857445,False,T_alt1
300,10,hapibd,mixed,57.964012678428105,437.36638090732356,59.34259400306834,439.78257259760164,True,T_true
300,10,true,mixed,57.165708943522276,436.40024368054986,57.28227591103581,438.47931784237664,True,T_true
300,11,hapibd,ibd,37.82635659763605,-0.14288271409378694,39.253673959624734,1.277950831335943,False,T_alt2
300,11,true,ibd,35.48831116845054,1.1650140315350654,37.229295811401414,1.5095689964937549,True,T_true
300,11,none,snp,-2.2440882553421417,351.91698205281716,-1.2820181728225535,351.6424723754008,False,T_alt1
300,11,hapibd,mixed,42.05047148105251,349.5744698760066,43.713754628471975,350.46766203888376,True,T_true
300,11,true,mixed,41.19672787635352,349.86776171596944,43.843945986408585,352.6416816103203,True,T_true
300,12,hapibd,ibd,51.743498063954064,0.3714671705832302,52.81489477406427,1.0270140695998862,True,T_true
300,12,true,ibd,51.27366720934236,0.7338607637136079,52.459355336214315,1.383193271286416,True,T_true
300,12,none,snp,-6.53031853234944,398.0116208281846,-4.419943765561541,399.6413250701859,False,T_alt1
300,12,hapibd,mixed,50.40455863823556,397.81786061922253,51.91627400519374,400.4058681658142,True,T_true
300,12,true,mixed,54.1103409349129,397.60815186557886,55.4310309717043,400.2200288833285,True,T_true
300,13,hapibd,ibd,26.21268896499558,0.8797458051135152,28.009830697337918,1.0464723789027062,True,T_true
300,13,true,ibd,27.248040896764337,2.5968668123989005,28.239464229278497,1.8377395446750313,True,T_true
300,13,none,snp,-6.548714900254282,438.37202164077667,-4.1067505531917945,440.74355322371184,False,T_alt1
300,13,hapibd,mixed,28.71826813573915,435.92951578352563,27.65550105232012,436.21811301646676,True,T_true
300,13,true,mixed,29.720671035228577,438.08135127968706,31.67894512614933,439.43430569167595,True,T_true
300,14,hapibd,ibd,58.928638134390724,-0.36840952566430474,62.21215979393523,0.5160835923353204,False,T_alt2
300,14,true,ibd,41.739813945918485,0.69319021222978,43.94526004839304,1.3456411701656634,True,T_true
300,14,none,snp,-5.065120421578442,429.61458234973327,-0.5864752877569757,432.3429365897025,False,T_alt1
300,14,hapibd,mixed,61.28593414295534,425.0107325638461,63.54504922333348,426.6638781817014,True,T_true
300,14,true,mixed,49.0781724869567,427.3992045443716,50.00284697502059,428.7923841019081,True,T_true
300,15,hapibd,ibd,40.682785124103475,0.637806508128449,42.551185723885794,0.9707293667063084,True,T_true
300,15,true,ibd,40.47532776652548,0.5624198339366444,42.01296034396225,1.6137541627915937,True,T_true
300,15,none,snp,-1.7820732251636358,436.3412361672655,-0.4397526663849902,438.00914811615223,False,T_alt1
300,15,hapibd,mixed,42.5690698524092,433.7803749847881,43.70041647604549,434.9035814331103,True,T_true
300,15,true,mixed,44.22671329203905,432.7386771898467,46.45326343358738,437.0137545854444,True,T_true
300,16,hapibd,ibd,29.005880585504713,-0.3680644847369763,31.0496975126203,-0.3861871901383438,False,T_alt2
300,16,true,ibd,28.93637778507417,0.6807113878994073,30.84982491215868,1.701000685310845,True,T_true
300,16,none,snp,-9.408827912723439,338.4533089952304,-6.185913342116486,339.96808892226835,False,T_alt1
300,16,hapibd,mixed,26.23846542798867,336.59747168741285,27.933720489599352,337.25933689929724,True,T_true
300,16,true,mixed,28.025468313505655,336.2651370961345,30.105433317084305,338.5349859291485,True,T_true
300,17,hapibd,ibd,38.06945855362986,0.8262362006259707,39.7446279500534,1.558812269447401,True,T_true
300,17,true,ibd,33.95284258501579,0.3077739031550948,36.015901325338575,1.6167320162374779,True,T_true
300,17,none,snp,-0.5280659339736928,456.3401641561008,1.0249753441837584,457.6542134093468,False,T_alt1
300,17,hapibd,mixed,47.51021943645924,456.34414618475216,47.33078347875127,458.5097945223117,True,T_true
300,17,true,mixed,46.448314045455334,455.4562443753299,43.113743008253124,457.03484612698753,True,T_true
300,18,hapibd,ibd,45.89763954647131,-0.21315942214755523,47.65175322814227,0.8944618256031163,False,T_alt2
300,18,true,ibd,49.29943187580474,0.7041802438357649,50.12593716670918,1.0211490023756653,True,T_true
300,18,none,snp,-3.9720659091825574,461.9746005452574,-1.8315461760859435,463.37310382108683,False,T_alt1
300,18,hapibd,mixed,52.4306205566545,460.7444823202189,54.03078918089412,462.4189245680126,True,T_true
300,18,true,mixed,58.63992946525104,458.99578991531985,59.812338401088795,463.6124881136711,True,T_true
300,19,hapibd,ibd,35.51301549706051,-0.5681840071503643,37.337032381273104,0.6088474360815894,False,T_alt2
300,19,true,ibd,35.35867569060045,0.7794587861322952,36.664467399204,1.2255132376661777,True,T_true
300,19,none,snp,-5.160482788617237,372.89944501571637,-4.82537067838782,373.9894914966589,False,T_alt1
300,19,hapibd,mixed,38.73413312597225,372.4668706229054,38.36392975942624,374.4176319595866,True,T_true
300,19,true,mixed,39.43580706740812,370.9732721115349,40.124427051625474,374.7568926190622,True,T_true
300,20,hapibd,ibd,42.82177572960674,0.9898970608939806,43.99725281563684,0.7726297091096797,True,T_true
300,20,true,ibd,52.10540861764312,0.4865720195201959,53.31949197738055,0.32277884006865065,True,T_true
300,20,none,snp,-0.25344652060384476,437.61578681047956,1.201099795978699,437.2038268209203,False,T_alt1
300,20,hapibd,mixed,48.77485558900176,433.21889549846685,49.42775586127678,436.1709872579113,True,T_true
300,20,true,mixed,60.62145796127393,436.5188907813028,60.89002817804513,438.19968882066036,True,T_true
300,21,hapibd,ibd,27.251868047414348,-0.5550533213747144,30.750422366959185,2.500864741197887,False,T_alt2
300,21,true,ibd,23.341669528781892,1.1324349195934644,25.178687702437372,1.3382891824182934,True,T_true
300,21,none,snp,-8.972459215997105,370.93383559399194,-4.616374096445362,370.57675717285775,False,T_alt1
300,21,hapibd,mixed,26.84612076979957,365.91914051549645,27.330150931058853,366.85076297038427,True,T_true
300,21,true,mixed,24.842983575164226,367.09407406710056,26.490380643369633,369.15653870904214,True,T_true
300,22,hapibd,ibd,32.549042815185004,-0.0606309678138075,34.49266528780612,1.6914498541669616,False,T_alt2
300,22,true,ibd,23.222416531302088,0.48275796341783916,26.881866563561147,2.673235140680731,True,T_true
300,22,none,snp,-6.778572788993021,415.9819541231765,-2.4348012477350736,419.6477948646205,False,T_alt1
300,22,hapibd,mixed,33.74879469047869,414.7675276537517,36.30431262753925,417.7011635799589,True,T_true
300,22,true,mixed,28.745934061428727,414.9822992800756,28.62342056387442,418.06697061433727,True,T_true
300,23,hapibd,ibd,37.851188516496734,0.13540860992824832,39.51526764382186,0.5037680419710853,True,T_true
300,23,true,ibd,39.57400268236566,0.27876335455482604,41.11545337400378,1.329020743137761,True,T_true
300,23,none,snp,1.261478948519013,518.0090852341624,0.6886010971712366,513.9840126266348,True,T_true
300,23,hapibd,mixed,44.454810711018666,511.19882896861395,44.52336005337827,514.0581647615909,True,T_true
300,23,true,mixed,48.46893372055749,510.6508292469248,49.653114015656826,514.1514034225028,True,T_true
300,24,hapibd,ibd,43.011876693373836,0.9130830816582716,45.05720532236458,1.3212745540547814,True,T_true
300,24,true,ibd,37.58261266288375,0.6042308566039765,38.768044287937016,1.236379853099038,True,T_true
300,24,none,snp,-2.0803013271708153,481.9933281673147,-0.23035727580895582,482.467918271832,False,T_alt1
300,24,hapibd,mixed,48.13871841336169,479.7463310203627,48.976099284529,481.1002615898432,True,T_true
300,24,true,mixed,41.79046627782981,481.0188095927146,42.58578087427139,482.619083034039,True,T_true
300,25,hapibd,ibd,38.51091319174188,0.6428067335366734,40.17127873382046,1.5451649357509893,True,T_true
300,25,true,ibd,37.85522269777033,1.5308163944747832,38.867469581128546,1.7143805106227887,True,T_true
300,25,none,snp,-3.2546669025176485,479.8818600816148,-0.7032825862714276,480.2278327812767,False,T_alt1
300,25,hapibd,mixed,41.48178927135916,477.4458685043438,43.530527926680065,478.78832420179117,True,T_true
300,25,true,mixed,42.01862227659612,477.72371150889194,45.15854607765385,481.2297297965095,True,T_true
300,26,hapibd,ibd,24.758722705244594,-1.7632189359481742,29.54607505002741,0.9864904838533732,False,T_alt2
300,26,true,ibd,29.867492467899382,0.29811700614334313,31.815941170360674,1.3201845644230445,True,T_true
300,26,none,snp,-12.980458143633047,458.8236772549764,-3.115802943678908,466.78384495426826,False,T_alt1
300,26,hapibd,mixed,24.663465905198706,460.8082269249114,26.70380898619743,463.6436482120313,True,T_true
300,26,true,mixed,30.171176853939755,461.3445434276845,33.81863363381268,464.7371052736634,True,T_true
300,27,hapibd,ibd,23.65767678774705,-0.2345213566332518,27.471596862558584,1.9508701490635758,False,T_alt2
300,27,true,ibd,17.1604430184247,-0.8980127358979644,20.339276266753473,1.6562227121877413,False,T_alt2
300,27,none,snp,-3.1784172834611653,383.3976648659099,-1.7756022202372677,382.12738884758306,False,T_alt1
300,27,hapibd,mixed,29.061243582404046,378.3315809869871,28.238039678207628,379.66111892266053,True,T_true
300,27,true,mixed,24.004837528984893,381.0504827608329,25.431189913530517,382.28067602188605,True,T_true
300,28,hapibd,ibd,36.90924295904125,-0.24177563453380913,39.220166625012666,0.8640506841902038,False,T_alt2
300,28,true,ibd,36.49223475578728,1.2344446026044125,37.82865699637233,1.2735999646966718,True,T_true
300,28,none,snp,-1.517463808335826,551.8526292779829,2.8403547322024494,555.6593240944256,False,T_alt1
300,28,hapibd,mixed,43.78102342380552,549.0808755341701,46.51240073740226,553.6945556172615,True,T_true
300,28,true,mixed,43.290210673003514,550.7540465207815,45.167604016283605,553.5632153622852,True,T_true
300,29,hapibd,ibd,38.69610235634329,-0.5897574639211882,41.32045411253523,0.8627657432673175,False,T_alt2
300,29,true,ibd,41.15565549153828,0.4228550817803125,42.734314638715176,1.5147320227763714,True,T_true
300,29,none,snp,-2.4133291747931125,497.7309704674478,-1.8988845618916628,498.9854991385169,False,T_alt1
300,29,hapibd,mixed,41.408429721506195,494.232356173518,42.51399884504096,495.5339428817714,True,T_true
300,29,true,mixed,46.457678874848256,499.649913359282,47.815795530626815,502.00434160969917,True,T_true
300,30,hapibd,ibd,44.275167509572356,1.5289848138705509,45.15401195815841,1.2344616318232227,True,T_true
300,30,true,ibd,43.48611195514292,0.493263750962484,44.96649825190241,1.1346173239626296,True,T_true
300,30,none,snp,-8.443067128356521,335.0057114228618,-4.408651596595398,338.8633025205719,False,T_alt1
300,30,hapibd,mixed,43.96792648086645,334.35787441365426,46.00794008580095,338.1988804694963,True,T_true
300,30,true,mixed,44.63767837139119,336.144906190453,45.36779148248564,338.25216359558897,True,T_true
300,31,hapibd,ibd,39.044631338750946,1.4373884468305675,41.30312003118735,2.3542323188129615,True,T_true
300,31,true,ibd,30.340070969091016,0.48286452096152743,32.28608812895823,1.2814419934279613,True,T_true
300,31,none,snp,-6.168733290325747,411.78250278351516,-3.7513180217124926,412.6054761051385,False,T_alt1
300,31,hapibd,mixed,38.00024146608931,405.98496904429385,38.94549053372856,408.1348850839523,True,T_true
300,31,true,mixed,31.901239919090415,406.7184325468755,33.33881993985807,409.34941674497765,True,T_true
300,32,hapibd,ibd,31.20059070870309,0.5073985517140613,32.30113146474497,1.1173195925122172,True,T_true
300,32,true,ibd,44.61080499355714,2.129998920267127,44.97591101718075,1.789827452651224,True,T_true
300,32,none,snp,0.5846071120362097,361.96986779383576,1.6278203785432979,360.56763102762045,True,T_true
300,32,hapibd,mixed,38.29750814729289,359.13975746992685,40.29305473449648,358.664437711259,True,T_true
300,32,true,mixed,53.86435741209445,360.82266247357506,53.98595305203952,363.4403005824872,True,T_true
300,33,hapibd,ibd,41.12840699356721,0.052977413265921314,42.67584916052809,1.1513519062414161,True,T_true
300,33,true,ibd,39.397939845514884,0.05364929143033237,41.3406681342062,1.255618577553065,True,T_true
300,33,none,snp,-6.094901754093236,489.1288028678676,-4.3508185497233285,488.33391214853725,False,T_alt1
300,33,hapibd,mixed,39.92723332439209,485.45972216012177,39.284679890470755,487.2462737806713,True,T_true
300,33,true,mixed,41.96657882186727,484.33894662589125,42.876648040527044,487.17071706737835,True,T_true
300,34,hapibd,ibd,35.97064380784582,0.06738446662683373,37.75661737615579,1.5313272960344193,True,T_true
300,34,true,ibd,32.48635540167845,0.9239454509767313,33.526724732386015,1.568457379020117,True,T_true
300,34,none,snp,-7.3884895851633985,447.6961239320506,-4.83640448679661,448.5380813558687,False,T_alt1
300,34,hapibd,mixed,40.15291903802199,446.52158985251094,38.28409351819414,448.63519122309555,True,T_true
300,34,true,mixed,36.55155956366278,446.95787041648026,35.39017880022914,449.41136971364426,True,T_true
300,35,hapibd,ibd,40.03731898532416,-0.06575448528434436,42.59947295385973,0.7809623554990708,False,T_alt2
300,35,true,ibd,43.5605791051089,1.529422307386227,46.87751334866704,3.402662678110204,True,T_true
300,35,none,snp,-5.247568036766772,395.3044671206331,-2.1549868008266557,398.7152711264196,False,T_alt1
300,35,hapibd,mixed,42.80492722073478,392.7616939256441,42.73607159275639,393.59698495404,True,T_true
300,35,true,mixed,45.6145370261151,390.8251235418429,48.0218795272817,394.3137338844071,True,T_true
300,36,hapibd,ibd,45.2261217781888,2.2391240180383534,46.57180557102532,1.507741563327329,True,T_true
300,36,true,ibd,38.761397850360225,-0.07956638508608194,40.52987002067741,1.2684226958238014,False,T_alt2
300,36,none,snp,-4.420711443267663,497.2500452298004,-2.696155551832568,496.0019025084075,False,T_alt1
300,36,hapibd,mixed,48.153697758497174,493.0704827662246,48.26239719211233,495.4772182636386,True,T_true
300,36,true,mixed,43.64822092890938,494.78826135913596,45.707434326887096,497.0912982941364,True,T_true
300,37,hapibd,ibd,35.70104617908024,0.5331786271566443,37.28295707189187,1.240379231648177,True,T_true
300,37,true,ibd,43.41760564932386,-0.4464642121823488,45.32705487263527,1.0806328769336346,False,T_alt2
300,37,none,snp,-3.2917287633537597,318.42205758742386,-1.174261654770035,320.11325030954373,False,T_alt1
300,37,hapibd,mixed,40.82452315533851,318.9351218139775,43.170736935367074,321.78737351114034,True,T_true
300,37,true,mixed,50.916572205213754,318.80224420101047,51.5020974236121,320.67048417683617,True,T_true
300,38,hapibd,ibd,32.31742844676566,0.6814119168907382,34.13783452219914,1.6805215877479611,True,T_true
300,38,true,ibd,41.91314901317844,2.3941723579333996,42.53295666822106,2.929800235192971,True,T_true
300,38,none,snp,-2.070951715775628,463.83265817047084,1.8266441583878361,464.8235071408959,False,T_alt1
300,38,hapibd,mixed,41.538416067701576,467.5261845453149,41.088112606066574,468.2129915573444,True,T_true
300,38,true,mixed,50.40411489589724,469.4814216898154,52.87922491911567,472.08850071325196,True,T_true
300,39,hapibd,ibd,44.55399473432058,1.269869655891796,45.562652864848815,1.5838229873039325,True,T_true
300,39,true,ibd,38.838527757413345,0.898913729455245,41.21305372630897,2.8513284241092265,True,T_true
300,39,none,snp,-5.804279630873822,368.9455288187195,-5.974319001285409,369.20308717715216,False,T_alt1
300,39,hapibd,mixed,40.828899376700036,363.7016177484503,43.05503242947523,366.16453751154086,True,T_true
300,39,true,mixed,38.27034706527817,364.1334915927771,40.5501307037552,367.51791785520743,True,T_true
300,40,hapibd,ibd,24.142912124097847,-0.17579899773326702,26.426045866581376,1.1061360908055065,False,T_alt2
300,40,true,ibd,38.68352053946606,1.2237603527827616,39.70633818059625,1.720439902849904,True,T_true
300,40,none,snp,-9.160206028786114,467.7602939135752,-5.6422300410074016,470.14664397110556,False,T_alt1
300,40,hapibd,mixed,25.57926327441467,470.5394409190521,26.69852812669575,471.68752113374944,True,T_true
300,40,true,mixed,40.065241037004114,471.8211241375609,40.977327819435345,473.1050052722991,True,T_true
300,41,hapibd,ibd,32.73731621865349,-0.5551859471566161,34.83350113074522,0.8617394380695487,False,T_alt2
300,41,true,ibd,29.026736570595773,0.536418133857353,30.082230629090787,0.8941708483170316,True,T_true
300,41,none,snp,-7.3693732912722325,423.2637039025141,-5.336862026830339,424.93010008546946,False,T_alt1
300,41,hapibd,mixed,22.89975557167051,414.95929464935375,32.37970958199597,424.6968546619365,True,T_true
300,41,true,mixed,30.563134686256717,421.6271188143295,30.338019027860184,424.1410944272526,True,T_true
300,42,hapibd,ibd,34.6253238360236,0.5845734492960162,35.93858824403489,1.0137947765638842,True,T_true
300,42,true,ibd,29.153583170715336,1.177823882701432,30.58423405025735,1.6360962375553356,True,T_true
300,42,none,snp,-10.88529399047815,476.4709287164021,-4.519281215791011,481.3518144108182,False,T_alt1
300,42,hapibd,mixed,32.3212988233916,474.4604031881837,33.94564140389073,473.6068119144609,True,T_true
300,42,true,mixed,32.40813560037873,478.4959214329358,33.345959844762234,480.0506603305604,True,T_true
300,43,hapibd,ibd,47.44675081937987,1.5030932043090672,48.469857903383684,2.092786553859554,True,T_true
300,43,true,ibd,47.88603188458015,0.7482234327312938,48.61117964488139,1.4248599346993558,True,T_true
300,43,none,snp,-3.989723548197688,438.1512539218106,-3.7717774442714713,436.5901555315488,False,T_alt1
300,43,hapibd,mixed,46.987154856414065,431.42990082683025,47.684020812400206,434.764811038084,True,T_true
300,43,true,mixed,49.62950712687143,432.32972594100784,51.13287906667762,436.3390058289425,True,T_true
300,44,hapibd,ibd,28.66052267603854,0.6944393890842946,30.691519917515535,1.7396052539002085,True,T_true
300,44,true,ibd,34.29174221809549,-0.057441630552773404,36.5840396496375,1.702986643446991,False,T_alt2
300,44,none,snp,-5.2310225876845,342.65536789992257,-4.527289371943631,339.27888184488324,False,T_alt1
300,44,hapibd,mixed,30.822860780546762,337.74803325310836,31.862375130314803,340.08784113127916,True,T_true
300,44,true,mixed,37.55864140251364,338.6411379733661,38.680979902237254,341.0639349750057,True,T_true
300,45,hapibd,ibd,29.997977798167625,-0.5449895504812048,32.54067818411775,0.5350208428368433,False,T_alt2
300,45,true,ibd,31.592678024642396,1.0364306600411055,32.196643736462846,1.9228027415220197,True,T_true
300,45,none,snp,-4.649610803328187,368.88665175369175,-2.273579429784519,370.21737272219843,False,T_alt1
300,45,hapibd,mixed,33.96634801833147,366.7427837944242,35.74468835906168,369.93073536855104,True,T_true
300,45,true,mixed,38.101569365398746,367.36852057843265,37.49876971151434,369.2711734015266,True,T_true
300,46,hapibd,ibd,25.921727267962495,0.4794698512753257,27.872935213588732,0.6153591892573047,True,T_true
300,46,true,ibd,18.369594683361214,0.6794255961763724,20.11511554740224,1.8212203594546281,True,T_true
300,46,none,snp,-7.591063471503546,415.01450473152823,-4.409283285089543,417.3235966453258,False,T_alt1
300,46,hapibd,mixed,23.507309523365024,412.5472532647147,26.288179679930835,416.52053746954874,True,T_true
300,46,true,mixed,20.99342489114383,416.00568152844767,21.857074357450387,418.2702550348405,True,T_true
300,47,hapibd,ibd,24.547004311803278,0.810567875319748,26.39497228288303,1.132357261131716,True,T_true
300,47,true,ibd,29.31036769547893,-0.09700934360478186,31.079554812150775,1.0493897824127316,False,T_alt2
300,47,none,snp,2.7526213537536925,543.9829552913218,1.8697455456790308,544.2134057504198,True,T_true
300,47,hapibd,mixed,31.323534052362504,540.2560262623549,34.75918383564522,543.4139498497677,True,T_true
300,47,true,mixed,41.368847063129465,547.712648586805,42.89756589603198,548.946623295913,True,T_true
300,48,hapibd,ibd,40.97962794345872,-0.7702903999597766,42.67835675200175,0.3617120352377299,False,T_alt2
300,48,true,ibd,44.67865808294442,1.166627694684962,45.44396293023365,1.868015506493208,True,T_true
300,48,none,snp,-4.387957630055567,416.9294821170233,-1.4783120111200532,417.9047114052526,False,T_alt1
300,48,hapibd,mixed,43.482545479412636,416.1591498435573,47.494444044170905,420.3909066110798,True,T_true
300,48,true,mixed,49.101316866432995,417.6774441153485,50.40103786985179,419.5404498937002,True,T_true
300,49,hapibd,ibd,34.656763206207415,0.8323204985984205,35.90953885076041,0.9263860214122701,True,T_true
300,49,true,ibd,21.77661840191152,-1.9562181430758585,25.823127028055353,1.3040082768074228,False,T_alt2
300,49,none,snp,-5.856011506471049,328.564192791395,-5.786835240120915,328.3704078170761,False,T_alt1
300,49,hapibd,mixed,30.4405054312721,322.0273753723677,32.84994995898694,325.2969584161897,True,T_true
300,49,true,mixed,22.19537571835167,323.0740678712704,25.566985140184812,327.3661441048424,True,T_true
300,50,hapibd,ibd,38.59360767143309,-0.5320525996766037,41.257387110430756,0.9024293607388643,False,T_alt2
300,50,true,ibd,26.63780439211257,0.41686680338051474,29.623260117857342,2.679181623567615,True,T_true
300,50,none,snp,-10.953271902497484,376.7442763169734,-4.693608857658511,381.61974034394757,False,T_alt1
300,50,hapibd,mixed,40.24521378063065,376.2859214531353,39.974045008438054,378.9644427498939,True,T_true
300,50,true,mixed,29.492327784654037,377.8643656063575,30.72496774116638,381.01959035057064,True,T_true
300,51,hapibd,ibd,28.772346672606062,0.43905665171072883,30.696347342702126,0.40001033320660895,True,T_true
300,51,true,ibd,34.069251597945055,0.9509981332217023,35.4876877481837,1.8536430046567318,True,T_true
300,51,none,snp,-7.286208282663392,366.5855541869619,-2.48432690850278,371.86932661774927,False,T_alt1
300,51,hapibd,mixed,30.229428660962697,366.1252372810243,32.36324923899835,368.5302649782224,True,T_true
300,51,true,mixed,38.646198785770906,367.1331620404889,40.79116898274134,369.5104063129153,True,T_true
300,52,hapibd,ibd,29.875676434968256,0.9232441380857495,31.950576645929573,1.2491122102539691,True,T_true
300,52,true,ibd,33.74912301750118,0.6192093580248752,35.05781514548298,0.6999284698677855,True,T_true
300,52,none,snp,-4.100007066670642,428.59448494594386,-3.6553892992290358,428.8732617622544,False,T_alt1
300,52,hapibd,mixed,33.247157062541305,424.27748207744514,31.875190509844913,426.3501853746228,True,T_true
300,52,true,mixed,34.49535920951968,423.19018698670186,39.3926280614383,427.4537808458099,True,T_true
300,53,hapibd,ibd,44.80770275711291,3.409471018985414,46.23525138923699,4.693270878973522,True,T_true
300,53,true,ibd,45.240221331010304,2.75863199690005,46.39649338321499,3.788821040483839,True,T_true
300,53,none,snp,1.1622518076748278,379.6887421832418,1.0446209629517327,378.74339875776474,True,T_true
300,53,hapibd,mixed,53.087050940101534,379.63952985737546,54.77861360044005,383.44285349636095,True,T_true
300,53,true,mixed,54.12925498781982,380.8468215318511,56.30186559294526,383.3137774895326,True,T_true
300,54,hapibd,ibd,25.391465227036832,-0.6846838075992707,27.163736495279494,0.3365807812395474,False,T_alt2
300,54,true,ibd,25.363400242326662,-0.03895881018056002,27.3025732681227,1.4951687459617062,False,T_alt2
300,54,none,snp,-4.268217644674493,413.38891110065543,-2.917144902393389,416.10082819562,False,T_alt1
300,54,hapibd,mixed,29.191071765542148,410.55694865709086,29.01004081588775,412.3961197676573,True,T_true
300,54,true,mixed,28.597777998398584,410.66163079243734,31.889850778041136,414.65018500848515,True,T_true
300,55,hapibd,ibd,33.347432634060056,0.19049018689423747,34.953662775564084,0.9741019547283258,True,T_true
300,55,true,ibd,47.10143914293724,0.9847875117148703,48.11158759570134,1.7590259660800314,True,T_true
300,55,none,snp,-2.995029951776825,438.8725154361784,-0.2940433088962848,441.91881313935255,False,T_alt1
300,55,hapibd,mixed,39.24452863786789,437.55439284879753,38.670449369651976,440.28917430489025,True,T_true
300,55,true,mixed,52.556508381651554,438.3953407279599,53.03065523039538,441.47387119025313,True,T_true
300,56,hapibd,ibd,40.96964773865264,0.15867031674343934,43.13971296076562,1.4674971474444192,True,T_true
300,56,true,ibd,41.89353156707281,0.37725336639917373,43.21486272912077,1.4869234857332856,True,T_true
300,56,none,snp,-12.624723672383674,358.28843333764445,-4.019749422953886,366.23487923278,False,T_alt1
300,56,hapibd,mixed,40.82382848560718,361.27347618187673,40.90585632406879,362.14486272239463,True,T_true
300,56,true,mixed,42.802878199709426,361.58041089546487,43.23372809566871,363.51048194454927,True,T_true
300,57,hapibd,ibd,29.127068974622915,0.032106749463821416,30.69446474540044,1.1090446903834845,True,T_true
300,57,true,ibd,31.448417471546577,-0.4371188018543819,33.851597031754835,1.0892999515126007,False,T_alt2
300,57,none,snp,-8.507180081371633,354.81831559722826,-4.15774987670914,357.2084679741393,False,T_alt1
300,57,hapibd,mixed,34.742221774646566,357.6450122654146,33.304110532290764,358.6171006643899,True,T_true
300,57,true,mixed,37.99588118334984,356.3878226375434,39.46129233275178,358.74590447858736,True,T_true
300,58,hapibd,ibd,47.282441223818296,0.285608710890898,48.5873129763288,0.9345648929764252,True,T_true
300,58,true,ibd,36.557666764299796,0.2800958177548978,39.08533337426303,1.7859906102452214,True,T_true
300,58,none,snp,-1.1183294160142765,425.3268477050981,-0.8481415935866536,425.6478005217913,False,T_alt1
300,58,hapibd,mixed,51.23533109910568,423.55020788475434,51.17414816797316,424.2140576908251,True,T_true
300,58,true,mixed,42.24493486060487,422.68698865121604,44.18326093025675,424.37397069661995,True,T_true
300,59,hapibd,ibd,31.162174055703588,0.5839098484703982,33.41087724257329,1.0694389401060107,True,T_true
300,59,true,ibd,33.10950648591688,1.7298761798731448,34.56356562054813,2.970890258530602,True,T_true
300,59,none,snp,-5.250803109860115,429.41117877832755,-3.246240401867574,426.3507294954356,False,T_alt1
300,59,hapibd,mixed,36.8666812973178,421.68779961192837,36.846741572717434,424.56444362068373,True,T_true
300,59,true,mixed,38.08279603654816,423.0823694553955,40.29086245135045,425.63013918710857,True,T_true
300,60,hapibd,ibd,37.26926224547523,0.1077119847327026,39.061283833958214,1.387312150781554,True,T_true
300,60,true,ibd,31.922819909504597,-0.50443774705235,33.90762537001038,0.8129549658594044,False,T_alt2
300,60,none,snp,-6.870351524866223,445.15906884274034,-4.663989409713572,448.1495281704604,False,T_alt1
300,60,hapibd,mixed,38.670215107374645,442.2793151434564,39.40740682088526,444.92787972656606,True,T_true
300,60,true,mixed,37.854740224410335,444.5066046137603,38.10655354835518,446.87163789574635,True,T_true
300,61,hapibd,ibd,25.902082943793687,-1.011323366656086,28.95524558992662,0.7961716467761732,False,T_alt2
300,61,true,ibd,28.285957919779378,0.8121016304332329,31.021432567788366,2.5600607852836106,True,T_true
300,61,none,snp,-10.114049858933868,462.1027843253022,-4.875913566487462,465.29287161998116,False,T_alt1
300,61,hapibd,mixed,27.32163388714457,461.54460588870245,29.181557491591605,465.4306450222248,True,T_true
300,61,true,mixed,29.15193579573898,461.377393015218,31.29069052848186,463.3357062393625,True,T_true
300,62,hapibd,ibd,16.090474678195847,0.8973388030010199,18.216944058530288,1.5799235905177795,True,T_true
300,62,true,ibd,21.99136011449545,0.8921776795344556,23.975945380627422,2.042294928321013,True,T_true
300,62,none,snp,-3.773667239325462,397.8859494092374,-0.8280659148125338,401.7490806307703,False,T_alt1
300,62,hapibd,mixed,18.119850980469465,396.3146282676866,19.34712167702088,399.0969001716836,True,T_true
300,62,true,mixed,28.356210361164898,399.0495950033894,27.41790682340499,400.4103215922463,True,T_true
300,63,hapibd,ibd,22.29284962578376,0.521966443365443,24.5306080983799,1.21662500500409,True,T_true
300,63,true,ibd,23.658241044244676,0.20855972719928673,26.06935615942973,1.5015269660155752,True,T_true
300,63,none,snp,-8.494353806481374,532.6329644953182,-3.8064216835497433,536.7471871018638,False,T_alt1
300,63,hapibd,mixed,24.937954473671795,533.8789478832183,26.65381895992539,536.9894588375744,True,T_true
300,63,true,mixed,27.955253018577906,535.4144123900138,28.887363410842966,537.1854307989433,True,T_true
300,64,hapibd,ibd,32.483890643285974,0.15081509914170965,34.2576064041815,1.080403446078293,True,T_true
300,64,true,ibd,37.41948306184122,0.9881819389249245,39.104191471036785,1.221578788816231,True,T_true
300,64,none,snp,-9.264753162082837,427.67782167532226,-5.95181916669965,426.22534827341127,False,T_alt1
300,64,hapibd,mixed,32.889823747422156,423.4409674673111,34.45493216420326,425.0859789665298,True,T_true
300,64,true,mixed,38.00062118523394,421.2192980668359,41.59595780231183,425.0245327724797,True,T_true
300,65,hapibd,ibd,48.99529187685306,0.371885663472483,50.601865874604925,1.0261639364219093,True,T_true
300,65,true,ibd,46.882291202666096,-0.0449387704404387,48.30386580176804,1.3956379935697782,False,T_alt2
300,65,none,snp,-2.5632588742311384,376.1137267480036,-3.1540564463594407,374.80901162704066,False,T_alt1
300,65,hapibd,mixed,55.080296587154805,371.0937005777864,55.505636419082464,375.891981017325,True,T_true
300,65,true,mixed,53.91591060856581,372.9770852293045,52.37197305591073,376.42798020210864,True,T_true
300,66,hapibd,ibd,26.96895444894855,4.603224135111702,28.83420981714994,2.2253593863160575,True,T_true
300,66,true,ibd,31.04371192799175,0.3066183188635989,33.58556564959386,0.8011986518953904,True,T_true
300,66,none,snp,-5.31645169000365,442.0170251383918,-2.4152843868703897,445.831848298295,False,T_alt1
300,66,hapibd,mixed,25.868649840180353,440.1822559594351,29.900040540878962,443.2343586688296,True,T_true
300,66,true,mixed,36.9501256757012,443.79198514701176,39.31214270487828,445.33806313319377,True,T_true
300,67,hapibd,ibd,47.09002411982246,1.168237439432886,47.79936048045417,1.7163213801354118,True,T_true
300,67,true,ibd,50.98431695391321,0.9010817257072006,51.65199542709601,2.1523756541409114,True,T_true
300,67,none,snp,-8.84026564593444,455.569955143752,-2.76670211914994,460.2780096117377,False,T_alt1
300,67,hapibd,mixed,50.598296180983766,457.557707690287,49.30132520770164,458.5792924241966,True,T_true
300,67,true,mixed,55.25406881031461,458.44630233902024,56.02267608481037,460.70358865995365,True,T_true
300,68,hapibd,ibd,54.844508021758486,1.24072254330693,56.57920918767837,2.0240424131866632,True,T_true
300,68,true,ibd,36.17634846827286,-0.3146144664857218,37.84965369610569,1.1107028823483915,False,T_alt2
300,68,none,snp,-6.120258885568084,384.8653967240771,-3.6427109994390463,386.1900375891612,False,T_alt1
300,68,hapibd,mixed,57.83164448462554,381.1405982256846,55.83147575261427,383.41006209664926,True,T_true
300,68,true,mixed,37.83888596191261,382.3790308709782,38.09441751801273,383.9619416270973,True,T_true
300,69,hapibd,ibd,34.851626084484906,-0.6813984109305693,37.32879832144684,0.8080265585907398,False,T_alt2
300,69,true,ibd,34.72370055715433,1.1804908629384272,35.782628490630174,-1.8218649833428913,True,T_true
300,69,none,snp,-2.398082615148688,398.18669829667965,-0.4193568294497112,398.49800995611815,False,T_alt1
300,69,hapibd,mixed,38.97122236191473,397.5176577056401,41.16981690187981,398.6501197277664,True,T_true
300,69,true,mixed,40.3385451480564,402.4264771879248,42.075851654738585,404.5847733602993,True,T_true
300,70,hapibd,ibd,26.885086215031208,2.5829187822328663,29.21681461759735,3.156017824011542,True,T_true
300,70,true,ibd,30.231126569079407,3.7707814123496917,32.0624233831019,4.7895237649343585,True,T_true
300,70,none,snp,-3.4037420614183915,402.38282533767386,-3.686106666392142,403.25409217777235,False,T_alt1
300,70,hapibd,mixed,31.239639037902094,403.48160849494855,32.0335402456015,404.57143030008194,True,T_true
300,70,true,mixed,35.59335742171339,406.1099270445431,36.84270304475126,408.83890818306133,True,T_true
300,71,hapibd,ibd,39.756207848774324,0.25334774852893815,41.50403975283544,0.9639878843297822,True,T_true
300,71,true,ibd,44.089806706461445,1.117127261822958,45.672765361694275,2.4339059998332004,True,T_true
300,71,none,snp,-10.674985336271455,411.4385152787468,-4.963732152341471,413.36909430419473,False,T_alt1
300,71,hapibd,mixed,41.50120471381746,413.98899651891514,39.131777487245785,415.0041258810555,True,T_true
300,71,true,mixed,44.964696895302865,414.57568036162957,44.30023848350291,416.35271768641826,True,T_true
300,72,hapibd,ibd,36.1136917414471,0.17330433154702973,37.179456687119455,0.5071105527415227,True,T_true
300,72,true,ibd,24.52782743740366,1.6743000522771752,26.625213549429873,2.717194941271458,True,T_true
300,72,none,snp,-2.9774002057057913,440.0178701980209,-0.3730016727417862,439.38525870110055,False,T_alt1
300,72,hapibd,mixed,39.271528617662085,437.76427386060624,40.446991274370134,438.78891936154844,True,T_true
300,72,true,mixed,29.401584090239453,437.51982646589863,34.213140651838074,442.02941663261936,True,T_true
300,73,hapibd,ibd,41.46912809467031,3.409112794409481,42.56123202755205,3.9944981389652696,True,T_true
300,73,true,ibd,47.53132864854044,5.136690814638655,48.738580740084956,5.24338577829792,True,T_true
300,73,none,snp,-2.1387329448096537,393.3251964208651,0.7039144643566999,395.88218140202525,False,T_alt1
300,73,hapibd,mixed,47.27904127257972,397.6593493310493,49.11533912243067,398.3828986718262,True,T_true
300,73,true,mixed,55.06933457953443,401.3604576378121,57.28500995751557,404.1900880273026,True,T_true
300,74,hapibd,ibd,24.139048280143868,0.6244750749382604,25.233257108369315,1.1823679547227925,True,T_true
300,74,true,ibd,36.530878658981806,0.6389022903844364,38.07930099526507,1.370267157006026,True,T_true
300,74,none,snp,-6.638899675163341,331.60624627072997,-3.8471949984480247,334.1268464267828,False,T_alt1
300,74,hapibd,mixed,25.200801043612216,330.65756023070355,27.274170230104573,333.81341518916463,True,T_true
300,74,true,mixed,42.78398561381846,333.720364869086,43.247657614422394,335.63453857189853,True,T_true
300,75,hapibd,ibd,29.92196609502622,1.2310155582149775,33.1242606954921,3.27428166372934,True,T_true
300,75,true,ibd,33.1038481346811,2.4309253437029383,35.582720982388025,4.01348521182959,True,T_true
300,75,none,snp,-7.671032249976687,331.2457006947282,-4.323283756287033,334.35857836066026,False,T_alt1
300,75,hapibd,mixed,31.77718760114766,332.0214027690263,33.898812556522984,334.34184865212796,True,T_true
300,75,true,mixed,35.37127687259999,332.9139851201176,37.50707164845227,334.7711639262981,True,T_true
300,76,hapibd,ibd,35.106390858586735,1.3325577120926084,36.79977476825371,1.7017854529624117,True,T_true
300,76,true,ibd,32.968456416007626,0.993084990890793,34.14273394663073,2.007918282511781,True,T_true
300,76,none,snp,-10.987438966992869,373.1512178770652,-3.482258260550097,380.99069152074316,False,T_alt1
300,76,hapibd,mixed,38.50840317299037,377.5960585200701,39.53721524758657,378.56989333094293,True,T_true
300,76,true,mixed,36.47059589688919,377.6710355952199,39.32504695939687,381.9808662047383,True,T_true
300,77,hapibd,ibd,26.532255605109953,-0.4026302628781764,29.453526966609417,1.2017548407424954,False,T_alt2
300,77,true,ibd,32.705469082277176,1.1929945612183133,34.11178509356347,1.3780746063986271,True,T_true
300,77,none,snp,-8.694245066672366,319.9150103287673,-3.049851422076401,325.5718321806687,False,T_alt1
300,77,hapibd,mixed,28.902048363611954,323.1471270253085,30.633104039386524,325.8050862818827,True,T_true
300,77,true,mixed,35.813864498442314,324.9607219613709,37.6370884856874,326.49149766894243,True,T_true
300,78,hapibd,ibd,22.474457830193415,0.5663601955657214,24.376357085727903,1.5871584267113974,True,T_true
300,78,true,ibd,31.861123948539756,0.657894462319689,32.99061938442921,1.2632868993120212,True,T_true
300,78,none,snp,-7.438553022417931,415.3494298432484,-5.887289698394028,416.776537520093,False,T_alt1
300,78,hapibd,mixed,23.33976124646759,419.45769219777304,24.88672853760812,422.4720735138502,True,T_true
300,78,true,mixed,35.82904173143851,422.53185433875245,35.482491508519075,423.538574868399,True,T_true
300,79,hapibd,ibd,46.61990538617934,1.1462174030017707,48.51867071974692,1.3202853248237147,True,T_true
300,79,true,ibd,43.344310247405616,0.7968400265103526,44.679809898478595,1.4001810550968798,True,T_true
300,79,none,snp,-10.130095560662962,384.45401981902546,-5.608589046481271,386.2774266879966,False,T_alt1
300,79,hapibd,mixed,41.14475074079908,380.4709471539853,44.093310166448646,383.7624709830401,True,T_true
300,79,true,mixed,37.71167721620483,381.11711425710826,40.46294770985028,384.24136880604703,True,T_true
300,80,hapibd,ibd,38.772479689119336,0.5359514638952021,40.89497709617831,1.276287980257024,True,T_true
300,80,true,ibd,32.50712021163943,1.962206856859467,33.838321026081815,2.890569750110558,True,T_true
300,80,none,snp,-3.7463675905848532,433.2408338426552,0.38342532115551364,436.0585966114071,False,T_alt1
300,80,hapibd,mixed,43.49697214789808,432.29389810074787,45.698867291968355,435.11112555424313,True,T_true
300,80,true,mixed,39.48173216983153,434.1097877621575,40.531696873788576,435.93412449768823,True,T_true
300,81,hapibd,ibd,27.34734634735682,0.1187649395847643,29.642541417335877,0.4782336365678077,True,T_true
300,81,true,ibd,26.107557554415166,0.6243913430682255,27.184230059172364,1.9564238190147591,True,T_true
300,81,none,snp,-4.397840033228476,435.4770876757008,-1.4457082681184517,437.0285024598927,False,T_alt1
300,81,hapibd,mixed,31.335951149329958,433.05687149531616,32.39045630075532,435.627958116066,True,T_true
300,81,true,mixed,32.59621582929816,434.5391811801063,32.08495226530255,436.4944106984546,True,T_true
300,82,hapibd,ibd,32.342739283730424,0.9193667297706156,33.86730241027931,1.8720933282203305,True,T_true
300,82,true,ibd,34.37767676952339,0.5748358060293413,34.46243787460273,1.7895214947528189,True,T_true
300,82,none,snp,-12.013266072227292,406.54753023328,-6.334255116031507,412.4045351169473,False,T_alt1
300,82,hapibd,mixed,28.835879560996318,413.02354658099665,32.996559940907616,417.4387974998291,True,T_true
300,82,true,mixed,34.49030537476099,414.37253374264805,34.97760977036282,416.6725826108251,True,T_true
300,83,hapibd,ibd,27.522792495372244,0.47252690802540087,29.170481244225442,0.3067957655115947,True,T_true
300,83,true,ibd,23.024104379149463,1.4480071750893444,24.859645006637862,2.057095685049177,True,T_true
300,83,none,snp,-6.99229058429389,394.0097826166638,-2.6362215356099625,397.43856318773,False,T_alt1
300,83,hapibd,mixed,27.15610479557492,391.86671146224757,27.107645601375452,390.64411583776484,True,T_true
300,83,true,mixed,24.451269168421504,393.72781067014864,25.828106972846854,394.59811624238876,True,T_true
300,84,hapibd,ibd,36.190106677632116,-0.5603767448221504,38.13646781760872,0.9982638170491498,False,T_alt2
300,84,true,ibd,37.99856192274805,0.7094950190136728,40.92588659972242,2.261414037473287,True,T_true
300,84,none,snp,-1.446188180986752,353.6886154993385,-0.624186418973018,354.69115391148654,False,T_alt1
300,84,hapibd,mixed,40.532971959516146,349.83059549110556,44.43394028088562,353.81282571588736,True,T_true
300,84,true,mixed,49.86068581009454,352.0991371310556,49.297602444964554,354.0937122533759,True,T_true
300,85,hapibd,ibd,34.99444943804261,-0.6414199677014096,37.652464492392994,0.9443909375398789,False,T_alt2
300,85,true,ibd,30.715574992443095,1.1200230957593362,31.203967512231884,1.5494590281919898,True,T_true
300,85,none,snp,-6.119549897630485,437.1989041736377,-3.8053696210086656,436.41592576641295,False,T_alt1
300,85,hapibd,mixed,38.32670536819893,432.2322145061068,38.87244111244678,434.4753041058161,True,T_true
300,85,true,mixed,36.34096481074769,434.39430388949745,35.91514435266774,436.0572496019604,True,T_true
300,86,hapibd,ibd,36.98851508048185,1.6014563486313307,38.29537886329203,2.4995233305635622,True,T_true
300,86,true,ibd,39.28710360278848,0.8614531556981717,40.143830685117905,1.9711024278040838,True,T_true
300,86,none,snp,-9.033031122207245,420.17820483444024,-4.630542241494133,422.7241956410566,False,T_alt1
300,86,hapibd,mixed,37.429450145690936,421.615035431772,39.20853458698221,422.66480466000496,True,T_true
300,86,true,mixed,40.081615967450034,420.6414000316016,42.60524580037881,423.8417776623429,True,T_true
300,87,hapibd,ibd,40.56206284886633,1.5773303548728563,41.81717933534728,2.217594607723271,True,T_true
300,87,true,ibd,46.88092121393291,0.9888976132681933,48.35557443636304,2.2887011599200093,True,T_true
300,87,none,snp,-5.049911669589587,342.91793946308667,-3.374603100530372,344.74311929416996,False,T_alt1
300,87,hapibd,mixed,44.081284789346654,342.51157522105575,44.91237136944426,343.32943007985114,True,T_true
300,87,true,mixed,52.80825573251235,344.36752120496806,53.01648879126924,346.85505982078433,True,T_true
300,88,hapibd,ibd,18.879577331892904,0.07139167955330095,20.754904372809563,1.1067040463506714,True,T_true
300,88,true,ibd,21.15793138553525,2.1087191684270294,22.98598798656775,2.823971750826331,True,T_true
300,88,none,snp,-7.7392792989057995,402.2314923800129,-3.846339899284885,404.111012106078,False,T_alt1
300,88,hapibd,mixed,21.59664390159051,402.6913757652595,21.771545992346176,403.3806159993218,True,T_true
300,88,true,mixed,27.082051792871113,405.482472656288,18.150094166045278,407.07194620605765,True,T_true
300,89,hapibd,ibd,58.63960782538646,0.9157422769562515,60.598563286481095,1.8231946302574613,True,T_true
300,89,true,ibd,48.06206506890243,0.060621762659934575,50.8865488974503,2.3836643434614473,True,T_true
300,89,none,snp,-3.7522865540339474,433.73708264790235,-1.201629216199514,436.088468518072,False,T_alt1
300,89,hapibd,mixed,64.91323561248527,433.0386089097194,63.834074747267636,435.5190769943987,True,T_true
300,89,true,mixed,56.50744763185651,434.28874680444915,55.16520311559253,434.6099955157105,True,T_true
300,90,hapibd,ibd,32.724518566365475,0.03634425452301571,34.16080142650881,0.26100927055165357,True,T_true
300,90,true,ibd,27.39152510505295,1.1795013927761886,30.394828072197527,2.714766355365356,True,T_true
300,90,none,snp,-6.687407158747199,438.17933480258,-4.942405180775232,436.9579117923349,False,T_alt1
300,90,hapibd,mixed,32.61121853279354,435.81092415268614,31.984983717483118,437.4784885504099,True,T_true
300,90,true,mixed,31.045721295791623,436.4165733640625,32.048754932801785,437.64273655434295,True,T_true
300,91,hapibd,ibd,39.116440928900715,0.7933668702460466,40.607365441998326,1.6511799253584059,True,T_true
300,91,true,ibd,46.934818413939354,0.15689492469644506,48.32191816059088,1.3201892696586697,True,T_true
300,91,none,snp,-8.966370877101138,446.3554380871429,-3.9369411743179796,448.61968929758973,False,T_alt1
300,91,hapibd,mixed,39.49350914701782,444.7419445603481,38.39743229295951,446.7157985754957,True,T_true
300,91,true,mixed,47.190019043431704,445.0509467257293,51.239729045819416,449.1519228293746,True,T_true
300,92,hapibd,ibd,39.31813664133014,-0.11605765109769095,41.059148568375264,0.8139309935574488,False,T_alt2
300,92,true,ibd,34.473971786472845,0.9400147393278075,35.92027759811427,1.5790521909533197,True,T_true
300,92,none,snp,-4.992715892109999,351.58408525674474,-3.038055429130317,351.3662693575517,False,T_alt1
300,92,hapibd,mixed,39.98275411322166,347.1570352421704,40.07582851125244,349.3326408128129,True,T_true
300,92,true,mixed,38.50846222018521,348.01939117109964,39.118724052087146,350.0643703141392,True,T_true
300,93,hapibd,ibd,15.085409900180053,0.885888735325608,17.59875801095012,1.3945324006769226,True,T_true
300,93,true,ibd,26.054996921792224,1.2850779369029226,27.52780404812944,2.0615962518847937,True,T_true
300,93,none,snp,-7.155761841728221,337.05116192596597,-3.752704119310742,339.8719615712225,False,T_alt1
300,93,hapibd,mixed,16.1494507628164,336.10981146759514,16.931159256239425,337.44613140544794,True,T_true
300,93,true,mixed,27.333613273024554,336.14048679441123,28.156250959899694,339.2154081620874,True,T_true
300,94,hapibd,ibd,36.404615997677354,0.7474271936677894,37.188657653760515,1.2609606493219871,True,T_true
300,94,true,ibd,32.91932350495415,0.5293610218221829,34.34815181818078,1.2978389419087932,True,T_true
300,94,none,snp,-6.184241729202494,371.75876645851815,-3.32960138226629,376.9522351486883,False,T_alt1
300,94,hapibd,mixed,31.88841350303926,371.49976451178395,37.63010890630244,377.29990880998685,True,T_true
300,94,true,mixed,33.88333224280126,374.09073908877826,35.54783379419197,375.71791743439036,True,T_true
300,95,hapibd,ibd,40.19434568670968,0.008254992173988285,41.86840492782028,1.006981114832655,True,T_true
300,95,true,ibd,43.388521711891,0.4766856347566488,44.860763687015776,1.4177257773709186,True,T_true
300,95,none,snp,-5.845319370663653,404.3161648196171,-4.176025958519688,406.5285239274711,False,T_alt1
300,95,hapibd,mixed,41.93608979718641,403.97735764832527,41.47144491031264,404.4893219631136,True,T_true
300,95,true,mixed,46.2816087499541,404.61377769836906,46.65586226104452,405.4906580113809,True,T_true
300,96,hapibd,ibd,47.0668254088676,0.8443761629777953,49.05841361719041,2.086339338890923,True,T_true
300,96,true,ibd,48.13125833662423,0.4828766994936018,49.34889951510681,1.3594801478143381,True,T_true
300,96,none,snp,-1.5626623677923064,409.9246363432803,1.263609064598107,412.59094786048007,False,T_alt1
300,96,hapibd,mixed,54.482381188327366,410.8865097210562,55.62276709255278,412.52178984919294,True,T_true
300,96,true,mixed,57.36930576996116,410.03589998197344,58.770840129026226,412.7903997275933,True,T_true
300,97,hapibd,ibd,18.744903155602515,1.1703405683320511,20.196302317766822,1.4855170202434067,True,T_true
300,97,true,ibd,19.17180800422031,1.313462347332603,21.24338825959407,0.8503053481844915,True,T_true
300,97,none,snp,-9.558133871493112,419.7021891561335,-4.787768237171463,422.29555126023683,False,T_alt1
300,97,hapibd,mixed,18.707430822780196,419.30827666221967,19.305186765891676,421.1082410149281,True,T_true
300,97,true,mixed,21.792816107487226,419.14059458440374,24.208547624578074,421.9299233449042,True,T_true
300,98,hapibd,ibd,23.68390714307401,0.12831977613828371,25.032768238114016,0.8890819632441378,True,T_true
300,98,true,ibd,33.171949315014274,0.52385596878716,34.8018785265096,1.2970545203969266,True,T_true
300,98,none,snp,-7.667030234555249,391.3462638703494,-2.3575159617270103,395.85779251121164,False,T_alt1
300,98,hapibd,mixed,26.06359664935559,393.55219368219014,26.735202722942972,394.6291455658297,True,T_true
300,98,true,mixed,36.01760990498761,393.19542292969527,38.43531990491016,396.0922534546893,True,T_true
300,99,hapibd,ibd,32.322324096748986,-0.07833638725003311,34.57262061785039,1.5078444912237217,False,T_alt2
300,99,true,ibd,39.0063212372755,0.9756531993690487,40.20958521611689,1.0902546071752965,True,T_true
300,99,none,snp,-1.5454003282871085,497.05343713551747,-0.4961418898862604,498.09108942364367,False,T_alt1
300,99,hapibd,mixed,40.582713710174914,494.8904364583516,40.57707844618918,496.2451124115412,True,T_true
300,99,true,mixed,48.074578726633206,495.8711147632304,48.76314936923046,497.3832148421005,True,T_true
500,0,hapibd,ibd,51.14204921579085,2.159968044562561,51.91929868167355,2.6812381455298464,True,T_true
500,0,true,ibd,57.71760185372369,6.511361737405338,58.7933611174316,6.672612589830038,True,T_true
500,0,none,snp,-5.749050975532356,647.2903073497769,-1.9396325820374116,651.8330044662912,False,T_alt1
500,0,hapibd,mixed,56.1351205572424,648.7810947633349,56.29159192692981,650.8612519559547,True,T_true
500,0,true,mixed,63.490565027873856,654.9249096574933,67.11775268193648,658.0931359003816,True,T_true
500,1,hapibd,ibd,63.65872159272047,0.4256891570155119,65.49372968303464,1.6191507716511069,True,T_true
500,1,true,ibd,73.9498750453642,0.809074598547511,75.01039264905228,1.466001812582249,True,T_true
500,1,none,snp,-1.3600050051702581,708.9278233884153,1.6497019349335886,711.8951794790679,False,T_alt1
500,1,hapibd,mixed,72.05534595953989,705.6123220009246,72.56096000834847,707.8877342666639,True,T_true
500,1,true,mixed,82.63556629706653,708.1871050555616,83.2270118069438,709.4201981630912,True,T_true
500,2,hapibd,ibd,68.32316021863016,-1.0415235679734565,70.31446223834166,0.47349494209015575,False,T_alt2
500,2,true,ibd,61.76437553938237,1.1252873340496592,62.95631148699627,1.6169438359359845,True,T_true
500,2,none,snp,-1.9732470259829569,719.8788579871048,1.0962240526369413,721.0195395271404,False,T_alt1
500,2,hapibd,mixed,76.38803647868912,713.7916869230477,78.42398856845043,717.5517762914981,True,T_true
500,2,true,mixed,73.01070336703063,715.1410876050656,74.92302218677418,719.5306301898735,True,T_true
500,3,hapibd,ibd,75.92806834952947,1.006808800908857,77.4462496535964,1.9619345396887695,True,T_true
500,3,true,ibd,84.12025856385614,-0.3272511240483027,87.38352979090499,2.269576684111911,False,T_alt2
500,3,none,snp,-1.7052209896353645,694.0127071288358,0.26123560520170486,692.909379410511,False,T_alt1
500,3,hapibd,mixed,82.11950473684647,690.1059117831683,83.89870994814518,693.7999264487999,True,T_true
500,3,true,mixed,95.9225289301699,691.0875933847174,94.47050602031999,692.585071593987,True,T_true
500,4,hapibd,ibd,74.36553555725925,0.6995814044423128,75.03769154644738,0.7687873425520593,True,T_true
500,4,true,ibd,60.45167010447403,0.8092370550397163,61.70879472836256,1.4699309973515255,True,T_true
500,4,none,snp,-6.705057309340685,666.033372306273,-3.6701601739555088,667.0712045069246,False,T_alt1
500,4,hapibd,mixed,73.3473104538337,658.8884357692593,73.7985739441481,661.2444669350526,True,T_true
500,4,true,mixed,65.93148543605227,665.4184132550151,66.81854312806553,667.2090278103179,True,T_true
500,5,hapibd,ibd,85.05211697212695,0.2832229246569682,86.81776905966535,1.2092803616950505,True,T_true
500,5,true,ibd,69.19515049976266,1.2947328399233697,69.91335001046642,2.26946096761705,True,T_true
500,5,none,snp,-7.151929629913425,695.9987193428267,-1.6422775735170916,701.9484057254317,False,T_alt1
500,5,hapibd,mixed,85.99975794436651,695.7769793961127,85.54835661266551,695.3365405221044,True,T_true
500,5,true,mixed,75.23503591868058,697.8596944015649,77.86911678574208,701.1882407596761,True,T_true
500,6,hapibd,ibd,62.737864924712596,1.7156965073517085,63.79241801400502,1.158999959159246,True,T_true
500,6,true,ibd,63.23687608295546,-0.3556779626933064,65.58536703956034,0.80136352411958,False,T_alt2
500,6,none,snp,-7.026874955264709,698.150030412553,-1.7066492649063036,702.870580516377,False,T_alt1
500,6,hapibd,mixed,60.65618638734355,699.0885753722503,62.06347606414798,700.726102473335,True,T_true
500,6,true,mixed,70.02817102692464,700.7892361741016,69.7320283054226,703.3690397903549,True,T_true
500,7,hapibd,ibd,53.552419521232,0.25687731202125974,55.20476422268803,0.2716362972935542,True,T_true
500,7,true,ibd,60.90817454219385,-0.12205967422511321,62.78741270869068,1.2811516012737627,False,T_alt2
500,7,none,snp,1.8391225251610948,781.0100733487214,4.5858529000193755,781.6559940984139,True,T_true
500,7,hapibd,mixed,66.17394272946947,781.7261426441314,68.43830115381076,781.8812596091568,True,T_true
500,7,true,mixed,77.06611600639349,783.1291587787978,77.76621868912599,786.2655401172252,True,T_true
500,8,hapibd,ibd,60.39760102834316,1.3614784712393657,61.76918648003533,2.699277337870001,True,T_true
500,8,true,ibd,50.7586935851736,0.3544345544882219,52.84676551654374,1.6176135983893687,True,T_true
500,8,none,snp,-2.7452426840478807,764.8043063745356,-2.340334995183568,764.5339897332017,False,T_alt1
500,8,hapibd,mixed,63.68103316260081,759.6563687032934,59.77886536003672,761.1263013323505,True,T_true
500,8,true,mixed,59.03536051229685,760.418444202918,58.59688140217634,762.0563860990285,True,T_true
500,9,hapibd,ibd,57.31110367718395,-0.9264840958492755,59.539466207975465,0.4846472311193679,False,T_alt2
500,9,true,ibd,63.843160629411216,1.857173568868319,64.61016056167674,2.780775791058687,True,T_true
500,9,none,snp,-6.590395722097831,689.1201675485263,-4.894381447975974,688.289813003373,False,T_alt1
500,9,hapibd,mixed,55.4490649109141,682.8707064833142,60.25602971032899,685.2318229404059,True,T_true
500,9,true,mixed,68.86900044791366,687.086595583075,69.86564247842486,687.5959598964077,True,T_true
500,10,hapibd,ibd,67.76789904055579,4.594938570204704,68.83401173834375,5.601211099510465,True,T_true
500,10,true,ibd,72.76376503670906,5.008788319925856,73.20210031682859,5.807998832198621,True,T_true
500,10,none,snp,5.10895737522252,732.3606512938097,5.543642375671212,734.5446065304307,True,T_true
500,10,hapibd,mixed,76.96613352250378,735.4713203741876,79.63304118370544,736.546714789991,True,T_true
500,10,true,mixed,84.63389948646167,739.0032300226359,85.13320846103667,742.1486121229761,True,T_true
500,11,hapibd,ibd,73.06068084399885,0.5935756301905144,74.06674349513685,1.3805414230969006,True,T_true
500,11,true,ibd,76.68648947443344,0.2514031983382381,78.092065438031,1.592882693322025,True,T_true
500,11,none,snp,1.9190362514083255,772.5935820727871,3.6683474559927376,771.6461751839522,True,T_true
500,11,hapibd,mixed,85.31127786065053,768.9979125035047,86.03212422800158,771.2884020804283,True,T_true
500,11,true,mixed,91.8185400412444,770.2619947369122,93.4402435571433,772.1735615860025,True,T_true
500,12,hapibd,ibd,71.01084542217671,1.208011721613076,72.82546978093748,1.6816382628386748,True,T_true
500,12,true,ibd,65.4435561937178,1.1118317895998473,66.53147068474595,1.5049065824143781,True,T_true
500,12,none,snp,-2.947831045302607,744.1343457297888,-2.369388199124664,739.4794567972024,False,T_alt1
500,12,hapibd,mixed,76.91364976242602,738.6493935110218,75.29989395403993,739.3816189643253,True,T_true
500,12,true,mixed,74.28689461495654,738.887993191123,76.32229908707077,743.9202943388567,True,T_true
500,13,hapibd,ibd,72.2927587179326,1.5829178578419487,75.84301665214952,4.54219424505942,True,T_true
500,13,true,ibd,69.87942543310345,0.12336146524836522,71.74040283378972,1.813672736331398,True,T_true
500,13,none,snp,-7.50729163824343,697.707691738889,-2.9153735267406446,700.9822870267252,False,T_alt1
500,13,hapibd,mixed,74.97396427637756,699.5642917397976,76.70063305616739,701.6800131735395,True,T_true
500,13,true,mixed,76.29766830725305,698.5968614215393,77.6137140227348,702.4764644948837,True,T_true
500,14,hapibd,ibd,58.90902139250929,0.9916296330944192,61.05190715960083,1.3583116254339132,True,T_true
500,14,true,ibd,56.52470512588073,0.4561302717503679,57.91220863502949,1.449208968005962,True,T_true
500,14,none,snp,-0.7755260136734847,743.1120200318502,-1.4139652565179617,741.8493427848631,False,T_alt1
500,14,hapibd,mixed,66.25271346580607,738.698742776702,66.51561545345788,742.7243454531801,True,T_true
500,14,true,mixed,64.79074577161438,739.9777700829876,62.08293114336345,741.8193442978197,True,T_true
500,15,hapibd,ibd,62.56612914905287,0.9119155502422132,63.49011112404648,1.3379811931837935,True,T_true
500,15,true,ibd,57.134324934116705,0.2532034727466055,58.973891665520085,1.5181372990338957,True,T_true
500,15,none,snp,-9.254048004400481,550.97726351699,-4.140125425712995,555.7108253787006,False,T_alt1
500,15,hapibd,mixed,59.35645190749548,551.2154371757316,60.6755687057026,553.1970686502347,True,T_true
500,15,true,mixed,61.08092407884564,551.8910002576216,60.136427161717734,553.9169785489398,True,T_true
500,16,hapibd,ibd,54.758856130670495,0.4154554386994107,59.25483108022368,4.051746615641946,True,T_true
500,16,true,ibd,56.50217687781091,0.8753860193837966,57.582206663285746,1.6109842558972503,True,T_true
500,16,none,snp,-8.245818233410155,638.7305928813327,-4.189160770214585,638.9159721124424,False,T_alt1
500,16,hapibd,mixed,57.70358021536032,638.671305178877,56.93351893614718,641.4253195891816,True,T_true
500,16,true,mixed,61.632709317962394,638.3142895197061,62.785068374722044,642.2551277029302,True,T_true
500,17,hapibd,ibd,61.136983020833924,0.5841457375985897,62.61850933695251,1.371029387133376,True,T_true
500,17,true,ibd,54.5009584864265,1.9870909358245683,55.747153944748845,2.0216739621840247,True,T_true
500,17,none,snp,-8.463102163763324,669.7635647003405,-6.301310165864173,668.5946360697203,False,T_alt1
500,17,hapibd,mixed,63.378675802637304,670.8462008685598,64.39435446126728,674.3076907129795,True,T_true
500,17,true,mixed,57.98927880931882,671.3120433187519,57.979670754225765,671.6127401121869,True,T_true
500,18,hapibd,ibd,88.12537447696116,2.185045330147375,89.45449633969292,2.7153688643986698,True,T_true
500,18,true,ibd,90.56727599572542,0.5425121429775572,91.86896572368403,1.8553810516552858,True,T_true
500,18,none,snp,-1.2376318126907861,771.2386520918375,-0.14130834864943864,772.067093832238,False,T_alt1
500,18,hapibd,mixed,96.37737990278853,772.1973690027341,96.90205343349328,775.1275033643828,True,T_true
500,18,true,mixed,102.2234480509201,772.6885943007544,101.88551905371935,774.5180725538955,True,T_true
500,19,hapibd,ibd,69.60277297153618,0.7335079278309422,71.45773287588094,1.4623421321892351,True,T_true
500,19,true,ibd,71.8226454974957,0.8025990663767004,72.90749239377837,1.4889430177625513,True,T_true
500,19,none,snp,-5.529962636183431,727.4232355140299,-1.3780902544832685,729.6361091979909,False,T_alt1
500,19,hapibd,mixed,73.96512838487155,726.9106983875968,71.04859400146287,728.4549383309684,True,T_true
500,19,true,mixed,81.93581618936548,727.8272240917493,81.47369892880917,731.883282598615,True,T_true
500,20,hapibd,ibd,67.93406004158598,1.5086813856627828,70.02025948728337,2.699021639186782,True,T_true
500,20,true,ibd,60.28140455455889,0.5143485785492601,61.98112430730825,1.7616459653274603,True,T_true
500,20,none,snp,-6.7304502087659515,585.6304478211359,-3.5037061436061734,588.3119937174066,False,T_alt1
500,20,hapibd,mixed,71.98828751071238,585.3181329319116,73.95825496376,589.3455441872131,True,T_true
500,20,true,mixed,67.23340668048402,583.7062480430342,67.63829234735056,586.4125782722513,True,T_true
500,21,hapibd,ibd,77.12604401221026,1.040101642542055,79.23213368011818,2.1129604249238128,True,T_true
500,21,true,ibd,58.76253376373302,0.9787159493363902,60.07024152857332,2.0300421360740017,True,T_true
500,21,none,snp,-2.124339101755048,810.1102610914911,-0.6212036073637321,810.8717062940947,False,T_alt1
500,21,hapibd,mixed,82.38545008120337,809.6258361669106,83.30635822357326,811.0304043987691,True,T_true
500,21,true,mixed,66.92814162735809,808.569673465313,68.27865958904789,811.6902884498872,True,T_true
500,22,hapibd,ibd,52.9043834730457,2.486087799325901,54.53580860585038,3.8786298268061614,True,T_true
500,22,true,ibd,51.6819297168135,0.9053128278223994,53.2288987065989,1.9924212967766266,True,T_true
500,22,none,snp,-7.289007915360884,606.687269961451,-3.9150532887480836,607.7198261509097,False,T_alt1
500,22,hapibd,mixed,54.55876029364663,601.6161878991055,55.03923953064404,605.306775019288,True,T_true
500,22,true,mixed,57.33794757890925,602.6707103040021,55.32768496711384,606.4299675082382,True,T_true
500,23,hapibd,ibd,60.63646049671286,-1.1449057243424363,62.67848268530469,0.7543821459750006,False,T_alt2
500,23,true,ibd,71.83391749468731,0.11216724543004375,73.37656821036649,1.5956467003682917,True,T_true
500,23,none,snp,-3.9098870829322365,690.3834723718295,-1.7917759554624695,690.5024595345076,False,T_alt1
500,23,hapibd,mixed,63.94596043361753,686.7622091082812,65.67271839768895,688.3468039087591,True,T_true
500,23,true,mixed,76.06600494701536,685.7906451098312,78.7910547697374,689.1147801836353,True,T_true
500,24,hapibd,ibd,63.856225025634984,1.8967320444714346,64.61697810039433,1.3841381714699992,True,T_true
500,24,true,ibd,55.25371779011479,-0.24741128251542932,56.938491787066454,0.9738755300247988,False,T_alt2
500,24,none,snp,-7.438641668765609,754.7154603404292,-0.6481490782017545,761.0098038550819,False,T_alt1
500,24,hapibd,mixed,64.4398248817399,753.9918404316275,69.41568934994967,759.2407400916684,True,T_true
500,24,true,mixed,65.12565350344008,757.6396994158393,65.17996276391537,759.4352686931244,True,T_true
500,25,hapibd,ibd,67.29944919484811,1.437293205329354,68.34683235546046,1.1269996775691027,True,T_true
500,25,true,ibd,78.00927709033488,0.4530456304752022,79.60139626432311,2.052587904901344,True,T_true
500,25,none,snp,3.2879454319305808,582.5109677917487,7.128552092147828,583.7016322689904,True,T_true
500,25,hapibd,mixed,79.74171889888558,579.387899671766,80.51759817683552,581.6021254710263,True,T_true
500,25,true,mixed,93.71801115143057,580.2865070957948,96.21573034280613,583.7152328476417,True,T_true
500,26,hapibd,ibd,59.42935527900204,0.009148586950004756,61.44257411162042,1.224318465415763,True,T_true
500,26,true,ibd,52.31809939458134,-0.8229073524192074,54.965863513677334,1.2992967022844653,False,T_alt2
500,26,none,snp,-8.57638777684064,681.6950569730458,-2.313768199323384,688.1887588330303,False,T_alt1
500,26,hapibd,mixed,64.12594033812275,683.7833084887653,61.53577412525098,685.3497513485295,True,T_true
500,26,true,mixed,58.0764947370522,684.6465110634566,59.85654480450535,688.1956494370365,True,T_true
500,27,hapibd,ibd,70.78791406814787,0.46489907737773706,72.35067441970159,1.296338379551571,True,T_true
500,27,true,ibd,73.770533078986,0.44125735054575443,75.08644408579835,1.58966123304549,True,T_true
500,27,none,snp,-6.565865149550525,609.7028689614009,-3.6207605385469677,613.0731458511702,False,T_alt1
500,27,hapibd,mixed,71.36040630256093,607.7522109450254,70.9434310647382,608.895167872942,True,T_true
500,27,true,mixed,81.02639239720423,608.9110758346296,76.68290555782207,611.4551438877343,True,T_true
500,28,hapibd,ibd,72.931349503803,1.3341844500992863,74.21348557831288,1.2411058523044574,True,T_true
500,28,true,ibd,73.81442744640734,0.9360971575852943,74.9261510282262,1.6901769489800245,True,T_true
500,28,none,snp,1.5502645097529886,747.9180359000742,3.6594867236692536,752.420443337508,True,T_true
500,28,hapibd,mixed,84.18480466429787,746.7565389822887,83.59797678559335,749.5731812748197,True,T_true
500,28,true,mixed,87.27050352558132,747.727722018207,88.00928183307624,750.1928216933054,True,T_true
500,29,hapibd,ibd,62.87419493505308,-0.21181084038141762,64.35849863214182,0.5777963537142625,False,T_alt2
500,29,true,ibd,59.49108345181767,0.7548853452617834,60.87868136829525,1.6566552647236392,True,T_true
500,29,none,snp,-7.477462060986124,632.6275000091139,-2.2568414187330035,640.3680667667134,False,T_alt1
500,29,hapibd,mixed,63.51478755616472,633.930221747558,65.13872525906078,635.7150226205733,True,T_true
500,29,true,mixed,64.55525019649454,635.6783456960532,65.22187959889234,637.7208510929266,True,T_true
500,30,hapibd,ibd,67.61949523961744,0.9046044992108762,68.640254737991,1.6005247804606597,True,T_true
500,30,true,ibd,62.37855722582668,-0.38885999199581534,65.08145269956543,1.2464851154722396,False,T_alt2
500,30,none,snp,0.30826568786791597,644.7336353698238,1.6321022813862243,645.7440270998017,True,T_true
500,30,hapibd,mixed,78.09176682893667,644.0801401229444,76.67810993679976,644.478656289003,True,T_true
500,30,true,mixed,77.19399881493621,644.7893681775663,73.89168625565921,646.4159700375612,True,T_true
500,31,hapibd,ibd,43.33404829559629,0.5870838913266994,45.49917583157978,1.1257657577737916,True,T_true
500,31,true,ibd,46.17280679872641,0.5909926158986138,47.54573429974394,1.55271156575958,True,T_true
500,31,none,snp,-7.109935323610955,698.8852608718523,-5.2878187806275605,701.1429597299733,False,T_alt1
500,31,hapibd,mixed,46.27093871402809,697.4956256291078,44.07151798783565,698.835388730685,True,T_true
500,31,true,mixed,48.718199042256174,697.5286724216904,48.621725483272456,699.2092651857203,True,T_true
500,32,hapibd,ibd,54.07407537643735,2.3895639043784342,54.96391019916234,2.959301623576124,True,T_true
500,32,true,ibd,64.55824417736665,2.0064737241357875,65.23374514248377,2.493426000912308,True,T_true
500,32,none,snp,-0.48778769828634694,701.1859777336842,5.346585021349192,705.5217531189714,False,T_alt1
500,32,hapibd,mixed,61.97725166129334,698.09228252624,63.24742666157036,700.2850229513871,True,T_true
500,32,true,mixed,77.09898807389735,700.3121597165069,77.94663698979278,702.1606328570003,True,T_true
500,33,hapibd,ibd,61.21300814394101,0.19628187157331922,63.0701257622174,1.164598626903114,True,T_true
500,33,true,ibd,59.36185875830239,1.0996255146701515,60.56667200108069,1.4722279353363774,True,T_true
500,33,none,snp,-7.256171247675638,659.2921251925966,-6.658403604324306,658.3419128007223,False,T_alt1
500,33,hapibd,mixed,60.77880056080491,660.3811535925469,60.8479330395439,661.438131025626,True,T_true
500,33,true,mixed,62.33342338266121,659.8194369908177,62.25614375556657,662.0387253506345,True,T_true
500,34,hapibd,ibd,56.24135918210834,0.33363729851890866,58.34688334547252,0.4901595409825177,True,T_true
500,34,true,ibd,62.249363170365854,0.456282600366535,63.80809205487907,1.3731949204151306,True,T_true
500,34,none,snp,-4.858202795780542,655.5114253361418,-5.016414524891026,655.9192363453892,False,T_alt1
500,34,hapibd,mixed,57.56490812771631,652.6398188461898,59.480779033953155,654.2236552535447,True,T_true
500,34,true,mixed,69.33611453347046,652.1097391511216,68.82346765386956,653.6057501519798,True,T_true
500,35,hapibd,ibd,52.961216211997225,1.3970503025212224,54.508853472501244,1.741225571607913,True,T_true
500,35,true,ibd,65.9516436026475,1.7729067084191286,66.45096368676562,2.1954732447427716,True,T_true
500,35,none,snp,2.837469417548462,775.4187065753277,3.869627486425543,771.793203368474,True,T_true
500,35,hapibd,mixed,61.368957628008644,769.9500593767282,62.94424435195796,772.6779493212711,True,T_true
500,35,true,mixed,78.96304985898777,772.406261105499,78.32932754581375,774.7438198643957,True,T_true
500,36,hapibd,ibd,62.53991566165041,1.0634112950062047,65.20469658719128,1.085949542867894,True,T_true
500,36,true,ibd,71.12790900993863,0.6786335331594842,72.02763353917234,1.5164826108270972,True,T_true
500,36,none,snp,-1.0622708003411105,762.7831319778227,0.43556973939055155,760.2199256529908,False,T_alt1
500,36,hapibd,mixed,66.97721270413697,757.9411269190408,63.5736417356143,759.8336860584201,True,T_true
500,36,true,mixed,82.16264228861172,759.6393025910618,83.61056857136415,761.4297649154578,True,T_true
500,37,hapibd,ibd,48.48097249716125,0.9760379945431055,49.55212754014735,1.383872951472057,True,T_true
500,37,true,ibd,54.9464761779042,0.8808673163151184,56.53031209132496,1.803309645274453,True,T_true
500,37,none,snp,-6.647478906154987,604.5630059982375,-5.531525191761787,604.7249251804049,False,T_alt1
500,37,hapibd,mixed,54.05285746407188,604.7203765446966,54.92128928221376,606.5517150597735,True,T_true
500,37,true,mixed,60.117117751744956,604.1497090775076,62.54279683652828,606.4601754839258,True,T_true
500,38,hapibd,ibd,57.60321233852238,-0.037334193812455396,59.488721692439384,1.1683463186824952,False,T_alt2
500,38,true,ibd,63.54857521237645,0.3594262640908994,64.8895572896424,1.2232485942769245,True,T_true
500,38,none,snp,-6.918832010422474,698.9795961697771,-3.285052045623644,703.4166005545594,False,T_alt1
500,38,hapibd,mixed,61.494018923812945,697.4929838718098,63.898254302668164,700.0841355572659,True,T_true
500,38,true,mixed,73.22216652000986,700.0575407345907,74.09632671892027,701.8315956993871,True,T_true
500,39,hapibd,ibd,83.03084664604762,0.8035042305124023,84.84062029739158,0.9995210458526742,True,T_true
500,39,true,ibd,62.41042529289433,-1.23957113954404,63.947384666900774,1.0929086586171195,False,T_alt2
500,39,none,snp,-8.983008419932386,694.8418134341927,-6.048369267923697,698.6691679725915,False,T_alt1
500,39,hapibd,mixed,77.03211941547141,703.7912900796725,78.3441335667815,706.8139677769371,True,T_true
500,39,true,mixed,61.362949735860525,702.1871501909667,65.01309718082658,706.8450842625913,True,T_true
500,40,hapibd,ibd,60.499270569996895,-0.6152484911602869,62.76946349197783,0.7235145449720903,False,T_alt2
500,40,true,ibd,56.81777565994159,0.3751826206488431,58.44419593844759,1.446562470304599,True,T_true
500,40,none,snp,-7.377285487325928,630.1963528586645,-3.4890037960473634,631.3843620603176,False,T_alt1
500,40,hapibd,mixed,61.324844122279245,626.0009689987551,63.70321269979996,629.8836743457681,True,T_true
500,40,true,mixed,63.487771584794984,627.9514153013612,61.970956948259044,630.2181425803774,True,T_true
500,41,hapibd,ibd,61.634260872507866,0.09513082980021181,65.27243925334037,3.5720609751716097,True,T_true
500,41,true,ibd,59.74629258467306,0.5022514330073307,61.3078347472578,1.268888137574237,True,T_true
500,41,none,snp,-10.82851027205416,598.5732774320586,-4.628658861704274,606.2460847491994,False,T_alt1
500,41,hapibd,mixed,65.4175849258061,604.2184903217153,65.47325352569231,606.8268769571803,True,T_true
500,41,true,mixed,66.70474002810957,605.5903378381062,65.83773724422872,607.7309881464577,True,T_true
500,42,hapibd,ibd,69.42815158424378,0.4798554574594789,70.26593116642582,0.8458130599292133,True,T_true
500,42,true,ibd,58.21814062333718,0.3781234081371565,60.349032987622365,0.927929582039809,True,T_true
500,42,none,snp,-8.01043714668521,625.5883089924441,-6.214359307340047,627.6457648587834,False,T_alt1
500,42,hapibd,mixed,62.23854628955604,620.2628662675875,64.06867669890028,622.8556751554877,True,T_true
500,42,true,mixed,61.93093704305909,622.9264587711507,61.442319818983606,625.1118100232532,True,T_true
500,43,hapibd,ibd,66.40818409599012,1.5316231885816762,67.41318081324232,1.687975621786535,True,T_true
500,43,true,ibd,72.16990919789654,0.5184974028310592,73.08448243298633,1.5355844983481859,True,T_true
500,43,none,snp,-5.531455311885914,691.2003419202408,-3.5213964331089542,695.5755522754752,False,T_alt1
500,43,hapibd,mixed,69.11107114835374,695.0641498215863,72.5217295605751,696.1254397241828,True,T_true
500,43,true,mixed,78.65229798008374,695.4364729181332,79.24811987494016,699.0963838586085,True,T_true
500,44,hapibd,ibd,65.8401846500825,0.9728705765622578,67.74607642042497,1.8881847514007575,True,T_true
500,44,true,ibd,60.2175531489832,0.3475178064657314,61.76002757820774,1.709650431566132,True,T_true
500,44,none,snp,-5.909212714206191,620.665315914429,-3.9346892857425715,620.0291752333725,False,T_alt1
500,44,hapibd,mixed,71.14382548822613,618.2841032527405,70.31263878854875,619.3039044790959,True,T_true
500,44,true,mixed,63.387140404736385,616.3309784636102,65.94502372157842,619.6931360220465,True,T_true
500,45,hapibd,ibd,66.25102207346995,-0.12384167541713964,67.99154404564098,0.8969936981939384,False,T_alt2
500,45,true,ibd,62.61648802131984,1.0286971281009585,63.86754771629785,2.0194608249202872,True,T_true
500,45,none,snp,-2.317809399006002,645.8008604035166,2.0859578376396257,645.5575216082595,False,T_alt1
500,45,hapibd,mixed,71.20281021838434,641.2984508405732,74.56026701831624,643.88340742692,True,T_true
500,45,true,mixed,73.61959954510246,642.6243158167683,73.51968392651492,645.1476939272404,True,T_true
500,46,hapibd,ibd,60.34537963000733,-0.5336325423650408,62.206388981047354,0.15072610220695992,False,T_alt2
500,46,true,ibd,68.1247206917507,1.2550636816998804,68.96181995587796,1.6657254631854812,True,T_true
500,46,none,snp,2.6392602396200715,651.6908485150263,2.2800241632169786,652.4021509312909,True,T_true
500,46,hapibd,mixed,70.7084702490834,649.5704567404114,71.69869358934284,652.9843853125,True,T_true
500,46,true,mixed,80.01114344779282,650.4751811925763,78.53402340074058,652.0276466513232,True,T_true
500,47,hapibd,ibd,67.2300274796944,0.9659683688930727,68.97024614931419,1.0226268350007786,True,T_true
500,47,true,ibd,69.70602020771167,0.6747841222038744,73.91101880130984,4.70761210446139,True,T_true
500,47,none,snp,0.4579081407298773,662.7429875836855,0.4771135195780545,662.2739302605451,True,T_true
500,47,hapibd,mixed,73.37847577102184,658.8420095202857,74.81102270540015,661.1282263154926,True,T_true
500,47,true,mixed,79.93249954807433,664.2481808247276,78.92622503385539,664.1205543166303,True,T_true
500,48,hapibd,ibd,68.08095103071341,0.23836830818544286,69.00261734845864,0.6772369529767843,True,T_true
500,48,true,ibd,64.43622733846604,0.43239402217903944,65.72876892130921,1.3546820273067226,True,T_true
500,48,none,snp,-2.6301677218269077,618.7960017667268,-1.5316524729628043,620.3826073080899,False,T_alt1
500,48,hapibd,mixed,68.60279764036679,615.6059965030827,69.67341422950506,617.0238901956536,True,T_true
500,48,true,mixed,71.67478233119724,618.0563944007844,70.80484416704556,619.315624184115,True,T_true
500,49,hapibd,ibd,69.89629595881684,-0.7429918586155679,72.44058591193286,0.6278258791837175,False,T_alt2
500,49,true,ibd,71.25710360265464,1.1065008956685745,72.45864351324454,1.6741931946549187,True,T_true
500,49,none,snp,-2.852003948600583,602.2369941163619,-3.2997770919862717,604.7149844930643,False,T_alt1
500,49,hapibd,mixed,75.56597523245355,603.4109072769922,73.7227910772971,605.7936841387057,True,T_true
500,49,true,mixed,80.29971270802437,604.821967478999,78.12089376838006,606.1861383837085,True,T_true
500,50,hapibd,ibd,68.75307739023833,0.47114585039975054,70.6405435537859,1.5213516500855917,True,T_true
500,50,true,ibd,58.014372858141655,1.868452907150811,59.03791891905766,2.4707080204721876,True,T_true
500,50,none,snp,-9.353126889896465,720.9186837668819,-4.0148234811400485,725.485457149679,False,T_alt1
500,50,hapibd,mixed,67.30494736089139,723.8635271265346,65.8833643119257,724.9995939152695,True,T_true
500,50,true,mixed,62.50403105269041,724.4935847552542,64.15527183534047,727.4034048815936,True,T_true
500,51,hapibd,ibd,70.72676943744824,0.29915875719575524,73.04788562668301,0.7001726448365275,True,T_true
500,51,true,ibd,72.57459592708167,1.2227866654667991,74.20817121492897,2.1728367118838037,True,T_true
500,51,none,snp,-5.178479398486022,701.4188090558548,-2.3501123419575904,705.3664514161097,False,T_alt1
500,51,hapibd,mixed,76.7019676456417,704.4471690264536,76.83314834305347,705.7912433614649,True,T_true
500,51,true,mixed,81.47001240655749,704.5864626439442,81.49734688011597,707.1258092915065,True,T_true
500,52,hapibd,ibd,58.12916074976164,2.928260063227299,59.6190663933325,4.064077943743712,True,T_true
500,52,true,ibd,66.9100773611139,0.7846774015902156,68.26275336448799,1.8688890648114125,True,T_true
500,52,none,snp,1.9621010968435577,619.549621716293,3.4650435028195474,619.1157401323268,True,T_true
500,52,hapibd,mixed,70.24761894550821,619.5957983987059,71.35778947820913,621.24584037647,True,T_true
500,52,true,mixed,80.92164669900146,618.5010400449053,82.09248561985652,620.4815096247585,True,T_true
500,53,hapibd,ibd,55.996329628374326,-0.2754759451045743,57.68337675496676,0.9214813734608072,False,T_alt2
500,53,true,ibd,63.50615152377475,1.0448964816438036,64.6670855740079,1.6724682418596046,True,T_true
500,53,none,snp,-2.983170421661157,669.8625799300204,-1.3419872479627983,670.6211683059145,False,T_alt1
500,53,hapibd,mixed,61.71004412719702,666.8060650818773,62.397066490242025,667.8718963602244,True,T_true
500,53,true,mixed,72.17981296829635,667.2872574915741,74.85674025370989,672.2063561062413,True,T_true
500,54,hapibd,ibd,79.91587020126858,-0.13769119670257624,81.42983218706928,1.036432731633738,False,T_alt2
500,54,true,ibd,82.3244154331075,0.06922394213867733,83.87538566354877,0.9304684143006057,True,T_true
500,54,none,snp,-2.4003960790778365,649.6694993642682,-1.7878188419027268,651.4549716701961,False,T_alt1
500,54,hapibd,mixed,86.05940783063605,646.3594791902497,86.4996138802968,648.0463136468118,True,T_true
500,54,true,mixed,92.20811812209934,647.3236776780741,93.0089584057439,649.078759306288,True,T_true
500,55,hapibd,ibd,56.220997259602484,0.6996750490587829,57.737049245387084,0.9677254089196765,True,T_true
500,55,true,ibd,56.99794267734657,0.060855077588655604,58.67376391185732,1.2963709324474735,True,T_true
500,55,none,snp,-0.017247814435883413,696.3637963107939,1.0786509746335113,696.5006354048179,False,T_alt1
500,55,hapibd,mixed,64.33220648958039,694.7630693768024,63.8812009728299,695.6137031276917,True,T_true
500,55,true,mixed,68.4986594103913,696.2938639140839,69.40193972572041,698.384465697317,True,T_true
500,56,hapibd,ibd,67.78549096332884,1.3344862501252237,68.81316100653339,1.5023270290539301,True,T_true
500,56,true,ibd,62.684032195816116,0.6075552269327318,64.1464322426443,1.5053746457176942,True,T_true
500,56,none,snp,-8.355152823217914,679.4363217434724,-4.1251633661104705,681.7067833583204,False,T_alt1
500,56,hapibd,mixed,66.26931625837506,676.6366295615686,67.55757068926982,678.8327312647241,True,T_true
500,56,true,mixed,63.99641963547805,675.8179872316964,65.01352985341035,679.317869736022,True,T_true
500,57,hapibd,ibd,73.4152735323377,-0.32325356866971333,75.13687145366416,0.8488331607082955,False,T_alt2
500,57,true,ibd,58.315368722360034,-0.5857198530582934,60.16749129846869,1.2491739759914822,False,T_alt2
500,57,none,snp,-2.034166801346494,695.8366986325507,-2.2114707771883033,694.29347981733,False,T_alt1
500,57,hapibd,mixed,73.36569809250531,693.0311257468753,76.38628394501555,696.6120256223302,True,T_true
500,57,true,mixed,64.99774535997116,693.0386271210381,65.85366444377934,695.2786015220773,True,T_true
500,58,hapibd,ibd,77.63127058029801,0.49480779879002057,79.37946698825522,0.7836632323380286,True,T_true
500,58,true,ibd,67.49676225340102,0.5935786293883893,68.54744291134281,0.4714703315939346,True,T_true
500,58,none,snp,-0.599617927780919,717.7961198664751,1.2573012668358956,719.9091735998255,False,T_alt1
500,58,hapibd,mixed,83.75957903516496,716.2997692335514,85.07054129001745,719.1372567765943,True,T_true
500,58,true,mixed,79.26186592844502,717.8470312813513,81.96161475284126,721.1128907114108,True,T_true
500,59,hapibd,ibd,49.40283553274594,0.6426306678586684,51.61639755680142,1.5223782065567661,True,T_true
500,59,true,ibd,55.10350445307529,1.185342985889008,56.101489818028654,1.5282674112920063,True,T_true
500,59,none,snp,-7.740257712616369,724.7110725938014,-5.10474234979781,725.3802713713924,False,T_alt1
500,59,hapibd,mixed,48.260883259892296,716.9306610288293,50.3046393647694,719.2587467008295,True,T_true
500,59,true,mixed,59.34588297377459,718.072882042903,54.71468549299374,720.0606705472953,True,T_true
500,60,hapibd,ibd,61.38114620049387,-0.39493234179340675,63.107420170129274,0.7666443126197748,False,T_alt2
500,60,true,ibd,55.46523303207471,0.25634229180062107,57.146675297713216,1.3110407375116608,True,T_true
500,60,none,snp,-7.256027266118323,715.5991645842905,-4.957205455059302,715.8897783754949,False,T_alt1
500,60,hapibd,mixed,60.155877943623096,716.6043753353891,58.8754004289668,718.7987873095717,True,T_true
500,60,true,mixed,58.87191728173926,716.1657415037087,60.14275282974771,718.3612328022967,True,T_true
500,61,hapibd,ibd,61.428991368435646,1.1305448230449997,62.05380485285011,1.1860165919872259,True,T_true
500,61,true,ibd,73.51829670685001,0.8662285110999051,74.89432261219474,2.1385507377326576,True,T_true
500,61,none,snp,-4.049232193006517,737.8811844679753,-1.30251587152069,740.383900396461,False,T_alt1
500,61,hapibd,mixed,63.56564454895141,737.6965994340699,64.64379635582245,739.5872337425669,True,T_true
500,61,true,mixed,76.80250604464734,737.7739150313581,78.30780677415149,741.0472679760386,True,T_true
500,62,hapibd,ibd,59.01400820728628,0.48133021901776374,61.085713356246515,0.9200179203751304,True,T_true
500,62,true,ibd,49.19454251043007,-1.2066835928567912,51.744353866712146,0.7456232830954264,False,T_alt2
500,62,none,snp,-10.676270069579392,810.543483388726,-5.191415363335743,813.7003373300753,False,T_alt1
500,62,hapibd,mixed,54.35368453471531,806.714490073471,54.285432444303666,807.7606004480797,True,T_true
500,62,true,mixed,52.010490828491356,805.9367745209402,52.97779181231044,809.9996859894117,True,T_true
500,63,hapibd,ibd,65.82540986705467,-0.35913364071325304,68.21961847807665,1.3172892952772486,False,T_alt2
500,63,true,ibd,54.39796544662275,0.2536434742535789,56.238157014718524,1.388784719755023,True,T_true
500,63,none,snp,-7.937891469348099,660.8189016039855,-3.5762926163173674,667.1641509653617,False,T_alt1
500,63,hapibd,mixed,68.0822681307981,659.7408125678966,67.72301497556208,660.6721387881652,True,T_true
500,63,true,mixed,56.42621803370585,659.0703159068541,58.91277551455826,661.9569212001009,True,T_true
500,64,hapibd,ibd,58.737531789993426,1.106473887364018,59.93128823747273,1.766428645398804,True,T_true
500,64,true,ibd,64.6017513198693,1.4362531985851774,66.42452030732008,3.260953342301633,True,T_true
500,64,none,snp,-9.58337104946196,692.2722204871418,-4.40265072280404,697.1504740497331,False,T_alt1
500,64,hapibd,mixed,60.414710548809325,696.8809093101064,60.830546050159626,700.4000470695487,True,T_true
500,64,true,mixed,72.6393986484081,699.1801342241679,69.89930557383042,702.2276126141526,True,T_true
500,65,hapibd,ibd,65.86750388802716,1.8370221625552858,68.49494478383735,3.4248180525521548,True,T_true
500,65,true,ibd,68.31210978794957,1.264785588100949,69.38513497983331,1.7754508127845554,True,T_true
500,65,none,snp,3.4721822342389785,594.9010366364771,4.679990892297155,596.1946596313413,True,T_true
500,65,hapibd,mixed,80.27247349278653,592.3178266599232,81.08586702714459,593.1284334499103,True,T_true
500,65,true,mixed,86.00486706948658,592.1296959129058,85.21521790912908,594.1324974663621,True,T_true
500,66,hapibd,ibd,60.14164442020973,0.8754659238572913,61.8628044479197,1.8723306913701094,True,T_true
500,66,true,ibd,50.48852509464709,1.1334477788258255,51.50915289478954,1.0559557470313905,True,T_true
500,66,none,snp,-8.010894380386222,618.7048042568172,-5.267152654653003,620.1330424428302,False,T_alt1
500,66,hapibd,mixed,63.78858001260599,620.1353594777332,64.14368458631327,622.5484487887352,True,T_true
500,66,true,mixed,56.691690832405385,621.6388069736869,57.886364968284255,624.4426549870198,True,T_true
500,67,hapibd,ibd,70.94444017781825,1.9313609860653855,72.07976792859489,1.1606596144271748,True,T_true
500,67,true,ibd,57.77997809833602,1.1167341064834488,59.790882216693774,2.405409022826859,True,T_true
500,67,none,snp,-8.667077565202035,764.1306969283714,-4.634377725207678,764.4981224360655,False,T_alt1
500,67,hapibd,mixed,64.18596392163911,758.1840974932537,65.18056660017214,759.7352110018437,True,T_true
500,67,true,mixed,61.516974543349335,761.2006700193847,60.62497569358135,762.1609000501576,True,T_true
500,68,hapibd,ibd,54.56083175537648,0.20053191894407973,56.603659021386875,1.2749666566656686,True,T_true
500,68,true,ibd,44.89354746704885,0.3107994703613315,47.50972824012237,1.4609123679433367,True,T_true
500,68,none,snp,-2.6030078182601457,732.6379632112214,0.9633865197108236,735.095005616812,False,T_alt1
500,68,hapibd,mixed,60.078526880089754,731.1595957392902,63.01604168731376,733.3800459339138,True,T_true
500,68,true,mixed,55.697711943456,734.6445621291742,55.7760100703471,737.3721940047052,True,T_true
500,69,hapibd,ibd,60.81599049102448,0.3206732744222336,62.930740392993584,1.940460554017477,True,T_true
500,69,true,ibd,54.06923822436585,0.4193766140714956,55.52598101142621,1.2744640491343944,True,T_true
500,69,none,snp,-0.037104702959339875,679.7061848972733,2.3251382936717278,680.714019069427,False,T_alt1
500,69,hapibd,mixed,69.79665335738645,673.9239242875103,69.62705955514903,675.901153467647,True,T_true
500,69,true,mixed,67.1417845770192,675.5665921885956,68.43282912963758,679.4423551364954,True,T_true
500,70,hapibd,ibd,70.22599182778427,2.1908980581077344,71.05772305880168,2.683318847971748,True,T_true
500,70,true,ibd,78.37840032053327,0.5811831698396759,79.13353806682704,1.7462810834898903,True,T_true
500,70,none,snp,3.2416370705448436,731.1098932255048,5.028321589552952,728.934965108372,True,T_true
500,70,hapibd,mixed,82.56349160770884,726.107368557386,82.72603622681748,728.0013464806127,True,T_true
500,70,true,mixed,91.56793845342204,725.9171478032923,91.94587809182863,727.7943841206568,True,T_true
500,71,hapibd,ibd,57.42688336912204,0.9907023561230517,58.26395785487847,1.4922365703987452,True,T_true
500,71,true,ibd,70.8454408727516,1.5303116774627483,71.98676826694174,1.8503680334447665,True,T_true
500,71,none,snp,-5.457234093486775,602.1785883680614,-3.6944879211117296,603.053315658913,False,T_alt1
500,71,hapibd,mixed,60.67804785416405,597.6834268649918,60.62096473531494,599.5532197113153,True,T_true
500,71,true,mixed,76.71681000748521,598.9875761402661,77.48163849237915,601.3594744864442,True,T_true
500,72,hapibd,ibd,55.03789335702538,2.542807677815972,56.49229348285809,2.9325615755300305,True,T_true
500,72,true,ibd,51.12512819491437,2.6947122246343724,52.20763396225462,1.127313107194766,True,T_true
500,72,none,snp,-5.792814769556095,777.7023061673898,-2.2715530697664548,781.5023493186903,False,T_alt1
500,72,hapibd,mixed,62.51700489210222,781.08875363371,59.70696150703728,782.3388996093574,True,T_true
500,72,true,mixed,58.81463200368714,780.3902720412178,60.716526445639374,783.0898612473819,True,T_true
500,73,hapibd,ibd,57.75927001305854,0.028150994450101052,59.25977654485331,1.1159584117485508,True,T_true
500,73,true,ibd,71.44983611523244,0.9884252453523175,72.89473696823958,2.1321886890528106,True,T_true
500,73,none,snp,-14.394761701330953,752.4479628232275,-5.6165450405753745,760.0258983010201,False,T_alt1
500,73,hapibd,mixed,59.9323507713037,756.5986781887469,57.612756318120546,758.0912602097366,True,T_true
500,73,true,mixed,77.6001093793048,757.6541662284234,77.49925098515953,760.422541602511,True,T_true
500,74,hapibd,ibd,66.19404309281583,-0.4916383067100014,70.82682451550767,2.307176273630546,False,T_alt2
500,74,true,ibd,52.21049184373075,2.965347320431988,54.422434005737585,4.476850150326499,True,T_true
500,74,none,snp,1.0760903336634655,724.6535654314489,5.533755601783184,728.1868479472528,True,T_true
500,74,hapibd,mixed,82.68745583542753,724.5380396573584,81.84806210523857,726.0560267736297,True,T_true
500,74,true,mixed,69.37829565825638,728.797365219647,70.25159476768474,732.753016146031,True,T_true
500,75,hapibd,ibd,94.73962139599294,-0.930428518031789,96.94052662034966,0.5725273269524394,False,T_alt2
500,75,true,ibd,89.44260524132409,-0.12586775548433593,90.91373225292364,1.204546253377913,False,T_alt2
500,75,none,snp,-1.5016399912407223,750.2044912114987,-0.4559265442859797,750.1495086744208,False,T_alt1
500,75,hapibd,mixed,97.35906815553963,744.6612083718496,99.357626855402,746.6489714286876,True,T_true
500,75,true,mixed,98.17188391046687,744.3007969911065,100.03718566887147,748.3863818876387,True,T_true
500,76,hapibd,ibd,60.6093757237017,1.1393861839154056,62.28468159870897,1.6124379808337608,True,T_true
500,76,true,ibd,63.34849034751639,0.7315436281897405,63.9910090514156,1.1997525783462493,True,T_true
500,76,none,snp,-4.487781004523185,644.2171734560521,-2.788082088621401,646.8485972639578,False,T_alt1
500,76,hapibd,mixed,65.36221483134997,643.7195461475148,68.51426479696366,646.6694867357431,True,T_true
500,76,true,mixed,69.02259924265474,643.8453918785461,71.35915549443439,647.20241579694,True,T_true
500,77,hapibd,ibd,55.6520190331903,0.9364906761940119,56.44961316110175,0.8269339992687321,True,T_true
500,77,true,ibd,56.110099741974096,0.26048491320062794,57.633452703166085,1.3393574767811742,True,T_true
500,77,none,snp,-2.785428702053835,655.4814364917412,-1.0683937833122883,653.4441452283482,False,T_alt1
500,77,hapibd,mixed,58.14353176389463,653.5236898755759,59.68559390742752,656.944856744404,True,T_true
500,77,true,mixed,63.37429935801663,652.7276107954528,64.52601513547211,654.6604718616456,True,T_true
500,78,hapibd,ibd,69.09745711137208,0.6545014503080608,70.78948444575269,2.0163357493406693,True,T_true
500,78,true,ibd,56.846909065351156,0.7000631523449101,58.26284894950629,1.0293659475770767,True,T_true
500,78,none,snp,-8.66116785702684,700.8867225019592,-4.043588102035677,705.3113552859965,False,T_alt1
500,78,hapibd,mixed,68.14059574785813,697.412154285874,68.65937981712449,700.4418901510389,True,T_true
500,78,true,mixed,60.44685725724767,699.8662236912655,59.022963332786475,701.0091574687231,True,T_true
500,79,hapibd,ibd,53.974191981123454,0.04954117665556623,55.30176427346791,1.0592451932780307,True,T_true
500,79,true,ibd,45.03655897443139,1.2679903273001685,46.80136951525577,1.8541886085500607,True,T_true
500,79,none,snp,-4.775297881231658,621.8049291621378,-2.4379494391828302,623.7010305564944,False,T_alt1
500,79,hapibd,mixed,58.76349809406116,620.3763868128194,58.98945141889703,622.5432393075288,True,T_true
500,79,true,mixed,52.33878654203005,619.3078960410805,54.59875134938514,622.0160869903029,True,T_true
500,80,hapibd,ibd,57.6811500405347,-0.081374060546068,58.76344286001944,1.4352016536539054,False,T_alt2
500,80,true,ibd,65.06533800578364,-0.9379956616988352,67.4770747667898,1.5831059808469092,False,T_alt2
500,80,none,snp,-7.6069463327024955,639.7044974103161,-3.4799555554019435,643.5652435988216,False,T_alt1
500,80,hapibd,mixed,60.188217629389726,641.0302789133053,60.51267502439913,642.6873695733414,True,T_true
500,80,true,mixed,72.58826210546985,640.2790684816132,74.40117005216123,644.4744795252144,True,T_true
500,81,hapibd,ibd,42.367935613662326,-0.39237663994413197,43.94055227832274,0.6536982753867164,False,T_alt2
500,81,true,ibd,40.443985260088596,1.9449004741675822,42.46527208587764,3.342204235977931,True,T_true
500,81,none,snp,-8.613441686232385,555.9644912827863,-6.2366748223347415,558.1327858288968,False,T_alt1
500,81,hapibd,mixed,42.405685569726074,553.8921232324832,40.88992622953455,555.2296714787253,True,T_true
500,81,true,mixed,44.333695295148175,556.6270269179072,46.12833935889887,560.7334217380516,True,T_true
500,82,hapibd,ibd,50.244251384887605,1.860172176170522,51.73610143838866,1.2982459421827173,True,T_true
500,82,true,ibd,53.811605319417026,0.8931797557050913,55.690926211105705,2.1769764010276447,True,T_true
500,82,none,snp,0.9226307074860784,718.4842057784388,0.6702875216717601,717.7217503220035,True,T_true
500,82,hapibd,mixed,56.217870071552625,714.1993130329917,59.23478600218405,717.3934708556386,True,T_true
500,82,true,mixed,63.93580127037271,715.6587800352853,63.1454775831173,718.2476501518864,True,T_true
500,83,hapibd,ibd,62.698769046389174,2.824962564601776,64.04327134571383,1.6662082525958226,True,T_true
500,83,true,ibd,51.78189004644972,-0.8889507436451538,54.375928451435186,1.475652283652039,False,T_alt2
500,83,none,snp,-3.5359048623755314,739.5267421089249,-0.765214137503861,743.5868880875464,False,T_alt1
500,83,hapibd,mixed,65.46880713172817,741.7387801739386,65.75672714449533,743.0370636401348,True,T_true
500,83,true,mixed,60.071605459791215,740.3604362774162,60.274199724565534,742.5506672933531,True,T_true
500,84,hapibd,ibd,62.765028878847744,-0.20320084328250232,64.33850740054407,1.4819963017737052,False,T_alt2
500,84,true,ibd,61.99011825744577,1.4960525310596893,62.9564091266862,1.969062220468146,True,T_true
500,84,none,snp,0.04702980590294459,693.0412381196097,3.734663899648872,696.3457811606244,True,T_true
500,84,hapibd,mixed,69.61022967089198,690.2236137288594,72.95730155074082,694.9083343772188,True,T_true
500,84,true,mixed,74.6826983313085,693.6330003231396,75.52495375838694,696.1947809541474,True,T_true
500,85,hapibd,ibd,61.81638438815051,0.0778416836599547,63.270767418738984,1.0979811337349474,True,T_true
500,85,true,ibd,57.40161499137503,2.048426303080248,58.053722467612715,2.6011494811952787,True,T_true
500,85,none,snp,-7.908760247753683,662.3752407111748,-3.6896640953067674,666.891867093247,False,T_alt1
500,85,hapibd,mixed,67.97069836919474,661.9363500533701,66.37558117894051,663.7934877666196,True,T_true
500,85,true,mixed,60.810373008074976,662.450340211519,62.31937439245331,665.7024820325591,True,T_true
500,86,hapibd,ibd,52.82373539784302,1.2608098220295574,54.945910122851785,1.2392454688440466,True,T_true
500,86,true,ibd,58.42585211075698,0.43951671458776786,59.833311788511935,1.9652298896640161,True,T_true
500,86,none,snp,-1.268955248304671,846.817934676554,-0.6620587118161652,844.8691424235543,False,T_alt1
500,86,hapibd,mixed,59.571267826882774,847.5327517770535,60.145413374892485,847.7464706223707,True,T_true
500,86,true,mixed,66.02805799283666,847.1329910510997,68.31651249344847,849.319528802259,True,T_true
500,87,hapibd,ibd,55.40215216643685,2.5718341585572944,56.57540970095539,3.3177141622432487,True,T_true
500,87,true,ibd,59.34832861025933,4.966054338795743,60.1127190670781,5.581934866691199,True,T_true
500,87,none,snp,-6.519271022116374,690.8738848443569,-2.485402001802697,695.54143368837,False,T_alt1
500,87,hapibd,mixed,61.75452275195363,693.1651622418667,65.82148384047056,697.826251998407,True,T_true
500,87,true,mixed,69.10994427295012,697.3343749157797,70.27828684921991,699.2032606763588,True,T_true
500,88,hapibd,ibd,74.59574480156732,0.20832031865379008,76.59730035453782,1.8767187465874144,True,T_true
500,88,true,ibd,67.53450243622436,1.4272903429980772,68.7379426733196,2.041065327165711,True,T_true
500,88,none,snp,-2.295327413274748,778.5579828617251,0.19356911240794972,776.9018632192149,False,T_alt1
500,88,hapibd,mixed,83.75728650825391,776.6033397238674,85.42472502418758,778.611770531463,True,T_true
500,88,true,mixed,80.40481653929277,776.9390455345872,77.83951161631995,778.0060899260795,True,T_true
500,89,hapibd,ibd,67.46342456435721,0.3434836887631718,68.94077340104269,1.1917200514934052,True,T_true
500,89,true,ibd,59.60215659274422,0.019387959399892907,61.732865911077084,0.8074618389918555,True,T_true
500,89,none,snp,-4.231881024612335,609.8007172046614,-1.1541208322905803,610.2892556428304,False,T_alt1
500,89,hapibd,mixed,73.93963255462663,606.1580379155317,74.98965919726376,608.4075257280808,True,T_true
500,89,true,mixed,70.88553227846936,607.3993794626118,71.6970943549847,609.5237191343822,True,T_true
500,90,hapibd,ibd,73.14424031407691,1.8614261361926197,75.26820228324374,2.162969492538423,True,T_true
500,90,true,ibd,53.748020270245775,0.703350719982268,56.628633514550756,2.4104653969250194,True,T_true
500,90,none,snp,-4.616832114291121,637.1971967768761,-3.8280072959340856,640.0747348225669,False,T_alt1
500,90,hapibd,mixed,69.61910696615246,632.8161120659818,70.59891366896036,634.2600979108397,True,T_true
500,90,true,mixed,60.351407309492515,635.27821005435,59.47576801460278,636.6530641667122,True,T_true
500,91,hapibd,ibd,66.33107192006096,0.5316081934154511,67.24636227298237,0.7468660432321315,True,T_true
500,91,true,ibd,67.23400303196942,0.41440225154099153,68.92984463509333,0.9148148385839932,True,T_true
500,91,none,snp,-2.807191421355192,726.1514354780276,-0.8768094397498416,728.3993544423429,False,T_alt1
500,91,hapibd,mixed,71.87875634046114,724.9918397560076,73.1333046367458,726.8805799629553,True,T_true
500,91,true,mixed,76.84613748995886,726.9504859787037,78.41194530594527,730.1746450948971,True,T_true
500,92,hapibd,ibd,59.744012209238065,0.6596391065450575,61.11534174133334,1.2151749148516444,True,T_true
500,92,true,ibd,45.42059262835363,1.075525144179835,46.371655312548,1.7713725206101287,True,T_true
500,92,none,snp,-5.547228648274036,812.1840514748158,-2.035117041892626,815.7125775677703,False,T_alt1
500,92,hapibd,mixed,59.15127490017869,810.804874951881,61.59724031325206,814.1802725283044,True,T_true
500,92,true,mixed,50.22026712577804,813.3162877107457,49.658342458079574,814.7062474956776,True,T_true
500,93,hapibd,ibd,50.23185212317733,2.15498577746456,51.1238807276894,1.7160152864583722,True,T_true
500,93,true,ibd,61.061723675638945,1.6790719220223878,62.31193745299427,2.1183530949386693,True,T_true
500,93,none,snp,-3.961648990680601,604.6143848848598,-2.4427352715918644,608.7476034754675,False,T_alt1
500,93,hapibd,mixed,51.22341971390108,604.5073428854092,54.2411429355555,607.17189915966,True,T_true
500,93,true,mixed,66.23580545384851,606.5573245243752,68.31749006167254,608.9687811545144,True,T_true
500,94,hapibd,ibd,45.89802609706095,0.8377701502475361,48.29141257407383,0.3036077789781473,True,T_true
500,94,true,ibd,50.00870438376782,0.017073215230908545,52.770670142345296,2.169104422153282,True,T_true
500,94,none,snp,-6.915061522976423,680.1193653899763,-3.0182922657077853,681.5368847729534,False,T_alt1
500,94,hapibd,mixed,49.50416684530208,679.0414015348309,49.50828575263699,680.4325033341297,True,T_true
500,94,true,mixed,54.9814129812149,677.8209215817494,57.50915513694608,680.229683460188,True,T_true
500,95,hapibd,ibd,73.89743762871996,0.6402007943631531,75.42564450269273,1.69542127129057,True,T_true
500,95,true,ibd,76.63246479326475,-0.044554828330205964,78.28965723267157,1.665788265490022,False,T_alt2
500,95,none,snp,-5.722213664284077,685.2127624474242,-4.322586150500875,686.5057801111343,False,T_alt1
500,95,hapibd,mixed,73.33595338123249,679.363356165689,74.55022095052232,681.5006073953633,True,T_true
500,95,true,mixed,82.70981425190732,681.3977179643861,81.70483054378266,683.5210470356235,True,T_true
500,96,hapibd,ibd,55.60187840237097,1.2642804141061674,57.48286624444117,1.8412681767746903,True,T_true
500,96,true,ibd,53.83942663075595,-0.004385359244025722,55.81234863543821,1.6484097456896052,False,T_alt2
500,96,none,snp,-2.6668251773021225,910.6859623090344,-2.308887694845417,913.9194609298783,False,T_alt1
500,96,hapibd,mixed,59.499299772857,907.9969966796411,56.41326608180947,909.5353488359593,True,T_true
500,96,true,mixed,58.670192507942886,908.4675812900291,59.85244821343062,911.1836014850205,True,T_true
500,97,hapibd,ibd,71.27143261210102,5.584301682906698,74.2069627532153,7.03936191527913,True,T_true
500,97,true,ibd,63.91242434644636,1.4809840550101114,65.66324956025656,1.970694402997566,True,T_true
500,97,none,snp,0.6796780917379621,775.5262794864112,1.7770122849115282,775.9343135150398,True,T_true
500,97,hapibd,mixed,75.55917137265524,773.7477427826751,79.44599959995523,777.8084203823021,True,T_true
500,97,true,mixed,77.0471971839313,780.433375780435,77.02470245067894,782.7039791953159,True,T_true
500,98,hapibd,ibd,62.146713774118666,0.681900578216073,62.96789132791889,1.327027013402983,True,T_true
500,98,true,ibd,42.5506835823457,-0.0958226192653342,45.33794453174883,1.7471447525730355,False,T_alt2
500,98,none,snp,-8.154533301458557,602.6559808250272,-3.4770568616387436,606.9859717040875,False,T_alt1
500,98,hapibd,mixed,62.476709688261025,601.2579452022678,62.43813948913015,603.6442392094557,True,T_true
500,98,true,mixed,47.58838107096466,602.3839561941128,48.54431498516135,605.5070031827081,True,T_true
500,99,hapibd,ibd,30.193308069895465,-0.1094934835552408,32.308707219297844,0.7353780938784098,False,T_alt2
500,99,true,ibd,47.490503941188194,-0.12989311051632058,49.6823705598878,1.9653003855211466,False,T_alt2
500,99,none,snp,-6.826466340316465,670.3061550949325,-3.4176649878674183,671.8374837664526,False,T_alt1
500,99,hapibd,mixed,34.27235273408806,668.10350080957,37.1995079354468,671.146273464421,True,T_true
500,99,true,mixed,57.03118896094159,667.4355316700563,54.22068775368754,670.2438024928587,True,T_true
750,0,hapibd,ibd,81.67412047341423,0.7456847904170445,83.04183058291488,1.3763928284935218,True,T_true
750,0,true,ibd,83.71062066722772,2.1007576169613458,84.80789092694116,2.772313018869596,True,T_true
750,0,none,snp,-0.9834372062159105,1035.982263728092,-0.8716470742269706,1035.787296592584,False,T_alt1
750,0,hapibd,mixed,89.29595855963817,1030.7764305463068,91.3472465779304,1034.523549104318,True,T_true
750,0,true,mixed,97.80350677247944,1036.4917190529509,99.6792080289319,1038.077765729285,True,T_true
750,1,hapibd,ibd,103.62496469244581,1.5893783768839285,105.23581506283608,1.6199299865759826,True,T_true
750,1,true,ibd,100.98236958538456,0.2812939554008267,102.41393875489945,1.321856947999379,True,T_true
750,1,none,snp,1.647680761047937,1020.814093345963,5.531421613179489,1019.8959929176593,True,T_true
750,1,hapibd,mixed,114.86673997340415,1014.2668297865756,116.2966778033628,1016.518729037073,True,T_true
750,1,true,mixed,116.61469321405431,1014.8017895239884,119.328907927411,1018.8798298701524,True,T_true
750,2,hapibd,ibd,107.59721525182925,-0.7262239965700701,110.45929059359167,1.6868090373736209,False,T_alt2
750,2,true,ibd,94.99401225828387,0.5563083041742516,96.86946391191339,2.02425484937811,True,T_true
750,2,none,snp,-2.2804416477617124,1160.3771987621371,0.42001907507241043,1148.9590249211121,False,T_alt1
750,2,hapibd,mixed,113.98383156479704,1145.2779240908237,114.40404364913945,1147.3712247192689,True,T_true
750,2,true,mixed,104.93536168141435,1145.9437735212027,105.9943661067658,1149.101388608215,True,T_true
750,3,hapibd,ibd,86.55305457295168,0.39473519277322566,87.38838813909985,0.878455857574238,True,T_true
750,3,true,ibd,109.33153104360377,0.5498279566123188,110.74216391080176,1.687704310205163,True,T_true
750,3,none,snp,0.6084785903339096,927.378356272412,4.253164810519813,930.3056814723102,True,T_true
750,3,hapibd,mixed,99.42431383775559,925.7980937528331,102.30917619973698,928.6309440940431,True,T_true
750,3,true,mixed,126.527980048042,926.943407154039,128.65250790546767,929.7464728789828,True,T_true
750,4,hapibd,ibd,116.87535377679876,1.3389263508009321,118.084832508653,2.2276130259987212,True,T_true
750,4,true,ibd,121.68537024523226,1.7263051998610592,122.05304987374092,1.9546652355230094,True,T_true
750,4,none,snp,-3.612454377863216,1068.6194453489275,-0.4146704811924167,1069.4930256588557,False,T_alt1
750,4,hapibd,mixed,122.54634900042961,1063.0536177311187,118.413366733841,1063.5942067407634,True,T_true
750,4,true,mixed,128.8920218931542,1062.42723438405,129.62779300097998,1064.844881511433,True,T_true
750,5,hapibd,ibd,92.17624655673075,1.659863675050019,92.79254940127896,2.187713542717745,True,T_true
750,5,true,ibd,102.82216322730807,2.016238137268374,102.95849076507488,2.1652748118953014,True,T_true
750,5,none,snp,-7.465854906640654,929.6870198338258,-3.9907751072732722,933.9292345836345,False,T_alt1
750,5,hapibd,mixed,97.42044583411592,931.1274969971766,101.11426548488927,935.8120462893761,True,T_true
750,5,true,mixed,115.95196900141002,933.4920186601449,111.54758081943677,935.6167996227592,True,T_true
750,6,hapibd,ibd,89.28275204736553,1.339343950895227,91.09231507211274,0.6365937594783873,True,T_true
750,6,true,ibd,80.68537293046234,2.10954008935056,83.92662766647999,4.072794404544254,True,T_true
750,6,none,snp,-1.9471004212214567,977.2514290552102,-0.8205463338841952,978.1916008606147,False,T_alt1
750,6,hapibd,mixed,95.39581510317666,972.2376878571931,94.98860197207048,973.74442355828,True,T_true
750,6,true,mixed,92.86401625351425,975.7348363881139,93.59513427938066,977.3346090658563,True,T_true
750,7,hapibd,ibd,83.66778632636738,3.638019604942315,86.4031669021087,1.1637237126178661,True,T_true
750,7,true,ibd,88.37932953654729,1.1992316584617697,89.55553489192926,1.9861453709253851,True,T_true
750,7,none,snp,-6.658338718102044,976.5951901786151,-3.836826023104301,979.6740512315253,False,T_alt1
750,7,hapibd,mixed,87.57825485055417,973.7675973896664,89.02471218213242,976.9830745180695,True,T_true
750,7,true,mixed,97.5126588788464,976.1739194111387,99.51442294547763,978.2952800174256,True,T_true
750,8,hapibd,ibd,99.83712784421851,3.632117057391838,101.17720206268166,2.953381361194374,True,T_true
750,8,true,ibd,109.95869268438742,2.2034959199852437,110.83685585095219,1.909159583303392,True,T_true
750,8,none,snp,-3.247019272990478,1110.0968869679753,-0.018187010012589155,1111.0827651267148,False,T_alt1
750,8,hapibd,mixed,105.99007068165741,1108.5020062927233,108.2723955647871,1110.49874106779,True,T_true
750,8,true,mixed,121.92671642480218,1108.0377448390177,125.78967697783912,1112.4423120248246,True,T_true
750,9,hapibd,ibd,87.16225485381,0.6783470519306434,88.94672223794038,1.4098740685240614,True,T_true
750,9,true,ibd,88.07395937975372,2.0203073929743596,89.759281012913,2.132318364690036,True,T_true
750,9,none,snp,-7.825252662280938,1059.1290025505202,-4.818307206815774,1062.0374284873342,False,T_alt1
750,9,hapibd,mixed,89.18266591310294,1058.2594621284309,90.38451021193859,1062.5907104457508,True,T_true
750,9,true,mixed,95.76765434723077,1062.2079685858942,93.21039464360479,1063.9856085320848,True,T_true
750,10,hapibd,ibd,90.29504450782872,-0.36995812667754535,92.283828262709,0.9822934316989063,False,T_alt2
750,10,true,ibd,93.99061191126714,0.07287253857180076,95.94765488828924,1.7682039214796248,True,T_true
750,10,none,snp,-4.698574309438037,947.6498724427659,-1.3859511857403675,949.2751293278407,False,T_alt1
750,10,hapibd,mixed,94.78591665574282,941.9540261886019,95.07471203092592,943.5117109555576,True,T_true
750,10,true,mixed,102.49475560457091,942.8908878878052,105.00089864673012,946.0555285184016,True,T_true
750,11,hapibd,ibd,97.19622446228914,1.8073873661799666,98.49179725020036,2.4028148714278927,True,T_true
750,11,true,ibd,78.91381192199378,0.7233962093480386,80.19522708308165,1.5834940936826456,True,T_true
750,11,none,snp,-5.586382055104323,1102.1306962545978,-3.5037187884766823,1105.5303821834484,False,T_alt1
750,11,hapibd,mixed,103.12013372019274,1101.4814228824869,97.39919539791225,1103.6403051143482,True,T_true
750,11,true,mixed,87.71357746318279,1102.6834077780316,88.31190326983048,1106.0503637150987,True,T_true
750,12,hapibd,ibd,80.51159966290834,1.7967017337188054,81.13154366040459,0.9933618099556725,True,T_true
750,12,true,ibd,86.46314142293397,1.3177810151973404,87.54584293329725,1.904598576419346,True,T_true
750,12,none,snp,-6.979259965434977,1073.7878303128075,-2.9175963651533365,1074.7829077696554,False,T_alt1
750,12,hapibd,mixed,79.88469465769029,1070.4859959526962,79.37908453789237,1073.391079227336,True,T_true
750,12,true,mixed,91.11414130431879,1069.777546145506,91.04993734144736,1072.0028580915891,True,T_true
750,13,hapibd,ibd,86.3762320164501,1.6317013572169117,87.52894221891307,1.4204537279418332,True,T_true
750,13,true,ibd,97.26697649684405,0.4160347827591977,98.90114100393413,1.8723056565581828,True,T_true
750,13,none,snp,-7.283423814439374,964.4411099444663,-4.645772751863987,965.0188740189509,False,T_alt1
750,13,hapibd,mixed,91.61961571303709,964.3281630856991,90.69794518783911,965.5924767739743,True,T_true
750,13,true,mixed,110.73785629869948,964.681989667803,110.58203422749179,968.5997743255025,True,T_true
750,14,hapibd,ibd,105.15244513148895,1.3509427770311504,106.17529481553976,2.2124823460297307,True,T_true
750,14,true,ibd,105.54514825853806,3.244660768152073,106.95737961399402,4.47070152226604,True,T_true
750,14,none,snp,-3.2770559602285942,1066.8654966888946,2.736259291623888,1069.294028020922,False,T_alt1
750,14,hapibd,mixed,114.86184331227994,1066.5230136563714,114.29042227804288,1068.4160943583865,True,T_true
750,14,true,mixed,119.00328747292389,1071.4736121087385,120.3240161074155,1073.7152916089983,True,T_true
750,15,hapibd,ibd,90.68038872888394,3.471160272955615,91.86206668037886,2.434546988252748,True,T_true
750,15,true,ibd,106.86920278237147,1.0247637879880358,107.94398159669544,1.545475599179042,True,T_true
750,15,none,snp,1.864074549998712,1061.6956259378437,3.6841719057364983,1061.8186193612923,True,T_true
750,15,hapibd,mixed,107.66411988590792,1060.602721288888,107.73646979982021,1061.7131131940534,True,T_true
750,15,true,mixed,129.32366211858883,1059.70117627881,129.1351933069648,1062.682683750666,True,T_true
750,16,hapibd,ibd,83.18305912402207,4.932262192148812,84.76977152791972,4.543882759702569,True,T_true
750,16,true,ibd,91.36149214947952,1.7371735866729523,93.75284103484324,2.5519071790521934,True,T_true
750,16,none,snp,-2.7497872310371747,1016.5326275444583,-2.35595627513063,1018.0747100899589,False,T_alt1
750,16,hapibd,mixed,89.55469508871414,1018.3179309977927,90.88496452272182,1021.1073672708877,True,T_true
750,16,true,mixed,100.89346110467602,1016.40302420838,102.34505848862375,1020.2286318593351,True,T_true
750,17,hapibd,ibd,95.354008368812,0.7631857421068275,96.63869245141439,1.357451904872164,True,T_true
750,17,true,ibd,80.43143475324462,0.5347043495601724,82.88424345435612,1.7197356823980385,True,T_true
750,17,none,snp,-3.8125564093873763,1093.7645249512213,1.8104510512127803,1096.4785857742697,False,T_alt1
750,17,hapibd,mixed,104.66338344348887,1091.1912359957705,106.43096158357054,1094.6857241493783,True,T_true
750,17,true,mixed,97.16939074452259,1093.195965321154,98.98055614075813,1095.7450531969378,True,T_true
750,18,hapibd,ibd,100.72499525369392,2.0424437574611716,101.43218866294973,1.3357622942669423,True,T_true
750,18,true,ibd,100.581643354443,0.6605331346356138,101.66417805177878,1.0451729114444959,True,T_true
750,18,none,snp,-1.015170200895085,1034.576634714793,0.6727230833223956,1035.0897333161167,False,T_alt1
750,18,hapibd,mixed,109.40921871627015,1034.448405370858,109.93056022308465,1037.1416187226394,True,T_true
750,18,true,mixed,113.77429173368,1032.8606289266345,114.78213756701658,1036.5520660037241,True,T_true
750,19,hapibd,ibd,78.88501873766086,-0.7337220147434209,81.51721173456053,0.9278355482025518,False,T_alt2
750,19,true,ibd,86.63698408977353,1.544561131480009,87.40288923508353,2.6624632265413197,True,T_true
750,19,none,snp,-6.541264702081843,1132.1717712882137,-0.5821164897508737,1133.4782721312156,False,T_alt1
750,19,hapibd,mixed,82.33433199793924,1127.5114011219755,84.35766912921653,1131.1327414471766,True,T_true
750,19,true,mixed,93.311438280468,1129.2040303864585,94.48311722884748,1132.747140765731,True,T_true
750,20,hapibd,ibd,119.33931527317486,0.7675210369523029,120.93289002662385,1.027594003713034,True,T_true
750,20,true,ibd,109.90343398999124,2.5296028329104843,110.34936613980716,2.753209327526065,True,T_true
750,20,none,snp,-6.14638181211917,1015.7791778661705,-0.32465429935879797,1019.2011605894976,False,T_alt1
750,20,hapibd,mixed,126.42303114263541,1017.5381589694412,128.64370791553765,1018.1114016339051,True,T_true
750,20,true,mixed,122.18141894673602,1020.5110567706295,120.94135155920463,1021.9932899309035,True,T_true
750,21,hapibd,ibd,79.42104219822136,0.8955964022254648,80.31656020415812,1.1874815161356764,True,T_true
750,21,true,ibd,80.72438530286223,1.089027621066407,82.17538208863499,1.7238696560592075,True,T_true
750,21,none,snp,-8.343596197177952,965.206218791861,-6.1084041666695725,966.3728174021364,False,T_alt1
750,21,hapibd,mixed,73.33967978482798,963.7791738593902,74.69935504865413,966.3210590804744,True,T_true
750,21,true,mixed,85.37568262668435,965.3571226724806,85.41526318744718,967.3823184224116,True,T_true
750,22,hapibd,ibd,93.48894464833262,2.200462599507375,94.69126541109512,2.156732145052274,True,T_true
750,22,true,ibd,94.33392755025562,-0.7907974572740954,96.22196432525692,0.8492951313216395,False,T_alt2
750,22,none,snp,-6.033169561083369,957.0120010259841,-2.4149727682099638,958.6250833758903,False,T_alt1
750,22,hapibd,mixed,96.8036512958131,953.7928699682741,90.71024285442644,954.1978010274431,True,T_true
750,22,true,mixed,102.59005275559292,956.0289108416233,105.27596463285823,959.2129851586701,True,T_true
750,23,hapibd,ibd,79.07879288902143,0.045046521663437034,80.86303285230724,0.7184830983328538,True,T_true
750,23,true,ibd,73.80531744323969,-0.4615645287074699,76.04260166075488,1.3014657282553799,False,T_alt2
750,23,none,snp,-8.374090195587428,1012.8736059841343,-5.0815261812970505,1014.137832738351,False,T_alt1
750,23,hapibd,mixed,74.17919467975301,1010.1539415064827,75.6970210441259,1012.9845328454867,True,T_true
750,23,true,mixed,74.53700946472387,1009.3321982886556,78.23583641515569,1011.9588991049261,True,T_true
750,24,hapibd,ibd,91.91380286537805,-0.032696169378994,92.90507912215418,0.5952629755101384,False,T_alt2
750,24,true,ibd,92.5537253830422,0.2876525302159507,94.25866597884198,1.4419666165270542,True,T_true
750,24,none,snp,0.43541008134927495,1096.2046433559385,3.3126699758318523,1098.9334325444147,True,T_true
750,24,hapibd,mixed,100.37528159208625,1094.7008852397794,99.6614362991453,1096.534444709231,True,T_true
750,24,true,mixed,106.79019391079822,1097.6041499165376,107.00273603067066,1099.1427906492906,True,T_true
750,25,hapibd,ibd,98.90348839053888,1.3526214415517757,100.12351379020737,1.8049414750695405,True,T_true
750,25,true,ibd,99.75827322711461,0.21324855987114688,101.55574886815293,1.3670560322446477,True,T_true
750,25,none,snp,-2.095773043188615,1199.3770024699122,-0.2672374565806166,1199.9872164414098,False,T_alt1
750,25,hapibd,mixed,107.55000079833005,1200.501494178455,107.11589020611396,1201.8451060525833,True,T_true
750,25,true,mixed,110.5196798228778,1200.370678920726,106.41835450932695,1203.2629777988,True,T_true
750,26,hapibd,ibd,110.84119849853124,1.7786493120639761,112.47384760703,1.9172880044889666,True,T_true
750,26,true,ibd,113.53490120641283,0.7295642862742966,114.95636932921332,1.348121955911438,True,T_true
750,26,none,snp,-0.5697204231762214,1065.8241565175606,2.852200778311186,1065.4696294534892,False,T_alt1
750,26,hapibd,mixed,120.07583366772008,1059.1745523078287,120.56358295172632,1060.7489102774825,True,T_true
750,26,true,mixed,129.6044673447086,1066.1352748511244,129.43628898394016,1069.501403580137,True,T_true
750,27,hapibd,ibd,118.95866573760662,2.2974079849049076,120.56823914862684,1.6318785507557436,True,T_true
750,27,true,ibd,119.05702292154604,0.43736675843467765,120.32386469551795,1.827257485698624,True,T_true
750,27,none,snp,-1.5908416055756405,1048.7252857995588,0.9373893876998594,1049.2987844884253,False,T_alt1
750,27,hapibd,mixed,126.70612687736534,1043.430338280044,127.47800859234943,1045.8212936466834,True,T_true
750,27,true,mixed,133.9995273639428,1043.0764577883558,133.64729913276898,1045.1778079691603,True,T_true
750,28,hapibd,ibd,91.78800647864671,0.6445510985223564,92.7629861354477,1.9144342917433619,True,T_true
750,28,true,ibd,99.77883548460028,0.5195361021765734,101.41277291280431,1.5128336527656074,True,T_true
750,28,none,snp,-4.9809730797674945,977.5260395097275,-2.0633134714772368,981.1191915859397,False,T_alt1
750,28,hapibd,mixed,96.66571703898163,977.0743327254745,96.53870266501733,979.4346131968816,True,T_true
750,28,true,mixed,106.1406974972628,976.643779658527,110.61884503034847,980.8231036851445,True,T_true
750,29,hapibd,ibd,97.92257526762768,-0.5911059097999782,99.85976963645078,0.6742423849282773,False,T_alt2
750,29,true,ibd,94.98985900831332,1.108873700236927,97.765901585731,2.480764271999192,True,T_true
750,29,none,snp,-9.805413675857771,940.0160305087664,-3.8422898827237617,946.0995294923472,False,T_alt1
750,29,hapibd,mixed,99.92868061442002,937.662472745579,99.65788322491608,937.9437333563035,True,T_true
750,29,true,mixed,103.64638443154317,934.8618225275698,105.1658709459399,939.836240697732,True,T_true
750,30,hapibd,ibd,105.9818762076377,2.0373120132850886,107.5637015714986,2.929789455778973,True,T_true
750,30,true,ibd,103.94074516164511,-0.047769291945030545,105.22240484244566,1.2629633622500478,False,T_alt2
750,30,none,snp,-2.30474944617405,1055.8600203236347,-0.2387348213132725,1057.1917636312667,False,T_alt1
750,30,hapibd,mixed,117.1595466055945,1055.9875654524062,117.21138948465665,1059.2890085885529,True,T_true
750,30,true,mixed,117.00192134210195,1056.446879330261,115.28050769198379,1057.8434630535266,True,T_true
750,31,hapibd,ibd,108.486791564349,3.009237386534153,109.3610055818205,3.348345322878231,True,T_true
750,31,true,ibd,100.55006364577741,1.6098339242093402,101.25088958738417,2.03064844326326,True,T_true
750,31,none,snp,-2.375855222832058,1019.3225900621709,1.2123487320170412,1021.4505873739702,False,T_alt1
750,31,hapibd,mixed,118.03458499411474,1018.8556081142375,119.7234240785921,1022.6240827232002,True,T_true
750,31,true,mixed,115.5914584988405,1018.428982328948,114.44290611699728,1021.096801480998,True,T_true
750,32,hapibd,ibd,80.07514099051832,4.257281900258249,81.56833444221178,1.7804545144484791,True,T_true
750,32,true,ibd,67.24274155210395,0.7424924748187891,69.21708886877195,1.7567579055856868,True,T_true
750,32,none,snp,-5.732735730405736,1094.6442574533526,-4.945845637714854,1094.4402356210785,False,T_alt1
750,32,hapibd,mixed,82.29037890035846,1094.3137453379106,82.18261508265707,1095.9628063561272,True,T_true
750,32,true,mixed,76.94147901926578,1093.099043022282,75.85353440956234,1093.4251550337235,True,T_true
750,33,hapibd,ibd,103.22998608633907,2.064106931101094,104.50688659470501,2.6966779140709605,True,T_true
750,33,true,ibd,89.12930854278795,1.3376142195054967,90.43355134583209,1.8705742354307517,True,T_true
750,33,none,snp,-3.74939793048884,1041.9802617027342,-1.2875821142658666,1045.962083247868,False,T_alt1
750,33,hapibd,mixed,104.01660339278652,1039.652157079599,105.29866967164128,1041.405425229853,True,T_true
750,33,true,mixed,95.3368177481857,1041.3308202837907,99.19688551622701,1045.4776655222333,True,T_true
750,34,hapibd,ibd,94.1509035564145,1.2975776916085238,95.12647132279818,1.7214933183394123,True,T_true
750,34,true,ibd,104.49710868289549,0.6034600350930077,105.8095120088598,2.1634757992654556,True,T_true
750,34,none,snp,-7.164124963535723,1007.9819584758186,-2.4453327273196095,1007.1247124060957,False,T_alt1
750,34,hapibd,mixed,98.32003854551192,1007.933869566554,95.42270794105309,1008.8785705772705,True,T_true
750,34,true,mixed,109.0677382139126,1008.1917142692639,109.20942853967358,1009.968256661543,True,T_true
750,35,hapibd,ibd,111.0175285698183,-0.7938835983687795,113.08045631880435,0.9391149569313484,False,T_alt2
750,35,true,ibd,101.0194108402278,1.257425724595862,101.45680743983587,1.940679907047354,True,T_true
750,35,none,snp,-3.5972430005510603,1087.6608897762464,-2.0397914458206827,1089.0264424195022,False,T_alt1
750,35,hapibd,mixed,111.3043718193286,1085.3014165399186,111.6287477259433,1086.4231416742723,True,T_true
750,35,true,mixed,109.1442993479535,1086.1284282865809,108.27646590532083,1087.660000012493,True,T_true
750,36,hapibd,ibd,92.83051150768716,0.6774134406246048,93.47233874073373,1.1507356280540648,True,T_true
750,36,true,ibd,91.00034312885742,0.33182365334818087,92.80741511757742,2.025755791752829,True,T_true
750,36,none,snp,-2.2673216127981775,1020.7635019298069,0.7832267107654189,1023.7999909362229,False,T_alt1
750,36,hapibd,mixed,100.25780531018444,1016.759677533199,102.60839201729772,1021.8381957183798,True,T_true
750,36,true,mixed,107.11507761782892,1022.8845523347752,109.09579449915961,1027.0160141323415,True,T_true
750,37,hapibd,ibd,101.04065678275992,3.0837382507223765,102.13509023307938,2.736290498801452,True,T_true
750,37,true,ibd,101.1576463121234,3.534714793213027,101.69101610915627,3.873052625043073,True,T_true
750,37,none,snp,5.625986742548399,1013.7686228261424,9.8793291546569,1018.9496273217943,True,T_true
750,37,hapibd,mixed,117.49637643620258,1013.8814113535279,120.0536720627361,1017.9902001503465,True,T_true
750,37,true,mixed,121.76309327288814,1019.7632990355863,123.53003215270803,1023.0483407839588,True,T_true
750,38,hapibd,ibd,102.31590434567124,-0.597689068862735,104.26601645495043,0.7502643659751129,False,T_alt2
750,38,true,ibd,89.99042199469073,0.49360141677368574,92.1734240894574,1.613512430924743,True,T_true
750,38,none,snp,0.11763093281264503,1109.3414396616108,-1.1495696688941166,1106.445881315959,True,T_true
750,38,hapibd,mixed,104.61124114414193,1101.169642545865,107.85672633443824,1105.3116723540877,True,T_true
750,38,true,mixed,101.69002551548391,1103.3182089731506,103.50198086840118,1106.646667460419,True,T_true
750,39,hapibd,ibd,120.02010521309643,0.3688351783058579,121.4853174282378,1.250069804506495,True,T_true
750,39,true,ibd,108.7678022267558,0.3756129480400432,110.7874810880079,1.7922849161685122,True,T_true
750,39,none,snp,-3.1498948940717924,1127.222169393972,-1.154776242005262,1129.6382015451666,False,T_alt1
750,39,hapibd,mixed,122.68362301903312,1118.767375674563,124.85482553247394,1121.4329424503076,True,T_true
750,39,true,mixed,120.36117078716967,1120.836670863641,121.44166594461274,1123.8020619192985,True,T_true
750,40,hapibd,ibd,105.43133115436234,1.4294637987341048,106.45500288679068,2.348321260248099,True,T_true
750,40,true,ibd,100.16071025084119,0.13541033481311615,101.45177229138653,1.666406658252697,True,T_true
750,40,none,snp,-7.218786148465647,998.4866736456614,-6.511029301246374,997.8578075318028,False,T_alt1
750,40,hapibd,mixed,104.88860811734028,996.7592918808664,107.18762006528624,999.4397216366942,True,T_true
750,40,true,mixed,105.21536728764252,998.010625871023,105.15422996867451,999.943713755636,True,T_true
750,41,hapibd,ibd,103.37249865573938,-0.063647990611571,105.07968608822785,1.3289293770258723,False,T_alt2
750,41,true,ibd,95.86127723985396,1.3916178729466537,97.29077684396941,1.3468428497907894,True,T_true
750,41,none,snp,-7.939915689754962,1029.7441479464192,-4.936145301099259,1034.1274041323288,False,T_alt1
750,41,hapibd,mixed,102.36056438344872,1032.99070761234,102.2847654938007,1035.3157498880153,True,T_true
750,41,true,mixed,98.63517451902888,1033.5996401491689,100.17584899512946,1036.5279676353266,True,T_true
750,42,hapibd,ibd,78.47616120323312,1.7906303994830637,79.36236885196627,2.2848464673456874,True,T_true
750,42,true,ibd,86.34964151938931,1.2959465255482598,87.88426977705043,1.606720175595484,True,T_true
750,42,none,snp,-3.9546160774966026,1072.504694560194,-2.1984397129761604,1071.1343415573483,False,T_alt1
750,42,hapibd,mixed,85.29216589041121,1072.0474973022883,85.44274120464033,1073.8354526241346,True,T_true
750,42,true,mixed,97.44610490371309,1071.8164611151806,96.73898140598763,1074.311535239177,True,T_true
750,43,hapibd,ibd,118.1818121252619,0.3697597016237637,119.50411486529993,0.3386647638214981,True,T_true
750,43,true,ibd,109.4190406863894,1.2977914225083964,110.91546912068048,1.9962503344056017,True,T_true
750,43,none,snp,-0.694685992187857,1110.9588466354069,1.4514966462365493,1108.9849347420482,False,T_alt1
750,43,hapibd,mixed,124.18376034752029,1101.8705728659584,125.17700111820452,1104.4549213548046,True,T_true
750,43,true,mixed,125.11965678041432,1106.3881155390407,120.1988176148486,1109.060195501538,True,T_true
750,44,hapibd,ibd,95.32714979785584,0.6631353755324767,96.74737612085613,1.3078268158240007,True,T_true
750,44,true,ibd,89.02756440985758,0.8794314600263817,90.07369169425394,1.4016694189028556,True,T_true
750,44,none,snp,-5.589343488811508,1027.7308746028327,-3.7277593457036957,1028.1162478716847,False,T_alt1
750,44,hapibd,mixed,100.99849119109575,1023.0763307490242,99.671169745463,1024.7243208204632,True,T_true
750,44,true,mixed,97.1680473654203,1024.9110559469007,98.08061529377557,1027.156717528328,True,T_true
750,45,hapibd,ibd,110.74976890043757,1.723203549708387,113.43123797536265,2.7559952287198257,True,T_true
750,45,true,ibd,95.9461825082629,0.4561077802056275,98.17431542587974,1.903909648294814,True,T_true
750,45,none,snp,-5.908198656879598,1049.28295268152,-4.392818751568463,1048.794854318767,False,T_alt1
750,45,hapibd,mixed,109.28285580322401,1044.3681421621209,111.90919497192291,1047.0178474303825,True,T_true
750,45,true,mixed,99.82772233892325,1044.0680277032955,102.2153551064541,1047.319742538027,True,T_true
750,46,hapibd,ibd,102.59852021911087,0.5360924279890469,103.82561030242124,2.092426875444346,True,T_true
750,46,true,ibd,93.20033082146259,-0.661694113776008,95.28688647684328,1.3155596385326191,False,T_alt2
750,46,none,snp,-5.5410784165594436,979.8966231383023,-1.7600624175558295,984.052070174581,False,T_alt1
750,46,hapibd,mixed,104.62842902075704,974.7854619925876,103.29369519303566,977.194330600865,True,T_true
750,46,true,mixed,99.33077462048422,976.3081382843658,101.71964919341136,979.5991795105181,True,T_true
750,47,hapibd,ibd,114.52618298294112,1.1719699987391436,115.6869929429323,1.5224738824840074,True,T_true
750,47,true,ibd,98.3253546881084,0.9915698953561218,99.85984412801562,1.6317858325380143,True,T_true
750,47,none,snp,-7.175313007027455,968.1591343804829,-4.980993052366117,970.1617858111252,False,T_alt1
750,47,hapibd,mixed,111.31943750122664,965.3886835732662,114.18793659164282,968.5367988877598,True,T_true
750,47,true,mixed,101.45425384179049,967.1875612369538,101.88643292877566,969.4487812289406,True,T_true
750,48,hapibd,ibd,87.06921509945835,0.2644018916503228,88.55794875473771,0.8367326731812454,True,T_true
750,48,true,ibd,106.23679472286861,1.0793357421216285,107.48829997611608,1.461448967643122,True,T_true
750,48,none,snp,-3.9262596927590607,1161.916946002978,-1.95714238024442,1162.35499590713,False,T_alt1
750,48,hapibd,mixed,90.98064672653035,1155.142202167478,91.77560353862395,1156.8419007657367,True,T_true
750,48,true,mixed,116.76312032572784,1157.1263696807596,117.73819863478568,1159.3481067583732,True,T_true
750,49,hapibd,ibd,114.4115466684089,0.05305412821093114,115.22776662634914,0.5885138824916112,True,T_true
750,49,true,ibd,124.13092774980151,0.793699508587224,124.69868120030009,1.5731474122846407,True,T_true
750,49,none,snp,-2.14913740178487,1128.7399756121843,1.8353447202128805,1131.106920323795,False,T_alt1
750,49,hapibd,mixed,123.90445962622846,1125.283079474585,122.4148183508149,1126.8903137493842,True,T_true
750,49,true,mixed,135.7742701879375,1128.2664498344418,137.14521049142212,1130.4921603066045,True,T_true
750,50,hapibd,ibd,100.101358910937,6.15977998127471,104.22744002510706,9.425926610807664,True,T_true
750,50,true,ibd,109.1719977559552,1.4883555136382256,110.24714603021374,1.870908339057678,True,T_true
750,50,none,snp,6.501600600025231,1128.507411193059,8.818463852014375,1130.7587305903908,True,T_true
750,50,hapibd,mixed,114.80906721765325,1131.8566443585105,117.2401444847871,1134.8434760307723,True,T_true
750,50,true,mixed,129.78774783953094,1130.7528263938648,130.32101786277542,1132.9580706898796,True,T_true
750,51,hapibd,ibd,91.4939918048525,0.5210977234012262,92.91807871962772,0.8949523527355723,True,T_true
750,51,true,ibd,81.6874773042286,-1.3976717967894956,84.92611525086369,1.2488902005959517,False,T_alt2
750,51,none,snp,-4.820517285950789,1076.2427617980463,-1.4384736744460227,1080.6096176244616,False,T_alt1
750,51,hapibd,mixed,96.64536650670073,1075.4378808551955,97.37742855921528,1075.9434393447968,True,T_true
750,51,true,mixed,94.10296904967609,1078.7164617077638,96.22010365744049,1080.7220997195625,True,T_true
750,52,hapibd,ibd,103.71874389436141,0.25405346398065376,105.5332499766497,1.5788593354937461,True,T_true
750,52,true,ibd,100.40412405522005,0.7868110988158605,101.99070678190265,0.9936842750900041,True,T_true
750,52,none,snp,-3.648093121705614,1033.4248286847494,-2.435769467092534,1034.5896281762564,False,T_alt1
750,52,hapibd,mixed,107.88850767017581,1032.0338195445042,108.68579453346493,1034.255356965621,True,T_true
750,52,true,mixed,107.7423432568342,1032.953196470905,109.58874931945076,1036.5967413744597,True,T_true
750,53,hapibd,ibd,106.61799525471736,-0.45308861445670345,107.87840753486796,0.4057855127343828,False,T_alt2
750,53,true,ibd,94.90744478326337,1.0243237313989084,95.7024574984294,1.7170725853245585,True,T_true
750,53,none,snp,-7.163040144650282,1132.0475866403867,-3.9708004058282285,1129.8243219959988,False,T_alt1
750,53,hapibd,mixed,107.36602441259345,1126.9553485157078,108.33335474682843,1127.7708776403097,True,T_true
750,53,true,mixed,104.00160605430082,1126.0012159854607,103.02691929439334,1128.9927921179785,True,T_true
750,54,hapibd,ibd,82.92636753580263,0.39681843934675953,84.4537057714353,1.3892407024744102,True,T_true
750,54,true,ibd,99.42163173475711,0.9705547144599223,101.45497710577584,2.659886222869943,True,T_true
750,54,none,snp,-2.898114857193832,1144.7797558374589,1.244989425331184,1149.5778560624954,False,T_alt1
750,54,hapibd,mixed,93.78928309959923,1147.5389931676737,93.21659009509312,1149.1680326828307,True,T_true
750,54,true,mixed,109.19013125088719,1148.017915893969,110.20359296014294,1149.586325046892,True,T_true
750,55,hapibd,ibd,88.59007082348279,1.5478916892127472,90.10764610714472,2.3155246611107714,True,T_true
750,55,true,ibd,102.639592570214,0.0681386859819213,103.97749229000726,1.6993029568444626,True,T_true
750,55,none,snp,-4.3164081286511475,1065.4072034066128,-5.524820163978433,1066.2766489978753,False,T_alt1
750,55,hapibd,mixed,97.98510806351308,1063.143363712309,96.51430794452708,1067.0019980156828,True,T_true
750,55,true,mixed,111.51948634236498,1063.9925318074042,113.31463812016318,1068.371893653207,True,T_true
750,56,hapibd,ibd,90.24490390914411,0.5418010107142663,92.17411654915838,0.8700673049666534,True,T_true
750,56,true,ibd,106.83557913594058,1.0947818448354951,107.9201870423789,1.3522419095970406,True,T_true
750,56,none,snp,-1.5202020964347511,1164.0821153417291,-2.2284050779105087,1163.2191458137722,False,T_alt1
750,56,hapibd,mixed,96.20139781866072,1159.6809835520967,96.58929784123976,1161.3239138111774,True,T_true
750,56,true,mixed,117.21736482041089,1159.9950849183574,118.1906893506644,1162.654538140529,True,T_true
750,57,hapibd,ibd,94.31083496721578,0.5395959164016517,95.74232892717026,1.1842048291029528,True,T_true
750,57,true,ibd,99.8999573532173,-0.22073853174151736,101.79042501422862,0.33504710878179367,False,T_alt2
750,57,none,snp,0.4497617445646469,972.2265415851217,4.192473825794245,975.0392010045938,True,T_true
750,57,hapibd,mixed,107.42557462299513,970.4823666273097,105.64922959357929,972.0807292381239,True,T_true
750,57,true,mixed,115.92133660692153,971.1255357840555,115.08073152453599,972.4635594976933,True,T_true
750,58,hapibd,ibd,99.70529307722404,0.3796439237237337,101.19646268121869,1.1425056648987493,True,T_true
750,58,true,ibd,94.64062158776323,-0.22194529506293748,96.65885413472324,1.31298546173781,False,T_alt2
750,58,none,snp,3.3879847373320864,1057.6486931028842,2.6440276541757655,1058.7502086913614,True,T_true
750,58,hapibd,mixed,109.53145689427961,1052.315943419954,111.601314764661,1055.1170313757887,True,T_true
750,58,true,mixed,111.0445174566988,1055.2489663188264,113.71278472994669,1059.3463425195055,True,T_true
750,59,hapibd,ibd,91.95592714897452,2.561791820860094,94.10911933341833,1.5235219667141564,True,T_true
750,59,true,ibd,102.21364398635728,0.6636920319799628,103.67397595066808,1.0105125201556007,True,T_true
750,59,none,snp,-4.063300060445535,977.2565008626611,-0.2290201075861873,978.4580943906855,False,T_alt1
750,59,hapibd,mixed,95.93380729922706,973.1699131580358,97.61508689384479,974.3873518678766,True,T_true
750,59,true,mixed,115.4028154969873,976.9089329686519,113.16495776122551,978.1897240153185,True,T_true
750,60,hapibd,ibd,120.04251426898935,0.5614093329027696,121.81870150915398,1.895409627368565,True,T_true
750,60,true,ibd,111.60227371982245,0.8418167540338004,112.6951672340195,1.111736691556814,True,T_true
750,60,none,snp,-6.943082286309156,963.9192396082929,-3.3339373501653355,965.9926329986442,False,T_alt1
750,60,hapibd,mixed,123.58596961648655,961.3533044520094,124.05549591598415,963.782621965963,True,T_true
750,60,true,mixed,117.22105045160572,962.1678308276707,117.45042632166076,964.0751549508984,True,T_true
750,61,hapibd,ibd,103.01424124548413,-0.15207004343960762,104.17964551297183,0.7689148158349894,False,T_alt2
750,61,true,ibd,98.5741918978539,2.0316223928787736,99.14826944178128,1.9108881576125327,True,T_true
750,61,none,snp,-3.465228284204347,1174.1997074106573,-0.12599069088108905,1175.930671983586,False,T_alt1
750,61,hapibd,mixed,111.22448636753793,1173.3306686576664,112.34987619072399,1176.2340961164862,True,T_true
750,61,true,mixed,111.58305364222636,1174.9718375890177,112.74653725721652,1177.0917268843525,True,T_true
750,62,hapibd,ibd,99.95172961878211,2.029428183471282,102.93640405195924,4.1447336146821385,True,T_true
750,62,true,ibd,100.13319391088896,1.6225151618980362,100.92146318320226,1.886515356450559,True,T_true
750,62,none,snp,-1.640102443859213,922.7776167718326,-1.5740694757946017,924.8171512637412,False,T_alt1
750,62,hapibd,mixed,107.31453601118744,919.1308349115984,106.5590741503031,922.4768083985346,True,T_true
750,62,true,mixed,111.77591334754737,919.9677037239126,112.52072236675232,922.7172650524686,True,T_true
750,63,hapibd,ibd,81.67344067103033,0.1189901809242997,83.1799362712627,0.6599167240454449,True,T_true
750,63,true,ibd,75.32385674772183,1.4542535067136555,77.0533313767337,2.7066884158768403,True,T_true
750,63,none,snp,-7.469936577780537,989.704903339815,-4.691280148111211,990.5745506805687,False,T_alt1
750,63,hapibd,mixed,82.91217783816026,990.4363566544062,81.54083450910122,991.7862135983421,True,T_true
750,63,true,mixed,81.65206398337165,991.1280167279058,81.87766471457596,992.9048018662252,True,T_true
750,64,hapibd,ibd,101.55093854857904,1.0114507973588047,102.77266672481119,1.878205973513161,True,T_true
750,64,true,ibd,90.2484827447679,1.385352126810801,91.91661854612141,2.570821349795949,True,T_true
750,64,none,snp,-5.598894636286037,916.3802491722628,-3.0750738394711306,921.2481976506398,False,T_alt1
750,64,hapibd,mixed,105.4772031520479,914.0406451076683,105.4770407611552,916.6662405645106,True,T_true
750,64,true,mixed,99.99579582559676,916.2676884913703,99.89788548156497,917.6649827346291,True,T_true
750,65,hapibd,ibd,111.8747561184062,0.7497838845357023,113.1323941483513,1.2033915785066256,True,T_true
750,65,true,ibd,102.28631608768197,-0.23941376554861904,104.48193803618676,1.6599699173924876,False,T_alt2
750,65,none,snp,-6.4548124012911074,1088.127579257901,-4.467691359583853,1089.573750439823,False,T_alt1
750,65,hapibd,mixed,116.44869552043335,1082.1836249356377,113.58972018553118,1084.7987387245205,True,T_true
750,65,true,mixed,111.76808571600881,1087.2190107539616,113.8787297483803,1090.5044558814461,True,T_true
750,66,hapibd,ibd,103.61070316600706,0.23461329770134398,105.01062374105902,1.0422197625312037,True,T_true
750,66,true,ibd,110.5151913529208,0.42331388114791935,112.141657661605,1.3669157256866242,True,T_true
750,66,none,snp,-1.8762685277602245,1015.8507931273284,0.3409201121031913,1016.8035032418408,False,T_alt1
750,66,hapibd,mixed,112.102722390423,1012.6170059687759,113.16334584715196,1015.6219085276084,True,T_true
750,66,true,mixed,124.75062793666083,1013.8843336870482,124.78907059291396,1016.2503889888296,True,T_true
750,67,hapibd,ibd,102.96290904597373,-0.07415154030235271,104.25809433491594,1.1038359462961012,False,T_alt2
750,67,true,ibd,93.14687564547339,1.6210888820220077,94.12675690071634,2.6417094584532492,True,T_true
750,67,none,snp,-3.9904882340057597,984.8853304468746,0.3048623141267086,987.5824384083224,False,T_alt1
750,67,hapibd,mixed,105.3858692261393,981.2081399712326,106.24898037117549,983.8731408786045,True,T_true
750,67,true,mixed,102.26437863050307,983.0295578287639,105.32764415338579,988.5678495897398,True,T_true
750,68,hapibd,ibd,105.22783237633337,1.4078333938053902,106.77082737458113,2.7626031706562344,True,T_true
750,68,true,ibd,110.68053081452365,0.6724599247216361,111.59486513746464,1.786919044227261,True,T_true
750,68,none,snp,2.1786997132897667,1010.5230838937787,3.564880974608208,1012.021607276761,True,T_true
750,68,hapibd,mixed,115.56505603540447,1010.7413866904817,116.41250688976561,1011.9613857161287,True,T_true
750,68,true,mixed,124.5752953214365,1009.9586728625128,126.76364155539923,1013.0556644880005,True,T_true
750,69,hapibd,ibd,87.81668932963504,-0.9647536633775644,90.24076224288444,0.8263872127037644,False,T_alt2
750,69,true,ibd,91.44877093827864,0.3500136316126259,93.2866033849727,1.2412601941657613,True,T_true
750,69,none,snp,-3.3265026473583603,1009.8093258020011,-0.6229151923553502,1011.620731769168,False,T_alt1
750,69,hapibd,mixed,91.83106086742205,1004.1072963896413,90.6249460963607,1006.6080539946429,True,T_true
750,69,true,mixed,102.39581668030567,1007.7394415477756,100.50846691094353,1011.4255983634873,True,T_true
750,70,hapibd,ibd,96.62113861737521,-0.3835645730880515,97.38770160845002,0.8567596942033333,False,T_alt2
750,70,true,ibd,83.05831430750476,1.7189226437304228,84.43879396426382,2.55445716291797,True,T_true
750,70,none,snp,-7.06149106015414,1052.5838345987481,-3.826490529036519,1057.1514300356662,False,T_alt1
750,70,hapibd,mixed,90.34546904356318,1050.1379826280345,92.18413302573151,1053.8128263064978,True,T_true
750,70,true,mixed,87.10934278945689,1054.3458606547742,88.9686185958551,1056.4337806527235,True,T_true
750,71,hapibd,ibd,94.38945837845858,1.7000327310243506,95.505168687381,1.4672788789948754,True,T_true
750,71,true,ibd,91.43449346662322,3.7706286639345876,92.55409241174914,4.345560825556561,True,T_true
750,71,none,snp,2.345841553333713,1034.2256656301715,2.7066947382212234,1034.2219733323134,True,T_true
750,71,hapibd,mixed,106.22328016785389,1027.6881110693164,106.90265979370525,1029.502514669382,True,T_true
750,71,true,mixed,110.62621829044127,1032.146346166509,110.03162749781114,1034.0867309295977,True,T_true
750,72,hapibd,ibd,91.66535636894002,0.4627548394731207,93.30054576064629,1.3205555245500022,True,T_true
750,72,true,ibd,103.6390242357501,0.012343518447352153,106.04692191372465,1.8028040478587002,True,T_true
750,72,none,snp,-3.828127039516673,1022.0737353456101,-4.390796838458009,1022.4479993368184,False,T_alt1
750,72,hapibd,mixed,98.45392856102336,1019.9210211135539,97.3974314370775,1020.3317755634453,True,T_true
750,72,true,mixed,112.35240227531028,1019.7437122553913,112.45402192732945,1022.1584357666753,True,T_true
750,73,hapibd,ibd,92.46115921096924,-0.2066847895414412,94.48613931489285,1.3340806870712072,False,T_alt2
750,73,true,ibd,89.3235610281859,-1.0583635540585874,92.34233899787478,1.5901526998509325,False,T_alt2
750,73,none,snp,-8.874043342297625,1046.645474090497,-6.759656217515101,1047.4579804830046,False,T_alt1
750,73,hapibd,mixed,90.80507777047856,1043.0174320302515,93.9586940370447,1047.7175620366784,True,T_true
750,73,true,mixed,94.53982630595576,1045.5208353741343,95.95096331215186,1046.0480336615165,True,T_true
750,74,hapibd,ibd,83.92840894352594,1.7612707532406375,85.48578551298681,1.877090873845816,True,T_true
750,74,true,ibd,89.68316812403006,-0.008074961747468024,91.29509685012007,1.5644819284042342,False,T_alt2
750,74,none,snp,-3.6542262108853762,1028.1451430937832,0.5315509901297162,1033.3383884150148,False,T_alt1
750,74,hapibd,mixed,92.41951771077825,1024.6780052298927,92.3715102600363,1026.4241651722093,True,T_true
750,74,true,mixed,102.33974856276816,1029.092783982959,104.81046295422937,1031.870607483659,True,T_true
750,75,hapibd,ibd,103.90803665114674,-0.8345615789058911,105.93254283710445,0.7911092919788416,False,T_alt2
750,75,true,ibd,103.5568953984843,0.8318764124027211,104.68745505784591,2.215042360658458,True,T_true
750,75,none,snp,-2.32893759634387,1091.1709020296876,-1.3328635953359367,1090.2595847513087,False,T_alt1
750,75,hapibd,mixed,104.0508675191378,1084.360965769864,100.72385082079356,1086.2895858497523,True,T_true
750,75,true,mixed,112.9513390932992,1086.0069066172973,113.42617108136955,1087.829069181215,True,T_true
750,76,hapibd,ibd,100.92642550251901,0.9370554396973603,104.53087338405572,3.529326089139545,True,T_true
750,76,true,ibd,106.94134896952482,1.5732921353396137,108.24113633514702,2.3017141392514304,True,T_true
750,76,none,snp,-2.739455532551183,1046.4807093215134,-0.08285211337702236,1046.829447515532,False,T_alt1
750,76,hapibd,mixed,104.49880570751318,1041.9516476638905,105.6594135475685,1044.615743356381,True,T_true
750,76,true,mixed,114.04792408730651,1043.7448171737997,116.99587238662014,1046.8649851382952,True,T_true
750,77,hapibd,ibd,96.13962210690806,1.4439402285917708,97.54357256812307,2.013228221296572,True,T_true
750,77,true,ibd,88.74728463986366,0.9469412393916059,90.02457121070984,1.8802344004299698,True,T_true
750,77,none,snp,-6.189278639544995,981.1854280055751,-0.94483477116583,984.8370195811311,False,T_alt1
750,77,hapibd,mixed,99.57949827312305,981.1070707550447,99.65749518192754,982.9072270997664,True,T_true
750,77,true,mixed,98.69552832015754,981.8401707787121,93.59936338897546,984.1048324532858,True,T_true
750,78,hapibd,ibd,84.9259186429901,-0.10265223213457375,87.7389226419146,1.164268942308695,False,T_alt2
750,78,true,ibd,71.98463059188038,0.2086420857690996,72.88135650918792,1.2620127048781455,True,T_true
750,78,none,snp,-1.1798938104546721,977.4471704396117,-1.361957400672111,977.9060347108306,False,T_alt1
750,78,hapibd,mixed,87.19630466270382,972.3091506748435,87.36833719496684,974.6914493757512,True,T_true
750,78,true,mixed,79.12551492680936,974.1525305714035,79.02069168490263,976.1531774893471,True,T_true
750,79,hapibd,ibd,116.86585761622047,0.41813221980510207,118.26862587173059,1.0236158214714806,True,T_true
750,79,true,ibd,111.01034131458022,0.48814159020480474,112.41499543301961,1.5832778570359665,True,T_true
750,79,none,snp,-0.8175343432687896,1120.8439026817946,2.5351202693070576,1127.0401340270048,False,T_alt1
750,79,hapibd,mixed,121.7116697785944,1119.4888148249158,123.26555927824356,1122.1166151327088,True,T_true
750,79,true,mixed,121.62893386236627,1123.4579398729695,122.85990116285933,1125.9347136613824,True,T_true
750,80,hapibd,ibd,96.57476069288941,0.04939812913511332,98.67642919080276,0.8009853881600293,True,T_true
750,80,true,ibd,83.68825694360635,0.8537974816861151,85.16870445303783,1.5140407975588914,True,T_true
750,80,none,snp,-4.584629233369775,966.6583954202777,-2.0151669468201305,968.5146401168572,False,T_alt1
750,80,hapibd,mixed,98.55047366825735,962.7445410061721,98.6216357660314,964.7123495739645,True,T_true
750,80,true,mixed,90.65942424956015,963.9890883893216,92.11622645944433,966.5885582362392,True,T_true
750,81,hapibd,ibd,88.42496010135568,1.6061861325562745,89.70893626371503,2.050460811223104,True,T_true
750,81,true,ibd,101.66815410625998,0.38367026066362087,102.68349215780177,1.380307307735393,True,T_true
750,81,none,snp,2.180383269192866,937.7275458119614,5.211732162181555,939.2217259298623,True,T_true
750,81,hapibd,mixed,104.85336801710346,938.9304655321291,106.68676758779478,943.0540551097058,True,T_true
750,81,true,mixed,120.49732776234077,938.4574990170254,120.87535116743351,940.3725930897602,True,T_true
750,82,hapibd,ibd,107.45635079776349,0.9876324847460864,109.00081463830134,1.376578725554566,True,T_true
750,82,true,ibd,89.17905592650129,-0.968726206977351,92.461062592312,1.1837600876782517,False,T_alt2
750,82,none,snp,-4.1755477330531505,985.320299998595,-2.546181709914201,986.0563309428358,False,T_alt1
750,82,hapibd,mixed,111.8304708951323,982.8674264016142,113.00706507696191,984.5024061835404,True,T_true
750,82,true,mixed,99.31255043871613,982.7112193889002,101.20303998372177,985.0241457250323,True,T_true
750,83,hapibd,ibd,123.98817580373839,0.16888201290157667,124.25516719369125,1.381469084080095,True,T_true
750,83,true,ibd,122.02054692367565,0.4347833937312373,123.57071420929137,1.8498933065728806,True,T_true
750,83,none,snp,-4.124963522512637,1017.1556702296988,-0.7545482675875306,1019.874772218885,False,T_alt1
750,83,hapibd,mixed,133.67365386876327,1014.8879821324074,133.06377495466202,1016.6858906351209,True,T_true
750,83,true,mixed,134.70477314169383,1014.6342796389633,135.41700095119094,1017.8462582041049,True,T_true
750,84,hapibd,ibd,84.53199865866566,2.3290592865321855,85.4646707736917,1.6645194067930902,True,T_true
750,84,true,ibd,94.8543875293089,1.4731039273544013,96.21836868638317,2.449377445394191,True,T_true
750,84,none,snp,-2.1816242159309027,1037.49972553176,-0.3064521881391684,1038.3778889577181,False,T_alt1
750,84,hapibd,mixed,91.71960864006167,1035.7020768231291,92.43543344617527,1038.1282019419161,True,T_true
750,84,true,mixed,106.24155834507994,1037.9196378490374,107.22566120173462,1039.8636101375469,True,T_true
750,85,hapibd,ibd,102.46594427225324,-0.7441117563931812,104.23362652110751,0.7328606507243762,False,T_alt2
750,85,true,ibd,91.90353504053729,1.7746415672892795,93.66870648624808,2.0977334257738676,True,T_true
750,85,none,snp,-5.703391677857049,1141.8264235864951,-2.3295062610024218,1142.1968272763654,False,T_alt1
750,85,hapibd,mixed,100.98237831547979,1135.071124773864,102.10238322250723,1136.9211125755767,True,T_true
750,85,true,mixed,99.71045808797871,1137.8047783657703,100.92244900449128,1140.505538326404,True,T_true
750,86,hapibd,ibd,92.80004221185561,0.8560234106034841,94.40489715366868,1.5024584753030013,True,T_true
750,86,true,ibd,92.25666097479876,0.8729572800084497,93.69476387078339,1.4925812648330634,True,T_true
750,86,none,snp,-4.3000221720233895,1060.1998459859296,-1.2819345954670567,1059.6457234971099,False,T_alt1
750,86,hapibd,mixed,99.95845962773839,1055.7587501204891,100.58428264379455,1057.8860431794344,True,T_true
750,86,true,mixed,105.6254944275835,1056.586911656637,104.04729810084282,1058.0379015340388,True,T_true
750,87,hapibd,ibd,85.95513556053464,-0.451025754105558,87.80987335672455,0.6415774699108283,False,T_alt2
750,87,true,ibd,94.78084443639545,0.9436709574018778,96.26889858853838,1.9487771654544872,True,T_true
750,87,none,snp,-2.260189144659286,979.6806051528571,2.164305567575923,982.0002720407767,False,T_alt1
750,87,hapibd,mixed,95.24031648702206,976.5128217476866,93.13507596571051,978.3255325418709,True,T_true
750,87,true,mixed,107.50554173510585,979.3756630320177,107.17613000727513,981.1378046124453,True,T_true
750,88,hapibd,ibd,78.77117125324287,0.8089191072320432,81.59987001940084,1.7128526956539076,True,T_true
750,88,true,ibd,80.15156637691638,1.0069166155765288,81.50407343929857,2.490794018247243,True,T_true
750,88,none,snp,4.035967264121766,1052.9428547197022,6.0479384094194515,1051.958439631882,True,T_true
750,88,hapibd,mixed,93.49006112014612,1046.5612771648046,94.74557866736237,1048.9201244735443,True,T_true
750,88,true,mixed,98.54638356171128,1051.157860822229,100.10459270799186,1054.323179304376,True,T_true
750,89,hapibd,ibd,116.3631286710135,1.4178115274482934,117.85030618628127,2.487441655191617,True,T_true
750,89,true,ibd,104.39565428643266,0.880746579502329,105.82160964807628,2.035877923536873,True,T_true
750,89,none,snp,-2.4741985506307813,908.7552001936865,-1.2049915529871598,908.9965028467152,False,T_alt1
750,89,hapibd,mixed,118.16448200345516,904.3706293406082,120.87556499358695,907.709036918707,True,T_true
750,89,true,mixed,113.53137674773689,905.9889306402349,113.00969502464088,907.1478180243668,True,T_true
750,90,hapibd,ibd,122.4390778687407,1.9973486253575174,125.71771040724002,4.95279220807322,True,T_true
750,90,true,ibd,113.98817639493069,2.419724188350415,114.29182394345645,2.7294746490014177,True,T_true
750,90,none,snp,-8.01334795242569,1080.3940654290743,-4.399911654734872,1081.8398986543373,False,T_alt1
750,90,hapibd,mixed,125.24473898119734,1075.0159014234603,124.32087341993807,1077.3896184707498,True,T_true
750,90,true,mixed,121.79647051779946,1077.7704011210567,121.51515834208061,1079.2037856384381,True,T_true
750,91,hapibd,ibd,102.85863454956865,-0.35687404403233813,104.7959695922342,1.0166180344231748,False,T_alt2
750,91,true,ibd,107.50753119448717,-0.1170710860410793,109.52709173115687,1.247710446282781,False,T_alt2
750,91,none,snp,-3.2777153277497604,981.943511379662,-0.0012857748070516095,984.3932509683003,False,T_alt1
750,91,hapibd,mixed,104.45590164984091,976.2056379730719,108.29574071291194,980.1675442955868,True,T_true
750,91,true,mixed,117.27186498846899,980.0041107368444,117.86937336173406,981.5636405352252,True,T_true
750,92,hapibd,ibd,88.32869765617079,2.190248593525041,89.63109231899608,2.141918163626883,True,T_true
750,92,true,ibd,115.08075812168573,0.3311397773659337,116.87436608651575,1.6207959525258957,True,T_true
750,92,none,snp,2.7601199279567297,988.2357013037047,5.322492734935764,988.635948845282,True,T_true
750,92,hapibd,mixed,106.70875443878222,986.6932131183142,103.42941420823763,987.2065763804231,True,T_true
750,92,true,mixed,133.35561759613896,983.8603126025736,138.4946012542084,989.7234741008679,True,T_true
750,93,hapibd,ibd,80.72217723850093,1.621173747737032,82.85961054906664,2.051423420406479,True,T_true
750,93,true,ibd,85.86063569077646,0.15265262366784782,88.4758947685682,2.104501406527504,True,T_true
750,93,none,snp,-4.800493700665719,1102.1359842871389,-2.2808661397017005,1104.1619343648922,False,T_alt1
750,93,hapibd,mixed,84.17520053297926,1099.9147067977551,83.73627159097427,1100.2833749044578,True,T_true
750,93,true,mixed,93.65605310227954,1099.6611625457338,96.27800589950431,1102.2660383539185,True,T_true
750,94,hapibd,ibd,83.60991080090093,2.7395706959750896,84.78393987447845,2.5736203413734415,True,T_true
750,94,true,ibd,81.84257188575924,1.953649565185458,82.73127982743694,2.211624399817026,True,T_true
750,94,none,snp,-5.767110972939697,1119.874803317782,-4.89202534611217,1119.8231376643369,False,T_alt1
750,94,hapibd,mixed,89.26366938847457,1118.269134355916,88.50366828815345,1120.0892173998932,True,T_true
750,94,true,mixed,90.34745852026882,1118.7670630783978,92.46174467082861,1122.9324966205606,True,T_true
750,95,hapibd,ibd,70.48723466254597,4.126768372487049,71.86270460903614,4.65429857483997,True,T_true
750,95,true,ibd,82.18199376325106,3.799538675089707,83.18505028998172,4.205906322485134,True,T_true
750,95,none,snp,-3.270283738062563,971.2513689387001,1.9332711540280911,970.4765895725657,False,T_alt1
750,95,hapibd,mixed,79.96524749241024,972.6796136937583,82.91173362292972,976.1759540930163,True,T_true
750,95,true,mixed,97.3174322560009,975.6601626115638,93.70518527905642,978.2904583017801,True,T_true
750,96,hapibd,ibd,95.24106911954084,1.2966190783217826,96.668133863594,2.591964999875472,True,T_true
750,96,true,ibd,108.8409419472867,1.8962525534477095,109.59694667289335,1.906481666840648,True,T_true
750,96,none,snp,-4.173305936790989,948.8471438453748,-2.475578299805356,950.6814184587228,False,T_alt1
750,96,hapibd,mixed,101.46942840260704,948.2273261341832,100.66794627443096,950.4334055395755,True,T_true
750,96,true,mixed,117.18020456689445,951.4711273972586,118.62140339844538,953.9140233579957,True,T_true
750,97,hapibd,ibd,95.22686830175297,3.9805198966215585,96.28648925435516,4.352329271799533,True,T_true
750,97,true,ibd,100.83721797773728,0.5058439808262847,101.83220309307143,1.276717693290152,True,T_true
750,97,none,snp,-1.32972424474017,1079.742311545558,2.768869809082311,1080.9594115141754,False,T_alt1
750,97,hapibd,mixed,103.14665152463999,1078.2837196641533,104.80321348566136,1079.2274659690506,True,T_true
750,97,true,mixed,112.78201163203983,1078.2383211056906,111.84301887343341,1079.8062084232647,True,T_true
750,98,hapibd,ibd,85.46027115667044,2.9773897782054064,86.6145273829955,3.472294596688016,True,T_true
750,98,true,ibd,88.8062323027628,2.0976086004178,89.86894929756829,2.1993574417516584,True,T_true
750,98,none,snp,-8.98844666648069,1055.3565031691032,-3.659873510001063,1057.2798763349226,False,T_alt1
750,98,hapibd,mixed,86.06310404436536,1054.2258790993337,84.79157035867638,1054.9987672468117,True,T_true
750,98,true,mixed,91.52899321454103,1052.9947069977088,92.75727130714262,1054.4120500122299,True,T_true
750,99,hapibd,ibd,83.24587939658863,-0.21513853526590765,84.78999739104768,0.26373854230143934,False,T_alt2
750,99,true,ibd,90.49590831342732,0.04572394275521674,92.67477226374069,1.6636103480400948,True,T_true
750,99,none,snp,6.152305925843233,977.6944157284643,7.460528959125895,979.4688521125114,True,T_true
750,99,hapibd,mixed,100.7929248550513,973.9082556889832,100.43453760068448,975.8346924350888,True,T_true
750,99,true,mixed,108.84382718828934,974.6926115042951,106.57239256572643,978.4935337984041,True,T_true
1000,0,hapibd,ibd,124.74709840075553,2.3144573483549493,125.32861610576634,2.6770035698730226,True,T_true
1000,0,true,ibd,133.928155940124,1.49653422904953,135.13317817968658,2.4928471612673206,True,T_true
1000,0,none,snp,-2.7256025020198464,1287.8429071077583,-0.25072518735922955,1288.5793644268972,False,T_alt1
1000,0,hapibd,mixed,135.19047322900872,1285.397319222383,135.31435632725456,1288.5753846842033,True,T_true
1000,0,true,mixed,147.56313409657864,1286.2565223298536,150.15673431318993,1289.0219716757467,True,T_true
1000,1,hapibd,ibd,115.26653120869639,0.9844638347930754,117.10642203366558,1.095604286035723,True,T_true
1000,1,true,ibd,107.226913752038,0.41119298509539703,108.82571623915345,1.5500506497961624,True,T_true
1000,1,none,snp,-3.9464749705523374,1431.474931924639,-0.7719365693093536,1434.4635675368118,False,T_alt1
1000,1,hapibd,mixed,121.29828432708712,1428.8119190467642,123.31001580233828,1432.7606351073166,True,T_true
1000,1,true,mixed,119.86363109248913,1429.9919879712302,121.01232881811018,1433.9728262619662,True,T_true
1000,2,hapibd,ibd,113.66652512587592,1.1695120395659728,115.17568348476851,1.6110458739277078,True,T_true
1000,2,true,ibd,130.10760575670133,-0.31609082058741933,131.99960855996488,1.2857748431174514,False,T_alt2
1000,2,none,snp,-1.2285193338771023,1369.4075598939235,1.3629212104203248,1369.2770752304755,False,T_alt1
1000,2,hapibd,mixed,123.20864263495471,1363.2134667300609,123.60341131464426,1365.983170987795,True,T_true
1000,2,true,mixed,147.0034969181752,1368.2173896920388,146.56083402533974,1369.0353555081456,True,T_true
1000,3,hapibd,ibd,137.42934623457757,1.258676039946181,138.7645504523722,1.6631190880901272,True,T_true
1000,3,true,ibd,151.58505649603563,-0.15738359832232618,152.90385504663965,1.1951766841542053,False,T_alt2
1000,3,none,snp,0.502705712291025,1371.156805082976,1.7566868855509767,1371.4530094570096,True,T_true
1000,3,hapibd,mixed,145.15987050088563,1368.878309328255,146.24012834966814,1371.3316537607027,True,T_true
1000,3,true,mixed,166.85045265653986,1368.7329482842079,166.61755540847065,1370.941662310231,True,T_true
1000,4,hapibd,ibd,138.0775141903643,0.025604986442317568,139.31036015723373,0.6324689269983992,True,T_true
1000,4,true,ibd,137.49131166123453,0.18879497801015077,139.30612536146845,1.0664742296091845,True,T_true
1000,4,none,snp,-5.7648388969087065,1391.9626855326035,-1.2356942347258766,1396.2635889011174,False,T_alt1
1000,4,hapibd,mixed,142.72645700523108,1390.3090493698878,141.1028905128647,1391.2337672626572,True,T_true
1000,4,true,mixed,147.96540552309884,1391.387363047858,150.00432250793963,1393.740460178072,True,T_true
1000,5,hapibd,ibd,117.50049050540656,-0.01343079493381083,119.55909819282232,1.266392915655274,False,T_alt2
1000,5,true,ibd,130.62306087041088,0.9132059286345111,130.88678314668385,1.2676327465882196,True,T_true
1000,5,none,snp,-3.9993902721424206,1437.86643493806,-0.785112434325022,1440.857831693972,False,T_alt1
1000,5,hapibd,mixed,126.01251785226071,1437.8589271048536,126.4939860265975,1439.9692124891758,True,T_true
1000,5,true,mixed,142.49248162936922,1439.1128865234375,144.2517521924015,1442.8104655131751,True,T_true
1000,6,hapibd,ibd,119.06718026725287,1.1766881295685607,120.63863034491595,2.427378593175888,True,T_true
1000,6,true,ibd,107.12228148265166,0.3391006956305205,108.42165469677809,1.5384736942897916,True,T_true
1000,6,none,snp,-10.041353222457776,1309.740289340787,-4.477731706579483,1312.8939725702985,False,T_alt1
1000,6,hapibd,mixed,117.46369403166673,1307.939372899945,118.94915862407728,1310.3436721117891,True,T_true
1000,6,true,mixed,113.28917307577265,1310.1419895651734,111.77964677582602,1309.8513088989625,True,T_true
1000,7,hapibd,ibd,148.361134801795,0.5142667831668746,148.67607855876088,1.1340059144917518,True,T_true
1000,7,true,ibd,142.7784759005309,-0.35403114865590624,144.78035079974808,1.6530890136618837,False,T_alt2
1000,7,none,snp,-2.5120632613205167,1467.987902891903,1.8670285634217407,1470.6114912911603,False,T_alt1
1000,7,hapibd,mixed,165.4025096851107,1471.8964366470893,162.7694251295408,1473.2122442225157,True,T_true
1000,7,true,mixed,165.48927147540985,1470.379902986418,165.401551793295,1472.0803598200873,True,T_true
1000,8,hapibd,ibd,150.77796621044143,1.2566209515450169,151.76935349388384,1.2080102024545454,True,T_true
1000,8,true,ibd,158.5622084307533,0.8771329660047513,160.29187967344444,2.4146858478322315,True,T_true
1000,8,none,snp,-0.2305410701501387,1322.0680049010666,1.9873292788857455,1324.196090276343,False,T_alt1
1000,8,hapibd,mixed,161.60686566915382,1319.6452790683702,161.49791149676656,1322.0931642855023,True,T_true
1000,8,true,mixed,174.03507988594495,1320.9698121892445,174.51341357503236,1322.6983877530697,True,T_true
1000,9,hapibd,ibd,128.396192529384,3.162300744415063,129.82373314364946,2.8753507583765554,True,T_true
1000,9,true,ibd,128.87692485932797,0.8395508291453666,130.24334699807167,1.5781810473955034,True,T_true
1000,9,none,snp,-2.468317731530945,1435.4716171671746,0.9270167940695941,1439.630531515455,False,T_alt1
1000,9,hapibd,mixed,137.2544904470218,1438.2889761301008,139.00498885733475,1442.480244774712,True,T_true
1000,9,true,mixed,141.72763749713178,1437.8797016764067,142.3457402507492,1440.2578469306743,True,T_true
1000,10,hapibd,ibd,112.79915462027043,-0.6001253570724998,114.93049469593979,0.6601435255394108,False,T_alt2
1000,10,true,ibd,113.44651931714799,0.5605888788547304,115.02378113659512,1.286039566576335,True,T_true
1000,10,none,snp,-8.10174104390628,1364.15208895145,-5.083815767947399,1365.53397262509,False,T_alt1
1000,10,hapibd,mixed,113.1611173072576,1361.9625830291602,112.29422588825366,1363.6394414398164,True,T_true
1000,10,true,mixed,121.97800677377262,1364.2768971332541,121.2310550447703,1366.2660812195377,True,T_true
1000,11,hapibd,ibd,129.83708335335228,1.128822432212246,131.71314202349765,1.8908058606659779,True,T_true
1000,11,true,ibd,116.61760244607547,-0.7167717035944747,118.56436861416307,0.8788666573459523,False,T_alt2
1000,11,none,snp,-5.0900714931872315,1373.0263147442918,-3.2490806613581142,1373.315685453963,False,T_alt1
1000,11,hapibd,mixed,131.6120760642911,1365.1808386282933,132.9259945968871,1366.5435448693013,True,T_true
1000,11,true,mixed,127.63096953433336,1366.2122810761132,129.82624105124327,1369.7251710490252,True,T_true
1000,12,hapibd,ibd,113.10127580011022,0.3966555048982059,114.40012911401976,1.0445525388633996,True,T_true
1000,12,true,ibd,131.7172379952397,0.9906225626685341,132.67360629884183,1.6933081787033188,True,T_true
1000,12,none,snp,0.0011065584405471895,1195.7172982934708,3.287547342411692,1197.8978249679428,True,T_true
1000,12,hapibd,mixed,124.486298455162,1193.6150163802427,125.98836015934873,1195.290166180105,True,T_true
1000,12,true,mixed,151.24308229979806,1195.2366861779212,151.5851714987614,1197.7258743102325,True,T_true
1000,13,hapibd,ibd,131.70076470432093,-0.3401962757291699,133.19794660834646,0.823122263650589,False,T_alt2
1000,13,true,ibd,127.11760367116028,-0.1863451300145016,129.2906056193125,0.9409542624568417,False,T_alt2
1000,13,none,snp,0.5801526124488348,1438.4388814099696,2.0659896134600473,1442.0155763619714,True,T_true
1000,13,hapibd,mixed,139.10411958664332,1431.4411535430195,140.954308018875,1435.0656288460812,True,T_true
1000,13,true,mixed,146.17066226130342,1435.142362918525,147.56625315466604,1437.1867632819437,True,T_true
1000,14,hapibd,ibd,125.72126303866736,0.07242837345415865,127.99700121323656,2.236282137748958,True,T_true
1000,14,true,ibd,110.75495510252495,0.8607688217441591,112.66616114001579,2.482815541720072,True,T_true
1000,14,none,snp,0.7027905800011638,1405.6845395384216,0.03180829400979235,1406.4246300790396,True,T_true
1000,14,hapibd,mixed,134.42655832953,1403.1611705184016,133.21883675473248,1404.7376312581523,True,T_true
1000,14,true,mixed,122.47796714269504,1408.001871338594,123.23560449282775,1409.463118264001,True,T_true
1000,15,hapibd,ibd,112.64477495187583,0.6837217889528233,113.82754505085427,1.0137234449491075,True,T_true
1000,15,true,ibd,118.97812806636779,0.03755225030533893,121.87026842111527,2.6284210513680364,True,T_true
1000,15,none,snp,-2.9566006385572337,1287.3765052767947,-1.572253250942424,1289.4181848144747,False,T_alt1
1000,15,hapibd,mixed,115.59635587603861,1282.4699528727308,115.04099875114423,1284.0333171506766,True,T_true
1000,15,true,mixed,133.91863679120243,1285.342390366641,132.99029433004162,1286.9733926137865,True,T_true
1000,16,hapibd,ibd,116.53872342287355,2.9624528153856318,117.43105021284771,2.3312423491684626,True,T_true
1000,16,true,ibd,120.36213716202207,1.2741975538263546,121.39486465830197,1.758175442259187,True,T_true
1000,16,none,snp,1.899032857841501,1334.5609417432686,4.600657752047354,1334.0000380346805,True,T_true
1000,16,hapibd,mixed,134.05755239143667,1333.449159645294,134.88802615045574,1334.766914673189,True,T_true
1000,16,true,mixed,141.3418202115741,1334.075517036873,143.72757404952714,1336.7523130653926,True,T_true
1000,17,hapibd,ibd,142.22521863655123,2.1509079220388685,142.58971417970696,2.8628943516883396,True,T_true
1000,17,true,ibd,135.32251167686053,0.6399417526644129,136.36290290551682,1.4771198849431926,True,T_true
1000,17,none,snp,-0.5553423434603957,1256.707768846554,1.2068863337666542,1259.2590809301769,False,T_alt1
1000,17,hapibd,mixed,151.9712322212166,1253.623017681861,151.60069661761537,1255.7387357773391,True,T_true
1000,17,true,mixed,149.93406373815384,1254.0489493060065,151.03546352521758,1256.8946171469977,True,T_true
1000,18,hapibd,ibd,138.5524174861804,3.0335605969239623,139.5796190878795,3.6363664153085438,True,T_true
1000,18,true,ibd,123.26109539070632,1.1041573551989359,124.42563373108072,2.0679234009429592,True,T_true
1000,18,none,snp,0.7286018540317301,1358.3062835669034,0.7678991568251163,1358.228140108158,True,T_true
1000,18,hapibd,mixed,147.92379868096282,1357.5150093094076,149.82495998859736,1360.8365935964373,True,T_true
1000,18,true,mixed,135.7601368902748,1358.73331446581,138.08273139565276,1360.8620813973444,True,T_true
1000,19,hapibd,ibd,136.1643895431352,-0.6164847481948641,137.9599434532152,0.8317739783490765,False,T_alt2
1000,19,true,ibd,115.97491598799962,0.5257994478806722,117.62291965839125,2.0633037391185667,True,T_true
1000,19,none,snp,-1.8575540040026723,1346.602212237624,2.518907305936743,1350.859234623359,False,T_alt1
1000,19,hapibd,mixed,146.38938322054855,1342.4997264930864,148.54532576778513,1346.3574378154974,True,T_true
1000,19,true,mixed,134.30681864639203,1344.666398629157,135.48956752588106,1346.4872550605082,True,T_true
1000,20,hapibd,ibd,143.80999457218695,-0.12711981460813604,145.5888068525578,1.062221675871342,False,T_alt2
1000,20,true,ibd,140.23733301104886,0.5888964862776334,140.86760804326434,0.903860702186023,True,T_true
1000,20,none,snp,-2.0382091101926676,1332.3939374235292,-0.08458459068991431,1332.7573826854646,False,T_alt1
1000,20,hapibd,mixed,145.84668336554336,1327.227205738655,148.67801177671222,1330.7786937521312,True,T_true
1000,20,true,mixed,148.87146259138873,1327.9789398218086,152.35864578421592,1331.722894926114,True,T_true
1000,21,hapibd,ibd,130.79471334264383,1.2198785970858808,132.31523945980325,2.191694033626902,True,T_true
1000,21,true,ibd,138.88016139789488,1.4759026594549596,139.6489127168473,1.6897444746354608,True,T_true
1000,21,none,snp,1.6040624273464665,1482.115930484646,5.4007628525810105,1485.2199565436624,True,T_true
1000,21,hapibd,mixed,147.74941460921048,1479.4493413629584,149.017532695947,1482.4034461792437,True,T_true
1000,21,true,mixed,163.1071159967684,1481.881869336082,162.7027769951451,1483.422426860524,True,T_true
1000,22,hapibd,ibd,138.6747326186997,0.5590421259119012,140.28204829019137,0.8733189365689782,True,T_true
1000,22,true,ibd,133.23630008559007,1.1265362982546208,134.25793294833244,1.9413277552966974,True,T_true
1000,22,none,snp,-9.59101434224992,1389.313462856329,-3.0742012329912782,1394.591221977359,False,T_alt1
1000,22,hapibd,mixed,143.172720301318,1387.5014817522463,143.14434146736855,1391.2418855479405,True,T_true
1000,22,true,mixed,141.169967856977,1389.697780102047,142.91856110726735,1393.439240135321,True,T_true
1000,23,hapibd,ibd,141.68875590286166,0.7447700596803202,143.0385525374773,1.8609161282774949,True,T_true
1000,23,true,ibd,140.20180310116035,0.9399270855699342,140.9673638561153,1.765822300475918,True,T_true
1000,23,none,snp,-7.69192401007016,1449.2825124157293,-3.583194577977231,1451.445889335877,False,T_alt1
1000,23,hapibd,mixed,138.99420889895225,1442.2104738299024,139.06962458450602,1444.3793813894476,True,T_true
1000,23,true,mixed,144.7189084761444,1443.9604076632145,139.4082046257929,1445.5958962059499,True,T_true
1000,24,hapibd,ibd,127.29736678357784,0.9248653652536518,129.18701082682117,2.2252314155367685,True,T_true
1000,24,true,ibd,135.492607528868,-0.01811642625307286,137.61009123423952,1.0651844183000208,False,T_alt2
1000,24,none,snp,-3.1286330333197583,1325.1520893217662,0.5299454034764821,1327.6425551545,False,T_alt1
1000,24,hapibd,mixed,131.22967943886877,1321.3102833775442,131.8169386891193,1322.652792412077,True,T_true
1000,24,true,mixed,146.81428134252158,1322.2523463763162,146.81546563522653,1324.781977359787,True,T_true
1000,25,hapibd,ibd,150.7116758843905,-0.30837839010172274,152.35380264713865,1.1626610660347296,False,T_alt2
1000,25,true,ibd,156.79286418030858,0.7009675400996116,157.82335318122858,1.2496188575771612,True,T_true
1000,25,none,snp,9.623161322027595,1339.5212813775552,7.545445871659503,1338.7371087274532,True,T_true
1000,25,hapibd,mixed,170.7297921718197,1337.8979854406932,171.2800439213148,1339.2486761521918,True,T_true
1000,25,true,mixed,182.01561604722832,1342.445867019147,183.64110056085352,1344.3910239602715,True,T_true
1000,26,hapibd,ibd,139.73214404590715,-0.9407666442771188,141.88538643292253,0.8871438172573107,False,T_alt2
1000,26,true,ibd,130.16102441477216,-0.4831757448208691,132.03408153582893,1.19582856466252,False,T_alt2
1000,26,none,snp,-0.12789441431291948,1336.4924615752575,3.7978356266342033,1339.610330778963,False,T_alt1
1000,26,hapibd,mixed,149.40819925811684,1334.9443555906291,151.95763154694805,1337.7625153158797,True,T_true
1000,26,true,mixed,148.65652307493127,1336.490196308023,148.8158953551397,1338.659136609756,True,T_true
1000,27,hapibd,ibd,143.2680467349814,2.186363910092439,144.13829625181484,2.4877660729947024,True,T_true
1000,27,true,ibd,130.3018961874053,0.4165225048328125,132.10103426167524,1.4861239473859769,True,T_true
1000,27,none,snp,2.300185329269759,1461.5178997042422,3.5139367444278236,1462.9887628739311,True,T_true
1000,27,hapibd,mixed,157.0985747718857,1460.0087261762362,156.93967031024738,1462.8540214596765,True,T_true
1000,27,true,mixed,150.47277029569574,1461.8148148696446,149.72730655445605,1462.647989714943,True,T_true
1000,28,hapibd,ibd,129.69020109060426,1.4304932866898525,131.0982596129063,2.4688165097886667,True,T_true
1000,28,true,ibd,145.12243584044336,0.3913201982233545,146.02120767358298,1.3446400877454607,True,T_true
1000,28,none,snp,3.9701728925056408,1418.231087125394,4.882413595408444,1419.354741536548,True,T_true
1000,28,hapibd,mixed,146.01041477096595,1414.351839693173,145.8000978131942,1416.4921859864864,True,T_true
1000,28,true,mixed,166.52143703478868,1414.656299765008,164.7647164487538,1417.5971380999054,True,T_true
1000,29,hapibd,ibd,135.27568151054066,0.47079815287116844,136.12284044530782,1.1174013677971857,True,T_true
1000,29,true,ibd,142.6256474618316,0.5182432193399222,145.2339131196806,2.891232812472424,True,T_true
1000,29,none,snp,0.7950582711047076,1218.2800185861893,3.33925004432286,1220.4835922338407,True,T_true
1000,29,hapibd,mixed,146.41637167980306,1213.9464063661012,146.86642313027735,1216.1461474026123,True,T_true
1000,29,true,mixed,160.79193204028073,1216.7811528073184,161.87268806627125,1219.608214585042,True,T_true
1000,30,hapibd,ibd,123.96981794641414,0.22540287318417995,125.4864811796158,1.2819750628445377,True,T_true
1000,30,true,ibd,136.11695183823883,-0.49087671653211373,137.93009048050118,0.9219006777152003,False,T_alt2
1000,30,none,snp,-2.936082811769147,1391.3325127639152,-0.6379220826073961,1394.240804839539,False,T_alt1
1000,30,hapibd,mixed,130.07344279285707,1389.6440932824435,133.40238691847736,1394.0978663635892,True,T_true
1000,30,true,mixed,152.75670732585283,1391.1600923345973,154.2006719571227,1394.635096379831,True,T_true
1000,31,hapibd,ibd,178.5616964565989,1.2014842542592419,179.4476489936451,2.3028832929945224,True,T_true
1000,31,true,ibd,158.67141587650974,0.6553790219329585,159.92811980241396,1.7865627063199554,True,T_true
1000,31,none,snp,-1.3035521055233161,1294.3731939872052,0.37144418487211794,1294.2119606654453,False,T_alt1
1000,31,hapibd,mixed,184.2797501862783,1292.2524138130104,187.10166861397232,1296.0552961806886,True,T_true
1000,31,true,mixed,175.29016949539195,1293.7742951268704,176.06541725112737,1297.2706986199541,True,T_true
1000,32,hapibd,ibd,155.35530605680782,2.24276233609919,157.02329614457295,1.2002071539922667,True,T_true
1000,32,true,ibd,163.76094713294202,-0.08056829310606872,165.30187179120958,1.2828077669201434,False,T_alt2
1000,32,none,snp,0.7196342823241224,1351.259195569123,4.246999334074154,1352.8111185811138,True,T_true
1000,32,hapibd,mixed,163.72858921781489,1348.7122915092002,168.04252725196665,1353.9288369885662,True,T_true
1000,32,true,mixed,183.0465262802429,1351.5073792320575,184.19767744098425,1354.841792726134,True,T_true
1000,33,hapibd,ibd,148.6769046875732,3.195755312064591,149.6948272629487,2.3122740656954193,True,T_true
1000,33,true,ibd,131.84725820788321,1.6534848706587582,132.85693036482633,2.0951739420746094,True,T_true
1000,33,none,snp,-2.622482553321163,1335.890498557618,-1.0965813609802524,1335.628305177016,False,T_alt1
1000,33,hapibd,mixed,152.08721476730872,1334.036614109581,155.8403958348877,1337.5817048731071,True,T_true
1000,33,true,mixed,141.70987444947545,1333.8634677859066,144.46483775308718,1336.6698603461987,True,T_true
1000,34,hapibd,ibd,132.46957782997072,0.09146290770797805,134.56353147681995,1.3761260076437338,True,T_true
1000,34,true,ibd,139.800256477179,-0.5562097381127842,141.97645663066214,1.5955200012365935,False,T_alt2
1000,34,none,snp,1.0302025704333602,1540.7960154497,3.076932254412469,1542.6717737625127,True,T_true
1000,34,hapibd,mixed,144.80380814894073,1534.9059391101264,145.5767783989964,1537.4881030776755,True,T_true
1000,34,true,mixed,160.51828765026372,1537.3737772370825,161.9694088974348,1539.6519382254978,True,T_true
1000,35,hapibd,ibd,121.41487786501523,-0.05997108944688989,122.74939185146917,1.0957737957023141,False,T_alt2
1000,35,true,ibd,112.90601814350856,-0.6933029330857039,115.89167688484292,1.3149867236893442,False,T_alt2
1000,35,none,snp,-1.3517484548716396,1381.8690906305533,0.14047470712178267,1385.5464086355892,False,T_alt1
1000,35,hapibd,mixed,125.2356926324328,1380.805028506051,127.30416572999127,1383.9117807111847,True,T_true
1000,35,true,mixed,128.5010855360227,1382.9342049885615,129.18380008812994,1385.152614550882,True,T_true
1000,36,hapibd,ibd,128.11662977155999,5.129136538337946,129.0289571708011,6.377659365075317,True,T_true
1000,36,true,ibd,147.95727659416264,2.461808447885346,147.91826571120077,2.89159523058521,True,T_true
1000,36,none,snp,1.7861241631831177,1423.2562605007138,4.284171397359323,1423.748608866862,True,T_true
1000,36,hapibd,mixed,141.31435591509631,1424.5789632645378,143.35501153792356,1428.1163527421581,True,T_true
1000,36,true,mixed,167.8747308103666,1425.3675628757044,166.59448460488008,1426.9604445074285,True,T_true
1000,37,hapibd,ibd,124.70818225590801,2.9130790821876644,125.46743677879556,2.6445984292870435,True,T_true
1000,37,true,ibd,127.0282107441609,0.8018379367555895,128.94976299394,1.8901376847624078,True,T_true
1000,37,none,snp,3.3418911106131652,1346.4261955605143,5.300354656404572,1348.5837854725094,True,T_true
1000,37,hapibd,mixed,144.39685462649982,1345.81274070371,143.7849291077363,1347.872051712384,True,T_true
1000,37,true,mixed,151.2464959611973,1345.9514710749145,154.49959378112516,1349.8965563810712,True,T_true
1000,38,hapibd,ibd,118.58494154778492,1.0922358514145571,120.17104362881054,1.3807446550394502,True,T_true
1000,38,true,ibd,128.17065165473258,0.6309835904332317,129.527356468148,1.1011458019119686,True,T_true
1000,38,none,snp,-3.9557041692062924,1426.1257592842817,-1.0744154275446576,1430.302986574646,False,T_alt1
1000,38,hapibd,mixed,120.78807678113918,1423.1836953621014,122.45657373529792,1424.7337723425226,True,T_true
1000,38,true,mixed,138.77349660270173,1424.5047728268935,138.90459785143784,1427.563747282445,True,T_true
1000,39,hapibd,ibd,104.12323165494445,2.8786779758142984,107.19172777986171,1.6215836038360294,True,T_true
1000,39,true,ibd,120.17620319774,4.199871472442737,121.12765924109954,5.478709143913818,True,T_true
1000,39,none,snp,-2.081387446987364,1353.4867567657354,-1.731158872457307,1354.818433178317,False,T_alt1
1000,39,hapibd,mixed,113.68237765311062,1351.6804951058132,113.11290597037657,1353.9658256157143,True,T_true
1000,39,true,mixed,133.33536670912724,1356.5069911152814,132.96105719446675,1358.1544833330447,True,T_true
1000,40,hapibd,ibd,137.32231089535145,-2.2929868535985634,143.21239137975607,2.664635782370567,False,T_alt2
1000,40,true,ibd,128.64596411594397,-0.032749347798244344,129.92178593157524,1.158854528832137,False,T_alt2
1000,40,none,snp,2.2074712894114157,1349.3561517144622,1.2819607227063017,1348.8865752312552,True,T_true
1000,40,hapibd,mixed,148.67648810314847,1344.8430985708476,149.0938090140896,1347.0166223382396,True,T_true
1000,40,true,mixed,144.4057568712431,1345.442567094874,143.44516928233426,1347.8632273711514,True,T_true
1000,41,hapibd,ibd,132.1115763179438,0.5897127136889821,133.46641316624618,1.3598345651357704,True,T_true
1000,41,true,ibd,134.69150387849714,1.1311175203927064,135.71036999618065,1.6635474224296445,True,T_true
1000,41,none,snp,-4.720657281887775,1480.7104600762073,-4.1017333131383396,1480.2733234311884,False,T_alt1
1000,41,hapibd,mixed,133.41958967355384,1472.5981365726511,134.96606504408447,1474.7435245907448,True,T_true
1000,41,true,mixed,142.24280525562781,1476.6282332698331,144.12470864314642,1479.3658398955492,True,T_true
1000,42,hapibd,ibd,134.2002926185296,0.0897114329969213,135.6449701121001,0.9926042915952848,True,T_true
1000,42,true,ibd,126.13432203192548,-0.10029628089773723,128.25622524839883,1.4365877684110728,False,T_alt2
1000,42,none,snp,-3.037423221736475,1309.5900925629169,-0.12060745377457494,1310.8466542350816,False,T_alt1
1000,42,hapibd,mixed,139.67827149707105,1303.2302878669789,139.92615858962125,1305.1545242387087,True,T_true
1000,42,true,mixed,138.83423350145713,1309.2099440742181,134.41186998643485,1310.9256351832873,True,T_true
1000,43,hapibd,ibd,139.48003276422577,1.2772138104618307,140.7409195229082,2.3531044393475895,True,T_true
1000,43,true,ibd,152.77355953515496,0.8201323727247427,153.69316857940987,1.8946662385223476,True,T_true
1000,43,none,snp,-1.1431453012932806,1484.424438010561,-0.5963712394585485,1484.338221436355,False,T_alt1
1000,43,hapibd,mixed,151.31585439022106,1484.888290040039,149.981789110816,1486.672038575319,True,T_true
1000,43,true,mixed,167.86251827671643,1484.8867128175002,167.02578751887822,1486.59988279014,True,T_true
1000,44,hapibd,ibd,155.22596225993465,1.8499498741347224,157.0097727270682,2.4880303470001195,True,T_true
1000,44,true,ibd,150.22040171197426,0.8819663738162262,151.1445226650631,1.5392895092293202,True,T_true
1000,44,none,snp,0.04536706333747276,1410.0741841998745,2.8891412426886376,1411.689733038987,True,T_true
1000,44,hapibd,mixed,174.50730886701024,1408.5331206861586,169.7343653132143,1410.2477117630956,True,T_true
1000,44,true,mixed,171.21276865120603,1411.162565035183,171.6387915876598,1415.4076724491383,True,T_true
1000,45,hapibd,ibd,132.3949069837824,0.31515028730865424,135.27361977573509,3.230164031538493,True,T_true
1000,45,true,ibd,139.1512803412458,1.6476303622324622,139.84724509771655,2.32870583592711,True,T_true
1000,45,none,snp,1.1330540725360123,1399.5331413984363,2.6991398094969625,1400.789872709728,True,T_true
1000,45,hapibd,mixed,142.7153204106499,1396.595929023218,144.11193982067215,1399.534464642702,True,T_true
1000,45,true,mixed,155.7686278050128,1397.842426195512,154.81186583939197,1400.2532138469826,True,T_true
1000,46,hapibd,ibd,155.33508427684518,0.5374064831076453,156.41518333342464,0.8969959322067211,True,T_true
1000,46,true,ibd,167.08560696472932,0.7056666496285402,168.04466670566785,1.723650154474626,True,T_true
1000,46,none,snp,1.8434803328783573,1482.8394532699763,2.253642292825262,1482.730908473125,True,T_true
1000,46,hapibd,mixed,165.23214048871932,1476.5354371186706,168.84358947513735,1481.757433508519,True,T_true
1000,46,true,mixed,189.0832173198977,1481.306955066587,187.03132595352292,1483.4607785520539,True,T_true
1000,47,hapibd,ibd,127.74115792218885,0.04287390550445025,129.26254854516554,0.854066435401819,True,T_true
1000,47,true,ibd,134.42967596647355,0.1981218320480025,135.97799393936862,1.8786612728407022,True,T_true
1000,47,none,snp,-0.06080031806645536,1380.4999077648386,2.1764641929888526,1383.2851406486238,False,T_alt1
1000,47,hapibd,mixed,139.9445467331626,1382.497997070727,139.38303232229396,1384.0755343351675,True,T_true
1000,47,true,mixed,152.1533019322258,1381.7872304232299,152.06870761926518,1384.9342423703092,True,T_true
1000,48,hapibd,ibd,147.4123867345483,3.42786228143018,149.10964573978185,4.392845884976111,True,T_true
1000,48,true,ibd,144.16153381430684,1.519416604811795,145.48668843318129,2.363998619344329,True,T_true
1000,48,none,snp,-0.3262923202306922,1293.8217567359886,1.092393120625772,1293.7006157511225,False,T_alt1
1000,48,hapibd,mixed,155.83743302320596,1292.3562835674725,159.6770266658126,1295.534479435411,True,T_true
1000,48,true,mixed,157.87983988123148,1292.3098176545084,160.16251206781996,1294.7727384512925,True,T_true
1000,49,hapibd,ibd,119.0707958697526,1.4472870446722936,120.19083462061258,1.574474993851311,True,T_true
1000,49,true,ibd,125.75127039065416,0.4395163431117908,127.79843015465224,1.7206336416790577,True,T_true
1000,49,none,snp,-5.9130625615830965,1370.000598939272,0.22142687468534916,1372.4409123837747,False,T_alt1
1000,49,hapibd,mixed,124.0073627351174,1367.7712844546688,125.10850768653253,1369.966782371838,True,T_true
1000,49,true,mixed,140.5310290807654,1370.6877681479316,140.73157493732006,1373.5112886228153,True,T_true
1000,50,hapibd,ibd,155.6169006321822,2.2663381452949807,156.01732606060506,1.4315336748484242,True,T_true
1000,50,true,ibd,149.9556484851023,0.5551070616486413,151.6384473175632,1.8714286752674525,True,T_true
1000,50,none,snp,-2.4025525215526997,1445.593001127839,-0.8918965830097605,1445.725170079592,False,T_alt1
1000,50,hapibd,mixed,160.19091279867155,1444.536297911152,161.46452012853058,1447.683866189112,True,T_true
1000,50,true,mixed,163.38914271903622,1444.7406090083011,164.22505173729772,1445.767573587085,True,T_true
1000,51,hapibd,ibd,128.59355118460206,0.28912109024588517,131.74975159337401,1.7102140777669206,True,T_true
1000,51,true,ibd,142.46113872160174,0.10101354559168385,144.0845518882345,1.355233492951868,True,T_true
1000,51,none,snp,1.9190560401242571,1299.8121601094647,7.6913687136077655,1303.2689063545388,True,T_true
1000,51,hapibd,mixed,143.22688431709253,1296.4935854067453,144.61955831894858,1299.0669446811619,True,T_true
1000,51,true,mixed,162.94902888060525,1299.9089045847838,165.33085188287535,1303.1401882292903,True,T_true
1000,52,hapibd,ibd,123.04900569483362,-0.222543789263284,124.01712105913714,0.9935427119884253,False,T_alt2
1000,52,true,ibd,110.98008134284714,0.4032282774965097,112.12248862163568,1.173186851598473,True,T_true
1000,52,none,snp,-1.1044514810666115,1371.2764777219625,3.0179910265024006,1374.4334017309573,False,T_alt1
1000,52,hapibd,mixed,132.76827524085627,1368.3551118408025,135.14229175792315,1371.9953435394941,True,T_true
1000,52,true,mixed,129.45548161147306,1370.4939460059825,132.2148568423091,1374.728034927348,True,T_true
1000,53,hapibd,ibd,123.12023507297664,2.261703530198929,124.80769925160166,1.5399477853905523,True,T_true
1000,53,true,ibd,118.56707392234995,-0.12155367402061756,120.39813090288521,1.7124661327264903,False,T_alt2
1000,53,none,snp,-6.236852253091762,1379.0451368420245,-5.092866645453867,1380.3498992067105,False,T_alt1
1000,53,hapibd,mixed,118.69615819687198,1372.797586819975,119.91844932770329,1373.7094676261027,True,T_true
1000,53,true,mixed,127.44747960374866,1376.1526906725855,128.09953380537837,1378.6088928200188,True,T_true
1000,54,hapibd,ibd,147.3831554728224,1.511742674713048,149.49328517714264,1.5093310429595022,True,T_true
1000,54,true,ibd,149.4698515215324,-1.799034626260152,153.18394679187008,1.4973281317037959,False,T_alt2
1000,54,none,snp,-3.518066418709367,1373.16890319678,0.8013786202139457,1376.317188566587,False,T_alt1
1000,54,hapibd,mixed,153.93557914338516,1366.1736921415036,154.27398268024587,1367.2421668091283,True,T_true
1000,54,true,mixed,166.05567827634601,1368.2727713886882,168.58126110208636,1371.0925584734478,True,T_true
1000,55,hapibd,ibd,125.28748491086037,1.3723007428478695,126.31243174843956,2.0240135387363694,True,T_true
1000,55,true,ibd,128.2166098710536,1.9826192909723659,129.17077021639062,2.678540410010953,True,T_true
1000,55,none,snp,3.6202890811953274,1271.1596556433353,6.117068237488489,1271.2196201121249,True,T_true
1000,55,hapibd,mixed,144.74502281884907,1266.271057089703,143.0558691588844,1269.4558674042305,True,T_true
1000,55,true,mixed,152.1757664638261,1271.3246672659254,148.11495873852334,1273.4856244168036,True,T_true
1000,56,hapibd,ibd,118.85819077075911,1.3792658710130468,119.70239102311513,2.0476099998016366,True,T_true
1000,56,true,ibd,133.82777565142703,0.7461082635402931,134.74361073351798,1.5584752718363006,True,T_true
1000,56,none,snp,-3.742561004830108,1511.478724257586,-4.364946539086951,1512.457904847972,False,T_alt1
1000,56,hapibd,mixed,124.2584156193783,1510.9553565611586,125.3028973249024,1513.1166313630777,True,T_true
1000,56,true,mixed,146.21931615869823,1512.2253063445364,146.6770222605336,1514.7636554008755,True,T_true
1000,57,hapibd,ibd,153.21237260200337,-1.0571839374033516,155.47673826468707,1.1199965292895513,False,T_alt2
1000,57,true,ibd,140.3909988179529,0.6784000649669792,141.39980785873598,1.5902309435877555,True,T_true
1000,57,none,snp,-0.9730059874084418,1559.3768408741075,-1.6455079750869146,1559.783556793701,False,T_alt1
1000,57,hapibd,mixed,157.16958671662962,1552.1811661288004,152.19528809961062,1555.2164785572575,True,T_true
1000,57,true,mixed,154.78800691546385,1557.600004200692,153.22992872612105,1558.9922916604683,True,T_true
1000,58,hapibd,ibd,144.62115007343584,3.5443624029165903,145.3471467906852,4.503234391475814,True,T_true
1000,58,true,ibd,140.47240550903246,0.8983534915392966,141.16038928328123,1.7113176989468002,True,T_true
1000,58,none,snp,-6.488955937316433,1350.6305105607169,-1.587310272973923,1354.1613433372788,False,T_alt1
1000,58,hapibd,mixed,144.4356713875663,1347.0944504678432,146.2461826961819,1348.297206971834,True,T_true
1000,58,true,mixed,149.81259930808685,1346.2968526618747,147.31522776916262,1349.3508891935494,True,T_true
1000,59,hapibd,ibd,139.596040171344,-0.013346227029558122,141.14026669531853,0.9562661926880196,False,T_alt2
1000,59,true,ibd,136.01435667351416,2.1890309819286813,137.49237309472403,3.3574783431309925,True,T_true
1000,59,none,snp,-4.338088793417995,1410.2979895245485,0.6303543039087174,1414.046049361224,False,T_alt1
1000,59,hapibd,mixed,147.7196249726158,1409.7428638891927,145.7209803953025,1410.975966618294,True,T_true
1000,59,true,mixed,148.47313447481898,1411.5029078581647,147.5034935682315,1413.1114533858001,True,T_true
1000,60,hapibd,ibd,134.01048259575566,1.4415032753663013,135.12061136554007,1.0672887389608263,True,T_true
1000,60,true,ibd,140.65384145219537,0.3427358271493972,142.0795417797426,1.400771474172302,True,T_true
1000,60,none,snp,1.2016942893280103,1432.7797719943728,2.3622987322086075,1433.6847834507826,True,T_true
1000,60,hapibd,mixed,146.6141662094151,1429.5380468048477,146.29316245700085,1431.3646558258865,True,T_true
1000,60,true,mixed,159.06477139544205,1429.4130485409792,161.51521262879987,1433.8925685444103,True,T_true
1000,61,hapibd,ibd,116.23783511515916,5.425016363731345,117.56939878733141,4.999216469206601,True,T_true
1000,61,true,ibd,111.38884554197432,0.2617653682016794,113.41840599092598,1.9827052616203673,True,T_true
1000,61,none,snp,1.0599431814022822,1371.7569734784777,3.284178339794728,1375.7471808798214,True,T_true
1000,61,hapibd,mixed,125.313499020927,1370.0000853376855,127.57702786730147,1372.9817650043487,True,T_true
1000,61,true,mixed,133.38640228459812,1373.5081741948777,132.03752549623573,1374.2892296317082,True,T_true
1000,62,hapibd,ibd,133.65040235885857,0.2566719993375841,135.12980831476136,1.3947088156268137,True,T_true
1000,62,true,ibd,133.76938637635402,2.3369638256536405,134.4997141042088,2.8858066897713,True,T_true
1000,62,none,snp,-2.330142395616548,1353.445775494872,-0.780260344944196,1353.7371407455685,False,T_alt1
1000,62,hapibd,mixed,138.67083152811705,1349.8559442227374,140.68688600423798,1352.052145087134,True,T_true
1000,62,true,mixed,146.43725041296528,1352.2361934471191,146.17225086821813,1354.4625575234406,True,T_true
1000,63,hapibd,ibd,138.26880658221222,1.8062229057745753,139.50647230718096,0.9479528037040268,True,T_true
1000,63,true,ibd,139.88148711593686,-0.29301460895459286,142.52285561026815,1.8856763224418955,False,T_alt2
1000,63,none,snp,-2.8036652505438155,1295.1481719327674,-0.8094939955762541,1295.3744459930124,False,T_alt1
1000,63,hapibd,mixed,146.23731604444265,1286.7283017095833,145.56728424575272,1289.0311119927896,True,T_true
1000,63,true,mixed,156.23741953123633,1291.619357573248,157.53743330487393,1294.4729700562045,True,T_true
1000,64,hapibd,ibd,149.83249217174944,0.4124642977177473,150.66380867159216,0.9282216984507841,True,T_true
1000,64,true,ibd,154.09691073958885,-0.22660585756250384,156.90619357598302,2.125565340084677,False,T_alt2
1000,64,none,snp,4.102359810404874,1291.237301498364,5.146913342874626,1291.3984011078098,True,T_true
1000,64,hapibd,mixed,159.98082013766287,1286.40923098454,160.36684948249194,1289.1490687742307,True,T_true
1000,64,true,mixed,174.65065987181544,1287.8567561435796,172.42060267499832,1290.129265322377,True,T_true
1000,65,hapibd,ibd,148.18793164202015,-0.30218202285158213,149.25609260179374,0.8252909394735752,False,T_alt2
1000,65,true,ibd,156.17897362859418,1.2048841087699884,157.03177532888265,1.506265534072213,True,T_true
1000,65,none,snp,-1.7739771760680014,1314.4431734482907,2.0861153012354023,1316.6281716139795,False,T_alt1
1000,65,hapibd,mixed,151.31024506807307,1309.6188534693802,153.92186169517825,1312.159663882371,True,T_true
1000,65,true,mixed,170.54233111961034,1311.4609170400634,167.90904691546407,1313.6227293649026,True,T_true
1000,66,hapibd,ibd,155.6388639004836,-0.2038739058189094,156.94210465045353,0.6813578906988482,False,T_alt2
1000,66,true,ibd,154.8578358297617,0.2816707927609059,156.95539022093203,1.724412761061842,True,T_true
1000,66,none,snp,-2.7725208561288,1449.011270996945,7.129331846619614,1456.8111436239856,False,T_alt1
1000,66,hapibd,mixed,164.38182597534163,1449.1494770308873,163.90270578965547,1450.4042930465635,True,T_true
1000,66,true,mixed,172.54117131029184,1449.9650917636118,174.77648469007605,1452.655165280312,True,T_true
1000,67,hapibd,ibd,101.95722140004483,2.527836017021116,103.70054284731566,2.1620408087469514,True,T_true
1000,67,true,ibd,121.06057527457762,0.5626806764225876,122.54308534704921,1.6532037947201275,True,T_true
1000,67,none,snp,0.6006290400242946,1357.021855279558,2.1188993817965454,1355.5978902843726,True,T_true
1000,67,hapibd,mixed,114.81353719497898,1349.8528527134715,116.06641670224639,1352.6323778061656,True,T_true
1000,67,true,mixed,141.91168855119605,1357.5652327936127,142.50748937927995,1359.5572375411355,True,T_true
1000,68,hapibd,ibd,133.9757410981527,1.1298532299354065,135.51940142404845,0.856845280565949,True,T_true
1000,68,true,ibd,134.25879212851316,2.9964275967043363,136.70010484391366,4.402049851788433,True,T_true
1000,68,none,snp,-3.3082098290240083,1355.4605461129054,-1.817455297432815,1356.2358397571377,False,T_alt1
1000,68,hapibd,mixed,138.73510263517352,1354.3876571898586,136.69870172740605,1358.0370170773804,True,T_true
1000,68,true,mixed,148.21621155479087,1357.5905097412806,146.7386038648247,1359.9265388404374,True,T_true
1000,69,hapibd,ibd,122.6345212484527,5.638978876769272,123.35131920368008,5.896703771356499,True,T_true
1000,69,true,ibd,129.82022375205634,3.6688151749835356,130.93182014163773,4.608135886957939,True,T_true
1000,69,none,snp,-0.8230674776986788,1269.8782512043767,2.6578771369482794,1272.1954639264861,False,T_alt1
1000,69,hapibd,mixed,132.30142899300097,1271.8055147437865,135.15703039593416,1272.9157616942343,True,T_true
1000,69,true,mixed,150.94732921249204,1273.348738706251,148.55825323471097,1275.2386079331848,True,T_true
1000,70,hapibd,ibd,129.42057452758786,0.8063628688165068,130.96704569927573,1.0078222468374065,True,T_true
1000,70,true,ibd,124.5762629724959,0.9564019056018083,125.87451936615406,1.408158101164247,True,T_true
1000,70,none,snp,-6.383761142007565,1334.5142616388132,-0.9600625359570856,1338.2491734069656,False,T_alt1
1000,70,hapibd,mixed,131.6049243822866,1333.359721568476,131.75655600585722,1333.8373934785404,True,T_true
1000,70,true,mixed,134.64760854101354,1334.4175204847304,136.54508052166656,1338.137247068516,True,T_true
1000,71,hapibd,ibd,141.52274216851407,0.8788871261644999,142.83917960621824,1.776702684024599,True,T_true
1000,71,true,ibd,150.60646157017743,-0.2354355254310576,151.64183174721217,1.134411151793131,False,T_alt2
1000,71,none,snp,-1.7918093178578687,1458.3228919737448,3.301976193047267,1462.361194019218,False,T_alt1
1000,71,hapibd,mixed,152.24959232894292,1457.5705680905162,152.1788294762855,1459.1777393756258,True,T_true
1000,71,true,mixed,164.99006043466613,1458.3853586362177,166.42263640918307,1460.4008201463373,True,T_true
1000,72,hapibd,ibd,120.6157152667065,2.5142419484629954,122.84199692682415,1.7778271945563802,True,T_true
1000,72,true,ibd,120.31481432885664,0.9898199189301522,121.13924638825938,1.6304990216061128,True,T_true
1000,72,none,snp,-0.3976902280821406,1500.0756750072253,3.5797223148464283,1501.1685045437973,False,T_alt1
1000,72,hapibd,mixed,131.57377986927656,1495.4388809289749,129.79357207210285,1497.869924432924,True,T_true
1000,72,true,mixed,136.8877636017889,1497.6130838859383,136.35169767009606,1499.9563695739903,True,T_true
1000,73,hapibd,ibd,120.70114787757984,1.159705834457668,122.60863018342542,1.4149070435373687,True,T_true
1000,73,true,ibd,133.22386498272067,0.604199662249016,134.62973444975376,1.7615090351946492,True,T_true
1000,73,none,snp,0.17216200596637066,1320.2720637833313,2.720766167228824,1322.0563124232729,True,T_true
1000,73,hapibd,mixed,129.33085025367907,1316.13023992563,128.96502246900027,1316.766310172287,True,T_true
1000,73,true,mixed,149.57109871712802,1318.0335841559383,150.3657256247017,1319.8288308025178,True,T_true
1000,74,hapibd,ibd,124.63915966088831,0.4111690078038919,126.70402045230196,0.3778078369000468,True,T_true
1000,74,true,ibd,142.8094777478048,1.209293093723545,144.73143775823524,2.520356517713708,True,T_true
1000,74,none,snp,-4.3761183619623765,1371.0662361054933,-2.03219202662752,1372.5757228277637,False,T_alt1
1000,74,hapibd,mixed,128.79741584097528,1366.3373107822438,130.06524707427957,1367.9786055999343,True,T_true
1000,74,true,mixed,151.38391824506522,1366.885201077609,152.08351648192007,1369.2826696136176,True,T_true
1000,75,hapibd,ibd,145.34406849076925,1.636471159736061,147.0008701776349,1.4853250220961627,True,T_true
1000,75,true,ibd,145.75157348051255,-0.841704354593503,147.70905828028287,0.8081480741608402,False,T_alt2
1000,75,none,snp,2.1896389557879843,1492.7239089365962,4.017686418442459,1494.6161456206078,True,T_true
1000,75,hapibd,mixed,157.01250944241394,1486.6792935644262,157.28054316410189,1489.457620842456,True,T_true
1000,75,true,mixed,166.32320667632618,1492.088368026865,166.83370052789596,1494.726977236702,True,T_true
1000,76,hapibd,ibd,120.80408861505475,2.7333380588025307,121.7130657032983,2.4519257117557913,True,T_true
1000,76,true,ibd,132.840618481327,1.4649754777469184,133.65962011674884,1.8759301974079108,True,T_true
1000,76,none,snp,3.799800809457107,1379.3921935587682,2.69249079830783,1377.6338994277444,True,T_true
1000,76,hapibd,mixed,130.81999515854042,1373.2175526294172,131.8010635628,1375.4875186526178,True,T_true
1000,76,true,mixed,150.90768938812408,1375.7933541823486,149.92029065001321,1378.9408321040337,True,T_true
1000,77,hapibd,ibd,122.31736750508901,-0.5105418525982941,123.66357485431212,1.146644007455052,False,T_alt2
1000,77,true,ibd,137.68285206320564,0.06373407213112614,140.2019750477249,2.3178094130055342,True,T_true
1000,77,none,snp,-2.3679002834528333,1408.342872520746,-2.324164322584423,1409.045437537432,False,T_alt1
1000,77,hapibd,mixed,134.14770936083005,1402.3675039564644,132.83581439897696,1404.1736046512178,True,T_true
1000,77,true,mixed,153.02335039578224,1402.9629493482446,154.04239402552392,1405.932213033296,True,T_true
1000,78,hapibd,ibd,137.90627754134056,4.498743304295203,138.2021301299652,3.7824799638537456,True,T_true
1000,78,true,ibd,150.25335591747194,3.9091114852951137,151.64986533432932,5.263575389029086,True,T_true
1000,78,none,snp,2.8618826142394553,1370.5812363828393,5.0065042426898785,1370.7529430228133,True,T_true
1000,78,hapibd,mixed,149.59907931451323,1369.2594753586754,153.25404095212298,1372.217190520543,True,T_true
1000,78,true,mixed,171.11265322571415,1369.4098052686213,172.0435338978646,1373.2209352654859,True,T_true
1000,79,hapibd,ibd,105.89587816437052,3.8181291943013775,107.00754249866196,3.3327046847663837,True,T_true
1000,79,true,ibd,116.61829574830898,1.1124883965318304,117.61714423391663,1.446545286646824,True,T_true
1000,79,none,snp,-5.946278378346008,1314.451159320445,-3.50357924220355,1316.4982170344363,False,T_alt1
1000,79,hapibd,mixed,110.84579851268074,1312.4878271594862,110.55923045834345,1315.2783322639098,True,T_true
1000,79,true,mixed,127.94608944120583,1313.4003452879651,129.05729675757158,1315.1568958551588,True,T_true
1000,80,hapibd,ibd,149.10870312501186,-2.0365667405008026,151.53303759742948,0.2862803545322663,False,T_alt2
1000,80,true,ibd,144.74595767752237,-1.0094167761507151,147.2632136510049,1.6292095385078937,False,T_alt2
1000,80,none,snp,3.6378658391178647,1406.1201388866464,8.045539998182448,1410.2307367064745,True,T_true
1000,80,hapibd,mixed,161.73026986231673,1403.7059139278795,164.3063670390348,1407.052837998739,True,T_true
1000,80,true,mixed,163.5655350744607,1404.677215258693,165.80032474425522,1408.8179371145493,True,T_true
1000,81,hapibd,ibd,123.11598128124365,0.756226864603434,125.24825254287913,1.4742355890834915,True,T_true
1000,81,true,ibd,117.52748787315863,0.7378198294882736,118.87219200529768,1.5872260637250974,True,T_true
1000,81,none,snp,-11.364233102484128,1291.577094875547,-5.291513845132911,1296.566838120856,False,T_alt1
1000,81,hapibd,mixed,123.67276523026061,1292.6988583391583,123.67800069483508,1294.8998768327153,True,T_true
1000,81,true,mixed,127.21290593597953,1293.1541589775277,125.16258433072329,1295.541208701913,True,T_true
1000,82,hapibd,ibd,117.75316784170093,0.024585338947247237,119.25371461707442,1.154573913721947,True,T_true
1000,82,true,ibd,116.2248740176658,2.3310390770237177,117.05202797283482,3.02072132493754,True,T_true
1000,82,none,snp,-1.3591996258128987,1328.3659119980405,1.2654724949789653,1328.8436084217012,False,T_alt1
1000,82,hapibd,mixed,130.1036059570052,1328.4460440176867,127.72126129867553,1330.4045824992943,True,T_true
1000,82,true,mixed,133.64807567622074,1328.2918823925188,135.85133623089487,1332.7655964726043,True,T_true
1000,83,hapibd,ibd,123.12005174365038,2.692522528760321,125.38226102400591,2.2687627551078435,True,T_true
1000,83,true,ibd,118.17870226068464,0.6520772906268917,119.81056955710176,1.4937383347580067,True,T_true
1000,83,none,snp,-3.8011717148643527,1345.0856297874855,-0.7151247487680976,1348.0148363097635,False,T_alt1
1000,83,hapibd,mixed,128.0894471018995,1341.1342290703249,128.42698490897226,1343.5772152824275,True,T_true
1000,83,true,mixed,133.22913552638298,1344.4294455239624,132.29996114442886,1345.6963323683917,True,T_true
1000,84,hapibd,ibd,129.53613266378215,0.4801410691748629,131.87601879208933,2.1914516107016766,True,T_true
1000,84,true,ibd,151.98398176820166,0.5589277095124316,153.50099314373023,1.6555354550431503,True,T_true
1000,84,none,snp,2.832932544516858,1375.7743766328317,2.8938853887662432,1371.4399384375076,True,T_true
1000,84,hapibd,mixed,143.1131709350669,1370.6060720807352,141.5957404088937,1371.8536726870075,True,T_true
1000,84,true,mixed,169.54128086425902,1372.5607125292343,169.79185610955278,1374.5590984172582,True,T_true
1000,85,hapibd,ibd,138.36427633892924,2.746032899311274,139.47096232433086,2.925287767409941,True,T_true
1000,85,true,ibd,133.04397662349925,3.773881127928462,132.97180834471504,4.3293277030858235,True,T_true
1000,85,none,snp,-4.53183371492667,1373.9102165717647,-0.6857742684402695,1372.976795437906,False,T_alt1
1000,85,hapibd,mixed,140.59150854013382,1367.7118755356723,142.92322890317348,1369.9457961673286,True,T_true
1000,85,true,mixed,142.90930945946482,1371.1677630472793,144.65565005911506,1373.3894071841853,True,T_true
1000,86,hapibd,ibd,126.8524308510082,-0.27805872288502087,128.58833467671502,0.5386276826131962,False,T_alt2
1000,86,true,ibd,131.24442674626732,0.4976990769444001,132.34748072531067,1.391524485585137,True,T_true
1000,86,none,snp,-4.314738015133443,1352.6543890242053,-1.045309020388423,1355.6028528237082,False,T_alt1
1000,86,hapibd,mixed,130.07318275077427,1348.0332420205448,129.90276986736487,1349.7426635432541,True,T_true
1000,86,true,mixed,142.0391668882179,1350.1271646089328,142.813315569616,1352.5019522155726,True,T_true
1000,87,hapibd,ibd,141.12977649518996,-0.17289086280612764,142.8047846134051,1.4467191309493614,False,T_alt2
1000,87,true,ibd,133.31319732646182,-0.03757731729513125,135.5429350750817,1.886210556208539,False,T_alt2
1000,87,none,snp,-6.410221096612947,1328.7246063776047,0.3340891621305033,1333.605792416014,False,T_alt1
1000,87,hapibd,mixed,149.13233673273567,1327.3202251271218,150.17569354536403,1329.144068006139,True,T_true
1000,87,true,mixed,144.25788327318375,1328.5893273984307,145.8499251532531,1329.9985032691768,True,T_true
1000,88,hapibd,ibd,127.66551769822269,2.7891771011882156,128.86135763394793,1.4155503760604802,True,T_true
1000,88,true,ibd,126.6557127623542,1.3620375332333197,128.03412502899158,2.2457867852602362,True,T_true
1000,88,none,snp,4.261022464220435,1304.0629981800862,2.5789359993545204,1305.9605160670997,True,T_true
1000,88,hapibd,mixed,139.2104586871024,1297.3419830745268,136.01803582705566,1299.4530237696094,True,T_true
1000,88,true,mixed,146.56759629063922,1304.1537521152518,148.39851136916005,1308.573341133005,True,T_true
1000,89,hapibd,ibd,139.3066942075883,1.1953235256292487,141.2303644077051,1.032831106040419,True,T_true
1000,89,true,ibd,141.7320842275983,0.21577880441532216,143.1794360896044,1.3139952561757013,True,T_true
1000,89,none,snp,-1.3159480304948943,1375.3419980342196,-0.4519589908903825,1376.2866007898847,False,T_alt1
1000,89,hapibd,mixed,145.15635916183015,1371.1090180505244,146.83942796180662,1373.360069808346,True,T_true
1000,89,true,mixed,157.63120102528077,1374.4993067938133,157.43308582042735,1376.1516712082926,True,T_true
1000,90,hapibd,ibd,136.55704580876295,1.0905567565574188,137.82950354484683,1.0473284415938338,True,T_true
1000,90,true,ibd,136.4503027715246,-0.5875577196932227,138.18027389368768,1.545694393316694,False,T_alt2
1000,90,none,snp,4.744876299770841,1350.3842057898091,9.358402309494771,1352.6334479893185,True,T_true
1000,90,hapibd,mixed,152.59409284964667,1346.5959334873298,153.35436474581383,1348.7099278960832,True,T_true
1000,90,true,mixed,158.59093190406224,1350.1073152165554,159.35531715001167,1353.6607787581975,True,T_true
1000,91,hapibd,ibd,144.23148669219296,-1.008661919600911,146.87397320831582,0.9588639269043711,False,T_alt2
1000,91,true,ibd,142.62915501710074,0.4758865166064652,144.08178029339467,1.548607843585387,True,T_true
1000,91,none,snp,-5.518463154106769,1323.7727081193486,1.1365154318159014,1329.2054673245736,False,T_alt1
1000,91,hapibd,mixed,151.972329760741,1322.03062658214,153.8087462849236,1325.7286796372794,True,T_true
1000,91,true,mixed,156.22197215934708,1326.138896318911,156.29287254699918,1328.045419478604,True,T_true
1000,92,hapibd,ibd,124.99078422529095,0.37735510712934683,126.11418044808761,1.3149444326048183,True,T_true
1000,92,true,ibd,124.24130006861634,0.24785489951221962,126.23954659452778,1.6921408253265326,True,T_true
1000,92,none,snp,-11.45666606701949,1319.4009187371116,-5.4038769447550195,1326.554527054815,False,T_alt1
1000,92,hapibd,mixed,123.81056415002058,1317.9656996529277,124.29973267976027,1320.6840402233925,True,T_true
1000,92,true,mixed,129.00770312585155,1319.6313159416507,132.65567288702124,1324.8827078930012,True,T_true
1000,93,hapibd,ibd,131.37697281709433,2.4433671212913737,131.54417177225417,3.070491081539103,True,T_true
1000,93,true,ibd,146.75671556483053,0.8967576330027782,147.89005728181803,1.6007539312524273,True,T_true
1000,93,none,snp,1.4644779917522612,1337.6794679719728,2.7511682769442913,1339.3986421532438,True,T_true
1000,93,hapibd,mixed,144.75662908614606,1336.1938791752825,145.19638721123252,1338.994679902863,True,T_true
1000,93,true,mixed,166.3135942699491,1336.3570937807656,166.61591328090876,1338.8283136721598,True,T_true
1000,94,hapibd,ibd,144.93948656841366,3.3771476675062786,145.75063932502837,4.121016745393433,True,T_true
1000,94,true,ibd,127.35933036452292,2.0192829130186283,129.0697397133332,3.7753722915996946,True,T_true
1000,94,none,snp,-3.182277835810119,1307.9070217531187,0.12150249772691524,1311.3710874277203,False,T_alt1
1000,94,hapibd,mixed,150.7930676537564,1306.7425028422585,154.16695696449585,1312.3253837932973,True,T_true
1000,94,true,mixed,143.61836747720093,1310.6384126666574,140.1123014934733,1311.877961566337,True,T_true
1000,95,hapibd,ibd,132.37713701227574,2.9805431127773545,132.78245322282498,2.803489179033761,True,T_true
1000,95,true,ibd,125.6350459983367,2.487890459857624,127.56904218834921,4.190624797816838,True,T_true
1000,95,none,snp,-6.558755350636595,1244.5455813419128,-3.5547235239760226,1248.4963524538387,False,T_alt1
1000,95,hapibd,mixed,134.2693795464614,1238.5246480063654,135.00406931928205,1241.132008374304,True,T_true
1000,95,true,mixed,135.0687541822213,1243.2066799746372,137.37110761830854,1246.2224567902842,True,T_true
1000,96,hapibd,ibd,143.71780614460266,1.5887124816544542,145.23343376937953,2.84641424901082,True,T_true
1000,96,true,ibd,124.94483547020087,0.7445430364748518,125.84732709402539,1.944652183047367,True,T_true
1000,96,none,snp,-4.395849493080604,1383.4969413063595,-0.8237260957948251,1387.7404352109775,False,T_alt1
1000,96,hapibd,mixed,146.04131714358041,1379.7678058551871,149.62111090824908,1384.6219244946544,True,T_true
1000,96,true,mixed,134.51753120502082,1383.8980638554478,135.90174075573296,1386.1756686988044,True,T_true
1000,97,hapibd,ibd,123.43467691485887,2.346450974368679,124.7859668238579,1.067355285656845,True,T_true
1000,97,true,ibd,108.24789059452968,0.28607372810637344,109.8263294566367,1.1351336862055064,True,T_true
1000,97,none,snp,-2.1215082224897728,1370.4223641070134,0.44597932753652003,1370.8905552559072,False,T_alt1
1000,97,hapibd,mixed,132.45084880321497,1367.170449158711,132.03127802459193,1370.0759764157688,True,T_true
1000,97,true,mixed,126.17636154749601,1367.5247557664377,125.88598995883802,1369.0798774985024,True,T_true
1000,98,hapibd,ibd,129.35986733531644,2.3757969107969643,131.38967193855473,4.134776241335203,True,T_true
1000,98,true,ibd,120.27977726043099,2.0122387864789175,121.35399253473201,2.751880351913826,True,T_true
1000,98,none,snp,-1.021456895771486,1383.0018847287665,1.1937051743956175,1383.20850794337,False,T_alt1
1000,98,hapibd,mixed,138.61059215981345,1378.8365031584246,138.42715267164414,1382.223662026417,True,T_true
1000,98,true,mixed,132.9119467410109,1380.8588240140252,135.70202428594158,1384.5652408119176,True,T_true
1000,99,hapibd,ibd,143.91215646043486,2.076498588944162,144.88526336847082,1.623694819143168,True,T_true
1000,99,true,ibd,147.4373849968066,0.42025791646068456,148.75317373113012,1.4144088009704774,True,T_true
1000,99,none,snp,-1.2167812131561178,1346.3173985778974,0.8819186683581393,1348.04381888493,False,T_alt1
1000,99,hapibd,mixed,150.36589305844322,1339.3311204738297,152.7561139025815,1342.0508004945377,True,T_true
1000,99,true,mixed,162.97089781316402,1343.179689094419,162.37462146814818,1345.0645302862067,True,T_true
