scenario,pool,replicate,source,variant,candidate,graph,reliable,best_order,lp_ibd,lp_snp,chi2_ibd,chi2_snp
growth,0,0,true,poisson_shared,g03_o1,3,False,True,-997.1020540711204,-130.7052364477081,5202235.943060828,354.2927712853666
growth,0,0,true,poisson_shared,g13_o1,13,False,True,-709.9189010317352,29.745910521319324,404141.8273368487,33.390477347266845
growth,0,0,true,poisson_shared,g07_o1,7,False,True,-690.7397567795783,-82.96306567816666,26179.43551220974,258.80842974614745
growth,0,0,true,poisson_shared,g17_o1,17,False,True,-289.14116141822035,-47.978369349850304,577.5310465371678,188.83903708955773
growth,0,0,true,poisson_shared,g06_o1,6,False,True,-696.6589673896109,-85.5590588189844,18866.61324112881,264.0004160278979
growth,0,0,true,poisson_shared,g22_o1,22,False,True,-193.46266382664726,44.15532906682189,111.6039090005558,4.571640256271316
growth,0,0,true,poisson_shared,g16_o1,16,False,False,-300.54992397677415,-104.82269572853889,354.8872015207316,302.52768984672144
growth,0,0,true,poisson_shared,g02_o1,2,False,True,-1012.1713697401217,-158.1901029491827,1481642.1672845646,409.26250428835266
growth,0,0,true,poisson_shared,g12_o1,12,False,True,-942.1377431597703,-87.5316801739612,40097317.043216094,267.9456587376335
growth,0,0,true,poisson_shared,g15_o2,15,False,False,-204.19544216422656,42.71337416684606,144.28131008134304,7.455550056232704
growth,0,0,true,poisson_shared,g21_o2,21,False,True,-620.4067395921933,-74.23749301519837,4467.34756526327,241.35728442031456
growth,0,0,true,poisson_shared,g09_o1,9,False,True,-228.95647747672518,-18.658896392974697,225.5802821299833,130.2000911755449
growth,0,0,true,poisson_shared,g19_o1,19,False,True,-299.64756757430274,-112.88132135341584,315.78587722863733,318.6449410970496
growth,0,0,true,poisson_shared,g08_o1,8,False,True,-965.4521878935336,-140.76364137774834,2252152.0987686557,374.40958114548016
growth,0,0,true,poisson_shared,g18_o1,18,False,True,-574.0097492993905,-68.81071450188944,1273.1588842397557,230.50372739357258
growth,0,0,true,poisson_shared,g16_o2,16,False,True,-294.43672381346994,-113.21291482188629,330.5027586451822,319.30812803342315
growth,0,0,true,poisson_shared,g22_o2,22,False,False,-206.13161995392778,43.106266542619075,157.02158313718647,6.669765304673973
growth,0,0,true,poisson_shared,g12_o2,12,False,False,-1021.7576302204458,-142.35594614556146,6024883.513568503,377.5941906802503
growth,0,0,true,poisson_shared,g05_o1,5,False,True,-284.0714529306693,-51.98090377099123,514.8270293173857,196.8441059318235
growth,0,0,true,poisson_shared,g21_o1,21,False,False,-715.1374939342547,-67.41397635254037,23563.58343599544,227.71025109474994
growth,0,0,true,poisson_shared,g09_o2,9,False,False,-287.6586906321347,-47.82843854274755,554.1935041062573,188.53917547559183
growth,0,0,true,poisson_shared,g15_o1,15,False,True,-197.515138298182,45.001365666872054,114.84029112032746,2.8795670561843267
growth,0,0,true,poisson_shared,g01_o1,1,False,True,-311.2139234582242,-102.11780433831677,460.2256294656533,297.1179070664775
growth,0,0,true,poisson_shared,g11_o1,11,False,True,-215.62312849592828,44.68630331536242,208.25535579522486,3.509691759148187
growth,0,0,true,poisson_shared,g10_o1,10,False,True,-211.87668059300904,44.19533597463741,193.52095740180783,4.491626440636587
growth,0,0,true,poisson_shared,g04_o1,4,False,True,-281.38070800868354,-46.9079682671964,503.8245719517191,186.69823492432195
growth,0,0,true,poisson_shared,g20_o1,20,False,True,-718.2533217814098,-92.82709824452654,53068.034859297695,278.5364948790076
growth,0,0,true,poisson_shared,g08_o2,8,False,False,-993.2161831619959,-124.46311651061698,1955440.3386001897,341.8085314113282
growth,0,0,true,poisson_shared,g14_o1,14,False,True,-697.1811839791235,25.124257424615703,268734.48357461963,42.633783540677534
growth,0,0,true,poisson_separate,g03_o1,3,False,True,-540.4820222530567,19.901242364994694,943.643726981652,53.07981365996443
growth,0,0,true,poisson_separate,g13_o1,13,False,True,-541.4353756964609,20.8614581503726,956.4382943199413,51.159382089194196
growth,0,0,true,poisson_separate,g07_o1,7,False,True,-522.8350144820794,18.838352950096816,906.3529869971896,55.205592489706106
growth,0,0,true,poisson_separate,g17_o1,17,False,True,-209.48448698373804,19.647818184154374,142.7383075933333,53.58666202160387
growth,0,0,true,poisson_separate,g06_o1,6,False,True,-522.2120035121102,20.84322491616496,907.4154784055521,51.195848557574934
growth,0,0,true,poisson_separate,g22_o1,22,False,False,-191.19410707038116,44.2922131870242,110.2692722190884,4.2978720158350265
growth,0,0,true,poisson_separate,g16_o1,16,False,True,-215.02507474350625,20.358482582473385,148.1896879732823,52.16533322495238
growth,0,0,true,poisson_separate,g02_o1,2,False,True,-540.2955925966386,19.44859411784962,975.0191385270708,53.98511015420765
growth,0,0,true,poisson_separate,g12_o1,12,False,False,-541.9178013796331,19.65045857259757,960.2920688826887,53.58138124478326
growth,0,0,true,poisson_separate,g15_o2,15,False,True,-201.34311434506523,44.07840817678446,131.2926680850098,4.725482036276063
growth,0,0,true,poisson_separate,g21_o2,21,False,True,-543.1818000887121,20.282590405724783,1075.2465071869,52.31711757846203
growth,0,0,true,poisson_separate,g09_o1,9,False,False,-209.6211773287867,20.800403948706542,143.16656275940545,51.28149049247076
growth,0,0,true,poisson_separate,g19_o1,19,False,True,-215.1813857016647,19.776202498990543,152.91300001857283,53.32989339201708
growth,0,0,true,poisson_separate,g08_o1,8,False,True,-519.7049850014685,22.90584251227163,871.1640535113899,47.07061336543467
growth,0,0,true,poisson_separate,g18_o1,18,False,True,-522.0952323555547,18.18735463759542,913.7146721526756,56.507589114736625
growth,0,0,true,poisson_separate,g16_o2,16,False,False,-214.49506142816017,20.588218407417973,150.59069920211817,51.70586157506298
growth,0,0,true,poisson_separate,g22_o2,22,False,True,-202.621561663087,46.312617202210106,140.63518729710654,0.2570639854740457
growth,0,0,true,poisson_separate,g12_o2,12,False,True,-545.1841891673321,21.017660037089893,923.023971701782,50.8469783158197
growth,0,0,true,poisson_separate,g05_o1,5,False,True,-210.5116084582051,19.565749208705302,142.38964813167425,53.75079997248881
growth,0,0,true,poisson_separate,g21_o1,21,False,False,-520.2142494410605,21.208138385749955,884.5863621100698,50.46602161839342
growth,0,0,true,poisson_separate,g09_o2,9,False,True,-210.64672388249826,18.914935270145477,151.1856045657417,55.052427849617395
growth,0,0,true,poisson_separate,g15_o1,15,False,False,-194.3676285524084,44.35469774921948,116.97776890348021,4.172902891486971
growth,0,0,true,poisson_separate,g01_o1,1,False,True,-217.20767263989592,19.99964626742293,158.5716278395084,52.88300585505744
growth,0,0,true,poisson_separate,g11_o1,11,False,True,-208.14942047337036,45.02064917125129,141.9662756020804,2.8410000473930355
growth,0,0,true,poisson_separate,g10_o1,10,False,True,-209.32518012030172,43.73799444527255,139.3465575708808,5.406309499393821
growth,0,0,true,poisson_separate,g04_o1,4,False,True,-211.6028145836296,19.179682065590946,153.2121631805717,54.52293425862726
growth,0,0,true,poisson_separate,g20_o1,20,False,True,-542.3465390262157,19.933545880672064,1104.7864530415557,53.01520662851636
growth,0,0,true,poisson_separate,g08_o2,8,False,False,-545.7125981538287,20.680954916852322,1003.6446340546315,51.520388556204054
growth,0,0,true,poisson_separate,g14_o1,14,False,True,-540.8547595121566,18.701738533655284,966.8441810611182,55.478821322646525
growth,0,0,hapibd,poisson_shared,g03_o1,3,False,True,-996.9356342016738,-126.99762233161661,6614192.569672283,346.87754305327246
growth,0,0,hapibd,poisson_shared,g13_o1,13,False,True,-690.6225796128458,23.644436453214333,328101.7406418126,45.59342548347359
growth,0,0,hapibd,poisson_shared,g07_o1,7,False,True,-694.4309175369638,-71.74577190739338,25885.45655855006,236.37384220462857
growth,0,0,hapibd,poisson_shared,g17_o1,17,False,True,-285.97823435578056,-47.864257478413535,558.3641765675872,188.61081334675436
growth,0,0,hapibd,poisson_shared,g06_o1,6,False,True,-689.3250102609735,-84.02880928992163,21170.25515040177,260.939916970026
growth,0,0,hapibd,poisson_shared,g22_o1,22,False,True,-193.4804687178549,44.9245042506402,113.30915766237104,3.033289888578688
growth,0,0,hapibd,poisson_shared,g16_o1,16,False,False,-299.64378678344553,-105.22492289158373,345.80292217462227,303.33214417306846
growth,0,0,hapibd,poisson_shared,g02_o1,2,False,True,-1008.0190176606809,-161.83603419995535,1860611.4816654408,416.55436678982335
growth,0,0,hapibd,poisson_shared,g12_o1,12,False,True,-943.8718333119093,-84.99198545584376,50356783.62857323,262.8662693015817
growth,0,0,hapibd,poisson_shared,g15_o2,15,False,False,-207.31309415537717,43.65703518799525,153.53542253582185,5.568228013921106
growth,0,0,hapibd,poisson_shared,g21_o2,21,False,True,-716.8896420083905,-80.80763451510776,61514.430118023236,254.49756742020588
growth,0,0,hapibd,poisson_shared,g09_o1,9,False,True,-224.8871852945773,-23.420675022646034,207.58263530683854,139.72364843526668
growth,0,0,hapibd,poisson_shared,g19_o1,19,False,True,-294.3483637101273,-105.59741782188928,384.2863622486016,304.0771340333526
growth,0,0,hapibd,poisson_shared,g08_o1,8,False,True,-959.8207770553768,-136.2306230009106,2538236.1560524455,365.3435443918958
growth,0,0,hapibd,poisson_shared,g18_o1,18,False,True,-614.684356260735,-89.65117969631417,1652.8469028414756,272.1846577822333
growth,0,0,hapibd,poisson_shared,g16_o2,16,False,True,-294.0069983785363,-112.83671257732894,339.9261697942676,318.55572354438686
growth,0,0,hapibd,poisson_shared,g22_o2,22,False,False,-207.12209252937055,45.226372206837404,150.00017646681505,2.4295539761891014
growth,0,0,hapibd,poisson_shared,g12_o2,12,False,False,-1007.9501226293497,-124.18039543797902,4857533.918196869,341.2430892660122
growth,0,0,hapibd,poisson_shared,g05_o1,5,False,True,-279.7495057616168,-53.82792931763036,504.9092325696982,200.53815702519572
growth,0,0,hapibd,poisson_shared,g21_o1,21,False,False,-695.8907209226988,-74.03319506289888,29780.182008013868,240.94868851542483
growth,0,0,hapibd,poisson_shared,g09_o2,9,False,False,-280.4725866580561,-54.214557639486486,531.8077189499976,201.31141366892516
growth,0,0,hapibd,poisson_shared,g15_o1,15,False,True,-192.8680825852719,45.21270510390001,114.61289043285274,2.456888182124211
growth,0,0,hapibd,poisson_shared,g01_o1,1,False,True,-308.92028246597033,-100.46091584116073,439.00628377281396,293.80413007223643
growth,0,0,hapibd,poisson_shared,g11_o1,11,False,True,-208.53504871207898,44.48948808404531,174.6607771229858,3.9033222218808064
growth,0,0,hapibd,poisson_shared,g10_o1,10,False,True,-203.92134007580944,43.80004792387281,149.82889505113002,5.2822025421491725
growth,0,0,hapibd,poisson_shared,g04_o1,4,False,True,-284.599520357333,-39.64465363914232,533.7983592421353,172.17160566829136
growth,0,0,hapibd,poisson_shared,g20_o1,20,False,True,-709.7791951154368,-90.61364734467452,63180.07913910579,274.10959307919995
growth,0,0,hapibd,poisson_shared,g08_o2,8,False,False,-1045.7158010016165,19.347197478593205,1437.9024566454184,54.18790343282221
growth,0,0,hapibd,poisson_shared,g14_o1,14,False,True,-699.8187723033477,26.559143063744294,446562.8351737945,39.764012262464924
growth,0,0,hapibd,poisson_separate,g03_o1,3,False,True,-528.5971476019163,20.451176239511156,984.91490492295,51.97994591082992
growth,0,0,hapibd,poisson_separate,g13_o1,13,False,True,-528.2436155780978,14.308441890610947,906.0029757855125,64.26541460868172
growth,0,0,hapibd,poisson_separate,g07_o1,7,False,True,-532.3193834719162,18.834515321627702,1285.2899519029158,55.21326774672375
growth,0,0,hapibd,poisson_separate,g17_o1,17,False,True,-206.63360485740432,20.376709404796607,135.25200883585896,52.12887958030642
growth,0,0,hapibd,poisson_separate,g06_o1,6,False,True,-513.3167042288123,19.568787858582898,927.3545505550211,53.74472267273625
growth,0,0,hapibd,poisson_separate,g22_o1,22,False,False,-190.00266293085687,46.0009881395191,115.77692224862867,0.8803221108736857
growth,0,0,hapibd,poisson_separate,g16_o1,16,False,True,-214.2618241105853,19.024464467386487,150.10806852790452,54.83336945515224
growth,0,0,hapibd,poisson_separate,g02_o1,2,False,True,-528.8629690526798,19.822512545030243,972.8845653493231,53.23727329977747
growth,0,0,hapibd,poisson_separate,g12_o1,12,False,True,-529.8007413359919,21.11119418168254,1031.7810476668685,50.65991002658849
growth,0,0,hapibd,poisson_separate,g15_o2,15,False,False,-205.4670354775761,45.44308535760002,150.10083973167787,1.9961276747037395
growth,0,0,hapibd,poisson_separate,g21_o2,21,False,True,-532.114148108697,19.858989812460138,974.382572008929,53.16431876497816
growth,0,0,hapibd,poisson_separate,g09_o1,9,False,False,-207.16952144307746,20.300604059343478,144.75478399718804,52.281090271137415
growth,0,0,hapibd,poisson_separate,g19_o1,19,False,True,-213.57339107053085,20.86122020764067,144.37145203636413,51.15985797465532
growth,0,0,hapibd,poisson_separate,g08_o1,8,False,True,-505.4598273405434,22.451032985864153,898.549360082266,47.98023241816653
growth,0,0,hapibd,poisson_separate,g18_o1,18,False,True,-510.54648990667505,19.668831638836068,860.8603998375079,53.544635112255804
growth,0,0,hapibd,poisson_separate,g16_o2,16,False,False,-212.0947357952454,20.434163914343607,151.6999395509496,52.01397056124236
growth,0,0,hapibd,poisson_separate,g22_o2,22,False,True,-204.69311598141226,45.56497784393417,140.47385786806217,1.7523427020401539
growth,0,0,hapibd,poisson_separate,g12_o2,12,False,False,-533.9311121129804,19.113172544370986,988.2405225965283,54.655953301163265
growth,0,0,hapibd,poisson_separate,g05_o1,5,False,True,-209.65786208540547,18.316493799612807,153.29256144987235,56.24931079069002
growth,0,0,hapibd,poisson_separate,g21_o1,21,False,False,-510.5199140105366,20.111366431507776,927.3381065021349,52.659565526913575
growth,0,0,hapibd,poisson_separate,g09_o2,9,False,True,-206.68712131178225,20.195279479888512,150.6247411513088,52.491739430097034
growth,0,0,hapibd,poisson_separate,g15_o1,15,False,True,-192.4894899597181,44.809217141861566,114.88595768184499,3.2638641062180653
growth,0,0,hapibd,poisson_separate,g01_o1,1,False,True,-213.26398274211564,20.499463534271822,151.0693586787161,51.88337132136232
growth,0,0,hapibd,poisson_separate,g11_o1,11,False,True,-205.65222505836036,45.20979484069533,133.598567707341,2.4627087084646773
growth,0,0,hapibd,poisson_separate,g10_o1,10,False,True,-203.19000918725942,41.60169115119247,141.1456088478233,9.678916087564732
growth,0,0,hapibd,poisson_separate,g04_o1,4,False,True,-205.73748945232313,19.666939793762985,146.85020212448802,53.54841880237896
growth,0,0,hapibd,poisson_separate,g20_o1,20,False,True,-532.4435805398632,19.313656285702514,857.2258973571209,54.25498581858115
growth,0,0,hapibd,poisson_separate,g08_o2,8,False,False,-537.5630715916694,20.795110725720956,1016.0552205866267,51.29207693855106
growth,0,0,hapibd,poisson_separate,g14_o1,14,False,True,-530.1026781091359,19.887461312129226,964.8463981346617,53.10737576568503
growth,0,1,true,poisson_shared,g03_o1,3,False,True,-1012.5889317824749,-139.96265237225902,8099222.84061857,372.6990907066511
growth,0,1,true,poisson_shared,g13_o1,13,False,True,-690.0105607892012,33.0682971954619,349747.8448699403,26.637191571354464
growth,0,1,true,poisson_shared,g07_o1,7,False,True,-703.2569844079931,-73.32756544553946,36314.13830715375,239.42891685321516
growth,0,1,true,poisson_shared,g17_o1,17,False,True,-290.6605661467673,-52.35867189459436,559.896993549818,197.49112975154947
growth,0,1,true,poisson_shared,g06_o1,6,False,True,-683.9900377856001,-98.33352377272627,30044.593563661194,289.44083350784507
growth,0,1,true,poisson_shared,g22_o1,22,False,True,-195.78996868531706,42.98739345357458,108.73668570489389,6.798999055127682
growth,0,1,true,poisson_shared,g16_o1,16,False,False,-301.52547396939065,-97.35924834035788,336.95605684359816,287.49228264336716
growth,0,1,true,poisson_shared,g02_o1,2,False,True,-1033.1593628056896,-160.80038163835718,2362372.7112864573,414.37454923897553
growth,0,1,true,poisson_shared,g12_o1,12,False,True,-948.8299449930333,-86.86965149114305,109632491.24631563,266.51308894437744
growth,0,1,true,poisson_shared,g15_o2,15,False,False,-207.89891927209857,42.43032564106527,136.23248291000104,7.913134680158029
growth,0,1,true,poisson_shared,g21_o2,21,False,False,-612.4413859294204,-51.42342376116059,1886.789982434549,195.62063348455516
growth,0,1,true,poisson_shared,g09_o1,9,False,False,-223.08133845590487,-18.773945568193042,186.80325776507192,130.32167709874878
growth,0,1,true,poisson_shared,g19_o1,19,False,True,-295.09330665603426,-112.4391305438075,285.5354292151139,317.6520470505414
growth,0,1,true,poisson_shared,g08_o1,8,False,False,-993.3051692637,-136.66018280116458,3894521.9494883744,366.09415156490974
growth,0,1,true,poisson_shared,g18_o1,18,False,True,-576.2092165670995,-63.58802116794468,1289.4471842002167,219.9498282981999
growth,0,1,true,poisson_shared,g16_o2,16,False,True,-294.91509385257467,-105.32416367084247,323.29992588775167,303.4221133036928
growth,0,1,true,poisson_shared,g22_o2,22,False,False,-208.48265406721788,44.1634566283167,144.3955424152685,4.446872705596501
growth,0,1,true,poisson_shared,g12_o2,12,False,False,-978.1051739728703,-36.71772878021278,1338.7447264060374,166.2092435226706
growth,0,1,true,poisson_shared,g05_o1,5,False,True,-292.50691023707157,-49.432268361095126,506.5562691635183,191.63832268441288
growth,0,1,true,poisson_shared,g21_o1,21,False,True,-603.4391356616067,-54.35557756434373,1222.098044146409,201.48494109108876
growth,0,1,true,poisson_shared,g09_o2,9,False,True,-284.2626788487684,-57.521490512800945,494.4271005707924,207.8167669877969
growth,0,1,true,poisson_shared,g15_o1,15,False,True,-196.3168218776839,45.29559816760644,109.92480040390868,2.1825896270736953
growth,0,1,true,poisson_shared,g01_o1,1,False,True,-307.2821577178846,-98.4298255462301,418.1756577641184,289.63343705473596
growth,0,1,true,poisson_shared,g11_o1,11,False,True,-214.5260145015319,44.833092898417604,182.74346470124974,3.107600165410255
growth,0,1,true,poisson_shared,g10_o1,10,False,True,-209.92834082866307,44.14014456792398,164.299179224746,4.493496826387581
growth,0,1,true,poisson_shared,g04_o1,4,False,True,-294.8217618825133,-40.01465498365502,513.8589276239238,172.8030959295251
growth,0,1,true,poisson_shared,g20_o1,20,False,True,-727.9110872987053,-76.98069331207647,93475.59424022486,246.73517258677742
growth,0,1,true,poisson_shared,g08_o2,8,False,True,-1015.1643339301247,20.285043794912657,1441.4929106773652,52.203698372376174
growth,0,1,true,poisson_shared,g14_o1,14,False,True,-681.7244512254284,26.946126385925133,303401.3216592293,38.88153319037049
growth,0,1,true,poisson_separate,g03_o1,3,False,True,-535.5682610168183,25.120398405968583,960.5895229179314,42.53298915024921
growth,0,1,true,poisson_separate,g13_o1,13,False,True,-537.1291717476221,18.94451466477958,1061.3941947323078,54.884756632744185
growth,0,1,true,poisson_separate,g07_o1,7,False,True,-525.259908292863,23.155744243230018,981.5708773270251,46.46229747574047
growth,0,1,true,poisson_separate,g17_o1,17,False,True,-210.7047008648874,23.84561633150023,134.83313953073073,45.0825532992159
growth,0,1,true,poisson_separate,g06_o1,6,False,True,-520.7113008901326,21.8976136822308,886.7135712050507,48.97855859774247
growth,0,1,true,poisson_separate,g22_o1,22,False,False,-192.78885429565827,44.59343961075525,108.80938192496045,3.5869067406974953
growth,0,1,true,poisson_separate,g16_o1,16,False,False,-217.24634490442978,23.754452761200476,144.29693281591747,45.26488043984168
growth,0,1,true,poisson_separate,g02_o1,2,False,True,-534.467617095226,21.600022272106283,938.9470601848222,49.5737414180054
growth,0,1,true,poisson_separate,g12_o1,12,False,False,-536.7941498036571,23.680572375400832,1020.3979823123957,45.41264121141421
growth,0,1,true,poisson_separate,g15_o2,15,False,True,-204.74253650316723,44.54682876177013,127.51618912641668,3.6801284386793505
growth,0,1,true,poisson_separate,g21_o2,21,False,True,-537.057421378404,22.69676041429011,944.0306402363001,47.38026513362728
growth,0,1,true,poisson_separate,g09_o1,9,False,False,-212.4836554222914,24.332794211064417,147.1798388144428,44.108197540139074
growth,0,1,true,poisson_separate,g19_o1,19,False,True,-214.77881726817407,24.267254879959907,142.71868461388016,44.239276202279854
growth,0,1,true,poisson_separate,g08_o1,8,False,True,-521.3471201523603,23.83253646758714,928.7476834449607,45.108713027023754
growth,0,1,true,poisson_separate,g18_o1,18,False,True,-519.5617364657315,20.921552113116537,870.4108626647807,50.93068173602937
growth,0,1,true,poisson_separate,g16_o2,16,False,True,-218.80472090623508,23.105557345928567,140.71768769296108,46.56267127034199
growth,0,1,true,poisson_separate,g22_o2,22,False,True,-202.5343657974345,45.561669524272425,127.01469148896783,1.6504469136519508
growth,0,1,true,poisson_separate,g12_o2,12,False,True,-538.1648290037804,22.882621418386677,928.1057908057126,47.00854312542181
growth,0,1,true,poisson_separate,g05_o1,5,False,True,-213.35036348007486,24.02697594593688,137.65864490755348,44.719834070398086
growth,0,1,true,poisson_separate,g21_o1,21,False,False,-517.7566403725709,21.404586772494262,865.0990485121157,49.96461241721384
growth,0,1,true,poisson_separate,g09_o2,9,False,True,-209.16168206835738,23.039002659350494,135.72582232674867,46.69578064351232
growth,0,1,true,poisson_separate,g15_o1,15,False,False,-193.08462947765045,44.82602036182947,110.05219163874304,3.1217452385988835
growth,0,1,true,poisson_separate,g01_o1,1,False,True,-217.55623091749192,23.365220514883344,141.20861981685582,46.04334493250601
growth,0,1,true,poisson_separate,g11_o1,11,False,True,-212.29798273043184,45.21069906023331,136.2130872003429,2.3523878417225257
growth,0,1,true,poisson_separate,g10_o1,10,False,True,-211.78626296916977,44.755584430423184,139.93948588595578,3.2626171013517427
growth,0,1,true,poisson_separate,g04_o1,4,False,True,-211.06846199221673,20.968355275701533,137.40230206592045,50.83707541079724
growth,0,1,true,poisson_separate,g20_o1,20,False,True,-538.0790115537576,24.92842104623304,982.7956273641826,42.91694386982297
growth,0,1,true,poisson_separate,g08_o2,8,False,False,-542.1263724328201,21.414026570015306,1016.0593686036177,49.945732822264745
growth,0,1,true,poisson_separate,g14_o1,14,False,True,-538.0149513190258,23.727358060826283,866.0992004313887,45.31906984064374
growth,0,1,hapibd,poisson_shared,g03_o1,3,False,True,-986.8886603912201,-135.2446746048322,12129956.425736047,363.263135171779
growth,0,1,hapibd,poisson_shared,g13_o1,13,False,True,-661.0008961994404,31.34252027181934,394078.05973064364,30.088745418623976
growth,0,1,hapibd,poisson_shared,g07_o1,7,False,True,-670.1511873468395,-75.38967434057143,38099.09984966794,243.55313464317084
growth,0,1,hapibd,poisson_shared,g17_o1,17,False,True,-301.3871707679913,-53.2128172178341,652.6209292746416,199.1994203979475
growth,0,1,hapibd,poisson_shared,g06_o1,6,False,True,-678.4020709022565,-80.38597930658737,34012.81379190617,253.5457445756401
growth,0,1,hapibd,poisson_shared,g22_o1,22,False,True,-198.28280244313527,44.64701260439798,119.05141105807654,3.479760753494893
growth,0,1,hapibd,poisson_shared,g16_o1,16,False,False,-294.7051522070953,-108.59430114589071,320.77642427848934,309.9623882542122
growth,0,1,hapibd,poisson_shared,g02_o1,2,False,True,-998.0364221035028,-167.4185843608006,3592270.9796286896,427.61095468334514
growth,0,1,hapibd,poisson_shared,g12_o1,12,False,True,-923.6685754183895,-76.17766336780714,194174633.17272538,245.12911269750438
growth,0,1,hapibd,poisson_shared,g15_o2,15,False,False,-211.15654022196077,42.112474256125125,151.50137688995443,8.548837449970398
growth,0,1,hapibd,poisson_shared,g21_o2,21,False,True,-590.9920053838049,-63.90246405881225,7176.095917081786,220.57871407980485
growth,0,1,hapibd,poisson_shared,g09_o1,9,False,True,-231.00423473939287,-11.404957910140773,212.30844234898547,115.58370178228527
growth,0,1,hapibd,poisson_shared,g19_o1,19,False,True,-285.7281471904357,-118.45214847576747,272.8706523505317,329.67808291446784
growth,0,1,hapibd,poisson_shared,g08_o1,8,False,True,-989.7486364246829,23.35059886196637,1419.4821499956206,46.07258823833594
growth,0,1,hapibd,poisson_shared,g18_o1,18,False,True,-569.4945883570718,-68.94805810275145,2068.123697541986,230.66990216780783
growth,0,1,hapibd,poisson_shared,g16_o2,16,False,True,-293.4270199368933,-110.42132843117196,311.88132900973613,313.61644282476186
growth,0,1,hapibd,poisson_shared,g22_o2,22,False,False,-210.17164189481775,41.98377515909712,150.1706183252697,8.8062356440232
growth,0,1,hapibd,poisson_shared,g12_o2,12,False,False,-964.4149219489594,-26.699637601494533,1320.8287513863183,146.17306116513518
growth,0,1,hapibd,poisson_shared,g05_o1,5,False,True,-303.12182958466144,-50.30501620887653,647.7658033240996,193.383818380245
growth,0,1,hapibd,poisson_shared,g21_o1,21,False,False,-673.8828845707458,-75.55225843813028,41338.83054739591,243.8783028384265
growth,0,1,hapibd,poisson_shared,g09_o2,9,False,False,-297.58761212474707,-49.90731868757466,583.1276100339971,192.58842333737311
growth,0,1,hapibd,poisson_shared,g15_o1,15,False,True,-197.70002268709737,42.60164725757039,115.66194857868703,7.570491447146142
growth,0,1,hapibd,poisson_shared,g01_o1,1,False,True,-311.9011750551298,-98.94015407710168,468.0497504806331,290.6540941164743
growth,0,1,hapibd,poisson_shared,g11_o1,11,False,True,-218.73355886660823,44.42287239702615,214.2215481809931,3.928041168223588
growth,0,1,hapibd,poisson_shared,g10_o1,10,False,True,-215.9339488390725,43.53672708498148,175.37067387463412,5.700331792282596
growth,0,1,hapibd,poisson_shared,g04_o1,4,False,True,-294.4197972962895,-46.13602395192274,542.980193765425,185.04583386616474
growth,0,1,hapibd,poisson_shared,g20_o1,20,False,True,-692.3109837514394,-84.2085596689817,74215.80846994529,261.1909053000343
growth,0,1,hapibd,poisson_shared,g08_o2,8,False,False,-996.4999938271692,21.754989611088916,1413.8632225234073,49.26380674006438
growth,0,1,hapibd,poisson_shared,g14_o1,14,False,True,-661.3915737395246,29.073749249606927,605482.8132538506,34.62628746301204
growth,0,1,hapibd,poisson_separate,g03_o1,3,False,True,-512.4021731068016,24.188287512913632,904.5721496147162,44.397210936397386
growth,0,1,hapibd,poisson_separate,g13_o1,13,False,True,-512.6452318664557,23.27626036682873,883.0487427828607,46.221265228587555
growth,0,1,hapibd,poisson_separate,g07_o1,7,False,True,-499.35142241510505,23.289468436489393,865.5146516586962,46.194849089218586
growth,0,1,hapibd,poisson_separate,g17_o1,17,False,True,-215.8378276495294,21.420506602246945,140.10576606157403,49.93277275770891
growth,0,1,hapibd,poisson_separate,g06_o1,6,False,True,-499.87229046873296,24.11670000302869,868.6588523481294,44.54038595616682
growth,0,1,hapibd,poisson_separate,g22_o1,22,False,False,-194.54034130334162,42.614398992142654,111.35959563219001,7.544987977935291
growth,0,1,hapibd,poisson_separate,g16_o1,16,False,True,-217.99460168119657,22.621211206788615,143.3647709866155,47.53136354869516
growth,0,1,hapibd,poisson_separate,g02_o1,2,False,True,-513.2097814811746,25.08236379904386,865.0630636716301,42.60905836411334
growth,0,1,hapibd,poisson_separate,g12_o1,12,False,True,-513.120074547835,22.452264259169738,915.5726122389489,47.8692574439534
growth,0,1,hapibd,poisson_separate,g15_o2,15,False,True,-209.4393962083447,44.190082455851794,137.87937949365414,4.393621050495499
growth,0,1,hapibd,poisson_separate,g21_o2,21,False,False,-517.7864712927301,21.826862235166033,927.9120269113794,49.12006149194512
growth,0,1,hapibd,poisson_separate,g09_o1,9,False,False,-214.83797334375237,22.809954379346163,144.99527064150925,47.153877203509936
growth,0,1,hapibd,poisson_separate,g19_o1,19,False,True,-215.21304748300878,24.09052239613707,139.85581510366538,44.592741169936794
growth,0,1,hapibd,poisson_separate,g08_o1,8,False,True,-513.8881866681174,23.362520931935777,881.9056482174655,46.04874409833257
growth,0,1,hapibd,poisson_separate,g18_o1,18,False,True,-498.2247710524316,20.647591041899847,822.0695297758384,51.47860387840293
growth,0,1,hapibd,poisson_separate,g16_o2,16,False,False,-217.18683752496185,22.858519539472944,147.90299495367864,47.05674688324988
growth,0,1,hapibd,poisson_separate,g22_o2,22,False,True,-210.13075980991158,43.627823538525774,128.66738898961876,5.518138885197471
growth,0,1,hapibd,poisson_separate,g12_o2,12,False,False,-518.0926901246153,22.644944357476177,963.9752011114199,47.48389724732497
growth,0,1,hapibd,poisson_separate,g05_o1,5,False,True,-213.7777825737703,25.845988869148723,151.8863757189279,41.08180822400193
growth,0,1,hapibd,poisson_separate,g21_o1,21,False,True,-499.5711076493241,23.52825978362009,831.4143188177536,45.71726639490607
growth,0,1,hapibd,poisson_separate,g09_o2,9,False,True,-211.19314028219014,23.44080720028829,140.01117999005876,45.892171561712516
growth,0,1,hapibd,poisson_separate,g15_o1,15,False,False,-198.9285404626443,45.55628363101829,116.37529852319472,1.6612187001708958
growth,0,1,hapibd,poisson_separate,g01_o1,1,False,True,-215.56707232065668,22.23254691254953,149.62433813721105,48.30869213713213
growth,0,1,hapibd,poisson_separate,g11_o1,11,False,True,-209.7943040995416,44.79902047290666,137.52975593602474,3.175745016431247
growth,0,1,hapibd,poisson_separate,g10_o1,10,False,True,-208.50046366037915,44.697290279647106,136.823637862608,3.3792054029960257
growth,0,1,hapibd,poisson_separate,g04_o1,4,False,True,-214.0086258141681,24.12570302056683,143.3765092830208,44.5223799211514
growth,0,1,hapibd,poisson_separate,g20_o1,20,False,True,-515.2774458238777,24.89467728884483,879.3586589201699,42.984431384601535
growth,0,1,hapibd,poisson_separate,g08_o2,8,False,False,-517.1510824913111,25.44128282112789,857.1422385145978,41.89122031994611
growth,0,1,hapibd,poisson_separate,g14_o1,14,False,True,-513.6145063683801,24.229686378683557,908.0722396347419,44.31441320484632
growth,0,2,true,poisson_shared,g03_o1,3,False,True,-1036.5490934675415,-139.40219216234505,88286.82545352136,372.0094774254875
growth,0,2,true,poisson_shared,g13_o1,13,False,True,-718.6827873684634,28.9956471342262,10993.50643058021,35.213798832357384
growth,0,2,true,poisson_shared,g07_o1,7,False,True,-711.2392147730793,-85.54146474970207,3304.521799474246,264.2880226002757
growth,0,2,true,poisson_shared,g17_o1,17,False,True,-302.35986146011794,-52.07323396605059,456.5494840327761,197.3515610326804
growth,0,2,true,poisson_shared,g06_o1,6,False,True,-710.7530041511308,-95.38986210531161,2941.262476683405,283.984817311111
growth,0,2,true,poisson_shared,g22_o1,22,False,True,-194.896634222072,45.93326860752374,102.66586650755227,1.3385558857534205
growth,0,2,true,poisson_shared,g16_o1,16,False,False,-298.05380738114496,-101.72252489994267,319.448578973441,296.65014290076283
growth,0,2,true,poisson_shared,g02_o1,2,False,True,-1052.5270587401722,-161.3469081683129,32366.9160524529,415.8989094376275
growth,0,2,true,poisson_shared,g12_o1,12,False,True,-976.3205649707818,-93.37166721772451,510903.62396578933,279.9484275362349
growth,0,2,true,poisson_shared,g15_o2,15,False,False,-203.99764469271975,44.075190910906706,117.62111596845786,5.054711279001748
growth,0,2,true,poisson_shared,g21_o2,21,False,False,-735.4286748641076,-88.47191273075089,4575.102783783592,270.14891856231844
growth,0,2,true,poisson_shared,g09_o1,9,False,True,-230.90033323625303,-21.617905574481078,216.41877740011103,136.44090424983654
growth,0,2,true,poisson_shared,g19_o1,19,False,True,-295.90764893837945,-110.48990254846049,306.2882654133117,314.18489819812163
growth,0,2,true,poisson_shared,g08_o1,8,False,True,-1010.4186032831761,-136.26919617526613,43264.0429600106,365.7434854515507
growth,0,2,true,poisson_shared,g18_o1,18,False,True,-581.2073251244394,-75.26543939786109,980.5675658843106,243.73597189672014
growth,0,2,true,poisson_shared,g16_o2,16,False,True,-297.0669322181898,-105.42012051723785,310.0919606680997,304.0453341354859
growth,0,2,true,poisson_shared,g22_o2,22,False,False,-205.05809856211562,44.98918059120547,121.2538575124109,3.2267319183526744
growth,0,2,true,poisson_shared,g12_o2,12,False,False,-1049.2698785105374,-159.14962325407825,95602.98804965334,411.5043396100344
growth,0,2,true,poisson_shared,g05_o1,5,False,True,-293.0192716708765,-50.57875042601421,411.2579334998137,194.3625939527407
growth,0,2,true,poisson_shared,g21_o1,21,False,True,-722.6355633175699,-77.63075123416064,3425.732439486449,248.46659556911214
growth,0,2,true,poisson_shared,g09_o2,9,False,False,-291.30617732293206,-52.511700718365574,400.6703750326949,198.22849453746392
growth,0,2,true,poisson_shared,g15_o1,15,False,True,-191.75623813369606,44.799511731893986,96.30985725433445,3.6060696369876055
growth,0,2,true,poisson_shared,g01_o1,1,False,True,-309.02617876709814,-102.60482155291277,397.5465959041587,298.4147362064102
growth,0,2,true,poisson_shared,g11_o1,11,False,True,-219.90208726888903,44.86887919563447,213.30585844903948,3.4673347095470044
growth,0,2,true,poisson_shared,g10_o1,10,False,True,-228.53016528154143,43.33408107850849,287.96681804668185,6.536930943828229
growth,0,2,true,poisson_shared,g04_o1,4,False,True,-286.87057140908564,-48.63155160102299,398.05123165155544,190.46819630283977
growth,0,2,true,poisson_shared,g20_o1,20,False,True,-632.9236905567244,-69.39697508865049,1477.6094259758315,231.99904327798697
growth,0,2,true,poisson_shared,g08_o2,8,False,False,-1068.476796247648,16.757046836585534,1500.4381189754822,59.690999427630665
growth,0,2,true,poisson_shared,g14_o1,14,False,True,-719.0447784689527,31.729092402358656,10003.22665665866,29.746908295986145
growth,0,2,true,poisson_separate,g03_o1,3,False,True,-549.6574913385106,19.49254720263796,788.1504757334012,54.21999869553338
growth,0,2,true,poisson_separate,g13_o1,13,False,True,-553.7267206614995,18.27519115284882,797.8675828271234,56.65471079510643
growth,0,2,true,poisson_separate,g07_o1,7,False,True,-534.8344119492059,20.49607954282059,817.2551047298549,52.21293401513881
growth,0,2,true,poisson_separate,g17_o1,17,False,True,-210.24413713744246,19.721908064050588,139.73535696084454,53.76127697269585
growth,0,2,true,poisson_separate,g06_o1,6,False,True,-533.6664452827499,18.88149589431152,852.2386503944313,55.44210131212428
growth,0,2,true,poisson_separate,g22_o1,22,False,False,-191.92404049047033,45.089262250819274,96.17923423863188,3.0265685991712292
growth,0,2,true,poisson_separate,g16_o1,16,False,True,-216.81945097321483,20.790063282048255,157.09662712734098,51.62496653680307
growth,0,2,true,poisson_separate,g02_o1,2,False,True,-548.3071755007835,19.564847034564917,813.2576003312874,54.075399031674195
growth,0,2,true,poisson_separate,g12_o1,12,False,True,-550.6370779967157,18.94021963701887,817.5231719546236,55.32465382674804
growth,0,2,true,poisson_separate,g15_o2,15,False,True,-201.34038616172074,45.452017931318515,110.00351868174305,2.3010572381716257
growth,0,2,true,poisson_separate,g21_o2,21,False,True,-552.9046700591024,18.03167937727972,876.874430285064,57.1417343462455
growth,0,2,true,poisson_separate,g09_o1,9,False,False,-211.4705634641228,17.81018962447351,142.26052759523998,57.584713851788834
growth,0,2,true,poisson_separate,g19_o1,19,False,True,-214.735360737603,16.829311683066265,138.782217656061,59.54646973470648
growth,0,2,true,poisson_separate,g08_o1,8,False,True,-529.8945040152922,19.74460376324271,756.4389940364066,53.71588557431413
growth,0,2,true,poisson_separate,g18_o1,18,False,True,-529.8048921128011,19.584251801012865,773.069763152804,54.03658949883827
growth,0,2,true,poisson_separate,g16_o2,16,False,False,-217.68881874610932,18.456342773127123,136.9736396213412,56.29240755464428
growth,0,2,true,poisson_separate,g22_o2,22,False,True,-203.4205342557764,45.411813771832804,123.422709501503,2.3814655571425556
growth,0,2,true,poisson_separate,g12_o2,12,False,False,-556.8272946165954,16.708661625141065,830.7595053640537,59.787769850522366
growth,0,2,true,poisson_separate,g05_o1,5,False,True,-210.22287088052957,19.96797389932349,137.8569222899003,53.26914530214706
growth,0,2,true,poisson_separate,g21_o1,21,False,False,-534.0028160189431,18.09229669045296,801.4021519273033,57.02049971989575
growth,0,2,true,poisson_separate,g09_o2,9,False,True,-209.80620887639094,18.32764961781046,135.62671310703138,56.5497938651814
growth,0,2,true,poisson_separate,g15_o1,15,False,False,-192.38923093449566,44.01345787020939,94.30259650351539,5.178177360442665
growth,0,2,true,poisson_separate,g01_o1,1,False,True,-216.3081496828691,16.598984939123948,135.2294624782851,60.00712322245233
growth,0,2,true,poisson_separate,g11_o1,11,False,True,-212.7634436345778,44.462396758778766,131.66403317772446,4.280299583300156
growth,0,2,true,poisson_separate,g10_o1,10,False,True,-207.55915445918237,45.25282697590037,128.49133605887135,2.69943914900014
growth,0,2,true,poisson_separate,g04_o1,4,False,True,-211.55194348089992,17.56082568124863,140.15983598148995,58.08344173829996
growth,0,2,true,poisson_separate,g20_o1,20,False,True,-550.4013373455037,15.661358375295054,748.4269886922858,61.882376350313066
growth,0,2,true,poisson_separate,g08_o2,8,False,False,-553.7174910782993,19.74772443332445,849.1774122164873,53.70964423414601
growth,0,2,true,poisson_separate,g14_o1,14,False,True,-551.7066559725121,20.010934120198982,806.0836450136508,53.18322486041731
growth,0,2,hapibd,poisson_shared,g03_o1,3,False,True,-1038.139359377713,-137.4664133917634,112233.65244784873,368.1379198843274
growth,0,2,hapibd,poisson_shared,g13_o1,13,False,True,-721.7765681841906,27.636665360409037,14936.932836009426,37.931762379964
growth,0,2,hapibd,poisson_shared,g07_o1,7,False,True,-718.7031727577516,-76.57015882320866,3776.4689225385564,246.34541074743584
growth,0,2,hapibd,poisson_shared,g17_o1,17,False,True,-291.7849172030021,-54.70403586896235,410.2913350395147,202.61316483878056
growth,0,2,hapibd,poisson_shared,g06_o1,6,False,True,-715.4613152233121,-87.66539288147634,3536.6267857469393,268.53587886359475
growth,0,2,hapibd,poisson_shared,g22_o1,22,False,True,-197.9259997589254,44.27136684340326,105.7545001799174,4.662359413985221
growth,0,2,hapibd,poisson_shared,g16_o1,16,False,False,-295.7564083226475,-106.37903391782862,322.97098892530687,305.96316093643395
growth,0,2,hapibd,poisson_shared,g02_o1,2,False,True,-1050.8381138376917,-165.76447532346435,55018.832852900196,424.73404374751846
growth,0,2,hapibd,poisson_shared,g12_o1,12,False,True,-983.1360202176228,-88.57045404804626,588945.0166706794,270.34600119689446
growth,0,2,hapibd,poisson_shared,g15_o2,15,False,False,-214.09441173803538,44.40499775837527,138.67476505328128,4.395097584057487
growth,0,2,hapibd,poisson_shared,g21_o2,21,False,False,-617.3631655366813,-78.23259502902114,1264.4756672473068,249.67028315876905
growth,0,2,hapibd,poisson_shared,g09_o1,9,False,False,-224.45782119930047,-20.32245377405611,225.7395532227034,133.85000064894194
growth,0,2,hapibd,poisson_shared,g19_o1,19,False,True,-299.3304130239587,-105.54469137925746,317.9221519596533,304.2944758599707
growth,0,2,hapibd,poisson_shared,g08_o1,8,False,True,-1001.6430369485699,-144.24370272200628,64067.51848482521,381.6924985448523
growth,0,2,hapibd,poisson_shared,g18_o1,18,False,True,-583.84991347476,-69.82834442567665,981.6045710451443,232.86178195203684
growth,0,2,hapibd,poisson_shared,g16_o2,16,False,True,-295.7417174946399,-104.6000825832044,318.51384032575424,302.40525826708097
growth,0,2,hapibd,poisson_shared,g22_o2,22,False,False,-212.83034030387773,44.09136194457727,132.47491096037612,5.02236921163676
growth,0,2,hapibd,poisson_shared,g12_o2,12,False,False,-1051.349508731444,-34.72847152362297,1522.2732584115306,162.66203614823553
growth,0,2,hapibd,poisson_shared,g05_o1,5,False,True,-294.76768484872326,-51.912452400212544,428.0490274639317,197.0299979011006
growth,0,2,hapibd,poisson_shared,g21_o1,21,False,True,-716.6824860656011,-80.75530141693099,4258.239173770772,254.7156959344767
growth,0,2,hapibd,poisson_shared,g09_o2,9,False,True,-287.97972200059246,-54.18885021423152,399.46519062255595,201.5827935292491
growth,0,2,hapibd,poisson_shared,g15_o1,15,False,True,-196.31657501868634,46.44425523220033,104.29294905085113,0.31658263645041396
growth,0,2,hapibd,poisson_shared,g01_o1,1,False,True,-300.2502021254592,-106.19776111318794,384.06862007709964,305.6006153272058
growth,0,2,hapibd,poisson_shared,g11_o1,11,False,True,-224.52246670252475,44.60077074839213,371.6830292917434,4.003551603976069
growth,0,2,hapibd,poisson_shared,g10_o1,10,False,True,-210.0319546588497,44.075398901010416,169.10072946516632,5.054295298819283
growth,0,2,hapibd,poisson_shared,g04_o1,4,False,True,-283.07882412082466,-48.76530998001816,411.6767885508684,190.73571306077164
growth,0,2,hapibd,poisson_shared,g20_o1,20,False,True,-738.6495603356811,-86.41578337156318,5296.431051551503,266.03665984404046
growth,0,2,hapibd,poisson_shared,g08_o2,8,False,False,-1023.7865669835238,-141.33347417433944,48185.74353749817,375.872041449106
growth,0,2,hapibd,poisson_shared,g14_o1,14,False,True,-719.1462373116457,28.44743425828851,14899.715423796504,36.310224584216726
growth,0,2,hapibd,poisson_separate,g03_o1,3,False,True,-551.5893337432146,19.702569581709845,848.932721334965,53.799953937399536
growth,0,2,hapibd,poisson_separate,g13_o1,13,False,True,-550.9461499377051,20.853738210685542,771.6105530291347,51.4976166794286
growth,0,2,hapibd,poisson_separate,g07_o1,7,False,True,-532.481771753471,19.680518328459563,825.7608469213529,53.84405644396908
growth,0,2,hapibd,poisson_separate,g17_o1,17,False,True,-211.00658876078202,18.75759942677263,141.31626381175784,55.68989424728332
growth,0,2,hapibd,poisson_separate,g06_o1,6,False,True,-534.4635273348283,18.296901489335973,804.5709564583262,56.61129012213651
growth,0,2,hapibd,poisson_separate,g22_o1,22,False,False,-196.69715711421492,45.129147204878734,107.4940074715772,2.946798691051601
growth,0,2,hapibd,poisson_separate,g16_o1,16,False,True,-213.09580559166207,18.987931315293043,149.58490169674496,55.22923047020711
growth,0,2,hapibd,poisson_separate,g02_o1,2,False,True,-554.4678353050466,20.323924405790017,910.8082858670687,52.55724428928395
growth,0,2,hapibd,poisson_separate,g12_o1,12,False,True,-553.0236420483766,16.5051184788569,853.765846236975,60.19485614311232
growth,0,2,hapibd,poisson_separate,g15_o2,15,False,False,-210.81288355746975,43.65902793242889,136.60713975073205,5.887037235985928
growth,0,2,hapibd,poisson_separate,g21_o2,21,False,True,-553.7581856452013,18.418414827665746,852.2038571824344,56.368263445474724
growth,0,2,hapibd,poisson_separate,g09_o1,9,False,False,-208.2266282775735,18.732357789990868,137.31369357404836,55.74037752081339
growth,0,2,hapibd,poisson_separate,g19_o1,19,False,True,-215.59882201794176,18.337479593172716,141.47076075153865,56.530133914451184
growth,0,2,hapibd,poisson_separate,g08_o1,8,False,True,-533.4130557386572,18.393515192399864,809.206603820433,56.41806271598487
growth,0,2,hapibd,poisson_separate,g18_o1,18,False,True,-552.287338728664,18.100714360170333,824.362316052539,57.00366438046737
growth,0,2,hapibd,poisson_separate,g16_o2,16,False,False,-214.65841450054083,18.553841399747956,149.09489096020673,56.0974103013064
growth,0,2,hapibd,poisson_separate,g22_o2,22,False,True,-210.40437991457839,45.46810403240801,132.37017002614186,2.268885035980649
growth,0,2,hapibd,poisson_separate,g12_o2,12,False,False,-555.3500616269084,16.568650409135387,815.9500783283193,60.067792282439605
growth,0,2,hapibd,poisson_separate,g05_o1,5,False,True,-208.74610101852275,19.34265619614134,140.58626817514482,54.51978070853991
growth,0,2,hapibd,poisson_separate,g21_o1,21,False,False,-530.6502771331379,21.35093503741977,786.8767874323877,50.50322302605046
growth,0,2,hapibd,poisson_separate,g09_o2,9,False,True,-209.37424903950742,18.179823804234772,152.55454090974277,56.84544549234312
growth,0,2,hapibd,poisson_separate,g15_o1,15,False,True,-197.42040851127658,46.04656669006916,116.49797043378356,1.1119597206869052
growth,0,2,hapibd,poisson_separate,g01_o1,1,False,True,-214.15588804991762,19.479491143479756,149.16083902949362,54.24611081383039
growth,0,2,hapibd,poisson_separate,g11_o1,11,False,True,-206.99967556768334,44.3779194175241,137.77817865074013,4.4492542657802225
growth,0,2,hapibd,poisson_separate,g10_o1,10,False,True,-205.36713267366483,42.769158005243284,124.27669056167848,7.666777090270383
growth,0,2,hapibd,poisson_separate,g04_o1,4,False,True,-213.72914456001666,20.36574492589844,141.69390295203965,52.473603249100485
growth,0,2,hapibd,poisson_separate,g20_o1,20,False,True,-553.7521657851704,18.97040680593467,823.2153274475907,55.26427948894242
growth,0,2,hapibd,poisson_separate,g08_o2,8,False,False,-558.2022025950547,19.829491068411038,853.8234105069248,53.54611096396446
growth,0,2,hapibd,poisson_separate,g14_o1,14,False,True,-554.1959478270514,17.242404027626996,770.921860233296,58.72028504549483
growth,0,3,true,poisson_shared,g03_o1,3,False,True,-1015.9366463564552,-139.0736076696043,6306305.019657588,371.8364819920563
growth,0,3,true,poisson_shared,g13_o1,13,False,True,-689.9862041953179,30.587657811765872,322807.02812832023,32.513951029042005
growth,0,3,true,poisson_shared,g07_o1,7,False,True,-699.4998347374268,-94.41874845830253,25050.393849475142,282.52676356909694
growth,0,3,true,poisson_shared,g17_o1,17,False,True,-299.22873387330236,-70.4080936212655,649.8631705944671,234.50545389512598
growth,0,3,true,poisson_shared,g06_o1,6,False,True,-695.045961157359,-109.7064304061615,21010.058768562296,313.10212746501384
growth,0,3,true,poisson_shared,g22_o1,22,False,True,-195.57328576202946,45.69414774700784,116.62313016578128,2.300971158532837
growth,0,3,true,poisson_shared,g16_o1,16,False,True,-316.63753845560217,-119.54295355058377,403.3767841475717,332.7751737533408
growth,0,3,true,poisson_shared,g02_o1,2,False,True,-1028.5903245426234,-172.1314432754922,2014573.9439812794,437.9521532034951
growth,0,3,true,poisson_shared,g12_o1,12,False,True,-936.7897553686671,-100.38579458212212,106714004.65457064,294.4608558166944
growth,0,3,true,poisson_shared,g15_o2,15,False,False,-211.00107812767106,44.83938522516638,167.07325945505653,4.010496202147361
growth,0,3,true,poisson_shared,g21_o2,21,False,False,-719.8683340540908,-100.90086804592258,51839.80130760112,295.4910027441489
growth,0,3,true,poisson_shared,g09_o1,9,False,True,-235.01589435397784,-32.18114256627606,232.82506150067428,158.0515517851406
growth,0,3,true,poisson_shared,g19_o1,19,False,True,-322.86314858623496,-119.96483747144708,381.75002073117065,333.6189415956123
growth,0,3,true,poisson_shared,g08_o1,8,False,True,-979.589055677458,-158.76264951921425,2873537.730677074,411.21456569119493
growth,0,3,true,poisson_shared,g18_o1,18,False,True,-585.316144507291,-89.48193370697217,1344.8421375619105,272.65313406670003
growth,0,3,true,poisson_shared,g16_o2,16,False,False,-320.8582904766366,-116.98069101070524,416.30765250939214,327.6506486741057
growth,0,3,true,poisson_shared,g22_o2,22,False,False,-209.50910048147986,44.96394707223416,169.64972485251667,3.761372508087536
growth,0,3,true,poisson_shared,g12_o2,12,False,False,-1038.5670908393204,-151.33014937743476,11048251.279531954,396.3495654071169
growth,0,3,true,poisson_shared,g05_o1,5,False,True,-303.8594453143347,-62.82945935042656,590.3251064109086,219.3481853535106
growth,0,3,true,poisson_shared,g21_o1,21,False,True,-617.0086489642958,-123.47545681922891,1722.8740405228275,340.6401802905713
growth,0,3,true,poisson_shared,g09_o2,9,False,False,-305.765475496318,-60.843081110315744,619.3272686655687,215.3754288732809
growth,0,3,true,poisson_shared,g15_o1,15,False,True,-197.7259766874647,44.31974063989099,119.26350265213807,5.049785372797726
growth,0,3,true,poisson_shared,g01_o1,1,False,True,-327.18309718183536,-116.46315828517268,550.5621295463359,326.61558322248493
growth,0,3,true,poisson_shared,g11_o1,11,False,True,-217.61894210136603,44.2375249811869,224.0619730095556,5.214216690121328
growth,0,3,true,poisson_shared,g10_o1,10,False,True,-216.36016389721203,43.20557752795644,196.69453728487724,7.278111596582303
growth,0,3,true,poisson_shared,g04_o1,4,False,True,-298.73371835965725,-61.690683752458256,549.1145272589504,217.07063415741317
growth,0,3,true,poisson_shared,g20_o1,20,False,True,-634.1276049097662,-79.72730957223138,16697.7914009311,253.14388579704
growth,0,3,true,poisson_shared,g08_o2,8,False,False,-1003.6565680013482,-138.31463330577796,1732213.2720826564,370.31853326404604
growth,0,3,true,poisson_shared,g14_o1,14,False,True,-681.9274890600543,24.168125582850315,266661.56179687707,45.35301548684218
growth,0,3,true,poisson_separate,g03_o1,3,False,True,-536.7150512301264,11.14561832770897,1100.227498756858,71.39802999710899
growth,0,3,true,poisson_separate,g13_o1,13,False,True,-537.4030307629126,11.486199381528213,926.6103534363293,70.71686788947041
growth,0,3,true,poisson_separate,g07_o1,7,False,True,-523.3963675407905,10.271676716704853,888.0173039371634,73.14591321909448
growth,0,3,true,poisson_separate,g17_o1,17,False,True,-213.25445716181258,11.867386466075493,147.2618592745723,69.9544937204287
growth,0,3,true,poisson_separate,g06_o1,6,False,True,-524.8497707879243,10.606728135531753,972.7032344818854,72.47581038145893
growth,0,3,true,poisson_separate,g22_o1,22,False,True,-195.15511164108474,45.22898539260305,119.60031088792047,3.231295867292181
growth,0,3,true,poisson_separate,g16_o1,16,False,True,-215.48809064006028,10.382518773750869,147.95369654022326,72.92422910492222
growth,0,3,true,poisson_separate,g02_o1,2,False,True,-536.8651236865819,8.92623117395779,1034.8613249919886,75.83680430460599
growth,0,3,true,poisson_separate,g12_o1,12,False,False,-536.06134827659,8.747763391470553,1067.9060227932255,76.19373986959452
growth,0,3,true,poisson_separate,g15_o2,15,False,True,-207.79158234991706,44.91579132997141,146.32286402306914,3.8576839925875888
growth,0,3,true,poisson_separate,g21_o2,21,False,True,-537.5872595472185,9.097926630132868,1032.9606582598935,75.49341339226555
growth,0,3,true,poisson_separate,g09_o1,9,False,False,-214.26658272335797,10.208170146560892,158.6616353285086,73.27292635942335
growth,0,3,true,poisson_separate,g19_o1,19,False,True,-215.97911352417188,12.111656118670886,160.1773172518899,69.46595441507282
growth,0,3,true,poisson_separate,g08_o1,8,False,True,-524.1031729224603,11.704153064991143,1063.9821788873642,70.28096052261058
growth,0,3,true,poisson_separate,g18_o1,18,False,True,-535.6859019485414,11.15564855145807,1068.3766032910862,71.3779695495872
growth,0,3,true,poisson_separate,g16_o2,16,False,False,-223.8407812308462,6.085840499055185,145.32239223665846,81.5175856544416
growth,0,3,true,poisson_separate,g22_o2,22,False,False,-207.4453620499302,45.977955566895176,150.0480190152987,1.7333555187208116
growth,0,3,true,poisson_separate,g12_o2,12,False,True,-542.4048451928352,9.395029784031415,1057.1596430296254,74.89920708450892
growth,0,3,true,poisson_separate,g05_o1,5,False,True,-212.56130354722043,10.908640898990123,149.2988741865456,71.87198485453517
growth,0,3,true,poisson_separate,g21_o1,21,False,False,-521.8645226653327,11.292805955392243,982.2211556646473,71.10365474176929
growth,0,3,true,poisson_separate,g09_o2,9,False,True,-216.41337900321335,11.284505552685479,163.20688717609426,71.12025554708383
growth,0,3,true,poisson_separate,g15_o1,15,False,False,-196.05851309035393,45.334909257851045,120.25819549656458,3.0194481368458006
growth,0,3,true,poisson_separate,g01_o1,1,False,True,-214.3450587275221,12.476107105742896,146.90407593283047,68.73705244109229
growth,0,3,true,poisson_separate,g11_o1,11,False,True,-211.06604151363172,44.97324435208172,149.53876613104444,3.7427779483721575
growth,0,3,true,poisson_separate,g10_o1,10,False,True,-212.6396636434933,44.61584145624596,141.5389112210455,4.457583740068274
growth,0,3,true,poisson_separate,g04_o1,4,False,True,-214.17234098482777,11.015474573014924,146.3737928141906,71.65831750653803
growth,0,3,true,poisson_separate,g20_o1,20,False,True,-537.9387755790175,9.902679980674726,1160.9894665119211,73.88390669117477
growth,0,3,true,poisson_separate,g08_o2,8,False,False,-540.9983727811064,12.326663756035478,1004.8305528835087,69.03593914046259
growth,0,3,true,poisson_separate,g14_o1,14,False,True,-538.3011193076308,8.56882287919129,1077.315163505493,76.55162089414841
growth,0,3,hapibd,poisson_shared,g03_o1,3,False,True,-1010.3857241343792,-146.42200567515783,9473978.625142861,386.53327800314014
growth,0,3,hapibd,poisson_shared,g13_o1,13,False,True,-687.244421901201,32.7102316599366,409109.78538250236,28.268803332587936
growth,0,3,hapibd,poisson_shared,g07_o1,7,False,True,-692.8519766785865,-96.48709253407947,31002.893169838273,286.663451720661
growth,0,3,hapibd,poisson_shared,g17_o1,17,False,True,-305.21886343265913,-64.54984669836752,663.7233751239929,222.78896004943405
growth,0,3,hapibd,poisson_shared,g06_o1,6,False,True,-698.0914880768806,-108.63099631241148,32923.65610905973,310.951259277812
growth,0,3,hapibd,poisson_shared,g22_o1,22,False,True,-197.3763323630964,45.23904562882558,118.36372662180716,3.211175394866033
growth,0,3,hapibd,poisson_shared,g16_o1,16,False,True,-311.551858563982,-127.9756295232016,385.17087588798427,349.64052569906295
growth,0,3,hapibd,poisson_shared,g02_o1,2,False,True,-1025.2899713951342,-177.31243164675612,3448732.9869676074,448.3141299462113
growth,0,3,hapibd,poisson_shared,g12_o1,12,False,True,-942.642360026896,-91.95903653312565,188253895.40058464,277.6073397189168
growth,0,3,hapibd,poisson_shared,g15_o2,15,False,False,-213.1064027259747,45.14405799392683,168.85774741513555,3.401150664701246
growth,0,3,hapibd,poisson_shared,g21_o2,21,False,False,-713.091331958641,-106.17897468956255,70554.27430829074,306.0472160314848
growth,0,3,hapibd,poisson_shared,g09_o1,9,False,False,-229.63853357292908,-30.70452283872396,213.12013764958488,155.09831232996441
growth,0,3,hapibd,poisson_shared,g19_o1,19,False,True,-315.53389660192414,-128.42961404527443,369.0827489519083,350.5484947433026
growth,0,3,hapibd,poisson_shared,g08_o1,8,False,True,-990.9614576020001,-138.16542904774334,5367010.752270731,370.0201247484387
growth,0,3,hapibd,poisson_shared,g18_o1,18,False,True,-618.8278317444087,-128.53682012952856,2379.221094086185,350.7629069112299
growth,0,3,hapibd,poisson_shared,g16_o2,16,False,False,-309.42831443211514,-131.42357064843375,375.75037805718625,356.5364079494615
growth,0,3,hapibd,poisson_shared,g22_o2,22,False,False,-211.27226682519228,43.80407146718098,162.06269502200274,6.081123718174257
growth,0,3,hapibd,poisson_shared,g12_o2,12,False,False,-1033.0148615051612,-54.51604274390964,95644.56631750459,202.72135214040603
growth,0,3,hapibd,poisson_shared,g05_o1,5,False,True,-304.90027339038255,-64.94084269159794,572.5902581978112,223.57095203590472
growth,0,3,hapibd,poisson_shared,g21_o1,21,False,True,-707.9320376223309,-85.4222556097109,34412.494521275,264.5337778716893
growth,0,3,hapibd,poisson_shared,g09_o2,9,False,True,-309.674887999877,-60.840812819535316,622.9678392948376,215.3708922914701
growth,0,3,hapibd,poisson_shared,g15_o1,15,False,True,-196.94919208191726,44.76119727081036,120.13038635736433,4.166872110895797
growth,0,3,hapibd,poisson_shared,g01_o1,1,False,True,-321.3806920410897,-120.97276166405325,458.0732214854706,335.63478998039875
growth,0,3,hapibd,poisson_shared,g11_o1,11,False,True,-215.00231241361183,44.5073325072172,203.17139905723195,4.674601638068508
growth,0,3,hapibd,poisson_shared,g10_o1,10,False,True,-221.71062278328364,44.84191522802777,243.89077659295577,4.005436196426572
growth,0,3,hapibd,poisson_shared,g04_o1,4,False,True,-296.4124836587051,-63.48592005628272,535.9954500713588,220.66110676506509
growth,0,3,hapibd,poisson_shared,g20_o1,20,False,True,-718.6828159984143,-104.43997761351505,69618.79334432936,302.56922187973214
growth,0,3,hapibd,poisson_shared,g08_o2,8,False,False,-1042.6326360596497,6.549902145016996,1674.770604863174,80.58946236244928
growth,0,3,hapibd,poisson_shared,g14_o1,14,False,True,-678.809719384613,26.582476711222846,337112.474682977,40.524313230107225
growth,0,3,hapibd,poisson_separate,g03_o1,3,False,True,-530.0147788976174,12.72168842937713,1080.1216810405294,68.24588979375451
growth,0,3,hapibd,poisson_separate,g13_o1,13,False,True,-527.6978108500367,11.65435597614131,1041.1925087432112,70.38055470031428
growth,0,3,hapibd,poisson_separate,g07_o1,7,False,True,-516.2794348875002,11.147944496889906,955.8242028876164,71.39337765876458
growth,0,3,hapibd,poisson_separate,g17_o1,17,False,True,-210.53672909098464,11.665830136215586,137.3745883726407,70.3576063799848
growth,0,3,hapibd,poisson_separate,g06_o1,6,False,True,-524.2866575085842,7.260028467874992,939.622615230262,79.16920971675405
growth,0,3,hapibd,poisson_separate,g22_o1,22,False,True,-195.90844382638448,45.4537683662751,124.32902297680957,2.781729920009413
growth,0,3,hapibd,poisson_separate,g16_o1,16,False,True,-210.37758509471638,10.687064496445856,142.9506428566324,72.31513765962669
growth,0,3,hapibd,poisson_separate,g02_o1,2,False,True,-526.3564933094339,11.07467115409206,956.7957528489515,71.53992434435818
growth,0,3,hapibd,poisson_separate,g12_o1,12,False,False,-526.718814295742,10.982350726171427,953.7415577392169,71.72456520018332
growth,0,3,hapibd,poisson_separate,g15_o2,15,False,True,-212.61746823975395,43.80730341754001,162.01292159121633,6.074659817502871
growth,0,3,hapibd,poisson_separate,g21_o2,21,False,True,-528.5311265313302,7.911750716230752,979.182072193777,77.86576522007206
growth,0,3,hapibd,poisson_separate,g09_o1,9,False,False,-209.29154708537007,12.988277899950829,142.6806929525529,67.71271085259119
growth,0,3,hapibd,poisson_separate,g19_o1,19,False,True,-211.54957262593305,11.261800168921267,148.23108263514936,71.16566631467411
growth,0,3,hapibd,poisson_separate,g08_o1,8,False,True,-528.4002697893834,12.398482885781018,1120.7743152376459,68.892300880967
growth,0,3,hapibd,poisson_separate,g18_o1,18,False,True,-516.55862364172,10.117184502291117,938.1598014339667,73.45489764795836
growth,0,3,hapibd,poisson_separate,g16_o2,16,False,False,-210.77699384214708,12.727519337594693,143.97648203263665,68.23422797731551
growth,0,3,hapibd,poisson_separate,g22_o2,22,False,False,-210.74341227030135,45.999971564891105,161.2193250844223,1.6893235227094825
growth,0,3,hapibd,poisson_separate,g12_o2,12,False,True,-531.5956704330348,10.421177677511103,954.3226799365576,72.84691129747986
growth,0,3,hapibd,poisson_separate,g05_o1,5,False,True,-208.88429381352586,8.89580161107381,149.71846914873632,75.89766343036136
growth,0,3,hapibd,poisson_separate,g21_o1,21,False,False,-516.4330116532827,10.5365950641379,956.4283035264906,72.61607652419963
growth,0,3,hapibd,poisson_separate,g09_o2,9,False,True,-207.6445715866628,10.402260640134404,144.240850013465,72.88474537224279
growth,0,3,hapibd,poisson_separate,g15_o1,15,False,False,-197.61418277060633,43.13652931097644,123.6539939134299,7.416208030561345
growth,0,3,hapibd,poisson_separate,g01_o1,1,False,True,-210.84784701034096,10.583570571663287,141.35324954082444,72.52212550918433
growth,0,3,hapibd,poisson_separate,g11_o1,11,False,True,-207.44553363058978,45.13535266549224,138.53216438178046,3.418561321591781
growth,0,3,hapibd,poisson_separate,g10_o1,10,False,True,-207.9269703463653,40.44525374702014,132.581620630746,12.798759158461603
growth,0,3,hapibd,poisson_separate,g04_o1,4,False,True,-207.85613229178648,11.56202873915242,144.94599741085494,70.56520917425021
growth,0,3,hapibd,poisson_separate,g20_o1,20,False,True,-527.7145345368571,8.555524064550934,966.1455024321054,76.57821852339545
growth,0,3,hapibd,poisson_separate,g08_o2,8,False,False,-531.5676000395579,9.951248063589043,1018.0664609595024,73.78677052534326
growth,0,3,hapibd,poisson_separate,g14_o1,14,False,True,-528.688298230837,12.461292373979388,1075.010056530579,68.7666819045418
growth,0,4,true,poisson_shared,g03_o1,3,False,True,-1025.2572250058365,-131.5338650136602,149554.45928883762,356.1439121866541
growth,0,4,true,poisson_shared,g13_o1,13,False,True,-702.9366137912548,27.86215995706201,17327.21396968697,37.35186224558251
growth,0,4,true,poisson_shared,g07_o1,7,False,True,-695.3665846440947,-72.83040902145896,4221.95079897037,238.73700020278648
growth,0,4,true,poisson_shared,g17_o1,17,False,True,-280.43322605671113,-35.016426792852634,393.7993913926457,163.1090357454747
growth,0,4,true,poisson_shared,g06_o1,6,False,True,-703.2214619865673,-75.51133004240764,4252.49311503195,244.09884224475974
growth,0,4,true,poisson_shared,g22_o1,22,False,True,-189.8084844939731,45.60483725915728,106.45518196510554,1.866507641334736
growth,0,4,true,poisson_shared,g16_o1,16,False,False,-284.9046151504791,-95.09475975195149,307.1624949533648,283.2657016635366
growth,0,4,true,poisson_shared,g02_o1,2,False,True,-1044.475774802737,-154.67832634400762,63559.27121276189,402.432834847934
growth,0,4,true,poisson_shared,g12_o1,12,False,True,-963.6909871736234,-87.023423825499,1189863.4003882965,267.1230298107326
growth,0,4,true,poisson_shared,g15_o2,15,False,False,-202.97881939378274,43.70773211488435,125.77193620248302,5.66071792989663
growth,0,4,true,poisson_shared,g21_o2,21,False,False,-645.1729599280405,-47.27903658657366,3194.9714097592437,187.63425533253536
growth,0,4,true,poisson_shared,g09_o1,9,False,True,-220.57976930438642,-10.186072746215583,205.17810024573416,113.44832765191856
growth,0,4,true,poisson_shared,g19_o1,19,False,True,-292.8680777809734,-82.60471080738166,324.2139918910795,258.2856037742558
growth,0,4,true,poisson_shared,g08_o1,8,False,True,-998.2940285444129,-135.5571248821879,91731.70108257594,364.19043192365456
growth,0,4,true,poisson_shared,g18_o1,18,False,True,-564.418167746489,-63.62930181546772,966.1355252288797,220.33478579069157
growth,0,4,true,poisson_shared,g16_o2,16,False,True,-292.83541105509823,-88.25903852200729,320.4875097935252,269.5942592035434
growth,0,4,true,poisson_shared,g22_o2,22,False,False,-201.60194416190106,44.96151784920144,125.01077994399881,3.1531464612910796
growth,0,4,true,poisson_shared,g12_o2,12,False,False,-1014.2168350506338,-36.48561877742711,1395.0307116320696,166.04741971467018
growth,0,4,true,poisson_shared,g05_o1,5,False,True,-260.9890671137397,-52.10089903071159,336.7613093687458,197.277980220883
growth,0,4,true,poisson_shared,g21_o1,21,False,True,-704.7695121009783,-72.08012225549695,4331.539110106203,237.2364266706238
growth,0,4,true,poisson_shared,g09_o2,9,False,False,-272.1332433000639,-38.35727087659293,379.68378959637363,169.79072391296128
growth,0,4,true,poisson_shared,g15_o1,15,False,True,-191.04085470572863,45.142127977961344,109.9428423646161,2.7919262037183104
growth,0,4,true,poisson_shared,g01_o1,1,False,True,-300.2278483163246,-84.90691073678934,378.7638017617009,262.8900036333105
growth,0,4,true,poisson_shared,g11_o1,11,False,True,-205.68507087005707,45.37737213363137,165.79196128249163,2.3214378924566956
growth,0,4,true,poisson_shared,g10_o1,10,False,True,-202.8283745330355,45.34401148753299,155.13820900982444,2.388159184606873
growth,0,4,true,poisson_shared,g04_o1,4,False,True,-260.6543385182478,-42.594279006014375,334.95405221446833,178.26474017169397
growth,0,4,true,poisson_shared,g20_o1,20,False,True,-722.1544437855146,-79.01024667550327,6922.171705515929,251.09667551057996
growth,0,4,true,poisson_shared,g08_o2,8,False,False,-1012.0047878501523,-141.9130781656125,74756.53131075636,376.902338490582
growth,0,4,true,poisson_shared,g14_o1,14,False,True,-701.6139857305022,28.089497190272322,14684.216004568467,36.897187779129496
growth,0,4,true,poisson_separate,g03_o1,3,False,True,-543.9256243261807,23.856772454143584,842.6335092198696,45.362637251348595
growth,0,4,true,poisson_separate,g13_o1,13,False,True,-544.1895797230425,22.662239682322124,838.1427853604198,47.75170279503972
growth,0,4,true,poisson_separate,g07_o1,7,False,True,-520.7401170344226,24.308011915515667,778.2127068050565,44.460158328646486
growth,0,4,true,poisson_separate,g17_o1,17,False,True,-203.20875180701512,24.01584051311829,125.53272402873534,45.04450113353797
growth,0,4,true,poisson_separate,g06_o1,6,False,True,-521.4945633832328,21.25516472759428,771.0077756410622,50.565852704511556
growth,0,4,true,poisson_separate,g22_o1,22,False,False,-187.6792839907944,44.19445758691974,116.39695291700029,4.687266985885387
growth,0,4,true,poisson_separate,g16_o1,16,False,True,-209.34650788598674,24.24929747400565,138.00451048334662,44.57758721174105
growth,0,4,true,poisson_separate,g02_o1,2,False,True,-543.1253849888658,23.545795641169597,842.6583532216175,45.984590877275735
growth,0,4,true,poisson_separate,g12_o1,12,False,True,-545.2807936413021,22.009640649036427,797.751107522979,49.05690086161919
growth,0,4,true,poisson_separate,g15_o2,15,False,True,-198.47207276231563,46.10693087715919,122.72344741892572,0.8623204054219015
growth,0,4,true,poisson_separate,g21_o2,21,False,True,-545.8498204645734,22.544575363104787,831.6803240976003,47.98703143348739
growth,0,4,true,poisson_separate,g09_o1,9,False,False,-204.95059201054963,23.573419925598053,138.04527214098488,45.929342308495265
growth,0,4,true,poisson_separate,g19_o1,19,False,True,-209.57680999824035,23.436297550025017,140.88392448968767,46.20358705965998
growth,0,4,true,poisson_separate,g08_o1,8,False,True,-520.3010631977063,23.385311470869755,794.2837322925075,46.305559217895315
growth,0,4,true,poisson_separate,g18_o1,18,False,True,-524.3268168751413,23.024314475995002,810.9161751302933,47.02755320765115
growth,0,4,true,poisson_separate,g16_o2,16,False,False,-208.64132252263187,22.194820891303074,138.21335710280567,48.686540377171156
growth,0,4,true,poisson_separate,g22_o2,22,False,True,-200.6235291739284,42.72467138388939,125.80884781758499,7.626839391880846
growth,0,4,true,poisson_separate,g12_o2,12,False,False,-549.7929648287885,21.679281129058648,890.7292507634049,49.717619901519186
growth,0,4,true,poisson_separate,g05_o1,5,False,True,-202.15529077018198,23.437995236533297,131.53964063960444,46.20019168661103
growth,0,4,true,poisson_separate,g21_o1,21,False,False,-521.328607168892,23.043660559941205,813.9128872984548,46.98886103977258
growth,0,4,true,poisson_separate,g09_o2,9,False,True,-202.8340940137693,23.579350821171126,133.1643414016287,45.91748051735059
growth,0,4,true,poisson_separate,g15_o1,15,False,False,-192.25474368095982,45.36600963294593,112.84786696922589,2.3441628937665207
growth,0,4,true,poisson_separate,g01_o1,1,False,True,-208.12372414379644,22.2492977158309,142.52938650101058,48.57758672809912
growth,0,4,true,poisson_separate,g11_o1,11,False,True,-201.55401407083522,44.405991306329625,126.42039530219184,4.264199547003456
growth,0,4,true,poisson_separate,g10_o1,10,False,True,-200.85370651007622,44.12151548438008,126.82241438692327,4.833151190923966
growth,0,4,true,poisson_separate,g04_o1,4,False,True,-201.80698298758526,22.601303266899173,135.33178610589655,47.873575625917184
growth,0,4,true,poisson_separate,g20_o1,20,False,True,-548.27907745582,23.796772701122027,907.337005264192,45.482636757453086
growth,0,4,true,poisson_separate,g08_o2,8,False,False,-550.275166530767,24.177955447936554,894.1110730291587,44.72027126377287
growth,0,4,true,poisson_separate,g14_o1,14,False,True,-545.0494687727224,19.339627904287735,782.1203299266368,54.39692635103233
growth,0,4,hapibd,poisson_shared,g03_o1,3,False,True,-992.9622813132598,-128.84833116402487,40796.03613857597,350.7728444875587
growth,0,4,hapibd,poisson_shared,g13_o1,13,False,True,-673.6316013098597,21.257490182496422,7844.664186271813,50.561201794629085
growth,0,4,hapibd,poisson_shared,g07_o1,7,False,True,-678.2590077541568,-68.99977010984611,2784.8333453773193,231.07572237952076
growth,0,4,hapibd,poisson_shared,g17_o1,17,False,True,-273.92115932102297,-37.803190336157414,370.1663727565335,168.6825628318768
growth,0,4,hapibd,poisson_shared,g06_o1,6,False,True,-674.6965564219597,-81.50441807138736,2667.270275339854,256.085018302529
growth,0,4,hapibd,poisson_shared,g22_o1,22,False,True,-192.78916011126907,44.248463724171636,113.08932555090956,4.579254711309765
growth,0,4,hapibd,poisson_shared,g16_o1,16,False,False,-282.1270190276257,-97.31454163143508,293.8376746003113,287.7052654223031
growth,0,4,hapibd,poisson_shared,g02_o1,2,False,True,-1010.6107358136953,-150.50714632923663,24943.654801603203,394.0904748180443
growth,0,4,hapibd,poisson_shared,g12_o1,12,False,True,-948.8321455679918,-65.40467673104047,249833.92176116884,223.8855356220729
growth,0,4,hapibd,poisson_shared,g15_o2,15,False,False,-204.47775864223286,43.81724304647635,131.73127137284823,5.441696066701914
growth,0,4,hapibd,poisson_shared,g21_o2,21,False,True,-598.6891712404199,-65.7536757062208,1298.9268983677862,224.58353357232403
growth,0,4,hapibd,poisson_shared,g09_o1,9,False,True,-217.96904589741172,-13.948141193387933,212.8055364374926,120.9724645463896
growth,0,4,hapibd,poisson_shared,g19_o1,19,False,True,-284.0837161660439,-98.79912600322629,297.325301258113,290.6744341661532
growth,0,4,hapibd,poisson_shared,g08_o1,8,False,True,-979.8289558227474,-132.22432151872644,38509.38175936681,357.52482519735867
growth,0,4,hapibd,poisson_shared,g18_o1,18,False,True,-564.6318533841024,-62.3291773275418,932.1493005463187,217.73453681472884
growth,0,4,hapibd,poisson_shared,g16_o2,16,False,True,-282.1097419837392,-98.26849461279677,295.74392171800133,289.6131713852277
growth,0,4,hapibd,poisson_shared,g22_o2,22,False,False,-211.80451656188717,40.56505197742144,160.27333985153533,11.946078204857447
growth,0,4,hapibd,poisson_shared,g12_o2,12,False,False,-1023.9835465881433,-24.981003495228933,1447.396743497453,143.03818915028975
growth,0,4,hapibd,poisson_shared,g05_o1,5,False,True,-271.3760423054897,-39.8968374247234,360.3509583484434,172.8698570091261
growth,0,4,hapibd,poisson_shared,g21_o1,21,False,False,-688.662915364193,-65.86559020416558,2766.9955017486222,224.80736256788742
growth,0,4,hapibd,poisson_shared,g09_o2,9,False,False,-270.5269395282476,-40.83570876658747,358.0371096330216,174.74759969280123
growth,0,4,hapibd,poisson_shared,g15_o1,15,False,True,-195.42636698952202,44.07402121649333,114.02992005493755,4.928139726692768
growth,0,4,hapibd,poisson_shared,g01_o1,1,False,True,-296.1597164164077,-85.78143839654705,358.97447927768667,264.6390589529471
growth,0,4,hapibd,poisson_shared,g11_o1,11,False,True,-205.91240662632666,43.358578790639015,176.46683646777572,6.359024578401121
growth,0,4,hapibd,poisson_shared,g10_o1,10,False,True,-206.1154966919621,45.059503350168946,181.01329413331896,2.957175459418238
growth,0,4,hapibd,poisson_shared,g04_o1,4,False,True,-270.25592662487884,-34.10491839239927,364.0023177192666,161.28601894462378
growth,0,4,hapibd,poisson_shared,g20_o1,20,False,True,-697.2695509874486,-83.5601547327272,3827.6404321069967,260.1964916252437
growth,0,4,hapibd,poisson_shared,g08_o2,8,False,False,-993.000831158419,-125.98186575959218,24310.682481727657,345.0399136791147
growth,0,4,hapibd,poisson_shared,g14_o1,14,False,True,-673.6456759664808,25.327553581535234,7524.033766627426,42.421074996628455
growth,0,4,hapibd,poisson_separate,g03_o1,3,False,True,-532.6195862156743,24.046280745069232,782.4809515260267,44.983620669552444
growth,0,4,hapibd,poisson_separate,g13_o1,13,False,True,-533.8932881620952,23.475494913022377,763.0029259194104,46.125192333708405
growth,0,4,hapibd,poisson_separate,g07_o1,7,False,True,-535.2176401332331,22.97556158652345,822.0087878634453,47.12505898667092
growth,0,4,hapibd,poisson_separate,g17_o1,17,False,True,-204.80772020457056,23.27734319584504,140.7136495218493,46.521495767977065
growth,0,4,hapibd,poisson_separate,g06_o1,6,False,True,-513.6314639818333,23.768407850990105,760.0130268288023,45.539366457664556
growth,0,4,hapibd,poisson_separate,g22_o1,22,False,False,-189.18790155386125,46.00486555394358,114.63224570278997,1.0664510518500183
growth,0,4,hapibd,poisson_separate,g16_o1,16,False,False,-209.5301559910734,24.68378000741606,146.08489796731195,43.70862214487934
growth,0,4,hapibd,poisson_separate,g02_o1,2,False,True,-533.7796842373314,24.00327300954226,796.9759813011572,45.06963614059998
growth,0,4,hapibd,poisson_separate,g12_o1,12,False,True,-534.8480675734328,22.19929847476229,849.3852007232639,48.6775852101736
growth,0,4,hapibd,poisson_separate,g15_o2,15,False,True,-201.4344442202358,45.111459706558236,127.86187998927497,2.8532627465853113
growth,0,4,hapibd,poisson_separate,g21_o2,21,False,True,-537.3548286007449,22.553734661749854,781.6606436980671,47.96871283615353
growth,0,4,hapibd,poisson_separate,g09_o1,9,False,False,-208.43157749060887,22.513890809276653,154.22625004545245,48.04840054107744
growth,0,4,hapibd,poisson_separate,g19_o1,19,False,True,-211.51266146064168,25.341496622076598,153.2031328446672,42.393188915632706
growth,0,4,hapibd,poisson_separate,g08_o1,8,False,True,-517.254392496037,24.48906233438037,799.0400585661223,44.0980574909438
growth,0,4,hapibd,poisson_separate,g18_o1,18,False,True,-515.237727139887,23.3086323100739,745.611837831982,46.45891753952044
growth,0,4,hapibd,poisson_separate,g16_o2,16,False,True,-211.00667419393315,22.869309467831975,146.66851516205918,47.33756322402595
growth,0,4,hapibd,poisson_separate,g22_o2,22,False,True,-201.5534051295912,45.26403172424731,125.21102120596748,2.5481187111648635
growth,0,4,hapibd,poisson_separate,g12_o2,12,False,False,-538.9678604891047,20.584020443643823,829.2024361318387,51.9081412723814
growth,0,4,hapibd,poisson_separate,g05_o1,5,False,True,-202.7180889564159,22.83795726232552,141.23394515228756,47.400267635047115
growth,0,4,hapibd,poisson_separate,g21_o1,21,False,False,-514.9978497200332,24.182541064955846,748.7229300874027,44.71110002975924
growth,0,4,hapibd,poisson_separate,g09_o2,9,False,True,-203.70227900428543,22.339678864033395,139.98604793254376,48.39682443162904
growth,0,4,hapibd,poisson_separate,g15_o1,15,False,False,-189.233273793674,43.46815055821361,108.1749287238925,6.139881043312455
growth,0,4,hapibd,poisson_separate,g01_o1,1,False,True,-210.56463473789034,22.50676669306646,144.87943180995757,48.062648773563346
growth,0,4,hapibd,poisson_separate,g11_o1,11,False,True,-201.83406552906814,45.580571994222566,135.17638248827393,1.9150381712555122
growth,0,4,hapibd,poisson_separate,g10_o1,10,False,True,-199.60451058686218,44.310486102511604,125.56811600931681,4.455209954636971
growth,0,4,hapibd,poisson_separate,g04_o1,4,False,True,-203.12065368872055,23.831793177002396,146.8768767819731,45.412595805691595
growth,0,4,hapibd,poisson_separate,g20_o1,20,False,True,-534.005496456315,23.654275079547904,787.0153157495698,45.767632000602276
growth,0,4,hapibd,poisson_separate,g08_o2,8,False,False,-537.5451892776416,24.809733969837346,812.1853769372373,43.45671421999951
growth,0,4,hapibd,poisson_separate,g14_o1,14,False,True,-534.3919562842889,23.16958860500834,822.4748213236523,46.73700494972213
growth,0,5,true,poisson_shared,g03_o1,3,False,True,-1055.058978442061,-128.5385644237066,3872357.661751032,350.3849973569563
growth,0,5,true,poisson_shared,g13_o1,13,False,True,-743.0427560455128,12.638300683604797,158921.86744032445,68.03126714239275
growth,0,5,true,poisson_shared,g07_o1,7,False,True,-714.2372724586996,-67.72903460324142,21950.99902993619,228.76593771621992
growth,0,5,true,poisson_shared,g17_o1,17,False,True,-285.7538592914586,-43.92316171633366,486.1288565082298,181.1541919423271
growth,0,5,true,poisson_shared,g06_o1,6,False,True,-723.1365767659271,-67.43722007512076,18600.5179165209,228.1823086598461
growth,0,5,true,poisson_shared,g22_o1,22,False,True,-197.59038965503458,44.3915093395037,108.995528059056,4.524849830655619
growth,0,5,true,poisson_shared,g16_o1,16,False,False,-292.328764720246,-82.27999249486854,300.2508807095442,257.8678534998051
growth,0,5,true,poisson_shared,g02_o1,2,False,True,-1071.7060762888366,-151.3893372453084,1346721.5270045963,396.0865429998656
growth,0,5,true,poisson_shared,g12_o1,12,False,True,-984.2740282003484,-93.13622410808847,39665959.19197113,279.5803167261674
growth,0,5,true,poisson_shared,g15_o2,15,False,False,-206.77165969535395,44.335281269279825,142.1002128479098,4.637305971081765
growth,0,5,true,poisson_shared,g21_o2,21,False,False,-730.6613342212993,-73.45621161706556,43171.53548645291,240.22029174374904
growth,0,5,true,poisson_shared,g09_o1,9,False,True,-230.2084294415956,-10.134777718864648,215.6756521851193,113.57742394731861
growth,0,5,true,poisson_shared,g19_o1,19,False,True,-284.1507541588457,-94.81319019718043,277.10657654059355,282.9342489042184
growth,0,5,true,poisson_shared,g08_o1,8,False,False,-1035.1579115289912,-122.88624709017857,1660152.9271528916,339.08036269030526
growth,0,5,true,poisson_shared,g18_o1,18,False,True,-579.6711749962051,-60.410047487559424,1292.8075287193979,214.12796348470738
growth,0,5,true,poisson_shared,g16_o2,16,False,True,-290.24382404135287,-85.270379148063,296.3362834258585,263.8486268056983
growth,0,5,true,poisson_shared,g22_o2,22,False,False,-205.0621630304001,43.73741930798052,136.15076222246552,5.8330298936957785
growth,0,5,true,poisson_shared,g12_o2,12,False,False,-1049.6438556243686,-166.04085607198306,4453358.751800474,425.38958065299136
growth,0,5,true,poisson_shared,g05_o1,5,False,True,-235.44129113701274,-8.523542825763721,251.6375594447055,110.35495416125931
growth,0,5,true,poisson_shared,g21_o1,21,False,True,-585.1672486858608,-69.05278124387647,1365.1784328689841,231.4134309974874
growth,0,5,true,poisson_shared,g09_o2,9,False,False,-292.12082673495456,-38.5345472687194,522.2147332869358,170.37696304706571
growth,0,5,true,poisson_shared,g15_o1,15,False,True,-194.5967204322091,44.42468527161281,103.66896563889361,4.458497966383556
growth,0,5,true,poisson_shared,g01_o1,1,False,True,-306.1413001110619,-77.6383530038623,419.36447826775867,248.58457451745224
growth,0,5,true,poisson_shared,g11_o1,11,False,True,-223.12277216841986,43.92818950951955,269.2804823554393,5.451489490569144
growth,0,5,true,poisson_shared,g10_o1,10,False,True,-214.59014255036436,44.73190216973847,208.74385640644897,3.844064170202277
growth,0,5,true,poisson_shared,g04_o1,4,False,True,-282.1754705270556,-39.17455912334562,480.53968149937316,171.6569867564326
growth,0,5,true,poisson_shared,g20_o1,20,False,True,-738.8210603613942,-68.10526695653667,42785.14607061692,229.51840242242668
growth,0,5,true,poisson_shared,g08_o2,8,False,True,-1035.067281447549,25.045560151053056,1417.1965766009341,43.216748207460604
growth,0,5,true,poisson_shared,g14_o1,14,False,True,-708.4458380414751,25.998892970823533,153236.22183124878,41.31008256795484
growth,0,5,true,poisson_separate,g03_o1,3,False,True,-548.3278735091998,28.114299021896997,1033.8069686221331,37.07927046581609
growth,0,5,true,poisson_separate,g13_o1,13,False,True,-547.6762534221489,27.661830936695115,1025.8602634212277,37.984206636287055
growth,0,5,true,poisson_separate,g07_o1,7,False,True,-532.0572693101074,26.266959235704586,943.1823837895117,40.77395003825596
growth,0,5,true,poisson_separate,g17_o1,17,False,True,-214.070981809371,25.3151690322755,135.6505132976349,42.67753044512314
growth,0,5,true,poisson_separate,g06_o1,6,False,True,-531.7055941137937,25.289933491206874,955.07762903956,42.72800152710792
growth,0,5,true,poisson_separate,g22_o1,22,False,True,-190.1465553715292,45.57881169799239,99.89480619088536,2.150245113600689
growth,0,5,true,poisson_separate,g16_o1,16,False,True,-215.07575583748041,27.49327452088709,140.2049711829378,38.32131946785782
growth,0,5,true,poisson_separate,g02_o1,2,False,True,-548.2184886443799,26.262409767484495,963.3356147386799,40.78304897462975
growth,0,5,true,poisson_separate,g12_o1,12,False,False,-547.6477214983485,26.64352818962875,976.5746714546733,40.02081213040936
growth,0,5,true,poisson_separate,g15_o2,15,False,True,-205.44972004979365,44.67904875845066,126.43904188265577,3.949770992716464
growth,0,5,true,poisson_separate,g21_o2,21,False,True,-548.3848054102394,25.397354670606063,986.9856971641908,42.5131591684321
growth,0,5,true,poisson_separate,g09_o1,9,False,False,-217.80310543182233,28.201242183863286,149.50429317994895,36.90538414187677
growth,0,5,true,poisson_separate,g19_o1,19,False,True,-216.9672249637537,27.294190095360502,138.38363793655418,38.71948831887824
growth,0,5,true,poisson_separate,g08_o1,8,False,True,-530.3210280036146,28.061412056302906,907.3286318676421,37.185044397008014
growth,0,5,true,poisson_separate,g18_o1,18,False,True,-532.2766154562089,26.0139529605928,968.8464894989143,41.279962588481254
growth,0,5,true,poisson_separate,g16_o2,16,False,False,-215.75721172069373,27.539721092519667,148.78781456721265,38.22842632463316
growth,0,5,true,poisson_separate,g22_o2,22,False,False,-202.57776611517795,45.36622931904703,136.27865222468597,2.5754098715733527
growth,0,5,true,poisson_separate,g12_o2,12,False,True,-551.6423036780296,23.189415919345862,1049.3619778199065,46.92903667100132
growth,0,5,true,poisson_separate,g05_o1,5,False,True,-211.7490942757731,25.974617764273255,145.41133809586805,41.35863298109665
growth,0,5,true,poisson_separate,g21_o1,21,False,False,-531.5582851588549,26.34779242233799,934.4469687846389,40.6122836649443
growth,0,5,true,poisson_separate,g09_o2,9,False,True,-211.21498327644446,27.216211216985933,135.27446019838771,38.875446075620815
growth,0,5,true,poisson_separate,g15_o1,15,False,False,-192.1440366096652,43.42189704197527,100.34254069670041,6.464074425667247
growth,0,5,true,poisson_separate,g01_o1,1,False,True,-214.9596510832531,27.395835354000056,139.85470037727467,38.51619780161865
growth,0,5,true,poisson_separate,g11_o1,11,False,True,-211.05052025615805,44.79338246734788,143.50876246579406,3.7211035749800274
growth,0,5,true,poisson_separate,g10_o1,10,False,True,-211.1051107172628,45.153325337372145,134.8335446150461,3.0012178348614307
growth,0,5,true,poisson_separate,g04_o1,4,False,True,-211.86943095449467,27.161162629310347,139.1951360340966,38.985543251050245
growth,0,5,true,poisson_separate,g20_o1,20,False,True,-552.6767546532137,27.475033856514315,1028.5799451963164,38.357800796665884
growth,0,5,true,poisson_separate,g08_o2,8,False,False,-553.9568966357494,28.283593679682994,1019.3587260442922,36.74068115023865
growth,0,5,true,poisson_separate,g14_o1,14,False,True,-549.2948529188272,23.870893065603834,1018.0303464897904,45.56608237839763
growth,0,5,hapibd,poisson_shared,g03_o1,3,False,True,-1008.5734875440991,-120.11609256687427,6931570.949716945,333.54005364320204
growth,0,5,hapibd,poisson_shared,g13_o1,13,False,True,-671.7654894191419,30.8602005376759,248846.79209764418,31.587467434278967
growth,0,5,hapibd,poisson_shared,g07_o1,7,False,True,-672.6239535349798,-69.86596843483764,31092.77106493303,233.03980537934456
growth,0,5,hapibd,poisson_shared,g17_o1,17,False,True,-290.683342099546,-35.934793943958226,552.8469234992436,165.17745639763223
growth,0,5,hapibd,poisson_shared,g06_o1,6,False,True,-664.8576678985802,-86.10807895308045,28098.803622170635,265.52402641633137
growth,0,5,hapibd,poisson_shared,g22_o1,22,False,True,-192.45166594900792,43.87880807500257,106.99678948214795,5.550252359614205
growth,0,5,hapibd,poisson_shared,g16_o1,16,False,False,-284.98838876424526,-90.79568906733341,295.9206471129026,274.89924664420846
growth,0,5,hapibd,poisson_shared,g02_o1,2,False,True,-1013.9327684663963,-154.85803045157172,2678857.09766337,403.02392941270887
growth,0,5,hapibd,poisson_shared,g12_o1,12,False,True,-940.8249662983931,-74.06679098128495,90381312.82282163,241.44145047244064
growth,0,5,hapibd,poisson_shared,g15_o2,15,False,False,-208.60306756111325,43.83091173882512,150.27745809325927,5.646045031965778
growth,0,5,hapibd,poisson_shared,g21_o2,21,False,False,-595.218934657953,-55.15616602302343,4155.371721895974,203.6202005557656
growth,0,5,hapibd,poisson_shared,g09_o1,9,False,True,-226.63649714296682,-10.815465329437815,201.09921124684422,114.93879916873372
growth,0,5,hapibd,poisson_shared,g19_o1,19,False,True,-277.85917109525286,-101.07346826020172,282.6788790405055,295.454805029968
growth,0,5,hapibd,poisson_shared,g08_o1,8,False,True,-1006.6946938816569,-124.49013702905202,4675258.697092891,342.2881425681121
growth,0,5,hapibd,poisson_shared,g18_o1,18,False,True,-562.9913967618515,-61.25652699755523,1311.654267933362,215.82092250460838
growth,0,5,hapibd,poisson_shared,g16_o2,16,False,True,-278.8244616190903,-95.77367386873436,284.2375028593456,284.8552162469474
growth,0,5,hapibd,poisson_shared,g22_o2,22,False,False,-208.74767364604367,43.865699317974816,157.44865659509222,5.576469873709863
growth,0,5,hapibd,poisson_shared,g12_o2,12,False,False,-988.464936447203,-28.278407949363725,1402.2855547999739,149.86468440852713
growth,0,5,hapibd,poisson_shared,g05_o1,5,False,True,-290.6159534473978,-39.37596048103988,596.9029799047407,172.05978947173972
growth,0,5,hapibd,poisson_shared,g21_o1,21,False,True,-559.3127105911731,-50.7501076244877,1137.6735830522982,194.80808375885323
growth,0,5,hapibd,poisson_shared,g09_o2,9,False,False,-288.35113700296415,-38.234778582777366,544.2493349860492,169.7774256751689
growth,0,5,hapibd,poisson_shared,g15_o1,15,False,True,-194.87205264201012,44.21940728938398,109.42432997843889,4.8690539308814635
growth,0,5,hapibd,poisson_shared,g01_o1,1,False,True,-295.8753586210046,-87.37669670759588,418.67983057737297,268.06126192482094
growth,0,5,hapibd,poisson_shared,g11_o1,11,False,True,-218.3655459820447,44.15851864959812,238.51979383504082,4.99083121039804
growth,0,5,hapibd,poisson_shared,g10_o1,10,False,True,-210.5140782378935,44.24113090622364,185.3590325433307,4.825606697194333
growth,0,5,hapibd,poisson_shared,g04_o1,4,False,True,-280.1031438745775,-42.13346489485986,492.77167771043725,177.57479829930463
growth,0,5,hapibd,poisson_shared,g20_o1,20,False,True,-598.8693877243435,-73.77412725698485,2906.3121967877996,240.85612302343355
growth,0,5,hapibd,poisson_shared,g08_o2,8,False,False,-1010.2469809360553,0.33466572775631587,330485.0663597216,92.63853705409124
growth,0,5,hapibd,poisson_shared,g14_o1,14,False,True,-667.0518481371043,29.685864008673008,230622.55161169684,33.936140492289674
growth,0,5,hapibd,poisson_separate,g03_o1,3,False,True,-520.4017473569086,28.088585518177855,899.7486960463282,37.130697473254
growth,0,5,hapibd,poisson_separate,g13_o1,13,False,True,-520.7521745659391,27.763235631319258,1036.049395310721,37.7813972469681
growth,0,5,hapibd,poisson_separate,g07_o1,7,False,True,-519.4654074927556,25.835651051708737,1073.7524579975802,41.636566406224176
growth,0,5,hapibd,poisson_separate,g17_o1,17,False,True,-211.5834090977655,28.36162956251663,159.5082010196245,36.5846093845665
growth,0,5,hapibd,poisson_separate,g06_o1,6,False,True,-524.6079699862224,24.554771094574765,976.3360293673738,44.19832632044082
growth,0,5,hapibd,poisson_separate,g22_o1,22,False,True,-194.2241293690887,45.10173482135792,106.59854162794902,3.1043988669057425
growth,0,5,hapibd,poisson_separate,g16_o1,16,False,False,-211.0052425246103,26.310861526262464,147.02438790250056,40.686145457077004
growth,0,5,hapibd,poisson_separate,g02_o1,2,False,True,-518.7342674995713,27.53565365102944,860.8668200048784,38.23656120764294
growth,0,5,hapibd,poisson_separate,g12_o1,12,False,False,-521.1125512943089,25.78057155197953,1060.3445715318876,41.746725405731034
growth,0,5,hapibd,poisson_separate,g15_o2,15,False,True,-211.98436885149852,45.554145146065736,132.33854050653858,2.199578217455247
growth,0,5,hapibd,poisson_separate,g21_o2,21,False,True,-520.4437274667887,26.29224948322427,1019.9322142356906,40.72336954315463
growth,0,5,hapibd,poisson_separate,g09_o1,9,False,False,-210.34574970536113,27.01340971326219,154.50574379297507,39.28104908311059
growth,0,5,hapibd,poisson_separate,g19_o1,19,False,True,-211.6364528026194,23.746562992549258,132.52751335958428,45.814742524597136
growth,0,5,hapibd,poisson_separate,g08_o1,8,False,True,-520.5714878749449,27.469559862264518,985.3601269379872,38.36874878505739
growth,0,5,hapibd,poisson_separate,g18_o1,18,False,True,-507.6291165542841,26.85824255495051,898.9265872691035,39.59138339969856
growth,0,5,hapibd,poisson_separate,g16_o2,16,False,True,-216.66369056336882,27.296828966949377,131.36782764123487,38.714210575798596
growth,0,5,hapibd,poisson_separate,g22_o2,22,False,False,-206.01745117121914,44.19549337885273,134.14354267640456,4.916881751905248
growth,0,5,hapibd,poisson_separate,g12_o2,12,False,True,-526.3306809327174,23.318927146663114,959.8086870443933,46.670014216367036
growth,0,5,hapibd,poisson_separate,g05_o1,5,False,True,-207.98405669257272,27.82129647154654,137.23139100042425,37.66527556657833
growth,0,5,hapibd,poisson_separate,g21_o1,21,False,False,-508.8440849695673,27.498933855403905,863.6288121511509,38.31000079887427
growth,0,5,hapibd,poisson_separate,g09_o2,9,False,True,-208.46523620566904,27.464802678748107,134.11804905271097,38.37826315210689
growth,0,5,hapibd,poisson_separate,g15_o1,15,False,False,-192.69371476671063,43.605365621691504,105.23374228233203,6.097137266288946
growth,0,5,hapibd,poisson_separate,g01_o1,1,False,True,-212.0256714347896,27.83036243801491,135.68360761799897,37.64714363364767
growth,0,5,hapibd,poisson_separate,g11_o1,11,False,True,-208.10920370749824,44.427546814235015,133.72004196480611,4.452774881130514
growth,0,5,hapibd,poisson_separate,g10_o1,10,False,True,-206.47117500872602,43.11326572672202,155.1921603315017,7.081337056236914
growth,0,5,hapibd,poisson_separate,g04_o1,4,False,True,-210.57266161128064,26.903298445049053,147.71271000767274,39.501271619572236
growth,0,5,hapibd,poisson_separate,g20_o1,20,False,True,-520.2389430048702,26.330291540383904,929.1792433082403,40.647285428868784
growth,0,5,hapibd,poisson_separate,g08_o2,8,False,False,-524.6496290158998,27.053994407599177,1038.2514516153992,39.19987969437403
growth,0,5,hapibd,poisson_separate,g14_o1,14,False,True,-519.8238931194109,26.883552657013617,997.0525806579905,39.54076319559596
growth,0,6,true,poisson_shared,g03_o1,3,False,True,-1045.8286118629405,-133.58871637382197,227567.58309291443,360.34592407463936
growth,0,6,true,poisson_shared,g13_o1,13,False,True,-715.6172159958007,27.56451743755596,33412.94350958697,38.03945645137804
growth,0,6,true,poisson_shared,g07_o1,7,False,True,-710.8020221532,-86.24246963592807,6527.700013798303,265.6534305980126
growth,0,6,true,poisson_shared,g17_o1,17,False,True,-297.1068525492234,-54.7910482575666,447.9196276345903,202.750587841863
growth,0,6,true,poisson_shared,g06_o1,6,False,True,-715.3874888313626,-91.48634857633749,6475.698323814577,276.14118847917086
growth,0,6,true,poisson_shared,g22_o1,22,False,True,-197.44213764867186,44.67477671891194,112.69233126759178,3.8189378885891543
growth,0,6,true,poisson_shared,g16_o1,16,False,False,-305.05464956695613,-115.40159580124369,314.9632483065428,323.9716829292099
growth,0,6,true,poisson_shared,g02_o1,2,False,True,-1045.2483200229594,-174.97162929041207,114727.29516042722,443.1117499071861
growth,0,6,true,poisson_shared,g12_o1,12,False,True,-973.8527170325809,-101.73257159976608,1311984.0384172774,296.6336345255098
growth,0,6,true,poisson_shared,g15_o2,15,False,False,-210.38602742022798,42.525309948136396,144.31127895431086,8.11787143013319
growth,0,6,true,poisson_shared,g21_o2,21,False,True,-631.2587558710231,-79.98414783681804,1955.6538187170684,253.1367869999931
growth,0,6,true,poisson_shared,g09_o1,9,False,True,-234.8507726137411,-21.752812404136648,226.2263437117801,136.6741161344346
growth,0,6,true,poisson_shared,g19_o1,19,False,True,-309.0620612061296,-115.56441552491319,322.20464514501015,324.29732237626024
growth,0,6,true,poisson_shared,g08_o1,8,False,False,-1006.1544851076497,-142.1871861468896,125102.64603275352,377.54286362043797
growth,0,6,true,poisson_shared,g18_o1,18,False,True,-577.6433668765036,-92.64604756858863,1097.779573993564,278.4605864638338
growth,0,6,true,poisson_shared,g16_o2,16,False,True,-303.0912517724273,-118.4972615475034,315.397340106982,330.1630144212839
growth,0,6,true,poisson_shared,g22_o2,22,False,False,-211.00246370853404,44.63078314284757,144.30747939739027,3.906925040738451
growth,0,6,true,poisson_shared,g12_o2,12,False,False,-1057.7517933658228,-32.01826172277396,1438.6992283855507,157.20501477195435
growth,0,6,true,poisson_shared,g05_o1,5,False,True,-236.0976828602678,-20.39249153196347,240.87645073140095,133.95347439053032
growth,0,6,true,poisson_shared,g21_o1,21,False,False,-616.3477564013499,-64.60640631631858,1133.9973020133323,222.3813039591089
growth,0,6,true,poisson_shared,g09_o2,9,False,False,-301.1146097495993,-49.67132393708291,478.6437369813426,192.51113920064904
growth,0,6,true,poisson_shared,g15_o1,15,False,True,-197.32991130481534,44.73126400535408,109.67269153435558,3.7059633156656986
growth,0,6,true,poisson_shared,g01_o1,1,False,True,-320.66597251681003,-108.56421353141593,431.4757260613155,310.2969183892932
growth,0,6,true,poisson_shared,g11_o1,11,False,True,-222.5282831728723,44.30120084940894,232.5106758995359,4.566089627575013
growth,0,6,true,poisson_shared,g10_o1,10,False,True,-215.91401898941834,44.28750288755414,198.21891781804683,4.593485551379701
growth,0,6,true,poisson_shared,g04_o1,4,False,True,-294.7487619861313,-52.766765838092745,451.0335627195748,198.70202300275005
growth,0,6,true,poisson_shared,g20_o1,20,False,True,-743.7120424988975,-92.22602596506786,11489.472721034928,277.62054325638496
growth,0,6,true,poisson_shared,g08_o2,8,False,True,-1028.0116467638827,-140.15363791767066,87730.06645966147,373.47576716163206
growth,0,6,true,poisson_shared,g14_o1,14,False,True,-725.8561573214583,27.601283729488713,40812.17653395089,37.965923867465534
growth,0,6,true,poisson_separate,g03_o1,3,False,True,-543.2046189256946,20.947739613696214,893.2750984131695,51.27301209901103
growth,0,6,true,poisson_separate,g13_o1,13,False,True,-542.6773541752763,19.92841983275442,899.8406500627558,53.31165166082
growth,0,6,true,poisson_separate,g07_o1,7,False,True,-525.4453837139163,19.696393610520403,844.5466655762173,53.77570410536604
growth,0,6,true,poisson_separate,g17_o1,17,False,True,-219.09660249111852,20.07089010442117,156.03522069804222,53.02671111747646
growth,0,6,true,poisson_separate,g06_o1,6,False,True,-523.339603105716,19.467770944575125,837.7174608498103,54.23294943730094
growth,0,6,true,poisson_separate,g22_o1,22,False,True,-194.92431731232855,44.26817904096046,108.18963038075977,4.6321332444605146
growth,0,6,true,poisson_separate,g16_o1,16,False,True,-220.73338631590948,20.06672244526513,153.20025974436854,53.03504643586834
growth,0,6,true,poisson_separate,g02_o1,2,False,True,-544.6384557170018,20.321777231790257,870.3165334522059,52.52493686292074
growth,0,6,true,poisson_separate,g12_o1,12,False,True,-545.8893342238382,20.050732019588825,883.1886627132066,53.06702728715538
growth,0,6,true,poisson_separate,g15_o2,15,False,False,-206.82834774361558,45.04646815343397,129.95300130682483,3.0755550195711314
growth,0,6,true,poisson_separate,g21_o2,21,False,True,-546.784053874113,18.333830851496224,889.3353820245318,56.500829623476164
growth,0,6,true,poisson_separate,g09_o1,9,False,True,-215.95775455209858,19.963158073249613,153.6004523034335,53.24217517992738
growth,0,6,true,poisson_separate,g19_o1,19,False,True,-219.5625116921644,20.238570527067225,148.5108367645824,52.691350272272174
growth,0,6,true,poisson_separate,g08_o1,8,False,True,-524.3358861121189,21.05365768267101,855.5666881884367,51.061175961032475
growth,0,6,true,poisson_separate,g18_o1,18,False,True,-523.753139408981,19.27360571784431,854.0255758189847,54.621279890729554
growth,0,6,true,poisson_separate,g16_o2,16,False,False,-220.73543261998842,19.874517474055242,156.29323594816532,53.41945637829309
growth,0,6,true,poisson_separate,g22_o2,22,False,False,-207.68496395882732,44.387684293774285,133.0796246371342,4.393122738887782
growth,0,6,true,poisson_separate,g12_o2,12,False,False,-550.9816059608809,18.777531320882613,902.5034527612416,55.61342868468716
growth,0,6,true,poisson_separate,g05_o1,5,False,True,-214.90401890758852,19.686188004715145,152.17592011109235,53.796115316963906
growth,0,6,true,poisson_separate,g21_o1,21,False,False,-526.86311200521,22.24808170201672,833.9740258651252,48.67232792246736
growth,0,6,true,poisson_separate,g09_o2,9,False,False,-216.5091421117992,18.784963021505614,152.955997212976,55.59856528343217
growth,0,6,true,poisson_separate,g15_o1,15,False,True,-194.11277534851317,46.02268974046838,109.47841254212534,1.1231118454085678
growth,0,6,true,poisson_separate,g01_o1,1,False,True,-220.3378942182797,19.91740541674766,147.16375651091917,53.33368049295344
growth,0,6,true,poisson_separate,g11_o1,11,False,True,-212.7252526017137,40.753155025666125,135.7178736180891,11.662181275062837
growth,0,6,true,poisson_separate,g10_o1,10,False,True,-211.31897586975396,44.84726550244375,137.3200934431666,3.4739603215043324
growth,0,6,true,poisson_separate,g04_o1,4,False,True,-215.60365415643335,18.706672000171842,150.45773079039506,55.75514732606644
growth,0,6,true,poisson_separate,g20_o1,20,False,True,-547.2423690427473,20.515409909917885,963.3687214426456,52.137671506570946
growth,0,6,true,poisson_separate,g08_o2,8,False,False,-555.0788352717173,21.3224617404127,888.3463492514608,50.523567845589284
growth,0,6,true,poisson_separate,g14_o1,14,False,True,-545.689560547999,18.923501807434384,911.9560154941341,55.32148771154452
growth,0,6,hapibd,poisson_shared,g03_o1,3,False,True,-985.3299677504518,-145.06825506154513,151734.610749321,383.3050014493006
growth,0,6,hapibd,poisson_shared,g13_o1,13,False,True,-680.8838111745944,33.95368356686515,23944.815588149682,25.261124192747435
growth,0,6,hapibd,poisson_shared,g07_o1,7,False,True,-677.7389771117541,-87.73302381061531,4046.153000815631,268.6345389476901
growth,0,6,hapibd,poisson_shared,g17_o1,17,False,True,-290.8545490652973,-55.53419230252065,408.52048318126197,204.23687593147218
growth,0,6,hapibd,poisson_shared,g06_o1,6,False,True,-682.8674419173342,-95.94062627280081,3470.1376847803194,285.0497438718338
growth,0,6,hapibd,poisson_shared,g22_o1,22,False,True,-196.42468891584775,42.80076737783174,119.82678602113515,7.566956570821735
growth,0,6,hapibd,poisson_shared,g16_o1,16,False,False,-303.58385613827625,-110.32960885517107,328.10594532808136,313.8277090368066
growth,0,6,hapibd,poisson_shared,g02_o1,2,False,True,-988.2679349943512,-184.31406006991404,49869.221569859954,461.796611465007
growth,0,6,hapibd,poisson_shared,g12_o1,12,False,True,-926.155154466869,-85.15363157516576,949041.1254051791,263.4757544766471
growth,0,6,hapibd,poisson_shared,g15_o2,15,False,False,-210.0263751800892,43.99672602548776,135.71053054685586,5.1750392754380785
growth,0,6,hapibd,poisson_shared,g21_o2,21,False,False,-600.5897813948397,-79.37513134603476,1713.547243419738,251.9187540186797
growth,0,6,hapibd,poisson_shared,g09_o1,9,False,True,-236.12858745868851,-18.038855732769257,230.54418160933662,129.24620279194642
growth,0,6,hapibd,poisson_shared,g19_o1,19,False,True,-304.99253916697853,-119.2286673375666,314.8762744974976,331.62582600066736
growth,0,6,hapibd,poisson_shared,g08_o1,8,False,True,-976.503980275706,-130.8971857995191,66368.2398136332,354.9628629258291
growth,0,6,hapibd,poisson_shared,g18_o1,18,False,True,-570.761137600583,-83.1128943874881,1076.5039351112773,259.3942801012058
growth,0,6,hapibd,poisson_shared,g16_o2,16,False,True,-317.27485656505326,-98.51635420766297,352.9604599811189,290.201199741827
growth,0,6,hapibd,poisson_shared,g22_o2,22,False,False,-212.2347805823295,44.62822215069004,139.0149033613149,3.912047025063923
growth,0,6,hapibd,poisson_shared,g12_o2,12,False,False,-1016.465346744092,-132.33467681183973,174187.30754626964,357.83784495007427
growth,0,6,hapibd,poisson_shared,g05_o1,5,False,True,-231.17038523313465,-25.914673403309124,217.85561033665337,144.99783813279163
growth,0,6,hapibd,poisson_shared,g21_o1,21,False,True,-598.7391640595044,-61.60183970482144,994.2021824810727,216.37217073601062
growth,0,6,hapibd,poisson_shared,g09_o2,9,False,False,-291.39856257027566,-53.90475398255944,415.4794334802091,200.97799929155664
growth,0,6,hapibd,poisson_shared,g15_o1,15,False,True,-197.3766038737958,44.812906724964584,115.80925607126767,3.54267787647714
growth,0,6,hapibd,poisson_shared,g01_o1,1,False,True,-310.64283444044105,-107.40354043765221,367.4220481574254,307.9755722014269
growth,0,6,hapibd,poisson_shared,g11_o1,11,False,True,-214.8687208730395,44.129540330210745,193.07119848723767,4.909410666016678
growth,0,6,hapibd,poisson_shared,g10_o1,10,False,True,-208.91443386232422,45.43811381163146,175.8376828409342,2.2922637031820208
growth,0,6,hapibd,poisson_shared,g04_o1,4,False,True,-278.6572443691067,-57.24292142025243,362.35090823354756,207.65433416658615
growth,0,6,hapibd,poisson_shared,g20_o1,20,False,True,-703.3329724942971,-98.64347729833283,6107.011327550548,290.45544592286984
growth,0,6,hapibd,poisson_shared,g08_o2,8,False,False,-1031.969161150161,16.23587900473431,1483.881836371176,60.69673331693286
growth,0,6,hapibd,poisson_shared,g14_o1,14,False,True,-671.1392114499577,26.95669872296321,16457.268144294332,39.255093880469005
growth,0,6,hapibd,poisson_separate,g03_o1,3,False,True,-520.57054910547,19.813362746139,817.7253393789845,53.541765834071136
growth,0,6,hapibd,poisson_separate,g13_o1,13,False,True,-520.5718484609067,19.623274306359054,792.8186718340469,53.92194271363339
growth,0,6,hapibd,poisson_separate,g07_o1,7,False,True,-507.00845417703783,19.670149555686628,674.9901779020037,53.828192215022796
growth,0,6,hapibd,poisson_separate,g17_o1,17,False,True,-209.56883151743116,18.793331004375553,137.2347148522619,55.58182931769816
growth,0,6,hapibd,poisson_separate,g06_o1,6,False,True,-506.12238676331197,19.574515836427828,763.7328041152202,54.01945965360583
growth,0,6,hapibd,poisson_separate,g22_o1,22,False,False,-195.1949533917161,44.46559444616905,114.09681716182445,4.237302434076752
growth,0,6,hapibd,poisson_separate,g16_o1,16,False,True,-214.7119250398949,20.482463401825424,146.5382069660531,52.20356452278797
growth,0,6,hapibd,poisson_separate,g02_o1,2,False,True,-521.1151211060649,20.37242383579529,778.7418357983812,52.42364365479774
growth,0,6,hapibd,poisson_separate,g12_o1,12,False,True,-521.1642859005377,19.415088998809555,810.668653086934,54.33831332877948
growth,0,6,hapibd,poisson_separate,g15_o2,15,False,True,-207.94006241331414,45.30207787617658,131.96264976093403,2.5643355739943527
growth,0,6,hapibd,poisson_separate,g21_o2,21,False,True,-524.502526237363,19.177472322213177,879.6727634843232,54.81354668207315
growth,0,6,hapibd,poisson_separate,g09_o1,9,False,True,-210.3933061237375,20.061857193562453,140.2492758726301,53.044776939323015
growth,0,6,hapibd,poisson_separate,g19_o1,19,False,True,-215.1301319889335,17.735251174685768,145.50943477830256,57.69798897699132
growth,0,6,hapibd,poisson_separate,g08_o1,8,False,True,-504.1337667221537,19.176815030203688,727.3339871267416,54.814861266030746
growth,0,6,hapibd,poisson_separate,g18_o1,18,False,True,-504.4845158101676,19.72310777887499,747.936486948894,53.72227576869819
growth,0,6,hapibd,poisson_separate,g16_o2,16,False,False,-215.55444087959262,21.097006373290412,146.46279045978767,50.97447857987346
growth,0,6,hapibd,poisson_separate,g22_o2,22,False,True,-206.91212658543378,45.31816815991554,132.21564439421718,2.5321550065706244
growth,0,6,hapibd,poisson_separate,g12_o2,12,False,False,-526.4528069408611,18.521006394772158,772.8605112743861,56.126478536894325
growth,0,6,hapibd,poisson_separate,g05_o1,5,False,True,-209.55006934047344,20.13747756753901,142.5723501244159,52.8935361913172
growth,0,6,hapibd,poisson_separate,g21_o1,21,False,False,-506.5303185542359,20.999724338910667,740.7706715321929,51.169042648620625
growth,0,6,hapibd,poisson_separate,g09_o2,9,False,False,-209.33515999052628,20.980450628747512,145.01323112992466,51.207590068902086
growth,0,6,hapibd,poisson_separate,g15_o1,15,False,False,-195.56512071111595,44.99160865445144,115.15187279215999,3.1852740174928336
growth,0,6,hapibd,poisson_separate,g01_o1,1,False,True,-214.35481394546935,19.913905698478224,145.78778836174206,53.340679929436845
growth,0,6,hapibd,poisson_separate,g11_o1,11,False,True,-206.1357709637238,44.25774340613415,133.4647548733604,4.653004514165138
growth,0,6,hapibd,poisson_separate,g10_o1,10,False,True,-205.99470163999396,45.09787621520435,123.7719830184438,2.9727388960650996
growth,0,6,hapibd,poisson_separate,g04_o1,4,False,True,-212.2837580228291,20.358297691698148,142.55662686931282,52.45189594300544
growth,0,6,hapibd,poisson_separate,g20_o1,20,False,True,-523.5451513797665,18.122444597886677,769.656956362335,56.92360213059183
growth,0,6,hapibd,poisson_separate,g08_o2,8,False,False,-526.247154173316,20.467607979487504,847.2257416934947,52.233275367491245
growth,0,6,hapibd,poisson_separate,g14_o1,14,False,True,-520.5597706281525,22.06068255542784,780.822361812272,49.04712621554207
growth,0,7,true,poisson_shared,g03_o1,3,False,True,-1046.0043139038485,-162.60316284775845,306714.40437134955,418.3837442706772
growth,0,7,true,poisson_shared,g13_o1,13,False,True,-717.303605509033,28.85242947088803,36136.91580890695,35.472559633418534
growth,0,7,true,poisson_shared,g07_o1,7,False,True,-711.4992648878781,-104.64825499835256,7302.480547965408,302.4739285721229
growth,0,7,true,poisson_shared,g17_o1,17,False,True,-303.0189307638524,-80.7077740146461,469.81398747953494,254.5929666044787
growth,0,7,true,poisson_shared,g06_o1,6,False,True,-709.4891651230976,-116.32587456105952,5627.354023513179,325.8291676974094
growth,0,7,true,poisson_shared,g22_o1,22,False,True,-192.31216331904554,43.02416547277977,100.4623438640523,7.12908762958803
growth,0,7,true,poisson_shared,g16_o1,16,False,True,-302.72140614800037,-133.6129668525495,320.2791827577929,360.40335228028016
growth,0,7,true,poisson_shared,g02_o1,2,False,True,-1058.4707710375114,-194.96875937036913,122991.30551188978,483.1149373163561
growth,0,7,true,poisson_shared,g12_o1,12,False,True,-973.7950592600967,-121.90457983372936,1177739.5014513233,336.986578242654
growth,0,7,true,poisson_shared,g15_o2,15,False,False,-209.00178236625345,45.63976219737334,128.81592329292044,1.8978941805340477
growth,0,7,true,poisson_shared,g21_o2,21,False,False,-737.9669685617172,-108.11140634173158,11354.217831055048,309.4002312586177
growth,0,7,true,poisson_shared,g09_o1,9,False,True,-240.5865203346541,-37.05986404048705,247.4077555448555,167.2971466559988
growth,0,7,true,poisson_shared,g19_o1,19,False,True,-294.2029555419944,-142.2688393307675,297.940764228882,377.715097236538
growth,0,7,true,poisson_shared,g08_o1,8,False,True,-1012.527027635813,-165.28754971708162,144429.64436657363,423.75251800944636
growth,0,7,true,poisson_shared,g18_o1,18,False,True,-620.5763788886767,-132.67316407131182,1228.323055633823,358.52374671772054
growth,0,7,true,poisson_shared,g16_o2,16,False,False,-304.07998335760846,-133.49340801263975,322.4847701958764,360.1642346010931
growth,0,7,true,poisson_shared,g22_o2,22,False,False,-207.61829779940877,46.0445818140156,131.69980441895422,1.0882549471981513
growth,0,7,true,poisson_shared,g12_o2,12,False,False,-1030.818012225242,-75.83352540867429,1477.5940213706035,244.84446939279516
growth,0,7,true,poisson_shared,g05_o1,5,False,True,-244.7522045948641,-41.525474482892626,285.18441334023373,176.22836754095746
growth,0,7,true,poisson_shared,g21_o1,21,False,True,-604.7364165267167,-104.97625205073552,970.4430785691608,303.12992267627243
growth,0,7,true,poisson_shared,g09_o2,9,False,False,-303.4007837848337,-77.93772780600753,474.3826357810474,249.05287418723523
growth,0,7,true,poisson_shared,g15_o1,15,False,True,-192.1923747618706,43.22889758406086,97.33198842128968,6.7196234071470835
growth,0,7,true,poisson_shared,g01_o1,1,False,True,-323.2279786005731,-126.50531995705362,449.9243166530515,346.1880584886542
growth,0,7,true,poisson_shared,g11_o1,11,False,True,-222.17571008046644,40.77088250983424,243.6094331870239,11.635653555498914
growth,0,7,true,poisson_shared,g10_o1,10,False,True,-219.97348040081124,42.89480439692419,258.29728523437234,7.387809781361307
growth,0,7,true,poisson_shared,g04_o1,4,False,True,-301.86573720426327,-73.67401993326999,481.4973781040075,240.5254584417608
growth,0,7,true,poisson_shared,g20_o1,20,False,True,-621.632878438213,-103.48744250689619,1877.1654264312654,300.1523035887789
growth,0,7,true,poisson_shared,g08_o2,8,False,False,-1039.088664890991,-158.34635798424682,104412.60242550388,409.8701345435495
growth,0,7,true,poisson_shared,g14_o1,14,False,True,-705.3369752712647,20.85978593014044,34693.92553363591,51.45784671500854
growth,0,7,true,poisson_separate,g03_o1,3,False,True,-536.4361176786972,6.74738102096603,838.948163931152,79.68265653329506
growth,0,7,true,poisson_separate,g13_o1,13,False,True,-537.2103319170468,5.462698632979025,878.2553007992219,82.2520213092658
growth,0,7,true,poisson_separate,g07_o1,7,False,True,-520.4200201883709,4.276780321592822,874.0457577429688,84.62385793203458
growth,0,7,true,poisson_separate,g17_o1,17,False,True,-215.12312027897534,4.842652109819677,139.8625107685804,83.49211435557494
growth,0,7,true,poisson_separate,g06_o1,6,False,True,-519.5217124196635,3.314031550536799,838.627506591788,86.54935547413533
growth,0,7,true,poisson_separate,g22_o1,22,False,False,-192.1106193441181,44.863141558772355,99.32592282651214,3.4511354576669913
growth,0,7,true,poisson_separate,g16_o1,16,False,True,-217.31070120113617,5.217166312427316,147.87680921441893,82.7430859503805
growth,0,7,true,poisson_separate,g02_o1,2,False,True,-537.5048794184905,2.518412334072817,906.1781291556965,88.14059390708042
growth,0,7,true,poisson_separate,g12_o1,12,False,False,-536.9779609645394,2.392636261308704,925.9054241518352,88.39214605255945
growth,0,7,true,poisson_separate,g15_o2,15,False,False,-205.1851996307042,41.879705038252226,123.59650189920768,9.418008498695425
growth,0,7,true,poisson_separate,g21_o2,21,False,True,-543.2846112566168,2.8980540853750503,917.7268656542387,87.3813104044608
growth,0,7,true,poisson_separate,g09_o1,9,False,False,-213.2082785769803,4.953407259936751,147.14266608741974,83.2706040553445
growth,0,7,true,poisson_separate,g19_o1,19,False,True,-214.85293974324082,4.4622897490956825,135.40267879072354,84.25283907703736
growth,0,7,true,poisson_separate,g08_o1,8,False,True,-522.2039311770517,7.198016832864416,740.0744477031412,78.78138490952857
growth,0,7,true,poisson_separate,g18_o1,18,False,True,-518.6900289087017,4.244620862049904,840.3810342303659,84.68817685108618
growth,0,7,true,poisson_separate,g16_o2,16,False,False,-219.65336587184527,3.9154055318219503,161.82920665075187,85.3466075115927
growth,0,7,true,poisson_separate,g22_o2,22,False,True,-202.7867796732913,44.67349306135277,124.2732256680288,3.830432452434749
growth,0,7,true,poisson_separate,g12_o2,12,False,True,-543.0957787617331,4.179647119610054,896.1645004480986,84.81812433600481
growth,0,7,true,poisson_separate,g05_o1,5,False,True,-214.75691170066074,4.286349245263215,140.6260419910083,84.60472008464093
growth,0,7,true,poisson_separate,g21_o1,21,False,False,-516.9556893013901,6.5613465235657795,875.2028381608643,80.0547255280568
growth,0,7,true,poisson_separate,g09_o2,9,False,True,-212.37494977729403,2.43275704969754,151.19367230702386,88.31190447579431
growth,0,7,true,poisson_separate,g15_o1,15,False,True,-192.63712071043676,44.26631664213875,99.12656440059925,4.644785290963834
growth,0,7,true,poisson_separate,g01_o1,1,False,True,-218.11456563314363,6.17296513753432,139.48049389650225,80.83148830015753
growth,0,7,true,poisson_separate,g11_o1,11,False,True,-212.81513587000345,43.59891871958569,137.62802544628144,5.97958113599023
growth,0,7,true,poisson_separate,g10_o1,10,False,True,-212.60184401997662,44.36467192519012,145.58898401767993,4.448074724816813
growth,0,7,true,poisson_separate,g04_o1,4,False,True,-212.70361752569022,5.235255725646103,136.9806029333021,82.7069071238908
growth,0,7,true,poisson_separate,g20_o1,20,False,True,-541.2800310656465,4.905927879359545,892.2702439060979,83.3655628164829
growth,0,7,true,poisson_separate,g08_o2,8,False,False,-541.6169385011547,5.597414949779388,811.1982418874333,81.9825886756771
growth,0,7,true,poisson_separate,g14_o1,14,False,True,-537.6370880407565,4.7690232256451885,849.3365030499217,83.63937212391453
growth,0,7,hapibd,poisson_shared,g03_o1,3,False,True,-1021.3310585658246,-162.99678204064452,146146.52796967007,419.1709826564347
growth,0,7,hapibd,poisson_shared,g13_o1,13,False,True,-686.2640168906935,26.22348596402201,13741.984660881077,40.730446647160356
growth,0,7,hapibd,poisson_shared,g07_o1,7,False,True,-690.586111340378,-107.64536084023574,3944.6567038782287,308.4681402554254
growth,0,7,hapibd,poisson_shared,g17_o1,17,False,True,-311.26697731288846,-74.69230240984481,490.0431244335962,242.56202339494675
growth,0,7,hapibd,poisson_shared,g06_o1,6,False,True,-696.567446859066,-111.93025624172132,3581.239806792545,317.03793105841976
growth,0,7,hapibd,poisson_shared,g22_o1,22,False,True,-196.02401395890237,44.978980182367664,108.74787601240703,3.2194582104868865
growth,0,7,hapibd,poisson_shared,g16_o1,16,False,False,-301.7475966962802,-132.43976692552616,322.14142773498475,358.0569524262901
growth,0,7,hapibd,poisson_shared,g02_o1,2,False,True,-1034.9079621542246,-191.71742024149552,59521.15218163835,476.6122590581781
growth,0,7,hapibd,poisson_shared,g12_o1,12,False,True,-954.440238246321,-111.84835320418341,745257.3298399115,316.874124983204
growth,0,7,hapibd,poisson_shared,g15_o2,15,False,False,-217.8029625270937,45.50839356769184,155.96963150903605,2.1606314399113002
growth,0,7,hapibd,poisson_shared,g21_o2,21,False,True,-587.0525720814971,-87.06266155066011,1283.9609773102645,267.30274167663566
growth,0,7,hapibd,poisson_shared,g09_o1,9,False,True,-229.1693347638211,-44.848928218910316,208.70927172767895,182.87527501292254
growth,0,7,hapibd,poisson_shared,g19_o1,19,False,True,-301.41707101768833,-137.48860162085407,310.93748883121526,368.1546218168618
growth,0,7,hapibd,poisson_shared,g08_o1,8,False,True,-1008.8450912710568,-149.4574988745938,68752.84898292008,392.0924163242117
growth,0,7,hapibd,poisson_shared,g18_o1,18,False,True,-570.2995513790241,-91.67484284873288,1037.2700205480633,276.5271042728526
growth,0,7,hapibd,poisson_shared,g16_o2,16,False,True,-299.3219536388235,-134.8446593782165,316.0292052382638,362.8667373313347
growth,0,7,hapibd,poisson_shared,g22_o2,22,False,False,-211.0019431181517,45.13534642490277,134.56511194792526,2.906725725413467
growth,0,7,hapibd,poisson_shared,g12_o2,12,False,False,-1003.9322291428274,-66.94666141554062,1416.3976006740775,227.07074140640458
growth,0,7,hapibd,poisson_shared,g05_o1,5,False,True,-296.2800332623839,-83.95755932624746,416.3218680604765,261.09253722755517
growth,0,7,hapibd,poisson_shared,g21_o1,21,False,False,-697.0248161354803,-103.6841329819674,3726.3144800072714,300.54568453905506
growth,0,7,hapibd,poisson_shared,g09_o2,9,False,False,-301.92018914824575,-78.422219881376,432.0976255602875,250.02185833797142
growth,0,7,hapibd,poisson_shared,g15_o1,15,False,True,-196.54752608355793,45.121908045151415,107.42794880908018,2.9336024849244255
growth,0,7,hapibd,poisson_shared,g01_o1,1,False,True,-317.4168761749779,-126.99134042761713,428.62767487677013,347.16009943054166
growth,0,7,hapibd,poisson_shared,g11_o1,11,False,True,-224.3856695732098,44.03451119018865,248.13120713628615,5.108396194871546
growth,0,7,hapibd,poisson_shared,g10_o1,10,False,True,-218.14893516123752,42.00854697595144,194.49152824481695,9.160324623310467
growth,0,7,hapibd,poisson_shared,g04_o1,4,False,True,-296.8262023811394,-75.53733983425127,428.158603673425,244.2520982439925
growth,0,7,hapibd,poisson_shared,g20_o1,20,False,True,-715.7326209768917,-113.5921356326152,5658.104635840211,320.36168984029615
growth,0,7,hapibd,poisson_shared,g08_o2,8,False,False,-1037.082699747362,-1.1647103262674334,1495.3454930557732,95.50683922774978
growth,0,7,hapibd,poisson_shared,g14_o1,14,False,True,-680.3720571238118,23.487091936131517,16130.464487219011,46.20323470291109
growth,0,7,hapibd,poisson_separate,g03_o1,3,False,True,-526.700242194269,5.762019968096826,835.7984274836218,81.6533786389827
growth,0,7,hapibd,poisson_separate,g13_o1,13,False,True,-525.9527254208233,4.593408549565731,865.7985265695843,83.99060147608067
growth,0,7,hapibd,poisson_separate,g07_o1,7,False,True,-508.5703915144982,6.622951825443323,696.7768845946354,79.9315149243729
growth,0,7,hapibd,poisson_separate,g17_o1,17,False,True,-216.56651800736637,5.963549975537102,140.82919701209252,81.2503186241398
growth,0,7,hapibd,poisson_separate,g06_o1,6,False,True,-510.2576012317205,1.1206845835708952,816.8113647569635,90.93604940806881
growth,0,7,hapibd,poisson_separate,g22_o1,22,False,False,-193.48281340542263,45.198714999865764,110.03735816778772,2.7799885755309055
growth,0,7,hapibd,poisson_separate,g16_o1,16,False,True,-217.11650843706337,4.513938146291013,152.60666158400238,84.1495422826221
growth,0,7,hapibd,poisson_separate,g02_o1,2,False,True,-522.7743249852865,4.797111151458597,807.3184471304222,83.58319627227552
growth,0,7,hapibd,poisson_separate,g12_o1,12,False,True,-524.5252932376845,5.726187356767098,852.8099658094187,81.72504386165693
growth,0,7,hapibd,poisson_separate,g15_o2,15,False,True,-210.05989907105428,46.41772706091291,132.64336314488378,0.341964453403983
growth,0,7,hapibd,poisson_separate,g21_o2,21,False,True,-529.176151398727,5.914757912969383,792.1611379220979,81.34790274923728
growth,0,7,hapibd,poisson_separate,g09_o1,9,False,False,-214.30353091879505,5.878836642649196,151.68364382653402,81.41974528992003
growth,0,7,hapibd,poisson_separate,g19_o1,19,False,True,-216.59687425666624,3.740068099207283,146.63619705473621,85.69728237677921
growth,0,7,hapibd,poisson_separate,g08_o1,8,False,True,-504.55892189569664,5.752038541973851,738.2688207036397,81.67334149126714
growth,0,7,hapibd,poisson_separate,g18_o1,18,False,True,-509.47720069968216,3.2667360464831816,746.4464474052774,86.64394648222148
growth,0,7,hapibd,poisson_separate,g16_o2,16,False,False,-216.7175081405715,2.020816868627911,149.5425739301139,89.1357848379568
growth,0,7,hapibd,poisson_separate,g22_o2,22,False,True,-213.34096605037564,45.086301344102814,139.16919352466078,3.0048158870261865
growth,0,7,hapibd,poisson_separate,g12_o2,12,False,False,-528.8083579618112,4.730493993164456,842.4687512866875,83.71643058883483
growth,0,7,hapibd,poisson_separate,g05_o1,5,False,True,-213.19847763522966,4.856624567333739,143.68567658388,83.46416944055021
growth,0,7,hapibd,poisson_separate,g21_o1,21,False,False,-506.52255260025635,6.022349085976317,749.4864400852391,81.13272040327975
growth,0,7,hapibd,poisson_separate,g09_o2,9,False,True,-211.28195749998275,5.077767415462702,140.39546105750702,83.02188374427158
growth,0,7,hapibd,poisson_separate,g15_o1,15,False,False,-197.0484268228611,45.36113829791111,111.2074371706741,2.4551419794163927
growth,0,7,hapibd,poisson_separate,g01_o1,1,False,True,-216.77630694472137,6.4110163988151,150.35296035626374,80.35538577760329
growth,0,7,hapibd,poisson_separate,g11_o1,11,False,True,-208.88434294078397,44.96647031396492,134.99901959342574,3.244477947261648
growth,0,7,hapibd,poisson_separate,g10_o1,10,False,True,-208.81308196070202,40.768976426296476,136.32451671490048,11.639465722611057
growth,0,7,hapibd,poisson_separate,g04_o1,4,False,True,-212.06257611924383,4.39526408854542,142.30643841854265,84.38689039812068
growth,0,7,hapibd,poisson_separate,g20_o1,20,False,True,-525.3823322785892,5.406335665551171,773.6553700573909,82.36474724408298
growth,0,7,hapibd,poisson_separate,g08_o2,8,False,False,-527.340255592472,4.385274881619613,790.5727816288331,84.40686881198863
growth,0,7,hapibd,poisson_separate,g14_o1,14,False,True,-524.5804346131463,6.698971175046669,804.4126388217825,79.77947622511007
growth,0,8,true,poisson_shared,g03_o1,3,False,True,-1067.4996781541715,-127.88444393013935,5969044.709795749,348.998746897995
growth,0,8,true,poisson_shared,g13_o1,13,False,True,-716.0123132622407,28.96134770710465,245583.6502756403,35.30716362360162
growth,0,8,true,poisson_shared,g07_o1,7,False,True,-719.4553506280174,-68.76150850680429,34567.41448406898,230.75287605129606
growth,0,8,true,poisson_shared,g17_o1,17,False,True,-296.72271168802365,-41.89551705934784,602.525639742387,177.02089315653762
growth,0,8,true,poisson_shared,g06_o1,6,False,True,-712.0658577558311,-91.06517967472108,24583.63298766541,275.3602183871745
growth,0,8,true,poisson_shared,g22_o1,22,False,True,-205.35776307657983,44.843670860012935,137.09048489696073,3.542517317784566
growth,0,8,true,poisson_shared,g16_o1,16,False,True,-310.0271432241489,-94.22654309979812,370.4652875301021,281.6829452377428
growth,0,8,true,poisson_shared,g02_o1,2,False,True,-1078.2119482938224,-159.75634870999306,2064383.0377676473,412.74255645735605
growth,0,8,true,poisson_shared,g12_o1,12,False,True,-996.9216000092723,-85.18554276045334,67620083.3497808,263.60094455845945
growth,0,8,true,poisson_shared,g15_o2,15,False,False,-220.55748736430075,44.43746122906974,167.5642998002178,4.354936579632743
growth,0,8,true,poisson_shared,g21_o2,21,False,False,-741.8911915180684,-81.25483159715539,70539.48944911918,255.73952223222642
growth,0,8,true,poisson_shared,g09_o1,9,False,True,-239.3776736175126,-9.44063332502838,258.1274983917001,112.11112568755158
growth,0,8,true,poisson_shared,g19_o1,19,False,True,-310.8752188982502,-86.76661034258422,445.6426580554524,266.7630797228823
growth,0,8,true,poisson_shared,g08_o1,8,False,False,-1057.7415905343641,-128.67967404782934,3620756.141880213,350.58920713315234
growth,0,8,true,poisson_shared,g18_o1,18,False,True,-591.4105330860988,-56.50046108877429,1269.1194791998996,206.23078121517344
growth,0,8,true,poisson_shared,g16_o2,16,False,False,-304.59240055752304,-100.61317422113123,357.54907293485405,294.45620747990137
growth,0,8,true,poisson_shared,g22_o2,22,False,False,-217.90590259686596,45.25490016293551,165.0578597342425,2.720058711954657
growth,0,8,true,poisson_shared,g12_o2,12,False,False,-1015.1957165563495,-31.027187285975693,1465.9420634250466,155.2842336093595
growth,0,8,true,poisson_shared,g05_o1,5,False,True,-249.67928775933183,-9.58084217539008,275.5260957945827,112.39154338859424
growth,0,8,true,poisson_shared,g21_o1,21,False,True,-723.0774354763112,-73.68011585774295,29646.73604675329,240.59009075333609
growth,0,8,true,poisson_shared,g09_o2,9,False,False,-305.91737089469274,-34.954220056285216,579.2860572922867,163.13829915005186
growth,0,8,true,poisson_shared,g15_o1,15,False,True,-206.66364956783724,46.18136286366983,126.07738172412441,0.8671333104139725
growth,0,8,true,poisson_shared,g01_o1,1,False,True,-323.96077096037334,-87.09023677367885,525.2310416282855,267.4103325851645
growth,0,8,true,poisson_shared,g11_o1,11,False,True,-229.73195739385093,44.92832225415563,232.99914190333004,3.3732145295071003
growth,0,8,true,poisson_shared,g10_o1,10,False,True,-225.23218654117318,45.29529898768138,215.32258119759808,2.63926106251202
growth,0,8,true,poisson_shared,g04_o1,4,False,True,-293.28771416937644,-47.75872675393931,610.0382987238509,188.7473125453229
growth,0,8,true,poisson_shared,g20_o1,20,False,True,-742.2499579136844,-80.73939233286434,61864.418150545105,254.7086437037144
growth,0,8,true,poisson_shared,g08_o2,8,False,True,-1054.5319134919507,22.886613452426275,1518.562583001135,47.456632132958674
growth,0,8,true,poisson_shared,g14_o1,14,False,True,-713.7478675872551,29.206711963940478,249225.18690313186,34.8164351099678
growth,0,8,true,poisson_separate,g03_o1,3,False,True,-556.9717404833411,29.032039108390883,1046.1352126939428,35.165780821055606
growth,0,8,true,poisson_separate,g13_o1,13,False,True,-557.6780455701062,28.822275128004062,1029.3314855009464,35.585308781845896
growth,0,8,true,poisson_separate,g07_o1,7,False,True,-533.2857873666492,29.818222537698553,882.2683089008646,33.5934139624096
growth,0,8,true,poisson_separate,g17_o1,17,False,True,-223.82931897023255,27.854938666525953,167.73924792325738,37.51998170476315
growth,0,8,true,poisson_separate,g06_o1,6,False,True,-534.7733344722061,28.586713968889573,982.7952599078335,36.05643110011151
growth,0,8,true,poisson_separate,g22_o1,22,False,False,-204.9164310848595,43.67876929133656,137.83599654374973,5.872320455198013
growth,0,8,true,poisson_separate,g16_o1,16,False,True,-226.49893096721084,27.935804806873684,173.69746394817574,37.35824942403593
growth,0,8,true,poisson_separate,g02_o1,2,False,True,-556.7081315827634,29.277041544750887,1015.8332376901506,34.67577594829295
growth,0,8,true,poisson_separate,g12_o1,12,False,False,-559.4243583463659,28.32138987003048,1053.3947068075295,36.58707929777002
growth,0,8,true,poisson_separate,g15_o2,15,False,True,-211.56487722648092,45.704119929865215,149.4779236612368,1.8216191781000513
growth,0,8,true,poisson_separate,g21_o2,21,False,True,-560.41591606791,29.612211235233246,1001.8791768046209,34.0054365673339
growth,0,8,true,poisson_separate,g09_o1,9,False,False,-220.42369830640993,29.246636567686583,167.57462183515779,34.73658590249477
growth,0,8,true,poisson_separate,g19_o1,19,False,True,-231.56795133382224,25.258510955869728,169.5492961368181,42.7128371260561
growth,0,8,true,poisson_separate,g08_o1,8,False,True,-532.6910397517697,28.81685460860929,905.8164789873351,35.596149820643824
growth,0,8,true,poisson_separate,g18_o1,18,False,True,-538.0752487220373,28.384876434633153,1106.7756548179368,36.460106168615354
growth,0,8,true,poisson_separate,g16_o2,16,False,False,-228.68206782753845,28.99128988227212,179.0747627680813,35.24727927325472
growth,0,8,true,poisson_separate,g22_o2,22,False,True,-212.8580408287709,44.847424383661114,149.9825455650057,3.5350102704929984
growth,0,8,true,poisson_separate,g12_o2,12,False,True,-565.4320652484413,26.333614733377754,1132.2446821055883,40.562629571120496
growth,0,8,true,poisson_separate,g05_o1,5,False,True,-222.51810302058206,28.40577056278572,172.841367320986,36.41831791224913
growth,0,8,true,poisson_separate,g21_o1,21,False,False,-535.5028824209726,28.559947009877973,966.4775330252771,36.109965018050374
growth,0,8,true,poisson_separate,g09_o2,9,False,True,-220.06491251429333,29.592642112976794,162.36939055608184,34.044574811939334
growth,0,8,true,poisson_separate,g15_o1,15,False,False,-201.38307369870688,45.90305182982184,129.44859252485304,1.4237553781536902
growth,0,8,true,poisson_separate,g01_o1,1,False,True,-228.2404424231287,27.726366512825045,172.13007286426654,37.777126012180126
growth,0,8,true,poisson_separate,g11_o1,11,False,True,-220.32584427581287,45.125962640356235,157.75737357314043,2.9779337571127176
growth,0,8,true,poisson_separate,g10_o1,10,False,True,-218.9001473501735,45.352250303008695,159.23930484146217,2.5253584318039755
growth,0,8,true,poisson_separate,g04_o1,4,False,True,-222.06367363914018,28.86459996604057,174.39200898233912,35.50065910572407
growth,0,8,true,poisson_separate,g20_o1,20,False,True,-558.3721990484444,27.01114114784135,1038.2893388757225,39.20757674221508
growth,0,8,true,poisson_separate,g08_o2,8,False,False,-562.1839351600879,29.56936446197063,1086.3424321370755,34.0911301139256
growth,0,8,true,poisson_separate,g14_o1,14,False,True,-558.167450660769,28.173887254476313,1051.4856899114338,36.88208452886129
growth,0,8,hapibd,poisson_shared,g03_o1,3,False,True,-1071.0678957043601,-121.80429603407697,6554854.04039796,336.838451106144
growth,0,8,hapibd,poisson_shared,g13_o1,13,False,True,-717.703046357205,31.926379658763466,334779.0937108802,29.37709972027872
growth,0,8,hapibd,poisson_shared,g07_o1,7,False,True,-716.6246238928127,-68.34256652489701,36134.67583177972,229.9149920875916
growth,0,8,hapibd,poisson_shared,g17_o1,17,False,True,-301.05447739061793,-37.54352261698607,593.327162071631,168.31690427184583
growth,0,8,hapibd,poisson_shared,g06_o1,6,False,True,-718.7960163564563,-75.2595130217126,31395.72735318043,243.74888508133273
growth,0,8,hapibd,poisson_shared,g22_o1,22,False,True,-213.03818152422718,45.16001854399075,155.64405114025925,2.9098219498830584
growth,0,8,hapibd,poisson_shared,g16_o1,16,False,True,-298.5703857403634,-107.32112456175422,341.31502723793716,307.8721081605338
growth,0,8,hapibd,poisson_shared,g02_o1,2,False,True,-1083.3811017540156,-149.25615401317796,2706321.736932557,391.74216706390393
growth,0,8,hapibd,poisson_shared,g12_o1,12,False,True,-1008.9450627140565,-61.424307158167345,133343817.4853276,216.0784733541345
growth,0,8,hapibd,poisson_shared,g15_o2,15,False,False,-227.15509576492246,42.539778057929816,204.70185801424688,8.150302922030328
growth,0,8,hapibd,poisson_shared,g21_o2,21,False,True,-746.313188010905,-67.40369807118516,80759.13036549675,228.03725518044965
growth,0,8,hapibd,poisson_shared,g09_o1,9,False,False,-238.00138519633887,-9.181814349024995,241.2263744876373,111.5934877357539
growth,0,8,hapibd,poisson_shared,g19_o1,19,False,True,-331.74502445778364,-82.57796562771733,397.1650965044825,258.3857902933182
growth,0,8,hapibd,poisson_shared,g08_o1,8,False,True,-1049.705644172861,27.89497397361614,1589.2297330513993,37.43991109060398
growth,0,8,hapibd,poisson_shared,g18_o1,18,False,True,-625.1686165975234,-89.52799819623175,1480.269840240097,272.28585543029425
growth,0,8,hapibd,poisson_shared,g16_o2,16,False,False,-309.83031029315646,-97.46104269992772,386.31674264663815,288.15194443772174
growth,0,8,hapibd,poisson_shared,g22_o2,22,False,False,-228.02274869496736,41.83095196911147,194.78393372067092,9.567955099578494
growth,0,8,hapibd,poisson_shared,g12_o2,12,False,False,-1013.6849555697711,-27.28773155755623,1436.9255746896079,147.80532215276318
growth,0,8,hapibd,poisson_shared,g05_o1,5,False,True,-296.6986407926314,-39.00455195984641,541.4256847687,171.23896295746565
growth,0,8,hapibd,poisson_shared,g21_o1,21,False,False,-725.7277967137652,-66.65154464821923,32592.294254002336,226.53294833427952
growth,0,8,hapibd,poisson_shared,g09_o2,9,False,True,-299.88110484102333,-36.83900630835077,591.8612288025605,166.90787165420028
growth,0,8,hapibd,poisson_shared,g15_o1,15,False,True,-212.49280951065046,44.53075304548157,154.95979195178109,4.168352946887639
growth,0,8,hapibd,poisson_shared,g01_o1,1,False,True,-324.7000492333869,-87.10465100814454,501.8322815649411,267.4391610541747
growth,0,8,hapibd,poisson_shared,g11_o1,11,False,True,-224.73653782705188,44.50498543552074,195.47734751984902,4.219888166739846
growth,0,8,hapibd,poisson_shared,g10_o1,10,False,True,-218.9920037275614,44.66860065298131,184.35663116484028,3.892657731891528
growth,0,8,hapibd,poisson_shared,g04_o1,4,False,True,-296.9858644315078,-31.962224150583708,516.3573538414288,157.15430733896665
growth,0,8,hapibd,poisson_shared,g20_o1,20,False,True,-633.8856454993771,-59.84289082228009,5739.201967152185,212.91564068245515
growth,0,8,hapibd,poisson_shared,g08_o2,8,False,False,-1051.0483062869466,-136.29733317901008,2501894.367617122,365.8245253961884
growth,0,8,hapibd,poisson_shared,g14_o1,14,False,True,-716.0797606288122,34.81282201914286,311990.72212753206,23.60421499959024
growth,0,8,hapibd,poisson_separate,g03_o1,3,False,True,-559.9064629435348,28.870561766351674,1052.8305504945145,35.48873550516594
growth,0,8,hapibd,poisson_separate,g13_o1,13,False,True,-561.2831320578767,25.721455293274737,986.546157286337,41.786948451353545
growth,0,8,hapibd,poisson_separate,g07_o1,7,False,True,-538.5209125789381,27.71535070895851,988.7022232840746,37.79915761985981
growth,0,8,hapibd,poisson_separate,g17_o1,17,False,True,-225.91024784302817,28.51802172169202,185.54098039457818,36.19381559445874
growth,0,8,hapibd,poisson_separate,g06_o1,6,False,True,-539.999716334228,28.240399089275606,973.881835813569,36.74906085932436
growth,0,8,hapibd,poisson_separate,g22_o1,22,False,False,-207.7628645010396,45.57980125579797,149.34889643408366,2.0702565262496484
growth,0,8,hapibd,poisson_separate,g16_o1,16,False,True,-230.92124827907526,25.313666063434166,178.2229454932402,42.60252691094335
growth,0,8,hapibd,poisson_separate,g02_o1,2,False,True,-560.8970921515051,28.446453247854457,1011.8744494761179,36.33695254214812
growth,0,8,hapibd,poisson_separate,g12_o1,12,False,False,-560.9728331209001,27.084189456390146,1067.3053524464822,39.06148012502933
growth,0,8,hapibd,poisson_separate,g15_o2,15,False,True,-223.16839091468037,45.85981998282675,173.4522407859074,1.510219072249055
growth,0,8,hapibd,poisson_separate,g21_o2,21,False,True,-563.486447022219,27.12444257809147,1042.7256085742183,38.980973881631
growth,0,8,hapibd,poisson_separate,g09_o1,9,False,False,-222.62745359555478,27.73626048326807,179.8475890737543,37.757338071343824
growth,0,8,hapibd,poisson_separate,g19_o1,19,False,True,-233.8670337758003,30.027559089823903,181.54184596210874,33.1747408582469
growth,0,8,hapibd,poisson_separate,g08_o1,8,False,True,-539.1615204801415,28.515665073950984,984.4994778964881,36.19852888992713
growth,0,8,hapibd,poisson_separate,g18_o1,18,False,True,-561.2721155181468,26.87386919203621,1118.125116138538,39.48212065381447
growth,0,8,hapibd,poisson_separate,g16_o2,16,False,False,-230.9018215443513,27.544417066758083,189.06564639877445,38.14102490426513
growth,0,8,hapibd,poisson_separate,g22_o2,22,False,True,-224.76420744768927,44.90072373206716,177.36545708014512,3.428411573698712
growth,0,8,hapibd,poisson_separate,g12_o2,12,False,True,-568.1125962580082,26.342464001670358,989.8729215038293,40.54493103447
growth,0,8,hapibd,poisson_separate,g05_o1,5,False,True,-224.07627904413943,26.99462087028228,178.0551384294515,39.24061729733407
growth,0,8,hapibd,poisson_separate,g21_o1,21,False,False,-539.1158799661038,28.609493829184384,949.914602727185,36.010871379486716
growth,0,8,hapibd,poisson_separate,g09_o2,9,False,True,-227.66736524650454,26.45815418830679,180.65282044465116,40.31355066128503
growth,0,8,hapibd,poisson_separate,g15_o1,15,False,False,-208.82251111434255,45.480863056269456,147.54076778786816,2.2681329253005944
growth,0,8,hapibd,poisson_separate,g01_o1,1,False,True,-231.6282456887232,28.072869793077146,187.69605747934182,37.08411945165968
growth,0,8,hapibd,poisson_separate,g11_o1,11,False,True,-223.75500021056874,45.17901279945655,175.94818695056807,2.8718334388664593
growth,0,8,hapibd,poisson_separate,g10_o1,10,False,True,-217.71596527167526,45.84925656072351,165.52079732814786,1.5313459164229686
growth,0,8,hapibd,poisson_separate,g04_o1,4,False,True,-223.03739676871226,27.544676062400114,178.55231251676986,38.140506913079896
growth,0,8,hapibd,poisson_separate,g20_o1,20,False,True,-561.480067838267,26.788749962307932,1081.5589290366777,39.65235911324855
growth,0,8,hapibd,poisson_separate,g08_o2,8,False,False,-566.1161242059346,29.08226065802731,1052.3834191046935,35.06533772176028
growth,0,8,hapibd,poisson_separate,g14_o1,14,False,True,-561.6466899754362,27.934023785751005,1098.464079140879,37.3618114663002
growth,0,9,true,poisson_shared,g03_o1,3,False,True,-1026.1584284557018,-122.96559105198517,3930709.7418857357,339.1877941906514
growth,0,9,true,poisson_shared,g13_o1,13,False,True,-722.7833582802161,34.349450966852146,216439.3988768987,24.557710152903265
growth,0,9,true,poisson_shared,g07_o1,7,False,True,-712.758091883105,-67.69768569900327,25057.669232638997,228.65198348475928
growth,0,9,true,poisson_shared,g17_o1,17,False,True,-302.6043609883265,-39.877490862052966,672.0904723678634,173.0115938107737
growth,0,9,true,poisson_shared,g06_o1,6,False,True,-708.6850816650289,-82.0550703995253,25576.877396197895,257.36675288544217
growth,0,9,true,poisson_shared,g22_o1,22,False,True,-205.5477347240087,44.23668588819439,133.34761309529864,4.783240310327956
growth,0,9,true,poisson_shared,g16_o1,16,False,False,-314.07553226711434,-93.64792723963208,361.6470634814526,280.55246656589577
growth,0,9,true,poisson_shared,g02_o1,2,False,True,-1030.8339197714893,-155.90086173523994,1293808.5448436264,405.0583355573417
growth,0,9,true,poisson_shared,g12_o1,12,False,True,-944.184214224209,-99.98393681286599,27884717.195735626,293.22448571268393
growth,0,9,true,poisson_shared,g15_o2,15,False,False,-222.5132562425104,43.63775680346052,184.98323660866652,5.981098479771318
growth,0,9,true,poisson_shared,g21_o2,21,False,False,-749.8819358888657,-64.78525618131874,51544.47182966427,222.8271244494336
growth,0,9,true,poisson_shared,g09_o1,9,False,True,-233.84896833535134,-10.870109667479891,254.00183960695637,114.99683142197745
growth,0,9,true,poisson_shared,g19_o1,19,False,True,-314.6105778558629,-97.67759778178254,351.849828153197,288.6118076502988
growth,0,9,true,poisson_shared,g08_o1,8,False,True,-1005.3133681136628,-112.19089221278199,1454101.5624133435,317.63839651239084
growth,0,9,true,poisson_shared,g18_o1,18,False,True,-587.5234031877003,-57.32886370533901,1362.5659475141806,207.9143394971239
growth,0,9,true,poisson_shared,g16_o2,16,False,True,-307.1347982879821,-104.0053934064512,325.8251810487342,301.26739889898363
growth,0,9,true,poisson_shared,g22_o2,22,False,False,-222.37339105098204,43.75560472671084,185.07048719840625,5.745402633335309
growth,0,9,true,poisson_shared,g12_o2,12,False,False,-1053.118890157946,-30.620282337134736,1545.9120348973415,154.49717676069997
growth,0,9,true,poisson_shared,g05_o1,5,False,True,-231.11186461306133,-13.033130714595227,265.5008475086027,119.32287351599236
growth,0,9,true,poisson_shared,g21_o1,21,False,True,-720.9961662796502,-68.68487476925358,24303.630999458637,230.626361624948
growth,0,9,true,poisson_shared,g09_o2,9,False,False,-293.91778185144017,-41.75740834505248,611.0040879842666,176.77142877666205
growth,0,9,true,poisson_shared,g15_o1,15,False,True,-208.41997358101372,44.79449263343963,133.96049301413643,3.667626819817963
growth,0,9,true,poisson_shared,g01_o1,1,False,True,-322.48473191042297,-89.6521454060389,473.94591169818966,272.5609028987468
growth,0,9,true,poisson_shared,g11_o1,11,False,True,-222.97034201816626,44.695181938633375,280.7602208290897,3.866248209439995
growth,0,9,true,poisson_shared,g10_o1,10,False,True,-213.63789368686255,44.100676983607826,197.9600953224131,5.055258119491706
growth,0,9,true,poisson_shared,g04_o1,4,False,True,-227.82318701217022,-10.705459255373604,238.03974988654844,114.66753059734813
growth,0,9,true,poisson_shared,g20_o1,20,False,True,-648.7900936473649,-51.49474174818758,6487.571041128791,196.2460955832864
growth,0,9,true,poisson_shared,g08_o2,8,False,False,-1008.4353710159141,-130.49815133673673,1312286.26997395,354.25291476018526
growth,0,9,true,poisson_shared,g14_o1,14,False,True,-715.2178290211209,30.747932363041787,247920.35346103786,31.760747360622194
growth,0,9,true,poisson_separate,g03_o1,3,False,True,-563.1732261951918,30.68622874585867,1100.2241904171406,31.884154595036133
growth,0,9,true,poisson_separate,g13_o1,13,False,True,-562.0781361225027,30.55632059636038,1069.6528529274428,32.143970893927424
growth,0,9,true,poisson_separate,g07_o1,7,False,True,-538.3929078399169,29.052266326462192,997.17593971741,35.15207943386571
growth,0,9,true,poisson_separate,g17_o1,17,False,True,-217.3535091535068,29.687802801692477,168.2647816082856,33.88100648332376
growth,0,9,true,poisson_separate,g06_o1,6,False,True,-539.1925263414261,30.55390807111678,1010.8820941781262,32.14879594446197
growth,0,9,true,poisson_separate,g22_o1,22,False,True,-204.2486773734967,46.05149653067104,140.42963908983035,1.1536190253456637
growth,0,9,true,poisson_separate,g16_o1,16,False,False,-227.95845449915382,30.02528315631914,177.1729417770804,33.20604577415869
growth,0,9,true,poisson_separate,g02_o1,2,False,True,-561.8286556964263,29.564168126291136,1062.32573303837,34.128275834148354
growth,0,9,true,poisson_separate,g12_o1,12,False,True,-563.8247139072997,31.024475866510393,1008.2540613820852,31.20766035377671
growth,0,9,true,poisson_separate,g15_o2,15,False,True,-220.1225262868585,45.920376196727496,178.49079421930873,1.4158596932487528
growth,0,9,true,poisson_separate,g21_o2,21,False,True,-568.9550645534291,29.440287959476834,1193.9179725684776,34.37603616776036
growth,0,9,true,poisson_separate,g09_o1,9,False,False,-216.7198725569241,30.11839084794338,173.22007505976205,33.01983039090434
growth,0,9,true,poisson_separate,g19_o1,19,False,True,-224.27689534770482,31.88407055383545,162.47306903240843,29.488470979030012
growth,0,9,true,poisson_separate,g08_o1,8,False,True,-538.7639767214116,30.167459935638618,986.5570878128494,32.92169221543601
growth,0,9,true,poisson_separate,g18_o1,18,False,True,-538.6845894406171,29.90115668275692,1045.0780704889853,33.45429872123855
growth,0,9,true,poisson_separate,g16_o2,16,False,True,-227.11293531978305,30.08965782604694,172.68648825658119,33.07729643468721
growth,0,9,true,poisson_separate,g22_o2,22,False,False,-218.44294011633215,43.97291580676689,178.9129174133909,5.310780473108754
growth,0,9,true,poisson_separate,g12_o2,12,False,False,-568.5485192017809,30.769700784166233,1093.979558338524,31.717210518416355
growth,0,9,true,poisson_separate,g05_o1,5,False,True,-217.14064494292296,30.955336991084007,174.19573814213692,31.345938104484965
growth,0,9,true,poisson_separate,g21_o1,21,False,False,-538.813173775678,29.906485723315022,1022.5051664053153,33.44364064011052
growth,0,9,true,poisson_separate,g09_o2,9,False,True,-217.83090374811746,31.460479352154195,163.61452999784882,30.33565338242969
growth,0,9,true,poisson_separate,g15_o1,15,False,False,-207.15970813923443,45.61793526484671,134.6979604276261,2.0207415569961986
growth,0,9,true,poisson_separate,g01_o1,1,False,True,-225.99965100295265,31.33620427232163,170.10533866250478,30.58420354208312
growth,0,9,true,poisson_separate,g11_o1,11,False,True,-212.84070263617113,46.39664384136902,159.3565063060811,0.4633244040436451
growth,0,9,true,poisson_separate,g10_o1,10,False,True,-212.44241594707262,45.882034661283896,154.04213181489558,1.492542764192327
growth,0,9,true,poisson_separate,g04_o1,4,False,True,-219.76863355765573,31.322572127769835,176.10332639742094,30.611467831202745
growth,0,9,true,poisson_separate,g20_o1,20,False,True,-563.7486764696359,30.19481822015358,1081.3783771712904,32.86697564640393
growth,0,9,true,poisson_separate,g08_o2,8,False,False,-568.7542921651691,30.886424660382048,1110.5384921784353,31.483762765893637
growth,0,9,true,poisson_separate,g14_o1,14,False,True,-562.3929320364206,28.36245362056641,1089.4041116537671,36.53170484556772
growth,0,9,hapibd,poisson_shared,g03_o1,3,False,True,-1000.914103610829,-118.59510096985653,9607909.901438504,330.44681402654663
growth,0,9,hapibd,poisson_shared,g13_o1,13,False,True,-683.5038295962747,29.75725197499547,406294.3151707599,33.74210813677889
growth,0,9,hapibd,poisson_shared,g07_o1,7,False,True,-703.9231269130438,-55.18614045483687,33037.90339013175,203.62889299662757
growth,0,9,hapibd,poisson_shared,g17_o1,17,False,True,-303.3206745838104,-33.265556229756335,637.6314998986244,159.7877245460954
growth,0,9,hapibd,poisson_shared,g06_o1,6,False,True,-696.935607785421,-67.9701605681798,32383.50495175725,229.1969332231083
growth,0,9,hapibd,poisson_shared,g22_o1,22,False,True,-209.47363736959826,45.226956613539286,144.61189314368053,2.8026988596598024
growth,0,9,hapibd,poisson_shared,g16_o1,16,False,False,-310.7286101394116,-95.3105136278185,376.59233696295075,283.87763934204776
growth,0,9,hapibd,poisson_shared,g02_o1,2,False,True,-1015.8219547654446,-146.48665080444383,2419778.039044401,386.22991369559725
growth,0,9,hapibd,poisson_shared,g12_o1,12,False,True,-937.1518176859884,-64.44726273563963,95232788.6882432,222.15113755776702
growth,0,9,hapibd,poisson_shared,g15_o2,15,False,False,-227.07921954525966,43.96386622107141,196.61966543572015,5.328879644606431
growth,0,9,hapibd,poisson_shared,g21_o2,21,False,False,-711.5030486469809,-70.33015817200027,70584.11494996672,233.91692843059474
growth,0,9,hapibd,poisson_shared,g09_o1,9,False,True,-233.18453993514294,-11.81043602637558,236.41377744824223,116.87748413926226
growth,0,9,hapibd,poisson_shared,g19_o1,19,False,True,-307.6424011507826,-104.98702740959104,347.3650405657304,303.2306669054022
growth,0,9,hapibd,poisson_shared,g08_o1,8,False,True,-1026.0264616769336,-3.6433261249244158,613143.0574825117,100.54326433663412
growth,0,9,hapibd,poisson_shared,g18_o1,18,False,True,-570.6094221086844,-61.98721523879421,1526.4622219886965,217.23104256454832
growth,0,9,hapibd,poisson_shared,g16_o2,16,False,True,-313.6024666171741,-93.24870443783452,377.65388524215217,279.75402096246245
growth,0,9,hapibd,poisson_shared,g22_o2,22,False,False,-226.47205884001232,43.329838041059375,185.78492892917444,6.596936004578403
growth,0,9,hapibd,poisson_shared,g12_o2,12,False,False,-1006.5857117886851,-30.416454751061302,1422.6718931648193,154.0895215884558
growth,0,9,hapibd,poisson_shared,g05_o1,5,False,True,-295.3307150694543,-41.91452243920612,605.0866749711832,177.08565696534117
growth,0,9,hapibd,poisson_shared,g21_o1,21,False,True,-694.403634417592,-68.48674194107434,31348.734749369927,230.23009596884836
growth,0,9,hapibd,poisson_shared,g09_o2,9,False,False,-297.2231406703061,-37.80874912434971,619.6333488871505,168.874110335122
growth,0,9,hapibd,poisson_shared,g15_o1,15,False,True,-207.8707733849679,45.33541239526167,144.4280367825918,2.5857872961419943
growth,0,9,hapibd,poisson_shared,g01_o1,1,False,True,-320.7369267522645,-90.4033269230038,475.2819373082898,274.0632659327766
growth,0,9,hapibd,poisson_shared,g11_o1,11,False,True,-222.67385294163057,43.26311848961868,232.49216641176133,6.730375107429437
growth,0,9,hapibd,poisson_shared,g10_o1,10,False,True,-215.69665318927923,44.23972823316478,188.30296569538876,4.777155620366262
growth,0,9,hapibd,poisson_shared,g04_o1,4,False,True,-288.9049898328862,-40.04357301102308,470.98608915088556,173.3437581088129
growth,0,9,hapibd,poisson_shared,g20_o1,20,False,True,-634.4923473504853,-64.00473287499781,7606.385270785429,221.26607783685637
growth,0,9,hapibd,poisson_shared,g08_o2,8,False,False,-1040.2889682829837,28.79710929202515,1430.8347215247338,35.66239350265854
growth,0,9,hapibd,poisson_shared,g14_o1,14,False,True,-682.6952675365162,32.634871663932906,372731.6127424926,27.986868758842945
growth,0,9,hapibd,poisson_separate,g03_o1,3,False,True,-534.9353451744421,31.49289099090603,1008.6042200025953,30.270830104911838
growth,0,9,hapibd,poisson_separate,g13_o1,13,False,True,-536.4006920568889,31.005638180146033,1018.9648320183305,31.245335726491906
growth,0,9,hapibd,poisson_separate,g07_o1,7,False,True,-513.1949699983794,30.248703192053902,895.354225691579,32.759205702596894
growth,0,9,hapibd,poisson_separate,g17_o1,17,False,True,-217.1784652328467,30.948558595280105,170.78173253527333,31.359494896204506
growth,0,9,hapibd,poisson_separate,g06_o1,6,False,True,-512.7725313222843,30.22685553219531,945.0717623524257,32.80290102240437
growth,0,9,hapibd,poisson_separate,g22_o1,22,False,False,-204.68778646320456,44.52984850013952,138.20877918205994,4.1969150863908915
growth,0,9,hapibd,poisson_separate,g16_o1,16,False,True,-225.9496603284774,32.13720481807049,174.44419563455807,28.982202450547184
growth,0,9,hapibd,poisson_separate,g02_o1,2,False,True,-535.1759553887885,30.273259732841392,1021.5960630876655,32.71009262104215
growth,0,9,hapibd,poisson_separate,g12_o1,12,False,False,-535.5940874950192,30.383508944173588,974.0312083459978,32.48959419836993
growth,0,9,hapibd,poisson_separate,g15_o2,15,False,True,-221.57813254796517,45.482919358096225,167.22534294848532,2.29077337049947
growth,0,9,hapibd,poisson_separate,g21_o2,21,False,True,-537.15923998767,29.040145576879326,935.4895866109198,35.176320932860136
growth,0,9,hapibd,poisson_separate,g09_o1,9,False,False,-224.3798299875343,30.02490301563595,175.79992252305692,33.206806055507
growth,0,9,hapibd,poisson_separate,g19_o1,19,False,True,-225.51740122986266,30.780289537802616,167.14298027068347,31.69603301109329
growth,0,9,hapibd,poisson_separate,g08_o1,8,False,True,-509.8810104665363,30.630725884184056,895.7423279585009,31.995160318328097
growth,0,9,hapibd,poisson_separate,g18_o1,18,False,True,-510.0940622288013,28.428138453317274,906.9591339603338,36.40033517999706
growth,0,9,hapibd,poisson_separate,g16_o2,16,False,False,-228.60984134794703,30.4048657086338,187.92576278487059,32.4468806694322
growth,0,9,hapibd,poisson_separate,g22_o2,22,False,True,-222.09044673744188,45.31085275538942,172.74703675051848,2.6349065759426926
growth,0,9,hapibd,poisson_separate,g12_o2,12,False,True,-541.8857882997729,28.23780601421,1064.1878903395059,36.781000058288384
growth,0,9,hapibd,poisson_separate,g05_o1,5,False,True,-220.2270852573942,30.807538915749735,186.20856733398816,31.64153425519565
growth,0,9,hapibd,poisson_separate,g21_o1,21,False,False,-511.05007343844284,31.41880856595505,915.3415538898613,30.41899495479404
growth,0,9,hapibd,poisson_separate,g09_o2,9,False,True,-218.21428829574484,29.504118331570428,175.20755500843103,34.24837542357545
growth,0,9,hapibd,poisson_separate,g15_o1,15,False,False,-207.31377441361818,45.98265428228665,150.7558100634181,1.2913035220962221
growth,0,9,hapibd,poisson_separate,g01_o1,1,False,True,-226.74636310506403,29.846256043992334,189.64319554365062,33.56409999876
growth,0,9,hapibd,poisson_separate,g11_o1,11,False,True,-214.48322867798572,44.67857683582119,167.8581498459252,3.899458415098401
growth,0,9,hapibd,poisson_separate,g10_o1,10,False,True,-214.1343934648093,45.07556787960871,155.96198604966517,3.105476327464952
growth,0,9,hapibd,poisson_separate,g04_o1,4,False,True,-219.212949012278,30.421236251370875,183.76552177044437,32.41413958395755
growth,0,9,hapibd,poisson_separate,g20_o1,20,False,True,-536.2319182209296,30.768268166926223,1060.3021870010757,31.720075752744048
growth,0,9,hapibd,poisson_separate,g08_o2,8,False,False,-537.1117030726404,31.878819307451327,1098.2528402707685,29.49897347179833
growth,0,9,hapibd,poisson_separate,g14_o1,14,False,True,-537.158336688845,30.9952295622294,953.4505973709981,31.266152962153228
constant,0,0,true,poisson_shared,g03_o1,3,False,True,-1039.7497335570206,-11.949278638867503,1503.554007167737,116.61420593614078
constant,0,0,true,poisson_shared,g13_o1,13,False,True,-794.435790931719,6.016827822342523,12813.794395427549,80.6819930137714
constant,0,0,true,poisson_shared,g07_o1,7,False,True,-735.9468043600327,-99.30985882259858,3667.978905130474,291.3353663036851
constant,0,0,true,poisson_shared,g17_o1,17,False,True,-304.20994790379405,-93.8163477669371,297.14636276918327,280.3483441924064
constant,0,0,true,poisson_shared,g06_o1,6,False,True,-685.1043392318052,-101.2711344334275,1008.1368743778223,295.25791752546263
constant,0,0,true,poisson_shared,g22_o1,22,False,True,-226.51298062874798,45.221773325674704,128.96473194125227,2.2721020071901687
constant,0,0,true,poisson_shared,g16_o1,16,False,True,-303.34865079694896,-93.80574624713422,300.4295625648468,280.3271411527103
constant,0,0,true,poisson_shared,g02_o1,2,False,True,-1171.3355671340157,-179.151569843681,38798.238752025565,451.0187883462145
constant,0,0,true,poisson_shared,g12_o1,12,False,True,-1100.7856151774981,-125.51580309593515,239559.5579522333,343.7472548498929
constant,0,0,true,poisson_shared,g15_o2,15,False,False,-238.22202734212368,45.263538206805386,147.22762476113706,2.1885722448278973
constant,0,0,true,poisson_shared,g21_o2,21,False,True,-642.3633356548245,-84.87153613241375,1313.8231513280894,262.4587209235384
constant,0,0,true,poisson_shared,g09_o1,9,False,True,-270.6765073423763,-37.505698413067,270.3126124966787,167.72704548491225
constant,0,0,true,poisson_shared,g19_o1,19,False,True,-292.00424177772993,-99.44574850748859,264.4888172219521,291.6071456733622
constant,0,0,true,poisson_shared,g08_o1,8,False,False,-1028.8770787542355,1.5729040921642414,1358.4889655509446,89.56984047412674
constant,0,0,true,poisson_shared,g18_o1,18,False,True,-635.7234665214447,-104.4746711863902,1022.743581950413,301.6649910309838
constant,0,0,true,poisson_shared,g16_o2,16,False,False,-301.6160629443556,-95.10252094643543,286.1834128511689,282.9206905511529
constant,0,0,true,poisson_shared,g22_o2,22,False,False,-236.67163150407288,45.104521707816474,148.54299769396104,2.506605242842757
constant,0,0,true,poisson_shared,g12_o2,12,False,False,-1162.7011228715628,-184.43024271285944,77874.5146970585,461.5761340846572
constant,0,0,true,poisson_shared,g05_o1,5,False,True,-323.3632768567643,-91.91397910573185,475.1388248583398,276.5436068697866
constant,0,0,true,poisson_shared,g21_o1,21,False,False,-654.8489444231227,-74.31063928923882,872.2126866878339,241.33692723697794
constant,0,0,true,poisson_shared,g09_o2,9,False,False,-293.2032206113083,-48.32184438769076,460.94435522305776,189.3593374339298
constant,0,0,true,poisson_shared,g15_o1,15,False,True,-226.11339462123803,45.6301212935714,126.71770611213607,1.4554060713238859
constant,0,0,true,poisson_shared,g01_o1,1,False,True,-322.88648974977286,-90.55378153708655,510.1533158183948,273.8232117326096
constant,0,0,true,poisson_shared,g11_o1,11,False,True,-269.6053558403736,41.25227353563714,430.0303151725507,10.211101587224885
constant,0,0,true,poisson_shared,g10_o1,10,False,True,-265.3199985382868,40.682492698412176,342.0123716171647,11.350663261659044
constant,0,0,true,poisson_shared,g04_o1,4,False,True,-265.1896287932323,-39.14134351625577,243.80295443506986,170.9983356908927
constant,0,0,true,poisson_shared,g20_o1,20,False,True,-670.4360988690275,-89.69364987503245,1151.1943827783025,272.1029484085467
constant,0,0,true,poisson_shared,g08_o2,8,False,True,-1036.7087923690901,-3.2379290066311293,1447.8410117634844,99.19150667177729
constant,0,0,true,poisson_shared,g14_o1,14,False,True,-791.8245607056629,7.7598793541890965,12575.45424051574,77.19588995011384
constant,0,0,true,poisson_separate,g03_o1,3,False,True,-581.7424449158306,-0.04196814905813981,847.5017219807895,92.79958495658164
constant,0,0,true,poisson_separate,g13_o1,13,False,True,-593.6965143415986,-2.716442487042699,1037.3649031661992,98.1485336325868
constant,0,0,true,poisson_separate,g07_o1,7,False,True,-584.5503487185854,-2.2006984119195394,892.1272987083698,97.1170454823123
constant,0,0,true,poisson_separate,g17_o1,17,False,True,-245.64964551472346,-0.6977024790959079,162.93071748187754,94.11105361662413
constant,0,0,true,poisson_separate,g06_o1,6,False,True,-585.481138995031,-1.0149557645935994,871.7157083694813,94.74556018765911
constant,0,0,true,poisson_separate,g22_o1,22,False,True,-226.78677006702833,44.88432286831785,131.70858756820576,2.9470029218294727
constant,0,0,true,poisson_separate,g16_o1,16,False,True,-245.49444374820098,0.21819338515216963,175.11740656583643,92.27926188817348
constant,0,0,true,poisson_separate,g02_o1,2,False,True,-583.7519598275368,-1.3769629550751015,832.9360242769715,95.46957456860852
constant,0,0,true,poisson_separate,g12_o1,12,False,True,-584.770223050366,-1.5399245826830972,880.0052668368642,95.79549782384507
constant,0,0,true,poisson_separate,g15_o2,15,False,False,-237.2857955115561,42.77953614551983,145.78247469541452,7.156576367400782
constant,0,0,true,poisson_separate,g21_o2,21,False,True,-585.9387384409222,-0.9435345083724789,890.4056532578859,94.6027176752205
constant,0,0,true,poisson_separate,g09_o1,9,False,False,-247.77426251444757,-5.682469519127063,175.42108330071582,104.08058769653377
constant,0,0,true,poisson_separate,g19_o1,19,False,True,-244.1812746412594,-0.9871715789608408,161.99847435274145,94.68999181640446
constant,0,0,true,poisson_separate,g08_o1,8,False,True,-584.899977289286,-0.6731830866207844,897.3924024357119,94.06201483171259
constant,0,0,true,poisson_separate,g18_o1,18,False,True,-584.2218349578523,-2.959212396835239,941.5285351758432,98.6340734521271
constant,0,0,true,poisson_separate,g16_o2,16,False,False,-245.10641903393955,0.36156882938892176,170.239531157115,91.9925109997098
constant,0,0,true,poisson_separate,g22_o2,22,False,False,-238.3160625524316,45.0490923383987,147.35250310691097,2.6174639816578393
constant,0,0,true,poisson_separate,g12_o2,12,False,False,-588.3960339062464,-2.718536508381681,897.1095506456361,98.1527216752416
constant,0,0,true,poisson_separate,g05_o1,5,False,True,-245.73328370969426,-2.8209399862895728,180.59973081982452,98.35752863126095
constant,0,0,true,poisson_separate,g21_o1,21,False,False,-585.1572025396049,-2.5335923721747693,886.0542409110606,97.78283340280329
constant,0,0,true,poisson_separate,g09_o2,9,False,True,-246.44906080108058,-2.0498382443708403,179.99846582183088,96.8153251472135
constant,0,0,true,poisson_separate,g15_o1,15,False,True,-227.979449230367,44.39016094918397,129.66780832317784,3.9353267600670327
constant,0,0,true,poisson_separate,g01_o1,1,False,True,-246.14026065830893,-1.1354715999139453,179.28942611333326,94.98659185829061
constant,0,0,true,poisson_separate,g11_o1,11,False,True,-246.65317977847826,43.792721869125344,171.56973886125573,5.130204920250149
constant,0,0,true,poisson_separate,g10_o1,10,False,True,-247.45718719932069,44.16148293376564,174.57968954131974,4.392682790902867
constant,0,0,true,poisson_separate,g04_o1,4,False,True,-245.71060231774644,-2.4724130510859124,175.72909127758604,97.6604747606273
constant,0,0,true,poisson_separate,g20_o1,20,False,True,-585.5711051213955,-1.4118665556305834,903.8402189203741,95.53938176975268
constant,0,0,true,poisson_separate,g08_o2,8,False,False,-588.2158267104371,-0.3761322971220002,913.6513607095635,93.46791325273644
constant,0,0,true,poisson_separate,g14_o1,14,False,True,-583.1934325290968,-2.5036008941038506,871.3686652992118,97.72285044664451
constant,0,0,hapibd,poisson_shared,g03_o1,3,False,True,-1092.0441636642993,-173.43619031337528,180967.2067516283,439.5880292851909
constant,0,0,hapibd,poisson_shared,g13_o1,13,False,True,-732.7866349644316,7.343394537284942,26380.39863226477,78.02885958391899
constant,0,0,hapibd,poisson_shared,g07_o1,7,False,True,-620.1503367157773,-107.93614856297869,964.0050383702253,308.58794578477597
constant,0,0,hapibd,poisson_shared,g17_o1,17,False,True,-300.1650064544837,-110.43767046437974,289.53086801596584,313.59098958681835
constant,0,0,hapibd,poisson_shared,g06_o1,6,False,True,-621.6083612432847,-113.91637941395919,923.4692168848327,320.54840748654743
constant,0,0,hapibd,poisson_shared,g22_o1,22,False,True,-228.98999314228104,45.286467405701465,136.79952083248992,2.1427138470502687
constant,0,0,hapibd,poisson_shared,g16_o1,16,False,True,-306.1014006782379,-102.68031682371085,291.2961174916207,298.07628230576296
constant,0,0,hapibd,poisson_shared,g02_o1,2,False,True,-1106.1740977489403,-189.17699861651238,87565.24254980379,471.0696458913643
constant,0,0,hapibd,poisson_shared,g12_o1,12,False,True,-1038.704732143523,-122.57536527477788,705892.1415480047,337.86637920825524
constant,0,0,hapibd,poisson_shared,g15_o2,15,False,False,-238.60146717932244,45.04784776486983,151.7507664366895,2.619953128726732
constant,0,0,hapibd,poisson_shared,g21_o2,21,False,True,-594.1716541840797,-84.58327920668742,1391.9101812502763,261.8822070720027
constant,0,0,hapibd,poisson_shared,g09_o1,9,False,True,-275.2799420797039,-41.18021625934537,286.89570790941957,175.07608117725613
constant,0,0,hapibd,poisson_shared,g19_o1,19,False,True,-298.11654012246754,-106.05430873922388,272.1378416086711,304.8242661369938
constant,0,0,hapibd,poisson_shared,g08_o1,8,False,True,-978.2044133448208,-22.061642225180005,1365.8568195352166,136.83893310889047
constant,0,0,hapibd,poisson_shared,g18_o1,18,False,True,-584.2445527396153,-108.76334987603587,947.264052969982,310.2423484104427
constant,0,0,hapibd,poisson_shared,g16_o2,16,False,False,-309.16144123228054,-99.5254416019167,301.2465058021786,291.76653186248984
constant,0,0,hapibd,poisson_shared,g22_o2,22,False,False,-236.91835081068086,43.84377275543646,149.24517307342308,5.028103147623565
constant,0,0,hapibd,poisson_shared,g12_o2,12,False,False,-1094.042563136621,-64.28246127961813,1625.8149456151427,221.28057121777104
constant,0,0,hapibd,poisson_shared,g05_o1,5,False,True,-356.2617087447845,-76.38419479374758,590.2159461800595,245.48403824609272
constant,0,0,hapibd,poisson_shared,g21_o1,21,False,False,-586.6763695709616,-81.37811987150867,771.4883173703207,255.47188840128698
constant,0,0,hapibd,poisson_shared,g09_o2,9,False,False,-303.2673593770795,-52.61687211843363,450.25932051296775,197.9493928956474
constant,0,0,hapibd,poisson_shared,g15_o1,15,False,True,-226.5946000514513,44.53065295284337,125.85339596906664,3.6543427527726795
constant,0,0,hapibd,poisson_shared,g01_o1,1,False,True,-329.8969614742285,-100.22220133637154,510.42538295597467,293.1600513315372
constant,0,0,hapibd,poisson_shared,g11_o1,11,False,True,-285.1114424573572,41.36200915616213,502.7004753119585,9.991630346132528
constant,0,0,hapibd,poisson_shared,g10_o1,10,False,True,-270.57587648271226,37.667760033650275,317.746835787006,17.380128591114495
constant,0,0,hapibd,poisson_shared,g04_o1,4,False,True,-269.2329047206748,-42.826016057445315,249.01507045293283,178.3676807731245
constant,0,0,hapibd,poisson_shared,g20_o1,20,False,True,-728.6084342217263,-123.5219271151714,8827.11574436357,339.7595028892576
constant,0,0,hapibd,poisson_shared,g08_o2,8,False,False,-1089.6324370071784,-175.67832322680692,83679.965186466,444.0722951123448
constant,0,0,hapibd,poisson_shared,g14_o1,14,False,True,-729.8819611962367,8.99623497348221,19656.34235888366,74.72317871151019
constant,0,0,hapibd,poisson_separate,g03_o1,3,False,True,-525.0630585378274,-0.45153809626900815,805.7523275695726,93.61872485100133
constant,0,0,hapibd,poisson_separate,g13_o1,13,False,True,-525.8916867326789,-3.0991963579832587,778.6614015021003,98.91404137451883
constant,0,0,hapibd,poisson_separate,g07_o1,7,False,True,-527.2748562109554,-3.0460933550740745,883.0423784246323,98.8078353685883
constant,0,0,hapibd,poisson_separate,g17_o1,17,False,True,-247.62393060094257,-1.5760212254830555,173.52161145712373,95.86769110945009
constant,0,0,hapibd,poisson_separate,g06_o1,6,False,True,-531.0556365107429,-3.8097870228283774,813.3892704839359,100.3352227038447
constant,0,0,hapibd,poisson_separate,g22_o1,22,False,True,-227.89810513383495,44.292827637602244,127.55910256249012,4.129993383259078
constant,0,0,hapibd,poisson_separate,g16_o1,16,False,False,-249.73408617936173,-1.5320560234142537,172.01424928589947,95.77976070529567
constant,0,0,hapibd,poisson_separate,g02_o1,2,False,True,-527.0463276707799,-1.945034568946506,788.3656794867316,96.60571779635272
constant,0,0,hapibd,poisson_separate,g12_o1,12,False,True,-526.652270989076,-2.992146468960472,780.7396688451298,98.69994159632273
constant,0,0,hapibd,poisson_separate,g15_o2,15,False,False,-237.93183473214194,44.698780784933845,155.6404741002361,3.3180870886229243
constant,0,0,hapibd,poisson_separate,g21_o2,21,False,True,-528.7947642477535,-3.1414019106257784,827.4897962127504,98.99845247968305
constant,0,0,hapibd,poisson_separate,g09_o1,9,False,False,-249.7877106316157,-1.5592839473917488,177.76314876765463,95.83421655324189
constant,0,0,hapibd,poisson_separate,g19_o1,19,False,True,-245.48894582132087,0.16077045842521095,152.49828344933798,92.39410774162798
constant,0,0,hapibd,poisson_separate,g08_o1,8,False,True,-524.7281942234196,-1.2742506319111842,793.6510931043705,95.26414992229795
constant,0,0,hapibd,poisson_separate,g18_o1,18,False,True,-530.6388394739049,-3.6157976289085507,808.6148510855579,99.94724391618401
constant,0,0,hapibd,poisson_separate,g16_o2,16,False,True,-249.16659505729288,-1.2028702730204057,177.6017662328461,95.12138920450462
constant,0,0,hapibd,poisson_separate,g22_o2,22,False,False,-238.4611104459183,44.82627001689245,152.41296354825053,3.0631086247473944
constant,0,0,hapibd,poisson_separate,g12_o2,12,False,False,-540.3925947351611,-4.831872544815431,884.4849862425679,102.37939374787774
constant,0,0,hapibd,poisson_separate,g05_o1,5,False,True,-248.38193713430533,-2.1217607394863993,178.91865846448172,96.95917013744345
constant,0,0,hapibd,poisson_separate,g21_o1,21,False,False,-527.2241438379644,-1.6900172358650287,812.0354658177166,96.09568313013474
constant,0,0,hapibd,poisson_separate,g09_o2,9,False,True,-250.02743312853252,-1.6919812625967658,172.52313154646276,96.09961118367323
constant,0,0,hapibd,poisson_separate,g15_o1,15,False,True,-227.5912080366112,44.851215157831874,131.78145707655443,3.0132183427880297
constant,0,0,hapibd,poisson_separate,g01_o1,1,False,True,-248.96139707228653,-0.5388874130499494,186.66319734442072,93.79342348453119
constant,0,0,hapibd,poisson_separate,g11_o1,11,False,True,-250.15983108615234,45.160338985264616,179.5475417772534,2.3949706879400403
constant,0,0,hapibd,poisson_separate,g10_o1,10,False,True,-249.2103580718625,43.279370248812434,169.0717059703671,6.156908160831762
constant,0,0,hapibd,poisson_separate,g04_o1,4,False,True,-249.73838000945466,-1.5696065989951404,172.48353411277006,95.8548618564656
constant,0,0,hapibd,poisson_separate,g20_o1,20,False,True,-528.1959050179988,-1.380572977527931,810.8988629251573,95.47679461352399
constant,0,0,hapibd,poisson_separate,g08_o2,8,False,False,-529.3139149020558,-1.01031233331923,782.014928642965,94.73627332508391
constant,0,0,hapibd,poisson_separate,g14_o1,14,False,True,-528.1717756160879,-1.2868951214644984,790.8291135179009,95.28943890139986
constant,0,1,true,poisson_shared,g03_o1,3,False,True,-1185.3444870758672,-195.96610251651484,24801.245989945266,484.9705848131799
constant,0,1,true,poisson_shared,g13_o1,13,False,True,-843.7219367336147,-0.19222655024157353,8444.929040021052,93.42283288085267
constant,0,1,true,poisson_shared,g07_o1,7,False,True,-718.9138296439469,-118.99856735999208,1158.2887286774069,331.0355145001213
constant,0,1,true,poisson_shared,g17_o1,17,False,True,-303.5747692414621,-109.9998596691758,283.7620029792285,313.0380991192121
constant,0,1,true,poisson_shared,g06_o1,6,False,True,-731.3031575405828,-117.4365389577741,1081.6528052767399,327.9114576955508
constant,0,1,true,poisson_shared,g22_o1,22,False,True,-230.98252703041902,45.34473705405593,139.00287745823277,2.3489056721542774
constant,0,1,true,poisson_shared,g16_o1,16,False,False,-297.40311420559857,-114.69328482059792,286.3482342573305,322.42494942179553
constant,0,1,true,poisson_shared,g02_o1,2,False,True,-1179.802772825212,-229.090538499019,18493.78000672529,551.2194567781556
constant,0,1,true,poisson_shared,g12_o1,12,False,True,-1132.5839888529047,-151.90006618609874,60579.33529884014,396.8385121530614
constant,0,1,true,poisson_shared,g15_o2,15,False,False,-253.87210121213462,44.30305810446225,184.31208233677972,4.432263571427925
constant,0,1,true,poisson_shared,g21_o2,21,False,True,-681.1619100710592,-104.84638354576296,1333.4763898150925,302.73114687145545
constant,0,1,true,poisson_shared,g09_o1,9,False,True,-274.4131572302383,-52.506700374456834,318.1031770864095,198.05178052924413
constant,0,1,true,poisson_shared,g19_o1,19,False,True,-305.78677535793213,-109.08040563114068,291.07296175724383,311.19919104267564
constant,0,1,true,poisson_shared,g08_o1,8,False,False,-1190.2620755670393,-196.45259183033858,23225.570446812802,485.94356344150486
constant,0,1,true,poisson_shared,g18_o1,18,False,True,-675.704600122255,-122.50530618352407,1099.4333144343398,338.0489921473545
constant,0,1,true,poisson_shared,g16_o2,16,False,True,-302.54697828561444,-109.11038489867846,293.662917227019,311.2591495775124
constant,0,1,true,poisson_shared,g22_o2,22,False,False,-254.02780037220467,46.11416755518147,186.68222102543152,0.8100446699768896
constant,0,1,true,poisson_shared,g12_o2,12,False,False,-1201.3387069180067,-209.02052561441226,29133.950580561606,511.07943100889213
constant,0,1,true,poisson_shared,g05_o1,5,False,True,-273.161708928459,-54.471169667664576,337.29156614309795,201.98071911593976
constant,0,1,true,poisson_shared,g21_o1,21,False,False,-711.7874103121396,-118.52311650529629,1108.7566889580628,330.0846127910153
constant,0,1,true,poisson_shared,g09_o2,9,False,False,-292.5180786464016,-59.81671441519257,375.2688695696209,212.67180861093863
constant,0,1,true,poisson_shared,g15_o1,15,False,True,-231.47346597167075,45.75305712489596,134.43527950096086,1.5322655305845179
constant,0,1,true,poisson_shared,g01_o1,1,False,True,-320.4717556643599,-106.84460355262841,527.9640964305397,306.72758688572105
constant,0,1,true,poisson_shared,g11_o1,11,False,True,-259.1025286382295,38.9555187626641,483.17699914377476,15.127342255062215
constant,0,1,true,poisson_shared,g10_o1,10,False,True,-257.3006435247961,37.507361566924374,391.33533035698997,18.0236566465327
constant,0,1,true,poisson_shared,g04_o1,4,False,True,-285.87190898122003,-64.93858980233266,281.5147702106868,222.91555938525738
constant,0,1,true,poisson_shared,g20_o1,20,False,True,-707.8134920248917,-109.91221663278023,1171.586334976652,312.8628130455781
constant,0,1,true,poisson_shared,g08_o2,8,False,True,-1085.5972362588868,-12.75576246282483,1506.2797608286298,118.54990470613708
constant,0,1,true,poisson_shared,g14_o1,14,False,True,-840.3048662562687,-1.3225147924270344,7925.371574922655,95.68340936523025
constant,0,1,true,poisson_separate,g03_o1,3,False,True,-617.0915633550748,-14.836613968462519,966.8140127604773,122.71160771741987
constant,0,1,true,poisson_separate,g13_o1,13,False,True,-619.0419483977778,-14.133174789523725,924.2254272351386,121.30472935970303
constant,0,1,true,poisson_separate,g07_o1,7,False,True,-622.5602282119784,-15.066023342856536,1020.9341132936393,123.17042646588868
constant,0,1,true,poisson_separate,g17_o1,17,False,True,-244.00360761002537,-14.49624408705937,161.74648563465166,122.03086795449678
constant,0,1,true,poisson_separate,g06_o1,6,False,True,-622.895494001606,-16.316919064169394,975.0497980609447,125.67221790886339
constant,0,1,true,poisson_separate,g22_o1,22,False,True,-231.33174597656188,44.555566751613014,139.328422116921,3.927246277187903
constant,0,1,true,poisson_separate,g16_o1,16,False,False,-244.59924472262213,-13.967779265899514,173.88676080977808,120.97393831215928
constant,0,1,true,poisson_separate,g02_o1,2,False,True,-618.352501894411,-14.370732686373131,922.3173606663602,121.77984515311269
constant,0,1,true,poisson_separate,g12_o1,12,False,False,-619.292779800732,-15.172657130969554,963.4733188907148,123.38369404228665
constant,0,1,true,poisson_separate,g15_o2,15,False,False,-254.8196990220278,46.02741149786837,186.2535657918693,0.9835567845550214
constant,0,1,true,poisson_separate,g21_o2,21,False,True,-622.1910892042375,-15.63833567546658,991.3192602777821,124.31505113118189
constant,0,1,true,poisson_separate,g09_o1,9,False,False,-250.16238039848713,-12.405100242792887,198.0478225216114,117.84858026595967
constant,0,1,true,poisson_separate,g19_o1,19,False,True,-241.9963253866079,-14.479090595472822,154.66383039132637,121.99656097112586
constant,0,1,true,poisson_separate,g08_o1,8,False,False,-616.2289714250101,-13.74295622490544,892.8716151589524,120.5242922299389
constant,0,1,true,poisson_separate,g18_o1,18,False,True,-624.4874829206098,-15.630515124480013,911.1889415537391,124.29941002929999
constant,0,1,true,poisson_separate,g16_o2,16,False,True,-243.46703319683937,-13.845942986292133,167.03326501870484,120.7302657529894
constant,0,1,true,poisson_separate,g22_o2,22,False,False,-249.9122798802361,45.57494543416403,167.23273668635846,1.8884889120866
constant,0,1,true,poisson_separate,g12_o2,12,False,True,-623.6082192449965,-15.176019221555551,978.3983764355066,123.39041822365718
constant,0,1,true,poisson_separate,g05_o1,5,False,True,-248.1689404355925,-13.977162677421978,183.30172595813133,120.99270513536204
constant,0,1,true,poisson_separate,g21_o1,21,False,False,-623.3566157148971,-13.437959579164122,1028.571352877264,119.91429893868602
constant,0,1,true,poisson_separate,g09_o2,9,False,True,-246.31708968705965,-17.97763568206387,182.89926361718693,128.9936511446595
constant,0,1,true,poisson_separate,g15_o1,15,False,True,-231.55416381445178,44.78865316179697,138.83133788276956,3.461073456745103
constant,0,1,true,poisson_separate,g01_o1,1,False,True,-245.2191237229354,-13.975780014615365,176.28256424847228,120.98993980948765
constant,0,1,true,poisson_separate,g11_o1,11,False,True,-243.29073846435108,43.80604013727124,179.18751452861864,5.426299505833074
constant,0,1,true,poisson_separate,g10_o1,10,False,True,-242.75703046845473,44.541946605740264,176.7184307138061,3.9544865688246595
constant,0,1,true,poisson_separate,g04_o1,4,False,True,-248.54620022138906,-12.730953431637301,179.1057519264245,118.50028664368281
constant,0,1,true,poisson_separate,g20_o1,20,False,True,-623.8559892135589,-14.437912327840813,1074.6979607292224,121.91420443589134
constant,0,1,true,poisson_separate,g08_o2,8,False,True,-621.8189452763726,-13.190849336664147,972.1115534313253,119.42007845378582
constant,0,1,true,poisson_separate,g14_o1,14,False,True,-621.7378837383308,-15.421640176961784,921.2622777481098,123.88166013444948
constant,0,1,hapibd,poisson_shared,g03_o1,3,False,True,-1119.8024654258609,-194.09839735291715,30043.99551285817,481.23517448583084
constant,0,1,hapibd,poisson_shared,g13_o1,13,False,True,-779.0786437468348,10.405719313138828,9264.98502932165,72.22694115411096
constant,0,1,hapibd,poisson_shared,g07_o1,7,False,True,-768.624388223402,-125.50592567876464,4876.919410229047,344.0502311383999
constant,0,1,hapibd,poisson_shared,g17_o1,17,False,True,-305.5662746394919,-121.792860354142,285.95517013719075,336.62410048844595
constant,0,1,hapibd,poisson_shared,g06_o1,6,False,True,-772.6329912007069,-132.99628845290658,4736.694718186968,359.0309566861855
constant,0,1,hapibd,poisson_shared,g22_o1,22,False,True,-230.45506846365382,44.99730805593458,146.10204336843407,3.043763668481072
constant,0,1,hapibd,poisson_shared,g16_o1,16,False,True,-302.79095488127916,-120.68360876249693,273.15957728235935,334.4055973050037
constant,0,1,hapibd,poisson_shared,g02_o1,2,False,True,-1128.7716468287701,-213.31869907141046,23769.10774167066,519.6757779235879
constant,0,1,hapibd,poisson_shared,g12_o1,12,False,True,-1063.0620325689365,-150.90618483330402,94617.96728609226,394.8507494467831
constant,0,1,hapibd,poisson_shared,g15_o2,15,False,False,-252.91972461728736,44.4402923708532,182.00641361334675,4.157795038635115
constant,0,1,hapibd,poisson_shared,g21_o2,21,False,True,-630.369320127071,-103.94897040589447,1256.4032155998693,300.93632059212905
constant,0,1,hapibd,poisson_shared,g09_o1,9,False,True,-268.9822570863837,-55.467107898618416,274.1892271188622,203.9725955776323
constant,0,1,hapibd,poisson_shared,g19_o1,19,False,True,-310.3592799270182,-111.71741677734538,309.02999948922684,316.47321333555885
constant,0,1,hapibd,poisson_shared,g08_o1,8,False,False,-1109.732461468623,-172.71114125950476,36420.54183297024,438.4606622994133
constant,0,1,hapibd,poisson_shared,g18_o1,18,False,True,-612.6832352948643,-131.81983392401432,976.6836278869224,356.6780476280403
constant,0,1,hapibd,poisson_shared,g16_o2,16,False,False,-297.4877637371871,-126.4521030620834,276.4366490547934,345.9425859049666
constant,0,1,hapibd,poisson_shared,g22_o2,22,False,False,-254.26997122528175,44.77015504878739,186.93708279862886,3.498069682796838
constant,0,1,hapibd,poisson_shared,g12_o2,12,False,False,-1176.8912454150882,-77.00780297713024,3001.0461206060518,247.05398573428513
constant,0,1,hapibd,poisson_shared,g05_o1,5,False,True,-290.73807358221586,-59.386279756864134,401.79529095363284,211.81093929381916
constant,0,1,hapibd,poisson_shared,g21_o1,21,False,False,-768.3856405816204,-124.23895148909625,4442.436402671841,341.5162827582392
constant,0,1,hapibd,poisson_shared,g09_o2,9,False,False,-294.7596222781906,-58.99479238455285,363.1520564407399,211.0279645493498
constant,0,1,hapibd,poisson_shared,g15_o1,15,False,True,-229.2596253079889,44.9793484300196,139.17788237096494,3.079682920307044
constant,0,1,hapibd,poisson_shared,g01_o1,1,False,True,-328.12212827810623,-111.29835080371535,541.3103766724055,315.6350813881022
constant,0,1,hapibd,poisson_shared,g11_o1,11,False,True,-265.73853310149485,39.997702045280946,440.47365681326585,13.042975689790872
constant,0,1,hapibd,poisson_shared,g10_o1,10,False,True,-260.0250289542481,39.37335157469478,385.49919684434633,14.29167663095464
constant,0,1,hapibd,poisson_shared,g04_o1,4,False,True,-289.0433046985942,-58.721676347460956,275.5424019134621,210.48173247522385
constant,0,1,hapibd,poisson_shared,g20_o1,20,False,True,-776.056288280276,-126.66540532783847,4900.528262009577,346.36919043616143
constant,0,1,hapibd,poisson_shared,g08_o2,8,False,True,-1021.4920325584491,-13.32106453608006,1391.1611529716865,119.68050885235967
constant,0,1,hapibd,poisson_shared,g14_o1,14,False,True,-775.2614280376285,6.184931821911634,9169.898347998285,80.66851613652913
constant,0,1,hapibd,poisson_separate,g03_o1,3,False,True,-555.080007975284,-13.87079343510884,815.728877323522,120.77996665066178
constant,0,1,hapibd,poisson_separate,g13_o1,13,False,True,-554.3123021267858,-12.435378518527596,858.6462467645911,117.90913681742678
constant,0,1,hapibd,poisson_separate,g07_o1,7,False,True,-558.7252246809007,-16.8562255393267,783.8365604964935,126.75083085924327
constant,0,1,hapibd,poisson_separate,g17_o1,17,False,True,-244.71792305710852,-15.402113202731124,171.04400126721902,123.8426061853029
constant,0,1,hapibd,poisson_separate,g06_o1,6,False,True,-558.4829210207685,-14.140230081972451,863.6080893084778,121.3188399442979
constant,0,1,hapibd,poisson_separate,g22_o1,22,False,True,-233.0119469096806,43.494604687877704,142.10587980523508,6.049170404579055
constant,0,1,hapibd,poisson_separate,g16_o1,16,False,False,-243.76551671416803,-14.417267618333579,171.11062382612852,121.87291501672567
constant,0,1,hapibd,poisson_separate,g02_o1,2,False,True,-555.1784532023082,-17.358855398987004,877.84236621419,127.75609057798454
constant,0,1,hapibd,poisson_separate,g12_o1,12,False,False,-554.7268163303793,-15.900163414241906,825.205909584282,124.83870660895435
constant,0,1,hapibd,poisson_separate,g15_o2,15,False,True,-253.3130275316002,46.1445019524586,187.2214732889297,0.7493758754874635
constant,0,1,hapibd,poisson_separate,g21_o2,21,False,True,-560.1061101418642,-14.564167124458903,860.0260449252764,122.16671402939355
constant,0,1,hapibd,poisson_separate,g09_o1,9,False,True,-243.97440497091415,-12.808532819356161,171.3792027953874,118.65544541916617
constant,0,1,hapibd,poisson_separate,g19_o1,19,False,True,-240.17781343329608,-16.021793189848854,151.1420324088082,125.08196616015239
constant,0,1,hapibd,poisson_separate,g08_o1,8,False,True,-555.4385912826524,-13.219200083013908,812.5393642123461,119.4767799466191
constant,0,1,hapibd,poisson_separate,g18_o1,18,False,True,-559.6195681242015,-14.693941045840699,884.4476359013839,122.42626187191453
constant,0,1,hapibd,poisson_separate,g16_o2,16,False,True,-239.4889639224877,-14.599959073869922,158.89362678921356,122.23829792787049
constant,0,1,hapibd,poisson_separate,g22_o2,22,False,False,-251.84528163815673,45.03628210869758,177.27918802414518,2.9658155629791327
constant,0,1,hapibd,poisson_separate,g12_o2,12,False,True,-565.0291094101306,-15.299380740499087,913.3405266406144,123.63714126148875
constant,0,1,hapibd,poisson_separate,g05_o1,5,False,True,-243.10035846410761,-13.177379348529634,171.77688593397545,119.39313847766317
constant,0,1,hapibd,poisson_separate,g21_o1,21,False,False,-559.9585482025064,-13.133469146664426,906.5045010616655,119.30531807343503
constant,0,1,hapibd,poisson_separate,g09_o2,9,False,False,-243.1492944604161,-13.044531156533079,178.06446880566992,119.1274420930952
constant,0,1,hapibd,poisson_separate,g15_o1,15,False,False,-230.17186639378906,45.42608633131106,138.3068857284456,2.1862071177047664
constant,0,1,hapibd,poisson_separate,g01_o1,1,False,True,-242.51702322396181,-13.675085810649895,174.51457486028525,120.38855140167936
constant,0,1,hapibd,poisson_separate,g11_o1,11,False,True,-244.63541656667132,43.66916841646251,172.6504135159911,5.7000429474193055
constant,0,1,hapibd,poisson_separate,g10_o1,10,False,True,-241.32985949372573,43.900694624425114,167.22922148273716,5.236990531460692
constant,0,1,hapibd,poisson_separate,g04_o1,4,False,True,-244.6178073282821,-12.755556101216017,167.38143001422796,118.5494919828335
constant,0,1,hapibd,poisson_separate,g20_o1,20,False,True,-556.821075535642,-15.050485393392597,845.998226887335,123.1393505670003
constant,0,1,hapibd,poisson_separate,g08_o2,8,False,False,-560.0398276666579,-13.18686854873458,823.3780822606251,119.41211687771379
constant,0,1,hapibd,poisson_separate,g14_o1,14,False,True,-558.504582366079,-15.035842829006459,855.8130622726621,123.11006543851647
constant,0,2,true,poisson_shared,g03_o1,3,False,True,-1206.913842477768,-182.13630941128412,44392.354646586246,457.23717685611604
constant,0,2,true,poisson_shared,g13_o1,13,False,True,-836.8722197517142,4.947984790737671,10554.223903428647,83.0685884518878
constant,0,2,true,poisson_shared,g07_o1,7,False,True,-837.4474776746824,-108.44666766844429,5587.835765466615,309.8578933707895
constant,0,2,true,poisson_shared,g17_o1,17,False,True,-314.4111025571349,-62.32494139880011,335.872520995013,217.61444083081594
constant,0,2,true,poisson_shared,g06_o1,6,False,True,-721.95872841877,-105.92554160882179,1100.2860461551172,304.81564125118035
constant,0,2,true,poisson_shared,g22_o1,22,False,True,-235.922632353084,43.876199911919606,151.24476683132076,5.212158209501421
constant,0,2,true,poisson_shared,g16_o1,16,False,True,-321.7017705201727,-99.97367434358613,344.69186538422036,292.91190672055484
constant,0,2,true,poisson_shared,g02_o1,2,False,True,-1208.844790116725,-205.43144275128577,28060.295205228205,503.82744353612
constant,0,2,true,poisson_shared,g12_o1,12,False,True,-1139.8663737194615,-143.7424673381321,118623.8991886976,380.4494927099932
constant,0,2,true,poisson_shared,g15_o2,15,False,False,-255.97426459293183,44.029759125408376,181.57251643422646,4.9050397825243435
constant,0,2,true,poisson_shared,g21_o2,21,False,False,-835.015146645527,-113.00147326503526,5338.788593209005,318.9675045633014
constant,0,2,true,poisson_shared,g09_o1,9,False,True,-285.0275558777223,-47.57779465055056,327.29874339656493,188.12014733460202
constant,0,2,true,poisson_shared,g19_o1,19,False,True,-314.7020653346893,-103.44768471257336,310.7403750529039,299.8599274590083
constant,0,2,true,poisson_shared,g08_o1,8,False,False,-1219.675972004111,-162.3152028939177,56696.339225793534,417.594963821791
constant,0,2,true,poisson_shared,g18_o1,18,False,True,-682.0110254853732,-107.60356117450957,1180.2532632611815,308.1716803823293
constant,0,2,true,poisson_shared,g16_o2,16,False,False,-321.5972829303671,-100.70300332705861,333.4415542617638,294.37056468737615
constant,0,2,true,poisson_shared,g22_o2,22,False,False,-256.61696205947027,45.08122987339612,185.94556063868868,2.802098286586494
constant,0,2,true,poisson_shared,g12_o2,12,False,False,-1213.6129618757527,-207.19017999661196,36954.28657661735,507.34491802706583
constant,0,2,true,poisson_shared,g05_o1,5,False,True,-290.89654762537623,-48.211393766096265,427.8295744642048,189.38734556556767
constant,0,2,true,poisson_shared,g21_o1,21,False,True,-692.4773036651225,-88.43484242613022,944.5409326834563,269.834242885604
constant,0,2,true,poisson_shared,g09_o2,9,False,False,-307.76571137245367,-54.8768580518074,392.5691922991986,202.718274137226
constant,0,2,true,poisson_shared,g15_o1,15,False,True,-234.80635520651418,43.44092804740702,144.6984245443565,6.082701938610387
constant,0,2,true,poisson_shared,g01_o1,1,False,True,-341.20186885280873,-98.53136993343648,579.8836591413329,290.0272979002195
constant,0,2,true,poisson_shared,g11_o1,11,False,True,-274.4282858222723,40.181532324723385,570.9037577602378,12.601493383896475
constant,0,2,true,poisson_shared,g10_o1,10,False,True,-268.7584217722827,38.17124899752699,338.49205878536657,16.62206003833252
constant,0,2,true,poisson_shared,g04_o1,4,False,True,-281.8205048954132,-48.25583810296089,285.3832900154214,189.47623423935494
constant,0,2,true,poisson_shared,g20_o1,20,False,True,-839.3399930642604,-110.7809769231555,5161.2645949554935,314.5265118796458
constant,0,2,true,poisson_shared,g08_o2,8,False,True,-1082.5019528513048,-3.1549939071374657,1500.3870101432706,99.27454584764519
constant,0,2,true,poisson_shared,g14_o1,14,False,True,-831.0692802871623,1.2579500023823798,9249.91716954555,90.44865802862842
constant,0,2,true,poisson_separate,g03_o1,3,False,True,-617.8796428063758,-6.433790446907427,959.8775380012883,105.83213892733158
constant,0,2,true,poisson_separate,g13_o1,13,False,True,-617.8154729830869,-7.393175616928435,957.1385861072139,107.7509092669178
constant,0,2,true,poisson_separate,g07_o1,7,False,True,-620.2534601892982,-6.301830764376911,968.5071847960269,105.56821956204527
constant,0,2,true,poisson_separate,g17_o1,17,False,True,-260.365800570804,-7.3193302412404035,203.03745335229266,107.6032185157823
constant,0,2,true,poisson_separate,g06_o1,6,False,True,-621.4651380322257,-7.685234103845467,976.0640418034685,108.33502624105122
constant,0,2,true,poisson_separate,g22_o1,22,False,True,-235.85594077257002,44.12809363985554,144.0991965097278,4.708370753565658
constant,0,2,true,poisson_separate,g16_o1,16,False,False,-260.35749979723477,-4.7850042978120175,213.38252113185928,102.53456662924452
constant,0,2,true,poisson_separate,g02_o1,2,False,True,-617.5155444037799,-7.306545265311421,977.3203495551397,107.5776485638729
constant,0,2,true,poisson_separate,g12_o1,12,False,False,-616.9592148889191,-8.982856135661406,938.0894412560925,110.93027030450486
constant,0,2,true,poisson_separate,g15_o2,15,False,False,-257.4335957348402,42.8933656352724,190.20976152124342,7.177826762829697
constant,0,2,true,poisson_separate,g21_o2,21,False,True,-623.3386810387858,-7.417436465367976,956.8053308426919,107.79943096409973
constant,0,2,true,poisson_separate,g09_o1,9,False,False,-262.2288890944611,-8.784546034870417,206.40863013066604,110.5336501031527
constant,0,2,true,poisson_separate,g19_o1,19,False,True,-255.60293860049762,-5.6434077507175795,179.55942569687292,104.25137353479738
constant,0,2,true,poisson_separate,g08_o1,8,False,True,-619.8747679762598,-7.1317894871741565,971.8181111301199,107.22813700743717
constant,0,2,true,poisson_separate,g18_o1,18,False,True,-621.2385232341142,-5.992112003761316,1002.6977137704821,104.94878204065874
constant,0,2,true,poisson_separate,g16_o2,16,False,True,-258.7876819687623,-4.525333035623849,190.7284584043657,102.01522410466897
constant,0,2,true,poisson_separate,g22_o2,22,False,False,-250.580072482728,43.92307779289352,173.0397100276614,5.118402447562925
constant,0,2,true,poisson_separate,g12_o2,12,False,True,-624.404290174794,-7.7311016963707875,977.832194590462,108.42676142589252
constant,0,2,true,poisson_separate,g05_o1,5,False,True,-261.81960509518325,-5.127736185876216,200.78786549595588,103.22003040492578
constant,0,2,true,poisson_separate,g21_o1,21,False,False,-622.1348007058627,-7.273141127680425,993.7181795150939,107.51084028879171
constant,0,2,true,poisson_separate,g09_o2,9,False,True,-259.3185309016299,-6.1090950463916585,213.2083815808159,105.18274812640183
constant,0,2,true,poisson_separate,g15_o1,15,False,True,-235.45244932702064,45.009651987132216,145.10380564249385,2.9452540591240486
constant,0,2,true,poisson_separate,g01_o1,1,False,True,-260.91031447166137,-7.287575258003843,217.1919581577768,107.53970854942585
constant,0,2,true,poisson_separate,g11_o1,11,False,True,-254.25349218203382,44.30990501402382,195.1273404347483,4.344748005322274
constant,0,2,true,poisson_separate,g10_o1,10,False,True,-252.74733639711343,44.667858378341066,186.0969145811809,3.6288412767211726
constant,0,2,true,poisson_separate,g04_o1,4,False,True,-260.57305165517937,-5.875769357434852,212.63959133556278,104.71609674836313
constant,0,2,true,poisson_separate,g20_o1,20,False,True,-621.214339316868,-6.399126404203217,858.8338254316002,105.76281084164663
constant,0,2,true,poisson_separate,g08_o2,8,False,False,-622.1782942717786,-6.155785036524935,921.6974417904639,105.27612810644645
constant,0,2,true,poisson_separate,g14_o1,14,False,True,-618.8528302215243,-8.202268246374548,950.6696552279088,109.36909452593663
constant,0,2,hapibd,poisson_shared,g03_o1,3,False,True,-1048.4656024731062,-20.290177432009358,1513.5941819479524,133.54491289746258
constant,0,2,hapibd,poisson_shared,g13_o1,13,False,True,-780.0900149420747,1.9572292915445246,14116.592448971678,89.05009945025435
constant,0,2,hapibd,poisson_shared,g07_o1,7,False,True,-785.9217324027513,-112.7624213931245,6055.86611794827,318.4894008196569
constant,0,2,hapibd,poisson_shared,g17_o1,17,False,True,-319.72623139217524,-110.97941609721724,330.2856759662852,314.923390227951
constant,0,2,hapibd,poisson_shared,g06_o1,6,False,True,-770.5888086766612,-141.15066562509548,4730.345603649169,375.26588928404607
constant,0,2,hapibd,poisson_shared,g22_o1,22,False,True,-233.95675200052798,44.69124593512803,146.433667375057,3.5820661630658712
constant,0,2,hapibd,poisson_shared,g16_o1,16,False,False,-307.06805568885005,-118.94315593279232,302.3759300645238,330.8508698986047
constant,0,2,hapibd,poisson_shared,g02_o1,2,False,True,-1168.775358427959,-192.2804561407736,34578.275275797845,477.52547031455487
constant,0,2,hapibd,poisson_shared,g12_o1,12,False,True,-1080.4968453719491,-141.88902412087853,255605.72149569646,376.7426062754163
constant,0,2,hapibd,poisson_shared,g15_o2,15,False,False,-253.30048655120748,45.05853999939397,183.61810177083763,2.847478034576127
constant,0,2,hapibd,poisson_shared,g21_o2,21,False,False,-789.3223263578639,-112.30319918696918,5875.528179838675,317.57095640694365
constant,0,2,hapibd,poisson_shared,g09_o1,9,False,True,-280.6051355550833,-48.750150530352165,321.7986946820629,190.46485909425255
constant,0,2,hapibd,poisson_shared,g19_o1,19,False,True,-310.17825923363154,-111.87865791618604,299.76509873886096,316.7218738656485
constant,0,2,hapibd,poisson_shared,g08_o1,8,False,True,-1027.2895410993776,-4.317134795719502,1455.550396713278,101.59882762471122
constant,0,2,hapibd,poisson_shared,g18_o1,18,False,True,-628.4220439491775,-112.20540700263635,1094.6647835963452,317.37537203891884
constant,0,2,hapibd,poisson_shared,g16_o2,16,False,True,-317.8826347002922,-107.78784215171058,315.4799731418291,308.54024233715046
constant,0,2,hapibd,poisson_shared,g22_o2,22,False,False,-254.38748081772349,44.62084889383598,185.412398512405,3.7228602456469506
constant,0,2,hapibd,poisson_shared,g12_o2,12,False,False,-1175.6771694228669,-67.4041710225575,1778.2654171590734,227.77290007836478
constant,0,2,hapibd,poisson_shared,g05_o1,5,False,True,-348.48566271493075,-92.31784640034033,644.531977106705,277.6002508339436
constant,0,2,hapibd,poisson_shared,g21_o1,21,False,True,-640.4049995220768,-83.11048659043567,920.9979454740187,259.18553121409144
constant,0,2,hapibd,poisson_shared,g09_o2,9,False,False,-309.20465821984004,-55.15852853231981,461.9615010485884,203.28161509807848
constant,0,2,hapibd,poisson_shared,g15_o1,15,False,True,-233.45554873322166,45.186606567006926,145.06282355514233,2.591344899356698
constant,0,2,hapibd,poisson_shared,g01_o1,1,False,True,-339.59020122981576,-106.53172789421893,665.1977602895947,306.02801382184936
constant,0,2,hapibd,poisson_shared,g11_o1,11,False,True,-278.3530260163938,38.15750763912804,647.2135043948799,16.64954275507753
constant,0,2,hapibd,poisson_shared,g10_o1,10,False,True,-271.5806015196021,39.791718947019284,400.11975983981097,13.381120139270141
constant,0,2,hapibd,poisson_shared,g04_o1,4,False,True,-274.5378083274201,-58.448279429436745,307.45029794049987,209.86111689236574
constant,0,2,hapibd,poisson_shared,g20_o1,20,False,True,-631.6837928896728,-98.02902666635873,1238.3855320171015,289.0226113659386
constant,0,2,hapibd,poisson_shared,g08_o2,8,False,False,-1044.4383549755105,-7.689517092416494,1429.8018799956953,108.34359221795305
constant,0,2,hapibd,poisson_shared,g14_o1,14,False,True,-772.3698914529684,-2.605244244704733,12615.198900572293,98.17504652276611
constant,0,2,hapibd,poisson_separate,g03_o1,3,False,True,-562.1108605113124,-5.47015806166999,852.740194367035,103.90487415672382
constant,0,2,hapibd,poisson_separate,g13_o1,13,False,True,-559.6393611011565,-5.568316553357094,806.4955950802816,104.1011911401277
constant,0,2,hapibd,poisson_separate,g07_o1,7,False,True,-563.6180670515398,-6.188736400814037,817.2072841366444,105.34203083513697
constant,0,2,hapibd,poisson_separate,g17_o1,17,False,True,-259.6107704017128,-5.413623251023754,206.32845656851177,103.79180453516615
constant,0,2,hapibd,poisson_separate,g06_o1,6,False,True,-565.546347764963,-8.452172975013744,882.9374889270375,109.86890398339582
constant,0,2,hapibd,poisson_separate,g22_o1,22,False,True,-233.66936772098197,45.128369406349734,146.1623513624295,2.707819220632517
constant,0,2,hapibd,poisson_separate,g16_o1,16,False,True,-258.2234176165404,-7.284323089565409,194.44744612774107,107.533204212323
constant,0,2,hapibd,poisson_separate,g02_o1,2,False,True,-561.5241400788842,-5.100481810461862,851.1440274101684,103.16552165391049
constant,0,2,hapibd,poisson_separate,g12_o1,12,False,True,-561.2487346593588,-9.10184799001086,802.7814330943511,111.16825401345719
constant,0,2,hapibd,poisson_separate,g15_o2,15,False,False,-256.4609016421092,45.249304724074655,180.785255169933,2.4659485852235807
constant,0,2,hapibd,poisson_separate,g21_o2,21,False,True,-567.2785593180763,-6.876412538830179,848.7159533583358,106.71738311103854
constant,0,2,hapibd,poisson_separate,g09_o1,9,False,False,-259.64293056749966,-6.061315123717785,201.1018033442232,105.08718828087312
constant,0,2,hapibd,poisson_separate,g19_o1,19,False,True,-250.6491578543799,-8.621067251850144,173.93249941136148,110.20669253720811
constant,0,2,hapibd,poisson_separate,g08_o1,8,False,True,-560.6487485332376,-4.827318219444811,817.5482622832619,102.61919447191293
constant,0,2,hapibd,poisson_separate,g18_o1,18,False,True,-567.2528619804982,-7.256232681125297,893.1460004910102,107.47702339575902
constant,0,2,hapibd,poisson_separate,g16_o2,16,False,False,-255.2106613938928,-6.2061053111087645,183.4567644371257,105.37676865574738
constant,0,2,hapibd,poisson_separate,g22_o2,22,False,False,-248.49858218310072,44.97405846006714,167.6900886997874,3.016441113244917
constant,0,2,hapibd,poisson_separate,g12_o2,12,False,False,-566.8226069136934,-8.529685289291054,877.3193905468084,110.02392861197046
constant,0,2,hapibd,poisson_separate,g05_o1,5,False,True,-259.0982459266276,-6.325799969591662,198.289780714642,105.6161579724146
constant,0,2,hapibd,poisson_separate,g21_o1,21,False,False,-563.9764831836447,-6.469582959872058,814.5496808178347,105.90372395314424
constant,0,2,hapibd,poisson_separate,g09_o2,9,False,True,-256.7403326097335,-6.430636175056669,203.25521655243637,105.8258303835311
constant,0,2,hapibd,poisson_separate,g15_o1,15,False,True,-234.23319031558572,44.389332252515594,147.66993231240878,4.185893528333184
constant,0,2,hapibd,poisson_separate,g01_o1,1,False,True,-255.13633947469256,-6.530440264535783,194.6721145645905,106.0254385627771
constant,0,2,hapibd,poisson_separate,g11_o1,11,False,True,-253.344170290597,43.99905227767641,188.50245508427707,4.9664534779866125
constant,0,2,hapibd,poisson_separate,g10_o1,10,False,True,-250.70160162964112,45.20352127489336,180.21822066177486,2.5575154836095444
constant,0,2,hapibd,poisson_separate,g04_o1,4,False,True,-260.8456195619377,-6.7807492037378925,210.30772939198502,106.52605644067896
constant,0,2,hapibd,poisson_separate,g20_o1,20,False,True,-568.1994117362768,-9.420676359004371,1006.0958983139726,111.80591075105902
constant,0,2,hapibd,poisson_separate,g08_o2,8,False,False,-575.6799847362487,-7.314471055763764,960.6256154082722,107.5935001450215
constant,0,2,hapibd,poisson_separate,g14_o1,14,False,True,-564.9816303621587,-6.731280497378716,836.560784809923,106.42711902816701
constant,0,3,true,poisson_shared,g03_o1,3,False,True,-1114.3223669043468,-10.39503662817918,1587.2210398516465,113.51895014244884
constant,0,3,true,poisson_shared,g13_o1,13,False,True,-847.1498399947803,-11.775546812364464,20022.619648863274,116.2799705106176
constant,0,3,true,poisson_shared,g07_o1,7,False,True,-725.5813952245876,-100.12849155107095,1064.9336950145482,292.9858599879294
constant,0,3,true,poisson_shared,g17_o1,17,False,True,-315.69473023308853,-87.32106270204063,311.1167932409177,267.3710022901174
constant,0,3,true,poisson_shared,g06_o1,6,False,True,-734.8103917194321,-104.93685057470711,1095.1362039595454,302.6025780357709
constant,0,3,true,poisson_shared,g22_o1,22,False,True,-229.30804516521061,45.59731527757751,119.73010834116909,1.5342463309159855
constant,0,3,true,poisson_shared,g16_o1,16,False,False,-307.5995078219713,-89.17511019161267,287.89795712528996,271.0790972692413
constant,0,3,true,poisson_shared,g02_o1,2,False,True,-1214.5171851439054,-206.44875013304824,58081.3421101875,505.62637715190374
constant,0,3,true,poisson_shared,g12_o1,12,False,True,-1151.6191173969933,-141.96125917464119,307341.25505538064,376.6513952354678
constant,0,3,true,poisson_shared,g15_o2,15,False,False,-249.36239749638062,45.06443852232171,156.72005307702472,2.5999998413856975
constant,0,3,true,poisson_shared,g21_o2,21,False,True,-678.504210020832,-88.48857033045863,1276.2570121843182,269.7060175469374
constant,0,3,true,poisson_shared,g09_o1,9,False,False,-270.8274543471934,-42.523850595269,248.21574614859242,177.77657807640412
constant,0,3,true,poisson_shared,g19_o1,19,False,True,-305.0421016231269,-89.58936008469554,265.9011973651412,271.907597055212
constant,0,3,true,poisson_shared,g08_o1,8,False,True,-1084.8220487854182,2.3888771536941023,1535.4131133583887,87.95112257863094
constant,0,3,true,poisson_shared,g18_o1,18,False,True,-686.9692998247308,-97.2631140024268,1087.8243044069743,287.2551048906295
constant,0,3,true,poisson_shared,g16_o2,16,False,True,-307.95904349592,-91.75450518121751,268.053957220351,276.2378872485164
constant,0,3,true,poisson_shared,g22_o2,22,False,False,-248.61151949633455,44.44425774373174,157.97685762671134,3.840361398576749
constant,0,3,true,poisson_shared,g12_o2,12,False,False,-1231.2219044013243,-191.874139454203,105157.84715710256,476.4771557945886
constant,0,3,true,poisson_shared,g05_o1,5,False,True,-317.1598951138323,-82.88543746830891,372.9582006919604,258.4997518230284
constant,0,3,true,poisson_shared,g21_o1,21,False,False,-704.0503662217748,-74.6482891799414,1016.6877188944102,242.02545524606592
constant,0,3,true,poisson_shared,g09_o2,9,False,True,-291.29956120032955,-48.24029673748519,308.03583569374064,189.20947036101097
constant,0,3,true,poisson_shared,g15_o1,15,False,True,-229.16339254988492,45.58135815836394,120.37901896623032,1.5661605693150162
constant,0,3,true,poisson_shared,g01_o1,1,False,True,-309.1485091366818,-98.39139379655029,375.1644848914292,289.5116644782356
constant,0,3,true,poisson_shared,g11_o1,11,False,True,-253.08502343362,40.703034826280046,251.74741124804333,11.322807233481587
constant,0,3,true,poisson_shared,g10_o1,10,False,True,-249.24460875498687,40.73550216239173,232.18207519055775,11.25787256124141
constant,0,3,true,poisson_shared,g04_o1,4,False,True,-267.27558283166485,-40.61088441947013,232.95116663733043,173.95064572477045
constant,0,3,true,poisson_shared,g20_o1,20,False,True,-715.1224310240201,-80.15773074335607,1196.3498247380778,253.04433837289852
constant,0,3,true,poisson_shared,g08_o2,8,False,False,-1095.537675857197,3.4959212624398166,1518.5857951799985,85.7370343611142
constant,0,3,true,poisson_shared,g14_o1,14,False,True,-844.8093095126569,-9.285429195267895,19749.07086480933,111.29973527635528
constant,0,3,true,poisson_separate,g03_o1,3,False,True,-627.3842821624753,0.8632945171711852,948.5421662815116,91.00228785168447
constant,0,3,true,poisson_separate,g13_o1,13,False,True,-627.2088728201315,-0.9012831015668324,904.5075091324306,94.53144308917537
constant,0,3,true,poisson_separate,g07_o1,7,False,True,-629.7421584583827,0.21037083562984532,962.5324210623318,92.30813521476958
constant,0,3,true,poisson_separate,g17_o1,17,False,True,-251.66617620836647,0.8266864655187173,158.8646053597217,91.07550395501019
constant,0,3,true,poisson_separate,g06_o1,6,False,True,-633.6920838323219,0.248188085867096,1017.2204387803135,92.23250071428777
constant,0,3,true,poisson_separate,g22_o1,22,False,False,-230.7377245302013,44.60037599427838,124.42950123401128,3.528124897461776
constant,0,3,true,poisson_separate,g16_o1,16,False,True,-250.98647894684277,-1.4063618366806945,167.78319352225765,95.54160055937047
constant,0,3,true,poisson_separate,g02_o1,2,False,True,-627.2614153731904,0.5879805683401936,916.8783766990999,91.55291574933702
constant,0,3,true,poisson_separate,g12_o1,12,False,True,-628.098434363278,-0.38242371433223826,949.8698404070461,93.49372431474237
constant,0,3,true,poisson_separate,g15_o2,15,False,False,-247.03339608119472,44.010112704883014,155.30085083740636,4.708651476179266
constant,0,3,true,poisson_separate,g21_o2,21,False,True,-633.600355887597,0.576495968184922,940.8845950091434,91.57588494964108
constant,0,3,true,poisson_separate,g09_o1,9,False,False,-249.89682303075196,0.7643724829448222,169.48166279260528,91.20013192012019
constant,0,3,true,poisson_separate,g19_o1,19,False,True,-248.88442248275987,-0.5389107030313808,155.48801042588173,93.80669829208273
constant,0,3,true,poisson_separate,g08_o1,8,False,True,-631.4938388222231,-0.6517365648875424,966.0911559989768,94.0323500157911
constant,0,3,true,poisson_separate,g18_o1,18,False,True,-631.73180751582,-1.180355956806144,976.0034421165915,95.08958879966355
constant,0,3,true,poisson_separate,g16_o2,16,False,False,-248.83586255436722,-3.1422125555830376,159.77112773805615,99.01330199728378
constant,0,3,true,poisson_separate,g22_o2,22,False,True,-246.74801700347984,43.369874437121105,148.87262533921827,5.989128011787461
constant,0,3,true,poisson_separate,g12_o2,12,False,False,-635.2421447795579,-2.03092291093931,1001.1796375753688,96.79072270791497
constant,0,3,true,poisson_separate,g05_o1,5,False,True,-248.68337706118436,-0.6400156225310593,157.6700139123628,94.00890813106722
constant,0,3,true,poisson_separate,g21_o1,21,False,False,-630.8895366375114,1.4947207207561757,945.9803448871153,89.73943544449939
constant,0,3,true,poisson_separate,g09_o2,9,False,True,-249.52245349131928,-0.3461481411313614,165.70007920559252,93.42117316826244
constant,0,3,true,poisson_separate,g15_o1,15,False,True,-229.1905406529619,43.89559812422388,121.2173380216494,4.937680637581112
constant,0,3,true,poisson_separate,g01_o1,1,False,True,-249.65666099549736,0.8114533810636697,161.7705000204162,91.10597012390136
constant,0,3,true,poisson_separate,g11_o1,11,False,True,-242.7627976323612,44.8955813484695,144.60490234876374,2.937714189161168
constant,0,3,true,poisson_separate,g10_o1,10,False,True,-241.61256816058977,43.38107446921909,142.52054700798408,5.966727947575264
constant,0,3,true,poisson_separate,g04_o1,4,False,True,-249.8917477397336,0.8601413186527466,163.155647877071,91.00859424871923
constant,0,3,true,poisson_separate,g20_o1,20,False,True,-631.1464429463097,-1.1034253350105154,970.5141857302546,94.93572755602432
constant,0,3,true,poisson_separate,g08_o2,8,False,False,-635.162144318693,-0.7995495242838115,1028.7961022675024,94.32797593453643
constant,0,3,true,poisson_separate,g14_o1,14,False,True,-629.6081510459258,-0.24171591745955595,913.8228300484824,93.21230872095863
constant,0,3,hapibd,poisson_shared,g03_o1,3,False,True,-1063.5868848855164,-11.056274889512764,1529.536130638665,114.84142666495919
constant,0,3,hapibd,poisson_shared,g13_o1,13,False,True,-784.0961086015012,-12.943732069370848,32724.477234821436,118.6163410249057
constant,0,3,hapibd,poisson_shared,g07_o1,7,False,True,-678.8319450679119,-97.65645046989464,1201.310327862137,288.0417778254011
constant,0,3,hapibd,poisson_shared,g17_o1,17,False,True,-310.8207391620715,-99.87030966496528,283.64262850723355,292.46949621598145
constant,0,3,hapibd,poisson_shared,g06_o1,6,False,True,-672.7853847382811,-107.66209400020256,1081.9151194180415,308.0530648872391
constant,0,3,hapibd,poisson_shared,g22_o1,22,False,True,-234.74336111420283,43.50851144972306,135.02319223007925,5.711853986535387
constant,0,3,hapibd,poisson_shared,g16_o1,16,False,True,-305.6422748176035,-99.7302625294345,273.33832685506457,292.18940194511833
constant,0,3,hapibd,poisson_shared,g02_o1,2,False,True,-1165.505922933515,-199.52403604777786,112097.49759313361,491.7769489815771
constant,0,3,hapibd,poisson_shared,g12_o1,12,False,True,-1088.7497103232736,-137.30930829285612,848645.3968796469,367.3474934713854
constant,0,3,hapibd,poisson_shared,g15_o2,15,False,False,-250.3122572303725,45.499743269211464,165.58511553733206,1.7293903476564791
constant,0,3,hapibd,poisson_shared,g21_o2,21,False,True,-648.9406831891398,-73.29176586496287,1638.1749839130637,239.31240861610732
constant,0,3,hapibd,poisson_shared,g09_o1,9,False,False,-276.1300804048386,-42.69180412562236,258.75119573625284,178.1124851370451
constant,0,3,hapibd,poisson_shared,g19_o1,19,False,True,-308.94882809001206,-94.31875172506744,274.26046723694617,281.36638033637297
constant,0,3,hapibd,poisson_shared,g08_o1,8,False,True,-1027.1790527405633,1.3723282355074624,1383.2826706972937,89.98422041501696
constant,0,3,hapibd,poisson_shared,g18_o1,18,False,True,-653.6774620917872,-77.58341777490529,916.3646209312027,247.89571243601964
constant,0,3,hapibd,poisson_shared,g16_o2,16,False,False,-308.39289972219626,-99.64662692408396,277.8175596368626,292.02213073386963
constant,0,3,hapibd,poisson_shared,g22_o2,22,False,False,-250.73170551949718,44.59008368692862,161.5836139591692,3.548709512154664
constant,0,3,hapibd,poisson_shared,g12_o2,12,False,False,-1183.71677727351,-64.55402263002436,1780.35910471839,221.83692214604488
constant,0,3,hapibd,poisson_shared,g05_o1,5,False,True,-328.22823662819906,-87.07072584861262,441.31521983463574,266.87032858314615
constant,0,3,hapibd,poisson_shared,g21_o1,21,False,False,-645.3427615344386,-79.69982395837361,898.5266145363203,252.12852480312213
constant,0,3,hapibd,poisson_shared,g09_o2,9,False,True,-298.5576884154647,-51.16507695315554,368.49580040453964,195.05903079204234
constant,0,3,hapibd,poisson_shared,g15_o1,15,False,True,-233.211502041827,44.723843898823475,128.02902444000262,3.281189088396818
constant,0,3,hapibd,poisson_shared,g01_o1,1,False,True,-324.07611641694876,-97.85645641332431,443.52421560725986,288.44178971269145
constant,0,3,hapibd,poisson_shared,g11_o1,11,False,True,-274.10712983146584,40.493158469195826,448.9345611563996,11.74255994769231
constant,0,3,hapibd,poisson_shared,g10_o1,10,False,True,-257.0883109936854,37.6539143648119,286.4518747243565,17.421048156421932
constant,0,3,hapibd,poisson_shared,g04_o1,4,False,True,-296.14862501125924,-44.200873875161534,273.1007397333513,181.13062463612013
constant,0,3,hapibd,poisson_shared,g20_o1,20,False,True,-657.759991289096,-90.27508529794721,1218.36090436227,273.2790474819087
constant,0,3,hapibd,poisson_shared,g08_o2,8,False,False,-1041.2410041566177,2.209391526531082,1441.8003062556163,88.31009383298563
constant,0,3,hapibd,poisson_shared,g14_o1,14,False,True,-790.9791303430022,-2.1128080168447116,29608.43519827473,96.95449291972659
constant,0,3,hapibd,poisson_separate,g03_o1,3,False,True,-575.19093821716,1.4234755365559497,850.5185416736304,89.88192581289664
constant,0,3,hapibd,poisson_separate,g13_o1,13,False,True,-575.7216842393104,-0.08173498930910411,815.2192438676503,92.89234686466898
constant,0,3,hapibd,poisson_separate,g07_o1,7,False,True,-578.1581601835092,-3.533380328291875,862.0217656971836,99.79563754253928
constant,0,3,hapibd,poisson_separate,g17_o1,17,False,True,-253.58691704785602,0.5504643978643029,165.50549901503302,91.62794809029921
constant,0,3,hapibd,poisson_separate,g06_o1,6,False,True,-579.3778884517495,-1.109237434026348,921.5860506409433,94.94735175412033
constant,0,3,hapibd,poisson_separate,g22_o1,22,False,True,-231.01522100925564,44.55282448873605,121.52122783517046,3.623227908474822
constant,0,3,hapibd,poisson_separate,g16_o1,16,False,False,-253.20663206810917,0.690456116053201,171.72486927220984,91.34796465391904
constant,0,3,hapibd,poisson_separate,g02_o1,2,False,True,-574.1178029327641,-1.689852950995109,886.8830957259615,96.10858278804209
constant,0,3,hapibd,poisson_separate,g12_o1,12,False,True,-578.7577917008275,-4.825303074998232,777.9698291629807,102.37948303627778
constant,0,3,hapibd,poisson_separate,g15_o2,15,False,False,-251.8324175514801,44.304810110006834,172.37998296165367,4.119256665926438
constant,0,3,hapibd,poisson_separate,g21_o2,21,False,False,-576.6813931104326,-1.0443521450398314,925.531522296618,94.81758117611872
constant,0,3,hapibd,poisson_separate,g09_o1,9,False,False,-253.3900325046983,0.5401136975778524,172.2548652048614,91.648649490877
constant,0,3,hapibd,poisson_separate,g19_o1,19,False,True,-248.72830706560669,0.0884244981626473,156.5344575146594,92.55202788969264
constant,0,3,hapibd,poisson_separate,g08_o1,8,False,False,-578.3510499532163,0.3602221378162257,881.0956840773401,92.00843261038378
constant,0,3,hapibd,poisson_separate,g18_o1,18,False,True,-578.58811654396,-1.0150280981914497,932.2218963218147,94.7589330824493
constant,0,3,hapibd,poisson_separate,g16_o2,16,False,True,-258.8585626623738,2.7700989994950014,203.85594056382644,87.18867888703198
constant,0,3,hapibd,poisson_separate,g22_o2,22,False,False,-248.38069742712247,42.9884470754561,152.5148415857824,6.751982735175931
constant,0,3,hapibd,poisson_separate,g12_o2,12,False,False,-583.0189207887311,-0.21296581535040687,996.4393009147349,93.1548085167595
constant,0,3,hapibd,poisson_separate,g05_o1,5,False,True,-253.58797402578074,0.32736767196399097,171.49318077455692,92.07414154218417
constant,0,3,hapibd,poisson_separate,g21_o1,21,False,True,-579.2617101466477,0.6149621347204037,917.8973105416412,91.4989526165946
constant,0,3,hapibd,poisson_separate,g09_o2,9,False,True,-252.4458698179239,-2.5864631446994584,170.5603050062159,97.90180317538183
constant,0,3,hapibd,poisson_separate,g15_o1,15,False,True,-232.20691392144388,43.93181433018192,125.67769791709438,4.865248225653568
constant,0,3,hapibd,poisson_separate,g01_o1,1,False,True,-252.7289082720542,0.227503077060966,168.81062401487424,92.27387073191245
constant,0,3,hapibd,poisson_separate,g11_o1,11,False,True,-245.47537247179315,41.585828779344325,152.37272923628024,9.557219327326926
constant,0,3,hapibd,poisson_separate,g10_o1,10,False,True,-246.1974301202772,43.79369713918865,164.88881166325203,5.141482607635688
constant,0,3,hapibd,poisson_separate,g04_o1,4,False,True,-255.06647352617787,-0.8613191519490472,186.61152197431326,94.45151518993444
constant,0,3,hapibd,poisson_separate,g20_o1,20,False,True,-576.1771287248037,0.8334393899794867,858.4917817076282,91.06199810606097
constant,0,3,hapibd,poisson_separate,g08_o2,8,False,True,-580.2466052573384,0.3387868375642993,900.5153821513627,92.05130321089433
constant,0,3,hapibd,poisson_separate,g14_o1,14,False,True,-575.019932274333,0.1615470623733835,914.4030690826662,92.40578276128204
constant,0,4,true,poisson_shared,g03_o1,3,False,True,-1076.545443026358,-28.73110350403995,1560.869606043408,151.0383944386822
constant,0,4,true,poisson_shared,g13_o1,13,False,True,-803.561129868957,5.606423284442693,7204.0983991334,82.36334086162671
constant,0,4,true,poisson_shared,g07_o1,7,False,True,-702.3358716912256,-103.79715721540384,1351.8376260568311,301.1705018609783
constant,0,4,true,poisson_shared,g17_o1,17,False,True,-303.0533349038765,-101.97530979115089,310.87923266018976,297.5268070127504
constant,0,4,true,poisson_shared,g06_o1,6,False,True,-807.6704004013053,-111.65419014884924,3939.2837672721153,316.8845677286
constant,0,4,true,poisson_shared,g22_o1,22,False,True,-222.11843228090154,45.24534945078676,124.5793284810436,3.08548852892055
constant,0,4,true,poisson_shared,g16_o1,16,False,False,-310.63452766313117,-88.55580617832925,323.468308570391,270.68779978706556
constant,0,4,true,poisson_shared,g02_o1,2,False,True,-1162.5811377656062,-200.34859169674712,21802.618054722006,494.273370823978
constant,0,4,true,poisson_shared,g12_o1,12,False,True,-1101.3428545559022,-134.5244606886612,68102.96321607241,362.62510880737966
constant,0,4,true,poisson_shared,g15_o2,15,False,False,-238.7835666245427,44.950359960309825,157.23761235897308,3.6754675098929637
constant,0,4,true,poisson_shared,g21_o2,21,False,False,-655.7388919649036,-97.45745712922303,1107.5940119819672,288.4911016889781
constant,0,4,true,poisson_shared,g09_o1,9,False,True,-261.39907214609053,-46.99085958398749,271.83287432287716,187.55790659820343
constant,0,4,true,poisson_shared,g19_o1,19,False,True,-304.693900186046,-100.32481496364441,319.60586080314,294.22581735772076
constant,0,4,true,poisson_shared,g08_o1,8,False,False,-1145.2604387108058,-182.22617510772096,24226.5910917156,458.02853764607664
constant,0,4,true,poisson_shared,g18_o1,18,False,True,-648.978039185792,-116.5805864729357,1127.6508542037952,326.73736037613185
constant,0,4,true,poisson_shared,g16_o2,16,False,True,-302.2094879154807,-98.82560713202713,308.68697982130806,291.22740169435474
constant,0,4,true,poisson_shared,g22_o2,22,False,False,-238.4677743751635,44.46556405657388,155.23814415756544,4.645059317318223
constant,0,4,true,poisson_shared,g12_o2,12,False,False,-1168.124042510749,-192.31509082684713,33809.30983212137,478.2063690844474
constant,0,4,true,poisson_shared,g05_o1,5,False,True,-286.9085326775405,-45.50464988935132,354.36551814692615,184.5854872089937
constant,0,4,true,poisson_shared,g21_o1,21,False,True,-658.7822515473869,-103.72063857174328,1174.4019225427612,301.0174645738656
constant,0,4,true,poisson_shared,g09_o2,9,False,False,-286.6406527078344,-47.65687964296659,335.3189148563603,188.8899467163563
constant,0,4,true,poisson_shared,g15_o1,15,False,True,-221.38047671969522,45.29887737113221,127.54702045486883,2.9784326882219534
constant,0,4,true,poisson_shared,g01_o1,1,False,True,-319.4717946633418,-94.56794928907517,426.4975539787842,282.71208600912496
constant,0,4,true,poisson_shared,g11_o1,11,False,True,-249.74594211439017,42.17823872885314,312.01503688631817,9.219709972822912
constant,0,4,true,poisson_shared,g10_o1,10,False,True,-249.3070565437683,40.49664947028301,284.29991734445815,12.582888490005216
constant,0,4,true,poisson_shared,g04_o1,4,False,True,-310.4293170844278,-89.8098542552451,389.98274444875875,273.1958959409689
constant,0,4,true,poisson_shared,g20_o1,20,False,True,-676.7602732492328,-108.99834771623756,1044.5887621860518,311.57288286288883
constant,0,4,true,poisson_shared,g08_o2,8,False,True,-1065.9106986606178,-6.336017772284074,1527.7622292606832,106.24822297499773
constant,0,4,true,poisson_shared,g14_o1,14,False,True,-795.8388685716895,-1.6161987351318556,7696.618148875632,96.80858490083472
constant,0,4,true,poisson_separate,g03_o1,3,False,True,-586.1255227877759,-8.26536137636107,886.5749642983918,110.10691018353721
constant,0,4,true,poisson_separate,g13_o1,13,False,True,-588.1478146120828,-7.653090802370906,926.5968323376221,108.88236903507078
constant,0,4,true,poisson_separate,g07_o1,7,False,True,-590.945277775073,-7.085341662768101,900.5510884650173,107.7468707561126
constant,0,4,true,poisson_separate,g17_o1,17,False,True,-239.47423542029907,-9.566784244863399,174.74565913005299,112.70975592011202
constant,0,4,true,poisson_separate,g06_o1,6,False,True,-591.7347771623139,-7.07005419463314,964.1878350973727,107.71629581963519
constant,0,4,true,poisson_separate,g22_o1,22,False,True,-221.32774198538448,45.02856157574815,120.3506530524623,3.519064278984136
constant,0,4,true,poisson_separate,g16_o1,16,False,True,-238.5611638115786,-7.508741675599333,162.00348025902878,108.59367078170375
constant,0,4,true,poisson_separate,g02_o1,2,False,True,-587.845613266239,-7.848693420321064,909.9380688432925,109.27357427118535
constant,0,4,true,poisson_separate,g12_o1,12,False,True,-589.0052432053213,-7.686397935360828,887.7124075618733,108.94898330120022
constant,0,4,true,poisson_separate,g15_o2,15,False,False,-238.35926579533822,44.03404428875376,155.94062826148854,5.50809885299383
constant,0,4,true,poisson_separate,g21_o2,21,False,True,-594.0928887558064,-9.777955229007013,950.2245222867518,113.13209788826836
constant,0,4,true,poisson_separate,g09_o1,9,False,True,-239.1581320674982,-8.762968437546125,164.01349772224472,111.10212430543966
constant,0,4,true,poisson_separate,g19_o1,19,False,True,-236.8317293513673,-5.659331470863872,151.3436202871932,104.89485037257118
constant,0,4,true,poisson_separate,g08_o1,8,False,False,-591.6009232829408,-5.3189956932107965,931.428155290952,104.21417881693078
constant,0,4,true,poisson_separate,g18_o1,18,False,True,-590.2868242279058,-8.949932093405735,904.9882004247572,111.47605161740742
constant,0,4,true,poisson_separate,g16_o2,16,False,False,-239.80059086540106,-5.646475530548625,168.9366440466011,104.86913849132776
constant,0,4,true,poisson_separate,g22_o2,22,False,False,-237.68557698343741,42.7123307110352,149.3706554347478,8.151526008426949
constant,0,4,true,poisson_separate,g12_o2,12,False,False,-599.1404451189748,-10.550666705933372,1085.1148379545812,114.67752084208583
constant,0,4,true,poisson_separate,g05_o1,5,False,True,-239.56920712767362,-7.640873644697562,161.6141760902563,108.85793472017046
constant,0,4,true,poisson_separate,g21_o1,21,False,False,-591.5894124532035,-6.377772327606543,916.6064528553013,106.3317320857183
constant,0,4,true,poisson_separate,g09_o2,9,False,False,-238.80466213292777,-8.980971752138101,165.61013252773762,111.53813093498658
constant,0,4,true,poisson_separate,g15_o1,15,False,True,-221.62390179814608,45.131249404775666,120.12866366115223,3.3136886209667535
constant,0,4,true,poisson_separate,g01_o1,1,False,True,-239.86398943447296,-7.324042526451443,161.8366503135596,108.2242724833385
constant,0,4,true,poisson_separate,g11_o1,11,False,True,-234.8567825990842,44.91946946991655,145.07734087632838,3.7372484906235672
constant,0,4,true,poisson_separate,g10_o1,10,False,True,-234.66450621857174,43.46462570967041,151.81011398682315,6.646936011189901
constant,0,4,true,poisson_separate,g04_o1,4,False,True,-239.12765290142187,-5.894719714315142,165.9607416359869,105.36562685934922
constant,0,4,true,poisson_separate,g20_o1,20,False,True,-590.9088955093307,-7.604934793985836,921.1498927542414,108.78605701848979
constant,0,4,true,poisson_separate,g08_o2,8,False,True,-591.8870252506268,-6.062198109399089,934.7374557231178,105.70058364953222
constant,0,4,true,poisson_separate,g14_o1,14,False,True,-588.8145997884378,-7.333968630366402,925.6004118494141,108.24412469124582
constant,0,4,hapibd,poisson_shared,g03_o1,3,False,True,-1027.082623409372,-19.414769353039418,1538.852859736933,132.40572613636994
constant,0,4,hapibd,poisson_shared,g13_o1,13,False,True,-741.1040745238299,4.274211216251669,11118.380434988148,85.02776499793663
constant,0,4,hapibd,poisson_shared,g07_o1,7,False,True,-743.2339757869577,-114.88615834362706,5115.004129106709,323.3485041176162
constant,0,4,hapibd,poisson_shared,g17_o1,17,False,True,-309.91179938544747,-104.73074629733372,343.27080544691955,303.0376800251779
constant,0,4,hapibd,poisson_shared,g06_o1,6,False,True,-641.6518109006198,-112.98286383883914,1015.8545433561787,319.5419151082388
constant,0,4,hapibd,poisson_shared,g22_o1,22,False,True,-222.17801905932612,45.666854885866925,128.9122600244904,2.242477658741102
constant,0,4,hapibd,poisson_shared,g16_o1,16,False,True,-305.2015850883182,-102.94250982921167,313.962925188153,299.4612070886424
constant,0,4,hapibd,poisson_shared,g02_o1,2,False,True,-1110.7231190968082,-194.35242140851742,38038.8098946487,482.28103024734327
constant,0,4,hapibd,poisson_shared,g12_o1,12,False,True,-1043.15602894445,-128.68897698014482,229070.51410431266,350.9541413906163
constant,0,4,hapibd,poisson_shared,g15_o2,15,False,False,-237.67619346354695,45.40703276214914,170.54399545704442,2.762121906198929
constant,0,4,hapibd,poisson_shared,g21_o2,21,False,False,-620.1720191094773,-105.70523660486495,1120.5217232166015,304.98666064000093
constant,0,4,hapibd,poisson_shared,g09_o1,9,False,True,-262.7475648511137,-50.26595445704226,277.17057216354857,194.10809634435728
constant,0,4,hapibd,poisson_shared,g19_o1,19,False,True,-302.0554650199193,-103.30770721367512,297.799352997328,300.1916018576042
constant,0,4,hapibd,poisson_shared,g08_o1,8,False,False,-1008.4424246763256,-20.07593360504992,1464.9875915984314,133.72805464091087
constant,0,4,hapibd,poisson_shared,g18_o1,18,False,True,-605.5269223486321,-102.3414438920461,1038.622537318806,298.2590752150137
constant,0,4,hapibd,poisson_shared,g16_o2,16,False,False,-301.6756643197008,-107.95318668483253,318.7669600124758,309.4825608000941
constant,0,4,hapibd,poisson_shared,g22_o2,22,False,False,-237.03124135153826,44.93816940106083,169.49887972608576,3.699848628377155
constant,0,4,hapibd,poisson_shared,g12_o2,12,False,False,-1103.3610269211451,-197.27743271520222,70653.74276457759,488.13105286140234
constant,0,4,hapibd,poisson_shared,g05_o1,5,False,True,-269.494051037921,-47.89847317106,355.545079047321,189.37313377246306
constant,0,4,hapibd,poisson_shared,g21_o1,21,False,True,-589.9465265500535,-112.21287810310885,988.2291681526578,318.00194363693873
constant,0,4,hapibd,poisson_shared,g09_o2,9,False,False,-293.8560717189663,-53.8428212457803,384.8430215284453,201.2618299221043
constant,0,4,hapibd,poisson_shared,g15_o1,15,False,True,-222.80046913001607,45.634046087700256,132.3424414314975,2.3080952550848313
constant,0,4,hapibd,poisson_shared,g01_o1,1,False,True,-324.2817858436422,-98.60709863018383,470.02185191645714,290.7903846908743
constant,0,4,hapibd,poisson_shared,g11_o1,11,False,True,-254.05527650891315,38.50422282604594,346.30598763842534,16.56774177836983
constant,0,4,hapibd,poisson_shared,g10_o1,10,False,True,-253.19924198300475,40.39272956663783,299.1904301368936,12.790728297213695
constant,0,4,hapibd,poisson_shared,g04_o1,4,False,True,-327.28190828033985,-89.38673918626216,441.2607240039096,272.34966580324163
constant,0,4,hapibd,poisson_shared,g20_o1,20,False,True,-752.5061352089074,-110.2722429512445,5590.399623140988,314.1206733329347
constant,0,4,hapibd,poisson_shared,g08_o2,8,False,True,-997.2267943835803,-6.097516216704677,1387.0992020725248,105.77121986425634
constant,0,4,hapibd,poisson_shared,g14_o1,14,False,True,-746.150958158902,12.394348899069595,11939.26038877096,68.78748963232198
constant,0,4,hapibd,poisson_separate,g03_o1,3,False,True,-533.3490641002467,-7.064619930512743,829.3352695305721,107.70542729144356
constant,0,4,hapibd,poisson_separate,g13_o1,13,False,True,-534.5219794250638,-7.660641443531283,822.5487699694049,108.89747031764492
constant,0,4,hapibd,poisson_separate,g07_o1,7,False,True,-540.7509838005368,-6.791068258636692,833.6387752064833,107.15832394764381
constant,0,4,hapibd,poisson_separate,g17_o1,17,False,True,-238.25636791596864,-10.018736808937042,164.19700609115904,113.61366104824793
constant,0,4,hapibd,poisson_separate,g06_o1,6,False,True,-535.0713157470702,-9.752740640931734,858.0079384787937,113.08166871225326
constant,0,4,hapibd,poisson_separate,g22_o1,22,False,True,-223.3170937130577,44.29956559802656,129.99395573283053,4.977056234511128
constant,0,4,hapibd,poisson_separate,g16_o1,16,False,True,-238.7420732897504,-6.896297437184137,162.0153303858994,107.36878230464912
constant,0,4,hapibd,poisson_separate,g02_o1,2,False,True,-532.3131245762291,-7.910970311565594,794.1776336038856,109.39812805394084
constant,0,4,hapibd,poisson_separate,g12_o1,12,False,True,-533.7900185285239,-7.816997240544244,802.6318972487726,109.2101819113987
constant,0,4,hapibd,poisson_separate,g15_o2,15,False,False,-239.48354327286398,46.069064105214075,168.64910399122982,1.4380592200947289
constant,0,4,hapibd,poisson_separate,g21_o2,21,False,True,-537.9956854602465,-7.02672973250993,843.5504784136933,107.62964689566643
constant,0,4,hapibd,poisson_separate,g09_o1,9,False,False,-239.82430004639485,-8.11920646777287,176.89154586638801,109.81460036573661
constant,0,4,hapibd,poisson_separate,g19_o1,19,False,True,-237.89013521721034,-7.533233260544371,160.77241957373923,108.64265395180946
constant,0,4,hapibd,poisson_separate,g08_o1,8,False,True,-533.5706590811803,-6.864116370910609,793.9319266692385,107.30442017256233
constant,0,4,hapibd,poisson_separate,g18_o1,18,False,True,-535.6547654127978,-6.948925764630694,833.5133391753942,107.47403895957413
constant,0,4,hapibd,poisson_separate,g16_o2,16,False,False,-236.87729808305008,-7.235515612900818,165.2354922593234,108.04721865655894
constant,0,4,hapibd,poisson_separate,g22_o2,22,False,False,-235.07220136364631,44.225748590784114,156.07401018309716,5.124690248894866
constant,0,4,hapibd,poisson_separate,g12_o2,12,False,False,-537.42358965916,-8.197225782701572,828.1218767686992,109.97063899579254
constant,0,4,hapibd,poisson_separate,g05_o1,5,False,True,-239.41578711947506,-6.55035769541634,167.84005825817286,106.67690282134468
constant,0,4,hapibd,poisson_separate,g21_o1,21,False,False,-536.9693238393613,-7.959677771556017,837.5998405888841,109.49554297335794
constant,0,4,hapibd,poisson_separate,g09_o2,9,False,True,-240.21245688146337,-8.004812350003744,166.7448114781652,109.58581213053849
constant,0,4,hapibd,poisson_separate,g15_o1,15,False,True,-221.52856678348417,45.21633434580356,125.23821180287761,3.1435187388851995
constant,0,4,hapibd,poisson_separate,g01_o1,1,False,True,-239.3964671802671,-6.3497156150689555,164.150324207258,106.27561866066586
constant,0,4,hapibd,poisson_separate,g11_o1,11,False,True,-235.28872606449295,44.60628448314099,153.1382360125716,4.36361846416728
constant,0,4,hapibd,poisson_separate,g10_o1,10,False,True,-235.29142992775184,44.4624235459383,151.72777661360294,4.651340338604484
constant,0,4,hapibd,poisson_separate,g04_o1,4,False,True,-240.27959082109072,-6.598127939477856,170.41119723613699,106.7724433093797
constant,0,4,hapibd,poisson_separate,g20_o1,20,False,True,-541.4929426073954,-7.44872052084013,864.1801396950096,108.4736284720953
constant,0,4,hapibd,poisson_separate,g08_o2,8,False,False,-537.3816167325122,-6.011003312627268,808.9114764354995,105.59819405573664
constant,0,4,hapibd,poisson_separate,g14_o1,14,False,True,-535.6183162672535,-7.197732037761125,881.3381628339922,107.97165150637224
constant,0,5,true,poisson_shared,g03_o1,3,False,True,-1042.2126556455526,-26.319686756688757,1474.7675717855354,145.5894027836573
constant,0,5,true,poisson_shared,g13_o1,13,False,True,-813.7708831308464,-8.46849897424882,23429.92208963403,109.8870272185459
constant,0,5,true,poisson_shared,g07_o1,7,False,True,-674.0356159351618,-111.00683170308021,1042.8488972729278,314.96369267629757
constant,0,5,true,poisson_shared,g17_o1,17,False,True,-306.4041988272911,-107.58901351262462,302.4067705452856,308.12805629519534
constant,0,5,true,poisson_shared,g06_o1,6,False,True,-675.7213052947217,-119.29733227898436,1024.4038331631,331.5446938282048
constant,0,5,true,poisson_shared,g22_o1,22,False,True,-238.28579078215446,44.681865441648284,149.99133466465864,3.586298387006048
constant,0,5,true,poisson_shared,g16_o1,16,False,False,-305.87705507149565,-104.28164665270344,306.38338683527616,301.51332257534744
constant,0,5,true,poisson_shared,g02_o1,2,False,True,-1201.5471613751206,-204.0183710114605,66500.84397419031,500.98677129299125
constant,0,5,true,poisson_shared,g12_o1,12,False,True,-1113.1608055964966,-165.7594911427442,464858.6439460198,424.46901155564524
constant,0,5,true,poisson_shared,g15_o2,15,False,False,-256.1031651292547,44.15768868943219,188.90178746173942,4.634651891419876
constant,0,5,true,poisson_shared,g21_o2,21,False,False,-662.8250163805421,-108.17890167184686,1112.6640548073965,309.30783261372767
constant,0,5,true,poisson_shared,g09_o1,9,False,True,-281.610956138072,-62.72837661338063,284.69726150644766,218.40678249720565
constant,0,5,true,poisson_shared,g19_o1,19,False,True,-304.36294371340784,-103.49412772370329,288.7638221727,299.9382847180327
constant,0,5,true,poisson_shared,g08_o1,8,False,False,-1188.7187022441603,-190.79073105685413,186700.3978668489,474.5314913846107
constant,0,5,true,poisson_shared,g18_o1,18,False,True,-633.1596720663622,-119.5204590811128,1041.166158535365,331.9909474320939
constant,0,5,true,poisson_shared,g16_o2,16,False,True,-302.00840259255614,-107.72190249129365,308.78269344425274,308.39383425166716
constant,0,5,true,poisson_shared,g22_o2,22,False,False,-255.6742872462965,44.604361772121756,182.9266096849119,3.741305726001232
constant,0,5,true,poisson_shared,g12_o2,12,False,False,-1220.4441382760417,-83.81378943317682,1838.9782711657062,260.5776081367992
constant,0,5,true,poisson_shared,g05_o1,5,False,True,-296.4811069732085,-68.34029152463401,361.5794701012768,229.6306123194637
constant,0,5,true,poisson_shared,g21_o1,21,False,True,-654.0516754142085,-95.99987471554397,896.2045446245971,284.949778701169
constant,0,5,true,poisson_shared,g09_o2,9,False,False,-296.6228495332318,-71.21175231817907,352.2485510087278,235.37353390646985
constant,0,5,true,poisson_shared,g15_o1,15,False,True,-239.39544541183864,44.42672776664583,155.54091625976935,4.096573737019336
constant,0,5,true,poisson_shared,g01_o1,1,False,True,-314.6747982200494,-109.53557005986242,415.37491965869685,312.0211693906238
constant,0,5,true,poisson_shared,g11_o1,11,False,True,-274.8998288723767,36.67266515266909,365.7264358552719,19.60469896493436
constant,0,5,true,poisson_shared,g10_o1,10,False,True,-269.22352021021095,37.063165111657106,298.47735314731574,18.8236990469304
constant,0,5,true,poisson_shared,g04_o1,4,False,True,-295.80708055762665,-66.64165626779464,288.8208483652344,226.2333418057944
constant,0,5,true,poisson_shared,g20_o1,20,False,True,-667.175262625745,-108.92883431293578,1028.0233149542205,310.80769789603664
constant,0,5,true,poisson_shared,g08_o2,8,False,True,-1034.1900332773469,-17.638191006372598,1410.8496198213224,128.22641128317775
constant,0,5,true,poisson_shared,g14_o1,14,False,True,-810.0412887976079,-9.198033766555248,21311.848842111234,111.34609680302357
constant,0,5,true,poisson_separate,g03_o1,3,False,True,-580.7208468501598,-15.742679152441962,891.6606288204332,124.43538757538163
constant,0,5,true,poisson_separate,g13_o1,13,False,True,-580.7729051635548,-16.147417385349605,914.4800326984057,125.24486404080517
constant,0,5,true,poisson_separate,g07_o1,7,False,True,-581.6464955775808,-17.47203904879879,880.0005820068606,127.8941073683278
constant,0,5,true,poisson_separate,g17_o1,17,False,True,-258.3936277395878,-17.189926988301536,190.47073302443334,127.32988324682589
constant,0,5,true,poisson_separate,g06_o1,6,False,True,-585.5057248449891,-19.906922433939343,910.3723458039236,132.76387413809812
constant,0,5,true,poisson_separate,g22_o1,22,False,True,-240.24372392416532,45.88103854151895,161.17491164561181,1.1879521872508023
constant,0,5,true,poisson_separate,g16_o1,16,False,True,-257.03464043803433,-17.39275138571823,187.49407065431478,127.73553204160197
constant,0,5,true,poisson_separate,g02_o1,2,False,True,-581.2962230293991,-17.259853555906236,901.7534379442263,127.46973638189814
constant,0,5,true,poisson_separate,g12_o1,12,False,False,-582.884808194193,-18.460620813159572,915.2814708444027,129.87127089660027
constant,0,5,true,poisson_separate,g15_o2,15,False,True,-255.7520676788743,44.7510432583084,177.80404398793738,3.4479427536646416
constant,0,5,true,poisson_separate,g21_o2,21,False,True,-586.4198182792193,-16.12972749201555,929.198439005961,125.2094842538896
constant,0,5,true,poisson_separate,g09_o1,9,False,False,-258.802115887079,-17.055303106491195,199.0835186154537,127.06063548298678
constant,0,5,true,poisson_separate,g19_o1,19,False,True,-255.5394716573844,-17.792800830096247,185.61849374751765,128.53563093010723
constant,0,5,true,poisson_separate,g08_o1,8,False,True,-581.0016406887038,-16.12773129103018,919.5314920259739,125.20549185200078
constant,0,5,true,poisson_separate,g18_o1,18,False,True,-584.5456574896597,-18.771071568544535,927.4279390250291,130.49217240694384
constant,0,5,true,poisson_separate,g16_o2,16,False,False,-256.6666183500446,-18.095549372963564,190.58723701047992,129.14112801573438
constant,0,5,true,poisson_separate,g22_o2,22,False,False,-253.96016109476554,44.12893967219308,181.17830029742268,4.692149925947761
constant,0,5,true,poisson_separate,g12_o2,12,False,True,-588.9738755831861,-19.205460729043526,939.9535211050902,131.36095072827015
constant,0,5,true,poisson_separate,g05_o1,5,False,True,-260.3076227455481,-16.727071622816567,183.46053844664658,126.40417251609952
constant,0,5,true,poisson_separate,g21_o1,21,False,False,-584.6162868318545,-16.492862619152923,914.9433225266973,125.93575450873246
constant,0,5,true,poisson_separate,g09_o2,9,False,True,-256.917019957636,-19.207765518823106,195.1128710105966,131.36556030813392
constant,0,5,true,poisson_separate,g15_o1,15,False,False,-239.11855582902515,45.54314562885038,147.9929354739495,1.863738012618477
constant,0,5,true,poisson_separate,g01_o1,1,False,True,-257.9208620359422,-15.214724979351876,195.523125184878,123.37947922858469
constant,0,5,true,poisson_separate,g11_o1,11,False,True,-255.31774173674978,44.15346283031158,183.45139940844263,4.643103609665221
constant,0,5,true,poisson_separate,g10_o1,10,False,True,-255.2670096820018,42.62778113426357,184.07753920841324,7.694467001701517
constant,0,5,true,poisson_separate,g04_o1,4,False,True,-257.5431294835736,-17.009074835460424,189.44270812703985,126.96817894094251
constant,0,5,true,poisson_separate,g20_o1,20,False,True,-585.6633793745492,-19.869492742118155,1028.1505348768717,132.68901475424704
constant,0,5,true,poisson_separate,g08_o2,8,False,False,-587.2579240558832,-15.861745761962188,897.712755741905,124.67352079436182
constant,0,5,true,poisson_separate,g14_o1,14,False,True,-581.8844047136834,-15.74122275639144,916.2970024224354,124.43247478297025
constant,0,5,hapibd,poisson_shared,g03_o1,3,False,True,-1101.6530505457013,-229.08329115699786,197570.23119114566,551.116611584698
constant,0,5,hapibd,poisson_shared,g13_o1,13,False,True,-766.5821074169156,-2.695853655218098,31070.322564564663,98.34173658070586
constant,0,5,hapibd,poisson_shared,g07_o1,7,False,True,-756.184838222636,-131.36116083501565,10423.621361990792,355.6723509404151
constant,0,5,hapibd,poisson_shared,g17_o1,17,False,True,-306.17337414190143,-112.11752288675612,302.1162086615429,317.18507504440817
constant,0,5,hapibd,poisson_shared,g06_o1,6,False,True,-641.7599659015201,-118.8381326780809,951.0511576933388,330.62629462571425
constant,0,5,hapibd,poisson_shared,g22_o1,22,False,True,-239.36725420814554,43.52246585099946,157.81390237760115,5.905097568262249
constant,0,5,hapibd,poisson_shared,g16_o1,16,False,True,-304.16697402397836,-111.77883943938174,284.18078177695355,316.5077081482692
constant,0,5,hapibd,poisson_shared,g02_o1,2,False,True,-1127.752740563651,-225.89149957650153,132670.82653397758,544.7330284233531
constant,0,5,hapibd,poisson_shared,g12_o1,12,False,True,-1063.4773734444352,-156.0756713593301,1127859.6927451396,405.1013719888191
constant,0,5,hapibd,poisson_shared,g15_o2,15,False,False,-256.42026868805925,43.709163163275704,195.6417261649246,5.531702943722428
constant,0,5,hapibd,poisson_shared,g21_o2,21,False,True,-583.8852093151847,-128.48093570535542,906.5000486854763,349.9119006813556
constant,0,5,hapibd,poisson_shared,g09_o1,9,False,True,-282.49402757946723,-62.55051308857877,299.67851063226846,218.05105544729153
constant,0,5,hapibd,poisson_shared,g19_o1,19,False,True,-297.92663530190293,-117.90785692314546,278.0851640967178,328.76574311703797
constant,0,5,hapibd,poisson_shared,g08_o1,8,False,False,-1010.8214284629673,-27.899441502972845,1485.6182808589344,148.74891227622294
constant,0,5,hapibd,poisson_shared,g18_o1,18,False,True,-616.3866633541893,-100.34639357714525,885.396000520383,293.6428164252021
constant,0,5,hapibd,poisson_shared,g16_o2,16,False,False,-304.7729773983803,-112.41162632201369,297.0579223250156,317.77328191424033
constant,0,5,hapibd,poisson_shared,g22_o2,22,False,False,-258.6935817015157,45.14009336320832,195.1014799766116,2.669842543872788
constant,0,5,hapibd,poisson_shared,g12_o2,12,False,False,-1136.0887114778016,-217.67611668428924,265794.32979129336,528.3022626385405
constant,0,5,hapibd,poisson_shared,g05_o1,5,False,True,-286.7091106631273,-64.59383811502695,381.28358064316416,222.13770550011523
constant,0,5,hapibd,poisson_shared,g21_o1,21,False,False,-610.364015236292,-99.76495551448303,847.2015324175059,292.47994029906863
constant,0,5,hapibd,poisson_shared,g09_o2,9,False,False,-305.3216977349609,-77.99914962698632,381.8205259558349,248.94832852391752
constant,0,5,hapibd,poisson_shared,g15_o1,15,False,True,-241.30684316179526,45.548379129256205,161.68712832913837,1.8532710117126503
constant,0,5,hapibd,poisson_shared,g01_o1,1,False,True,-318.82054525930596,-112.29095426901796,493.7038231456913,317.5319378081422
constant,0,5,hapibd,poisson_shared,g11_o1,11,False,True,-281.1807481775954,39.30560932711086,387.4335675094422,14.338810616076533
constant,0,5,hapibd,poisson_shared,g10_o1,10,False,True,-270.03227821381245,34.60641204431134,321.5639213982671,23.737205181630614
constant,0,5,hapibd,poisson_shared,g04_o1,4,False,True,-292.5173016232651,-69.47427687848624,271.7127660395193,231.89858302757898
constant,0,5,hapibd,poisson_shared,g20_o1,20,False,True,-771.8337957316656,-124.40710855874212,10422.679517595698,341.76424638757345
constant,0,5,hapibd,poisson_shared,g08_o2,8,False,True,-994.8048874282708,-15.04436553079489,1399.625286397234,123.03876033186157
constant,0,5,hapibd,poisson_shared,g14_o1,14,False,True,-759.1457425516498,-6.552444098297769,34465.78600543125,106.05491746681878
constant,0,5,hapibd,poisson_separate,g03_o1,3,False,True,-540.0534127617669,-19.990765454555774,842.6700848216025,132.93156017949462
constant,0,5,hapibd,poisson_separate,g13_o1,13,False,True,-541.4213124162868,-17.903046673771634,866.3588220357659,128.75612261766622
constant,0,5,hapibd,poisson_separate,g07_o1,7,False,True,-540.3215553403807,-18.03497418963344,817.6998518974917,129.01997764948453
constant,0,5,hapibd,poisson_separate,g17_o1,17,False,True,-254.96701207292088,-17.306685889441408,187.4675167955186,127.5634010490963
constant,0,5,hapibd,poisson_separate,g06_o1,6,False,True,-541.4467784201612,-19.86784451749515,890.6521396994247,132.6857183052205
constant,0,5,hapibd,poisson_separate,g22_o1,22,False,True,-239.43011453481122,45.2376454920303,156.12649854579834,2.4747382861632063
constant,0,5,hapibd,poisson_separate,g16_o1,16,False,True,-256.8519427799824,-17.76583363476084,196.37079006903892,128.4816965395964
constant,0,5,hapibd,poisson_separate,g02_o1,2,False,True,-540.2703152529542,-17.96926342392726,824.3334555917611,128.88855611797763
constant,0,5,hapibd,poisson_separate,g12_o1,12,False,True,-542.915944864762,-16.65793943193659,934.2622263957397,126.26590813381569
constant,0,5,hapibd,poisson_separate,g15_o2,15,False,False,-254.50462633409882,43.8615483659777,184.62405792715572,5.226932538371615
constant,0,5,hapibd,poisson_separate,g21_o2,21,False,True,-545.5820980003606,-18.77471783946912,797.9254334806142,130.49946494922042
constant,0,5,hapibd,poisson_separate,g09_o1,9,False,True,-254.72062756452397,-16.764946416705936,184.40083636119954,126.47992210358213
constant,0,5,hapibd,poisson_separate,g19_o1,19,False,True,-253.26631953221778,-16.727465588674495,180.0080763338671,126.40496044784139
constant,0,5,hapibd,poisson_separate,g08_o1,8,False,True,-541.3049575046495,-16.437819762250623,846.9797004221803,125.82566879485088
constant,0,5,hapibd,poisson_separate,g18_o1,18,False,True,-542.5487173347349,-17.080370347782026,837.3539877355752,127.11076996561236
constant,0,5,hapibd,poisson_separate,g16_o2,16,False,False,-255.67546272425673,-18.93711602176596,191.21729782049266,130.8242613134323
constant,0,5,hapibd,poisson_separate,g22_o2,22,False,False,-253.67564324950524,45.789591343048016,183.62870654231594,1.3708465841906674
constant,0,5,hapibd,poisson_separate,g12_o2,12,False,False,-545.7899993846852,-16.69345027382826,916.3109391516032,126.3369298179741
constant,0,5,hapibd,poisson_separate,g05_o1,5,False,True,-256.106217710662,-17.234062387889992,184.6581463165587,127.41815404600266
constant,0,5,hapibd,poisson_separate,g21_o1,21,False,False,-542.8186462168889,-17.563687648641928,856.5928654236284,128.07740456750838
constant,0,5,hapibd,poisson_separate,g09_o2,9,False,False,-254.2157834812772,-17.644897952067833,185.90124250164823,128.239825174446
constant,0,5,hapibd,poisson_separate,g15_o1,15,False,True,-240.02446073038521,45.27270254533096,154.8381461721317,2.4046241796198107
constant,0,5,hapibd,poisson_separate,g01_o1,1,False,True,-254.6761988620417,-17.182650491042477,192.44466612665846,127.31533025226429
constant,0,5,hapibd,poisson_separate,g11_o1,11,False,True,-254.03986907169562,45.15753363159283,175.67622963320298,2.634962007113507
constant,0,5,hapibd,poisson_separate,g10_o1,10,False,True,-254.41545310206635,44.38671523474157,184.2639753618562,4.176598800770117
constant,0,5,hapibd,poisson_separate,g04_o1,4,False,True,-257.74947237522326,-16.675109184090772,200.73018202644096,126.3002476387346
constant,0,5,hapibd,poisson_separate,g20_o1,20,False,True,-543.2229732673422,-19.38467275763184,838.9302888813254,131.71937478577945
constant,0,5,hapibd,poisson_separate,g08_o2,8,False,False,-542.9670913287043,-19.162606072108645,866.9977457227969,131.27524141441802
constant,0,5,hapibd,poisson_separate,g14_o1,14,False,True,-542.0972814525054,-18.618735917556652,839.5425227108284,130.1875011053846
constant,0,6,true,poisson_shared,g03_o1,3,False,True,-1138.490809982302,-184.21234360896102,36870.7115141951,461.25633483287595
constant,0,6,true,poisson_shared,g13_o1,13,False,True,-800.6942054761311,6.038754200982228,9753.84001938602,80.75413921298514
constant,0,6,true,poisson_shared,g07_o1,7,False,True,-802.8809872021764,-105.7322729249516,5019.971795870131,304.29619346503546
constant,0,6,true,poisson_shared,g17_o1,17,False,True,-297.2783350514177,-44.967091198982914,305.018803410315,182.76583001328467
constant,0,6,true,poisson_shared,g06_o1,6,False,True,-800.5940132533967,-119.76701932633839,5013.540429380134,332.3656862679146
constant,0,6,true,poisson_shared,g22_o1,22,False,True,-226.81985183700533,45.24605459452903,119.05581611966514,2.3395384258181786
constant,0,6,true,poisson_shared,g16_o1,16,False,True,-302.1058661454384,-105.90538998958075,285.0871980712458,304.6424275942703
constant,0,6,true,poisson_shared,g02_o1,2,False,True,-1139.4137233579356,-209.396076837169,26845.854631960614,511.62380128917874
constant,0,6,true,poisson_shared,g12_o1,12,False,True,-1093.4889306237112,-123.6341139590859,131212.541071763,340.0998755340323
constant,0,6,true,poisson_shared,g15_o2,15,False,False,-243.85835601599013,45.35289255342699,157.30294584817761,2.1258625080811258
constant,0,6,true,poisson_shared,g21_o2,21,False,True,-658.4879042730295,-99.81834849777098,1186.1539163727014,292.46834461078527
constant,0,6,true,poisson_shared,g09_o1,9,False,True,-269.1504144046156,-44.22057645519808,296.94041422235085,181.2728005254822
constant,0,6,true,poisson_shared,g19_o1,19,False,True,-306.5535309320225,-102.14979220818039,307.5050420614125,297.13123203135933
constant,0,6,true,poisson_shared,g08_o1,8,False,False,-1129.5417231428682,-157.7199391013433,40847.75912363354,408.27152581768155
constant,0,6,true,poisson_shared,g18_o1,18,False,True,-646.7666969742005,-117.0739196410512,1134.005417082074,326.9794868965032
constant,0,6,true,poisson_shared,g16_o2,16,False,False,-299.5667769502159,-105.37831772438071,279.67310634589813,303.5882830637596
constant,0,6,true,poisson_shared,g22_o2,22,False,False,-245.51582979656305,45.812788855037915,153.30291312595898,1.206069904823542
constant,0,6,true,poisson_shared,g12_o2,12,False,False,-1154.1089345657801,-193.8586843060271,44647.20830968031,480.54901622747235
constant,0,6,true,poisson_shared,g05_o1,5,False,True,-271.5611655757205,-40.41652461052046,350.75884882673796,173.6646968357487
constant,0,6,true,poisson_shared,g21_o1,21,False,False,-683.8654981390598,-95.18829895261402,1166.8501571699069,283.20824552062555
constant,0,6,true,poisson_shared,g09_o2,9,False,False,-285.35654935338135,-51.593738389792165,306.1918255513265,196.01912439448688
constant,0,6,true,poisson_shared,g15_o1,15,False,True,-226.0550803716783,45.89664452020121,114.21094316685478,1.0383585745568311
constant,0,6,true,poisson_shared,g01_o1,1,False,True,-316.36669871023673,-97.99641872932033,401.3614809683786,288.8244850736619
constant,0,6,true,poisson_shared,g11_o1,11,False,True,-257.07527984570174,41.803919268493,306.6596093124669,9.22380907793741
constant,0,6,true,poisson_shared,g10_o1,10,False,True,-251.49503937996684,42.16366650125558,260.13791383540854,8.504314612462583
constant,0,6,true,poisson_shared,g04_o1,4,False,True,-260.92311658165397,-47.593634201949776,221.29443087300584,188.01891601845574
constant,0,6,true,poisson_shared,g20_o1,20,False,True,-803.5083889444866,-110.61307918701247,5269.145843249421,314.05780598912196
constant,0,6,true,poisson_shared,g08_o2,8,False,True,-1077.8028492933227,-3.098412468979903,1494.9929515194754,99.02847255281702
constant,0,6,true,poisson_shared,g14_o1,14,False,True,-794.2630523362463,-7.402247651440575,11096.135696624318,107.63614291803827
constant,0,6,true,poisson_separate,g03_o1,3,False,True,-587.9161546149129,-0.23284910869916567,855.21173990676,93.29734583232478
constant,0,6,true,poisson_separate,g13_o1,13,False,True,-588.3800157466768,-2.541275353964625,905.5900655658811,97.91419832287038
constant,0,6,true,poisson_separate,g07_o1,7,False,True,-604.5947210632465,-3.092033483208173,1117.8167133231725,99.01571458131468
constant,0,6,true,poisson_separate,g17_o1,17,False,True,-242.8292967290223,-1.9104730168635329,153.92365631971825,96.65259364864555
constant,0,6,true,poisson_separate,g06_o1,6,False,True,-595.1559559535716,-4.394152713452384,868.5120037408524,101.61995304224648
constant,0,6,true,poisson_separate,g22_o1,22,False,True,-227.12747015027668,45.22118081756156,119.25587396102561,2.3892859798058588
constant,0,6,true,poisson_separate,g16_o1,16,False,True,-243.69972983986617,-3.10912536757856,158.9034637583321,99.0498983501339
constant,0,6,true,poisson_separate,g02_o1,2,False,True,-591.1527087810324,-2.4753050111246795,933.158370611291,97.78225763713019
constant,0,6,true,poisson_separate,g12_o1,12,False,False,-590.4204357800745,-4.596140300895849,938.1654277302541,102.02392821673214
constant,0,6,true,poisson_separate,g15_o2,15,False,True,-243.28118881107045,45.79637175437394,151.0529452079959,1.238904106173132
constant,0,6,true,poisson_separate,g21_o2,21,False,True,-593.2201313401947,-5.038573309281398,955.3190204943511,102.90879423361666
constant,0,6,true,poisson_separate,g09_o1,9,False,False,-243.244852548289,-1.9442861836483118,157.32744062008302,96.72021998227243
constant,0,6,true,poisson_separate,g19_o1,19,False,True,-239.48499971429658,-3.2998948706640068,137.73209862980372,99.43143735631358
constant,0,6,true,poisson_separate,g08_o1,8,False,False,-591.2607184721908,-2.0361041112483145,920.7175318558906,96.90385583741136
constant,0,6,true,poisson_separate,g18_o1,18,False,True,-592.6773543593788,-3.9954049620919867,921.1767161404599,100.82245753909966
constant,0,6,true,poisson_separate,g16_o2,16,False,False,-241.33487163513826,-0.5755903177444011,152.78474031462486,93.98282825038166
constant,0,6,true,poisson_separate,g22_o2,22,False,False,-248.78646187581995,43.12147355553772,158.94764563055185,6.588700503930192
constant,0,6,true,poisson_separate,g12_o2,12,False,True,-594.0584473797462,-3.0658698855274684,937.0054269577118,98.96338738599235
constant,0,6,true,poisson_separate,g05_o1,5,False,True,-241.79457182023006,-1.7684224454457924,148.5569924471313,96.36849250579137
constant,0,6,true,poisson_separate,g21_o1,21,False,False,-592.5053463479857,-1.6191305766185837,908.5355364983575,96.06990876815276
constant,0,6,true,poisson_separate,g09_o2,9,False,True,-243.60673679786072,-3.7844397695496332,147.5171709024121,100.40052715380274
constant,0,6,true,poisson_separate,g15_o1,15,False,False,-225.92960561692948,44.75552023582125,114.38031451832818,3.320607143255752
constant,0,6,true,poisson_separate,g01_o1,1,False,True,-242.95333015179827,-3.02729752407745,155.58679378628756,98.88624266310079
constant,0,6,true,poisson_separate,g11_o1,11,False,True,-239.3412899867379,44.68602973828796,141.81602925500698,3.4595881383604583
constant,0,6,true,poisson_separate,g10_o1,10,False,True,-239.3469403764229,45.02245956643581,139.1907365255875,2.786728482009307
constant,0,6,true,poisson_separate,g04_o1,4,False,True,-244.12935798236913,-3.086059227109482,153.5925748921615,99.00376606923109
constant,0,6,true,poisson_separate,g20_o1,20,False,True,-592.8353600631565,-4.617291698047554,929.952549791445,102.06623101105599
constant,0,6,true,poisson_separate,g08_o2,8,False,True,-601.4525663341894,0.19810640940396787,1013.205300786129,92.43543479612433
constant,0,6,true,poisson_separate,g14_o1,14,False,True,-589.9680899656615,-2.199843580686686,874.9825144843095,97.23133477627314
constant,0,6,hapibd,poisson_shared,g03_o1,3,False,True,-1119.617547554639,-179.48490663466814,63952.175729947165,451.80146088398357
constant,0,6,hapibd,poisson_shared,g13_o1,13,False,True,-772.8797657697364,9.410916634939053,15401.729470204455,74.00981434503998
constant,0,6,hapibd,poisson_shared,g07_o1,7,False,True,-650.6227326317085,-106.87726874366352,985.9975851024099,306.58618510321185
constant,0,6,hapibd,poisson_shared,g17_o1,17,False,True,-316.8983436885167,-99.84853753982945,319.8287871588219,292.5287226948202
constant,0,6,hapibd,poisson_shared,g06_o1,6,False,True,-650.7899391576516,-117.26255949575273,965.7418635259323,327.35676660629287
constant,0,6,hapibd,poisson_shared,g22_o1,22,False,True,-224.34352097473447,45.724556508188414,115.61119619284776,1.3825345985400233
constant,0,6,hapibd,poisson_shared,g16_o1,16,False,False,-307.852735404241,-103.83247730564295,296.7501190340912,300.496602225298
constant,0,6,hapibd,poisson_shared,g02_o1,2,False,True,-1120.2075478540442,-206.45970499979015,39790.1542232558,505.75105761435816
constant,0,6,hapibd,poisson_shared,g12_o1,12,False,True,-1048.5981399215038,-143.52677928352037,183264.65410065968,379.8852061812412
constant,0,6,hapibd,poisson_shared,g15_o2,15,False,False,-239.63818776897475,45.00108672624706,149.95641873190527,2.8294741624026223
constant,0,6,hapibd,poisson_shared,g21_o2,21,False,False,-776.9760339289821,-112.57979628744599,6746.992601335027,317.9912401896432
constant,0,6,hapibd,poisson_shared,g09_o1,9,False,True,-261.1474625898194,-48.28891666699838,242.77926600803917,189.4094809487644
constant,0,6,hapibd,poisson_shared,g19_o1,19,False,True,-314.381460131714,-94.56461132669239,310.0229613866244,281.96087026838524
constant,0,6,hapibd,poisson_shared,g08_o1,8,False,False,-1092.5656644148871,-172.07317566495544,66757.07161181423,436.97799894485615
constant,0,6,hapibd,poisson_shared,g18_o1,18,False,True,-606.6764498058751,-122.62837311769768,1023.8659159409517,338.08839384953507
constant,0,6,hapibd,poisson_shared,g16_o2,16,False,True,-305.28064189464897,-106.48655135652004,290.45271166484895,305.804750328268
constant,0,6,hapibd,poisson_shared,g22_o2,22,False,False,-239.45691804597973,44.059510736950955,143.52868656600626,4.71262614105169
constant,0,6,hapibd,poisson_shared,g12_o2,12,False,False,-1127.2557796891467,-199.2520998866128,63723.057260302034,491.33584738813994
constant,0,6,hapibd,poisson_shared,g05_o1,5,False,True,-325.3932040612085,-89.27053792748755,436.29198438604703,271.37272346976755
constant,0,6,hapibd,poisson_shared,g21_o1,21,False,True,-616.1822209596801,-89.82964620596323,833.282278913618,272.4909400270036
constant,0,6,hapibd,poisson_shared,g09_o2,9,False,False,-290.14695434596194,-46.80413998374914,346.8744392603387,186.43992758252807
constant,0,6,hapibd,poisson_shared,g15_o1,15,False,True,-225.24805785524822,44.539541771074255,116.04771683081053,3.752564072740086
constant,0,6,hapibd,poisson_shared,g01_o1,1,False,True,-323.3780567673582,-103.48414169545386,455.38439913114945,299.79993100602906
constant,0,6,hapibd,poisson_shared,g11_o1,11,False,True,-254.61140976813124,38.613537789765445,302.52510684048406,15.604572035379071
constant,0,6,hapibd,poisson_shared,g10_o1,10,False,True,-250.74017129513416,39.44468296425042,255.5495907960996,13.942281686405138
constant,0,6,hapibd,poisson_shared,g04_o1,4,False,True,-260.5185563200366,-45.823349917033696,217.24063608973648,184.4783474489015
constant,0,6,hapibd,poisson_shared,g20_o1,20,False,True,-792.2202086457288,-96.12165551600037,7145.33350748465,285.07495864663053
constant,0,6,hapibd,poisson_shared,g08_o2,8,False,True,-1031.380045069422,-4.828668370807561,1396.667468358951,102.48898435624687
constant,0,6,hapibd,poisson_shared,g14_o1,14,False,True,-767.4114725924219,6.65923633981737,13940.755240842784,79.51317493529177
constant,0,6,hapibd,poisson_separate,g03_o1,3,False,True,-543.0876490173697,-1.6313136467226061,802.9798739081929,96.09427490835765
constant,0,6,hapibd,poisson_separate,g13_o1,13,False,True,-544.714373508202,-2.1282391302343435,779.3847095767536,97.08812587540915
constant,0,6,hapibd,poisson_separate,g07_o1,7,False,True,-547.6180761238178,-3.869487088909143,799.7012749408586,100.57062179270622
constant,0,6,hapibd,poisson_separate,g17_o1,17,False,True,-239.52988303649045,-1.6980036211966643,145.1744798517547,96.22765485734902
constant,0,6,hapibd,poisson_separate,g06_o1,6,False,True,-545.9039342134422,-2.8330733160733956,806.0367733800094,98.49779424707083
constant,0,6,hapibd,poisson_separate,g22_o1,22,False,True,-223.91783610764378,45.41909662277567,112.27017196187273,1.9934543693643336
constant,0,6,hapibd,poisson_separate,g16_o1,16,False,True,-239.60582446926347,-1.9640314596835322,155.15961474034327,96.7597105342918
constant,0,6,hapibd,poisson_separate,g02_o1,2,False,True,-544.2705129210474,-3.6245935385064056,756.9535855479148,100.0808346919842
constant,0,6,hapibd,poisson_separate,g12_o1,12,False,True,-544.7092590039841,-2.803140437513743,779.9672812248771,98.43792848993193
constant,0,6,hapibd,poisson_separate,g15_o2,15,False,True,-240.66190086047254,45.208076279318476,149.23257943560515,2.415495056285437
constant,0,6,hapibd,poisson_separate,g21_o2,21,False,True,-547.3772586723014,-6.2612827108843785,812.0670927950649,105.35421303680225
constant,0,6,hapibd,poisson_separate,g09_o1,9,False,False,-243.18857441532975,-4.025915508806707,152.99693238619187,100.88347863283295
constant,0,6,hapibd,poisson_separate,g19_o1,19,False,True,-236.61141458612406,-2.0779544570024036,133.43455658215095,96.98755652889942
constant,0,6,hapibd,poisson_separate,g08_o1,8,False,True,-547.9073711468279,-2.852094889629923,809.700798400137,98.53583739414815
constant,0,6,hapibd,poisson_separate,g18_o1,18,False,True,-546.0570170603953,-3.030480336210638,818.8477116149247,98.89260828733073
constant,0,6,hapibd,poisson_separate,g16_o2,16,False,False,-239.0780745283518,-2.805382723087088,153.48826733720773,98.44241306111311
constant,0,6,hapibd,poisson_separate,g22_o2,22,False,False,-237.40424858256307,45.4139053181915,136.03202426473908,2.003836978469508
constant,0,6,hapibd,poisson_separate,g12_o2,12,False,False,-549.4219775056589,-3.6984105739740265,839.6236732764544,100.22846876279827
constant,0,6,hapibd,poisson_separate,g05_o1,5,False,True,-237.58893835477386,-2.1708229871307227,142.371492823774,97.17329358915778
constant,0,6,hapibd,poisson_separate,g21_o1,21,False,False,-547.3973451241993,-3.982070459566353,811.8409128557677,100.79578853412525
constant,0,6,hapibd,poisson_separate,g09_o2,9,False,True,-238.60790449597715,-3.7903952284688094,146.13733347885585,100.41243807186994
constant,0,6,hapibd,poisson_separate,g15_o1,15,False,False,-224.40819547145475,44.74572352830424,116.33695721064126,3.3402005582992036
constant,0,6,hapibd,poisson_separate,g01_o1,1,False,True,-236.81209214421722,-0.5817560979341602,137.26781086811522,93.9951598107848
constant,0,6,hapibd,poisson_separate,g11_o1,11,False,True,-237.80696216787345,42.200172895028274,138.6726038033339,8.431301824847068
constant,0,6,hapibd,poisson_separate,g10_o1,10,False,True,-235.57723372469175,45.300126464444126,138.67895341790663,2.231394686048402
constant,0,6,hapibd,poisson_separate,g04_o1,4,False,True,-239.53616508005211,-1.3396017167110086,153.60665796657798,95.51085104832259
constant,0,6,hapibd,poisson_separate,g20_o1,20,False,True,-546.0483095008817,-4.329644505378013,820.6402038813189,101.49093662579594
constant,0,6,hapibd,poisson_separate,g08_o2,8,False,False,-546.5765508842078,-0.7727485849422909,803.4797172952126,94.37714478480953
constant,0,6,hapibd,poisson_separate,g14_o1,14,False,True,-546.3281800082146,-2.808726808470158,830.3439640363443,98.44910123175522
constant,0,7,true,poisson_shared,g03_o1,3,False,True,-1089.2512079188375,-22.450551008227205,1554.0101205141814,138.31013083539315
constant,0,7,true,poisson_shared,g13_o1,13,False,True,-800.3347931102012,-3.346657821021977,6705.352016247168,100.10234446063657
constant,0,7,true,poisson_shared,g07_o1,7,False,True,-798.3050527182038,-143.62132811335553,3642.128463450147,380.65168504561444
constant,0,7,true,poisson_shared,g17_o1,17,False,True,-320.22351464126024,-110.38834954178664,334.74238193133215,314.1857279024589
constant,0,7,true,poisson_shared,g06_o1,6,False,True,-694.5902768562643,-136.80114671274404,1015.840645989092,367.01132224400624
constant,0,7,true,poisson_shared,g22_o1,22,False,True,-224.61001244997806,44.83020261802129,114.51171194883949,3.748623582550767
constant,0,7,true,poisson_shared,g16_o1,16,False,True,-307.78102876064224,-120.59791568669215,301.0384992267298,334.60486019191114
constant,0,7,true,poisson_shared,g02_o1,2,False,True,-1167.0443923276453,-232.63691539519382,16632.930562712318,558.6828596091403
constant,0,7,true,poisson_shared,g12_o1,12,False,True,-1102.4745764755744,-148.5181898996319,69803.64062257823,390.44540861804785
constant,0,7,true,poisson_shared,g15_o2,15,False,False,-237.8712441564624,44.46661885281097,138.30426704370734,4.4757911130076184
constant,0,7,true,poisson_shared,g21_o2,21,False,True,-682.9640614675599,-136.07389795387596,1004.1700409650158,365.55682472624926
constant,0,7,true,poisson_shared,g09_o1,9,False,True,-276.8308583168018,-68.30162863539185,292.1298885503954,230.0122860896461
constant,0,7,true,poisson_shared,g19_o1,19,False,True,-307.90681320167425,-123.08920499536993,301.6343983619732,339.58743880913323
constant,0,7,true,poisson_shared,g08_o1,8,False,True,-1065.9574253020241,-20.973189490183373,1527.545990223759,135.35540779900327
constant,0,7,true,poisson_shared,g18_o1,18,False,True,-657.762495199066,-131.63249758516238,1034.9402975437956,356.6740239889785
constant,0,7,true,poisson_shared,g16_o2,16,False,False,-312.70853271462,-115.94572827961694,309.39078981449336,325.3004853773976
constant,0,7,true,poisson_shared,g22_o2,22,False,False,-238.50643253578988,43.8905284023552,136.9243410126751,5.6279720138952
constant,0,7,true,poisson_shared,g12_o2,12,False,False,-1172.31626443214,-222.30856257937873,27945.650473870377,538.0261539777046
constant,0,7,true,poisson_shared,g05_o1,5,False,True,-297.0569198488886,-71.43139664344123,420.51209268060336,236.27182210561784
constant,0,7,true,poisson_shared,g21_o1,21,False,False,-683.3785340707058,-135.592825209163,970.9372877826302,364.5946792364817
constant,0,7,true,poisson_shared,g09_o2,9,False,False,-305.26839826606454,-73.82624300998242,448.318187323772,241.06151483857957
constant,0,7,true,poisson_shared,g15_o1,15,False,True,-226.53088431124496,44.551487736345855,121.16648297972232,4.3060533459824395
constant,0,7,true,poisson_shared,g01_o1,1,False,True,-326.93479672777,-114.32233329602313,491.9853838489257,322.0536954103868
constant,0,7,true,poisson_shared,g11_o1,11,False,True,-258.50023092758903,39.050544231866695,363.97953994701436,15.307940354872892
constant,0,7,true,poisson_shared,g10_o1,10,False,True,-257.85989188720106,38.34864492192395,284.3342153190708,16.71173897478738
constant,0,7,true,poisson_shared,g04_o1,4,False,True,-291.91812107916553,-72.84906472310709,277.3862467441792,239.10715826478264
constant,0,7,true,poisson_shared,g20_o1,20,False,True,-799.5859067173101,-145.91758637974064,3688.622079070773,385.2442015784752
constant,0,7,true,poisson_shared,g08_o2,8,False,False,-1069.5728063261056,-17.88505997850183,1524.213853954341,129.17914877599395
constant,0,7,true,poisson_shared,g14_o1,14,False,True,-788.9198618439283,-9.314629202772174,6470.124971433007,112.03828722447763
constant,0,7,true,poisson_separate,g03_o1,3,False,True,-592.2658021001663,-17.831171678837414,872.8686491246483,129.07137217622517
constant,0,7,true,poisson_separate,g13_o1,13,False,True,-592.6835668258818,-18.96266261752148,863.1391938999448,131.33435405373825
constant,0,7,true,poisson_separate,g07_o1,7,False,True,-600.9601710859412,-20.44679466617712,956.6450748330604,134.30261815112883
constant,0,7,true,poisson_separate,g17_o1,17,False,True,-245.9002227081656,-17.961074052237127,150.75307110845563,129.33117692306718
constant,0,7,true,poisson_separate,g06_o1,6,False,True,-594.5231543637099,-21.9583387405722,894.7575066632716,137.32570629938056
constant,0,7,true,poisson_separate,g22_o1,22,False,True,-224.50419832135276,45.66333431654872,111.1113340548973,2.0823601855111873
constant,0,7,true,poisson_separate,g16_o1,16,False,True,-247.29734910300317,-20.445642721850223,165.39877799678857,134.30031426202748
constant,0,7,true,poisson_separate,g02_o1,2,False,True,-597.9360616682847,-19.65265033124722,923.2978158105939,132.71432948113312
constant,0,7,true,poisson_separate,g12_o1,12,False,True,-593.099866068545,-20.401554036415305,853.6561640796542,134.21213689135152
constant,0,7,true,poisson_separate,g15_o2,15,False,True,-241.03029500736864,44.31631574999913,153.37308474842672,4.776397318583334
constant,0,7,true,poisson_separate,g21_o2,21,False,True,-598.1464527046085,-18.743546162256784,917.254691212135,130.89612114342822
constant,0,7,true,poisson_separate,g09_o1,9,False,False,-247.77388120791704,-19.68342943788471,163.45557836157536,132.7758876943935
constant,0,7,true,poisson_separate,g19_o1,19,False,True,-244.55161654411327,-20.931703261070876,150.88849044393228,135.27243534107814
constant,0,7,true,poisson_separate,g08_o1,8,False,True,-596.3330739671167,-18.714351430467715,882.1332803044277,130.83773167945267
constant,0,7,true,poisson_separate,g18_o1,18,False,True,-597.3959891142492,-19.448926286511067,846.9298703147658,132.30688139128043
constant,0,7,true,poisson_separate,g16_o2,16,False,False,-248.1529365830546,-19.052447269218305,162.29555451734575,131.51392335720996
constant,0,7,true,poisson_separate,g22_o2,22,False,False,-240.58006257506804,42.43543631803932,132.40592501796263,8.538156182454266
constant,0,7,true,poisson_separate,g12_o2,12,False,False,-603.5857144697463,-22.49757735911366,933.8089529963823,138.40418353642465
constant,0,7,true,poisson_separate,g05_o1,5,False,True,-248.3506283742181,-18.584918294833635,168.1961776493165,130.57886540835892
constant,0,7,true,poisson_separate,g21_o1,21,False,False,-595.9433789369994,-20.227292208319685,953.819481299118,133.86361323547675
constant,0,7,true,poisson_separate,g09_o2,9,False,True,-247.87136110589574,-19.262783537064134,168.13576515087155,131.9345958928711
constant,0,7,true,poisson_separate,g15_o1,15,False,False,-224.90310186795597,45.32338121553003,115.81578867183507,2.7622663875624527
constant,0,7,true,poisson_separate,g01_o1,1,False,True,-249.54982936602232,-17.95630730750947,168.4398341944011,129.32164343357317
constant,0,7,true,poisson_separate,g11_o1,11,False,True,-242.3310596995124,45.09253392548161,145.69688397596124,3.2239609677075443
constant,0,7,true,poisson_separate,g10_o1,10,False,True,-240.16844108172413,45.59376694243525,146.95149949741716,2.2214949337579637
constant,0,7,true,poisson_separate,g04_o1,4,False,True,-248.79349989478928,-18.146862826398205,177.54083571960234,129.70275447109105
constant,0,7,true,poisson_separate,g20_o1,20,False,True,-595.6581556432468,-19.65230674571997,866.9781698608417,132.71364231016514
constant,0,7,true,poisson_separate,g08_o2,8,False,False,-597.9143760592461,-18.138659149735147,904.5796267980413,129.68634711819985
constant,0,7,true,poisson_separate,g14_o1,14,False,True,-592.5878217545823,-19.621821599003948,843.3961803035585,132.6526720168072
constant,0,7,hapibd,poisson_shared,g03_o1,3,False,True,-1047.809329686386,-23.595042805544587,1518.1151557316102,140.59911442999422
constant,0,7,hapibd,poisson_shared,g13_o1,13,False,True,-759.2837338457163,4.0630694862850545,8375.15111165752,85.28288984603776
constant,0,7,hapibd,poisson_shared,g07_o1,7,False,True,-656.9372088178004,-127.1979038739435,970.900618856929,347.8048365673782
constant,0,7,hapibd,poisson_shared,g17_o1,17,False,True,-306.3563328953309,-75.0331211214032,326.4428995009082,243.47527106122718
constant,0,7,hapibd,poisson_shared,g06_o1,6,False,True,-774.2618057599177,-142.74561162898058,3386.965687049038,378.90025207689655
constant,0,7,hapibd,poisson_shared,g22_o1,22,False,True,-224.61198644457141,44.78369381489635,114.72136459003819,3.8416411887992874
constant,0,7,hapibd,poisson_shared,g16_o1,16,False,False,-312.04614376981755,-121.6326556391236,309.6754518568029,336.67434009650333
constant,0,7,hapibd,poisson_shared,g02_o1,2,False,True,-1132.5991734569088,-227.2297309966449,15317.757053729501,547.8684908115313
constant,0,7,hapibd,poisson_shared,g12_o1,12,False,True,-1041.1882667725677,-163.46645362217163,98606.89560004967,420.34193606284623
constant,0,7,hapibd,poisson_shared,g15_o2,15,False,False,-238.02971264066147,45.28470025771518,142.4153070486048,2.83962830319219
constant,0,7,hapibd,poisson_shared,g21_o2,21,False,True,-609.7101056563282,-116.18293829065624,1054.9597590769422,325.7749054002614
constant,0,7,hapibd,poisson_shared,g09_o1,9,False,True,-275.1923887592519,-70.72066770063692,278.48182107956154,234.8503642200094
constant,0,7,hapibd,poisson_shared,g19_o1,19,False,True,-305.9050945777692,-122.617126928251,283.48556153952165,338.64328267531096
constant,0,7,hapibd,poisson_shared,g08_o1,8,False,False,-1107.7137815374401,-208.7827973010268,52274.8900647676,510.9746234207072
constant,0,7,hapibd,poisson_shared,g18_o1,18,False,True,-609.0564049202297,-140.2474296859285,971.1114844884622,373.90388819063025
constant,0,7,hapibd,poisson_shared,g16_o2,16,False,True,-313.9272457999064,-119.8343546788795,300.0622893478147,333.0777381767138
constant,0,7,hapibd,poisson_shared,g22_o2,22,False,False,-237.62138097679355,44.511748636164626,139.96108670713306,4.385531546232135
constant,0,7,hapibd,poisson_shared,g12_o2,12,False,False,-1136.095787040595,-225.87362111569325,26267.289221736344,545.1562710495064
constant,0,7,hapibd,poisson_shared,g05_o1,5,False,True,-303.25321127089467,-70.19764240834084,562.2748296869548,233.80431363527902
constant,0,7,hapibd,poisson_shared,g21_o1,21,False,False,-755.5151224493543,-146.0861146699807,3906.8525134895776,385.58125815874564
constant,0,7,hapibd,poisson_shared,g09_o2,9,False,False,-304.2950993767942,-72.6298854704404,472.9187595005088,238.66879975918096
constant,0,7,hapibd,poisson_shared,g15_o1,15,False,True,-224.9993841508068,45.13820550393426,120.6169895980874,3.1326178108088625
constant,0,7,hapibd,poisson_shared,g01_o1,1,False,True,-334.0574667601412,-118.40802476061009,595.7190885830045,330.2250783395513
constant,0,7,hapibd,poisson_shared,g11_o1,11,False,True,-267.0765577013683,38.90450431967997,473.6460068664089,15.60002017925921
constant,0,7,hapibd,poisson_shared,g10_o1,10,False,True,-260.0663604343216,36.09753097842099,367.24513139651026,21.213966861760028
constant,0,7,hapibd,poisson_shared,g04_o1,4,False,True,-281.22268779472313,-61.80799814180137,274.1527033312704,217.02502510204252
constant,0,7,hapibd,poisson_shared,g20_o1,20,False,True,-645.0827710709666,-109.80667102769563,1075.9995358287188,313.0223708738087
constant,0,7,hapibd,poisson_shared,g08_o2,8,False,True,-1025.347943591353,-17.950847936411392,1421.2165564579768,129.3107246914144
constant,0,7,hapibd,poisson_shared,g14_o1,14,False,True,-749.4543314863633,-2.649576139254797,7559.479559733471,98.70818109711306
constant,0,7,hapibd,poisson_separate,g03_o1,3,False,True,-543.3879502364587,-17.88019189458229,786.1549340721575,129.16941260796196
constant,0,7,hapibd,poisson_separate,g13_o1,13,False,True,-544.2773972057233,-18.875313159760328,741.2776842005458,131.15965513782768
constant,0,7,hapibd,poisson_separate,g07_o1,7,False,True,-547.2883678796384,-21.14111939833235,800.0268228947934,135.69126761546332
constant,0,7,hapibd,poisson_separate,g17_o1,17,False,True,-245.90826967360354,-19.490436507216085,151.63341507466666,132.3899018329683
constant,0,7,hapibd,poisson_separate,g06_o1,6,False,True,-546.1706637483699,-18.17995868632097,821.2974696784408,129.76894619084024
constant,0,7,hapibd,poisson_separate,g22_o1,22,False,True,-224.35079810515685,45.24610332745841,115.58204873497758,2.916822163675181
constant,0,7,hapibd,poisson_separate,g16_o1,16,False,True,-245.88224252287446,-18.42186070205434,173.1679739761263,130.2527502230851
constant,0,7,hapibd,poisson_separate,g02_o1,2,False,True,-544.6332096838562,-18.804247350781033,799.6264458471646,131.0175235203039
constant,0,7,hapibd,poisson_separate,g12_o1,12,False,False,-544.9466051765953,-18.885948943360585,764.706852702943,131.1809267052848
constant,0,7,hapibd,poisson_separate,g15_o2,15,False,False,-237.06396517356606,45.0730105776709,135.9426933886216,3.2630076632803986
constant,0,7,hapibd,poisson_separate,g21_o2,21,False,True,-548.5607806895276,-19.381813272203104,795.1617733329322,132.1726553629078
constant,0,7,hapibd,poisson_separate,g09_o1,9,False,False,-247.41707719030614,-20.282691457513113,183.2857501687895,133.97441173332845
constant,0,7,hapibd,poisson_separate,g19_o1,19,False,True,-244.6549137350839,-18.346990595183044,148.72524197728387,130.103010008631
constant,0,7,hapibd,poisson_separate,g08_o1,8,False,True,-548.1915124775,-20.30772846059036,819.5820571342898,134.02448573996722
constant,0,7,hapibd,poisson_separate,g18_o1,18,False,True,-549.6982464634073,-22.942876616360877,798.0092258080966,139.29478205137528
constant,0,7,hapibd,poisson_separate,g16_o2,16,False,False,-245.08227684062317,-19.075148606349345,158.11414569142931,131.55932603145573
constant,0,7,hapibd,poisson_separate,g22_o2,22,False,False,-237.31260129905817,45.64946194244541,135.26257848340822,2.1101049336754447
constant,0,7,hapibd,poisson_separate,g12_o2,12,False,True,-549.4462838948109,-20.56429633674178,799.1644043029228,134.5376214923896
constant,0,7,hapibd,poisson_separate,g05_o1,5,False,True,-246.72008962437266,-18.412614655993572,155.6476286564567,130.23425813044193
constant,0,7,hapibd,poisson_separate,g21_o1,21,False,False,-546.641526138354,-20.33496278631008,779.4195281973421,134.07895439137155
constant,0,7,hapibd,poisson_separate,g09_o2,9,False,True,-248.133706084072,-20.18365397974188,160.4113059446042,133.7763367780845
constant,0,7,hapibd,poisson_separate,g15_o1,15,False,True,-224.6177564824735,45.22711470329821,111.86204611037422,2.954799412003418
constant,0,7,hapibd,poisson_separate,g01_o1,1,False,True,-246.4707289309542,-18.68704724859522,165.8595822156974,130.78312331579588
constant,0,7,hapibd,poisson_separate,g11_o1,11,False,True,-242.15844108136204,45.3494601902291,165.14310991553205,2.710108438136241
constant,0,7,hapibd,poisson_separate,g10_o1,10,False,True,-240.26222014399644,43.50080655183086,155.59988495445495,6.407415715006801
constant,0,7,hapibd,poisson_separate,g04_o1,4,False,True,-248.32002517660112,-19.390034323457147,177.2904335408354,132.18909746541541
constant,0,7,hapibd,poisson_separate,g20_o1,20,False,True,-547.0258927317067,-20.485152794493164,805.4416524681931,134.3793344079803
constant,0,7,hapibd,poisson_separate,g08_o2,8,False,False,-549.4426064306996,-17.66996392409925,794.4490859715853,128.74895666695915
constant,0,7,hapibd,poisson_separate,g14_o1,14,False,True,-544.6226791064519,-21.770582277914965,820.9471988533915,136.95019337442554
constant,0,8,true,poisson_shared,g03_o1,3,False,True,-1107.148156120903,-16.12316503279327,1581.1787198429342,124.84526595715663
constant,0,8,true,poisson_shared,g13_o1,13,False,True,-872.5332107983295,4.168536277088141,29290.854394709357,84.26186333710974
constant,0,8,true,poisson_shared,g07_o1,7,False,True,-864.7094562853808,-100.86114955768679,8381.852280702104,294.3212350063064
constant,0,8,true,poisson_shared,g17_o1,17,False,True,-292.9359588241127,-36.67303706214779,308.10322167810045,165.945010015475
constant,0,8,true,poisson_shared,g06_o1,6,False,True,-876.1443283615575,-102.40684054316164,8095.3933272884115,297.41261697750065
constant,0,8,true,poisson_shared,g22_o1,22,False,True,-234.17007737020026,41.326916644001344,144.29311456618828,9.94510260328514
constant,0,8,true,poisson_shared,g16_o1,16,False,True,-306.44272210971394,-93.99259250649033,314.0849789770545,280.5841209043171
constant,0,8,true,poisson_shared,g02_o1,2,False,True,-1229.000043365159,-209.68750529357987,88155.86898550799,511.9739464783057
constant,0,8,true,poisson_shared,g12_o1,12,False,True,-1175.9292339002277,-141.23405446847374,544686.6946710661,375.06704482825626
constant,0,8,true,poisson_shared,g15_o2,15,False,False,-256.91428442223673,44.995790164044784,190.77256525084127,2.607355563133617
constant,0,8,true,poisson_shared,g21_o2,21,False,False,-881.133203457615,-91.46369622473712,10790.773458445174,275.5263283406821
constant,0,8,true,poisson_shared,g09_o1,9,False,True,-265.4465057718306,-32.423133595153836,279.7186491047044,157.44520308143666
constant,0,8,true,poisson_shared,g19_o1,19,False,True,-310.02383546467007,-88.66717226368782,323.21117960394787,269.9332804186961
constant,0,8,true,poisson_shared,g08_o1,8,False,True,-1094.4992001052406,0.7400737556023024,1487.4498067875247,91.11878838004529
constant,0,8,true,poisson_shared,g18_o1,18,False,True,-699.735704298343,-101.68714760379984,1158.6501807419634,295.9732310992696
constant,0,8,true,poisson_shared,g16_o2,16,False,False,-300.6059601529764,-97.6389813153194,293.92653671037027,287.876898521922
constant,0,8,true,poisson_shared,g22_o2,22,False,False,-257.7918794280013,44.19766562565171,188.7745208655427,4.203604639983929
constant,0,8,true,poisson_shared,g12_o2,12,False,False,-1216.179454273807,-55.39051514756625,1790.472586377305,203.37996618639824
constant,0,8,true,poisson_shared,g05_o1,5,False,True,-287.95307995564394,-33.526201455096256,317.4983249709102,159.65133880142793
constant,0,8,true,poisson_shared,g21_o1,21,False,True,-725.7163508173182,-84.72991875311324,1204.7099007666193,262.0587733972489
constant,0,8,true,poisson_shared,g09_o2,9,False,False,-291.38518615155436,-32.65467303015133,347.12256599008015,157.9082819514188
constant,0,8,true,poisson_shared,g15_o1,15,False,True,-233.8443583963635,43.89699068520457,144.90427466053563,4.804954520876226
constant,0,8,true,poisson_shared,g01_o1,1,False,True,-320.7138758867603,-88.99578523410564,416.9275005393316,270.59050635946653
constant,0,8,true,poisson_shared,g11_o1,11,False,True,-257.2644453332223,42.58555889640841,286.63086860878246,7.427818098495404
constant,0,8,true,poisson_shared,g10_o1,10,False,True,-259.4602722272299,43.01412562239952,306.1708288785381,6.570684646427148
constant,0,8,true,poisson_shared,g04_o1,4,False,True,-264.75715836652455,-31.37249189903968,247.14029044169757,155.34391968956828
constant,0,8,true,poisson_shared,g20_o1,20,False,True,-731.7179235095311,-96.28015091848795,1177.913591976251,285.1592377281021
constant,0,8,true,poisson_shared,g08_o2,8,False,False,-1094.1392236147858,1.8481441351877095,1520.4927306824154,88.90264762089075
constant,0,8,true,poisson_shared,g14_o1,14,False,True,-872.4723828130786,3.6287260101174885,24052.5531758379,85.34148387104005
constant,0,8,true,poisson_separate,g03_o1,3,False,True,-647.484847104244,3.318249846304722,1010.9923897187548,85.9624361986645
constant,0,8,true,poisson_separate,g13_o1,13,False,True,-647.0235011818827,4.356367620230101,997.0570045073932,83.88620065078283
constant,0,8,true,poisson_separate,g07_o1,7,False,True,-648.4400075557437,-0.17888693330589245,1000.6583972555147,92.95670975788397
constant,0,8,true,poisson_separate,g17_o1,17,False,True,-247.57288770498877,3.2112259754500294,169.38146475240788,86.17648394041979
constant,0,8,true,poisson_separate,g06_o1,6,False,True,-650.3532774848986,1.5012264039051642,1026.7277688865602,89.59648308348721
constant,0,8,true,poisson_separate,g22_o1,22,False,True,-233.27057241141853,42.49671749978227,142.30802382535947,7.605500891742072
constant,0,8,true,poisson_separate,g16_o1,16,False,True,-249.61132632425324,1.2396912210186493,185.72541850172752,90.11955344925985
constant,0,8,true,poisson_separate,g02_o1,2,False,True,-648.6727909019567,3.1701323055888104,983.5153488428191,86.25867128007137
constant,0,8,true,poisson_separate,g12_o1,12,False,False,-647.8117257946407,1.5370948879978443,1006.5858186444684,89.52474611530067
constant,0,8,true,poisson_separate,g15_o2,15,False,True,-249.3569310499755,42.81214089069509,180.04517600967,6.974654109910494
constant,0,8,true,poisson_separate,g21_o2,21,False,True,-648.9889522552362,-0.12832695463079136,1030.6235464295253,92.85558980055578
constant,0,8,true,poisson_separate,g09_o1,9,False,False,-249.09195055299855,2.3858950415769056,199.9455519314076,87.82714580809547
constant,0,8,true,poisson_separate,g19_o1,19,False,True,-248.670959153971,0.7401286732094517,183.62116261612354,91.11867854482932
constant,0,8,true,poisson_separate,g08_o1,8,False,False,-646.0794330511529,3.0650383681625675,994.1721047508158,86.46885915497184
constant,0,8,true,poisson_separate,g18_o1,18,False,True,-648.9710056320322,1.484970221900198,1015.2986879048034,89.62899544745228
constant,0,8,true,poisson_separate,g16_o2,16,False,False,-247.01114383245047,2.1650352883545882,179.64475606754394,88.26886531454281
constant,0,8,true,poisson_separate,g22_o2,22,False,False,-250.538755275762,43.768890829465875,172.6741933229705,5.061154232353729
constant,0,8,true,poisson_separate,g12_o2,12,False,True,-653.3752424529149,0.9320435570552765,1042.2044278951457,90.73484877718943
constant,0,8,true,poisson_separate,g05_o1,5,False,True,-245.99607192404403,0.402063874339579,178.3680944876744,91.79480814258669
constant,0,8,true,poisson_separate,g21_o1,21,False,False,-651.4642943307264,1.25045820687199,992.1180975511772,90.09801947752621
constant,0,8,true,poisson_separate,g09_o2,9,False,True,-246.81858424297957,2.2595398502546873,184.69241179226822,88.07985619077164
constant,0,8,true,poisson_separate,g15_o1,15,False,False,-235.42178919821225,44.98718543220539,142.55488260177145,2.6245650268304224
constant,0,8,true,poisson_separate,g01_o1,1,False,True,-246.61364563434498,3.1980041730433566,181.32558601346153,86.20292754519832
constant,0,8,true,poisson_separate,g11_o1,11,False,True,-245.27781133610068,44.68519769995247,173.51708376266174,3.2285404914094955
constant,0,8,true,poisson_separate,g10_o1,10,False,True,-244.92789821386273,41.64922192372812,165.8403534439482,9.300492043749498
constant,0,8,true,poisson_separate,g04_o1,4,False,True,-246.77274136444535,1.9504564612074813,181.12317457669235,88.6980229688393
constant,0,8,true,poisson_separate,g20_o1,20,False,True,-650.902441650101,1.7999327869488815,951.8434749555836,88.99907031742383
constant,0,8,true,poisson_separate,g08_o2,8,False,True,-656.3479584530528,3.018296735384226,1111.8951762757347,86.56234242052761
constant,0,8,true,poisson_separate,g14_o1,14,False,True,-650.3645932415471,2.654532423055251,1052.187143717852,87.28987104516104
constant,0,8,hapibd,poisson_shared,g03_o1,3,False,True,-1051.33077646122,-13.334473279124767,1540.391870332278,119.26788244956242
constant,0,8,hapibd,poisson_shared,g13_o1,13,False,True,-807.1641574861679,11.645020984137952,37341.55981869805,69.30889392298894
constant,0,8,hapibd,poisson_shared,g07_o1,7,False,True,-797.502311898193,-105.3436772263556,13832.27654585051,303.28629034400717
constant,0,8,hapibd,poisson_shared,g17_o1,17,False,True,-289.9639051619323,-44.3890063356661,296.9021345017366,181.37694856292592
constant,0,8,hapibd,poisson_shared,g06_o1,6,False,True,-672.4279520589414,-105.71216126457527,1049.7383373344846,304.02325842030587
constant,0,8,hapibd,poisson_shared,g22_o1,22,False,True,-233.02011507961555,45.06683083249492,146.05542584132684,2.4652742263012986
constant,0,8,hapibd,poisson_shared,g16_o1,16,False,False,-309.2831288789942,-97.72222720028668,308.02443113820675,288.04339029194887
constant,0,8,hapibd,poisson_shared,g02_o1,2,False,True,-1164.0141273537959,-198.7907509818217,161843.7904348948,490.18043785510184
constant,0,8,hapibd,poisson_shared,g12_o1,12,False,True,-1095.3597119799178,-139.8871138384291,965696.6279017372,372.37316356797646
constant,0,8,hapibd,poisson_shared,g15_o2,15,False,False,-254.8756755875338,44.71096129255798,187.20597728548952,3.1770133061520704
constant,0,8,hapibd,poisson_shared,g21_o2,21,False,False,-804.8627692402508,-103.35737658057941,13671.738646016664,299.31368905240686
constant,0,8,hapibd,poisson_shared,g09_o1,9,False,True,-268.6872857910475,-33.632852415837114,270.06407716908,159.8646407230031
constant,0,8,hapibd,poisson_shared,g19_o1,19,False,True,-311.8121208145375,-95.36920019955849,303.05419623898274,283.337336290214
constant,0,8,hapibd,poisson_shared,g08_o1,8,False,True,-1148.1518423057732,-157.97101754764972,300062.2359527319,408.5409709865029
constant,0,8,hapibd,poisson_shared,g18_o1,18,False,True,-637.4007743638385,-101.74517330492893,1114.9418205936818,296.0892825008167
constant,0,8,hapibd,poisson_shared,g16_o2,16,False,True,-307.8095793446398,-99.98931636716063,308.88443383661513,292.5775686256968
constant,0,8,hapibd,poisson_shared,g22_o2,22,False,False,-255.74353953895067,45.08581056748024,185.167180951158,2.4273147563058015
constant,0,8,hapibd,poisson_shared,g12_o2,12,False,False,-1137.1088940851578,-60.05980650388546,1644.4886467353222,212.7185488991729
constant,0,8,hapibd,poisson_shared,g05_o1,5,False,True,-347.32310409356586,-96.05637359291063,607.8851971327099,284.71168307716687
constant,0,8,hapibd,poisson_shared,g21_o1,21,False,True,-646.2959619069878,-74.17861349564318,945.9659790462796,240.9561628824925
constant,0,8,hapibd,poisson_shared,g09_o2,9,False,False,-283.9912975244918,-43.184520470802894,291.788765421314,178.967976832764
constant,0,8,hapibd,poisson_shared,g15_o1,15,False,True,-233.37831583831613,45.36785865831645,146.83998749526222,1.863218574699523
constant,0,8,hapibd,poisson_shared,g01_o1,1,False,True,-322.76209819845536,-95.07543111493386,426.91735584028925,282.74979812124747
constant,0,8,hapibd,poisson_shared,g11_o1,11,False,True,-263.8303555275976,40.84650572002707,322.849514498042,10.905924451233101
constant,0,8,hapibd,poisson_shared,g10_o1,10,False,True,-256.26773477130126,35.66313339409085,230.89033368510707,21.272669103025468
constant,0,8,hapibd,poisson_shared,g04_o1,4,False,True,-267.6008867908476,-33.429494006543464,248.4304021365526,159.4579239042998
constant,0,8,hapibd,poisson_shared,g20_o1,20,False,True,-807.2538459225235,-101.09186949690482,14490.708714510154,294.7826748849814
constant,0,8,hapibd,poisson_shared,g08_o2,8,False,False,-1143.3308731616094,-182.47974396972853,134385.36714720193,457.55842383031694
constant,0,8,hapibd,poisson_shared,g14_o1,14,False,True,-797.7389323221612,6.9713965781819125,40738.62075388325,78.6561427348583
constant,0,8,hapibd,poisson_separate,g03_o1,3,False,True,-577.4009379400969,2.157422063145966,933.1886188217898,88.2840917649714
constant,0,8,hapibd,poisson_separate,g13_o1,13,False,True,-575.6708505967156,-0.7721366975686721,885.2858971911882,94.14320928641084
constant,0,8,hapibd,poisson_separate,g07_o1,7,False,True,-577.9756236343926,2.368363544756433,904.4493287301918,87.862208801751
constant,0,8,hapibd,poisson_separate,g17_o1,17,False,True,-247.09972304471998,2.8183280508604813,183.32085760557212,86.9622797895698
constant,0,8,hapibd,poisson_separate,g06_o1,6,False,True,-578.2674311752692,1.9876321043153264,939.0533306920428,88.62367168262921
constant,0,8,hapibd,poisson_separate,g22_o1,22,False,True,-232.75831517204915,45.28780501893226,143.92086801666449,2.0233258533910217
constant,0,8,hapibd,poisson_separate,g16_o1,16,False,False,-245.67998030812487,2.7134473825011405,171.41760820277221,87.17204112628126
constant,0,8,hapibd,poisson_separate,g02_o1,2,False,True,-576.6900341847773,3.3732027177747006,857.5933152551188,85.85253045570859
constant,0,8,hapibd,poisson_separate,g12_o1,12,False,False,-579.4706181549238,-2.433577355377824,977.6140403269288,97.46609060203254
constant,0,8,hapibd,poisson_separate,g15_o2,15,False,False,-252.14414092145097,44.89071683302851,180.92830027426305,2.8175022252162396
constant,0,8,hapibd,poisson_separate,g21_o2,21,False,True,-582.6570570711554,2.11521501080252,969.1733579213529,88.3685058696732
constant,0,8,hapibd,poisson_separate,g09_o1,9,False,True,-246.47651876494433,2.010074483410441,179.6717166608381,88.57878692444717
constant,0,8,hapibd,poisson_separate,g19_o1,19,False,True,-246.9299503217349,-0.023996491844775314,176.09951885163218,92.6469288749737
constant,0,8,hapibd,poisson_separate,g08_o1,8,False,True,-581.5691858654862,0.43268418814054094,885.6269424729531,91.73356751499603
constant,0,8,hapibd,poisson_separate,g18_o1,18,False,True,-579.4236826237127,0.22758299731335557,913.3555194514307,92.1437698966549
constant,0,8,hapibd,poisson_separate,g16_o2,16,False,True,-247.89617414702602,2.8744932890703145,176.9971317985945,86.84994931311537
constant,0,8,hapibd,poisson_separate,g22_o2,22,False,False,-247.9593990904607,44.104272502676416,159.03208117445217,4.390390885907357
constant,0,8,hapibd,poisson_separate,g12_o2,12,False,True,-585.11598775727,1.3250090409581394,946.5394890714454,89.94891780937819
constant,0,8,hapibd,poisson_separate,g05_o1,5,False,True,-246.52060702191864,1.7824391018208057,180.43031035667207,89.03405768764307
constant,0,8,hapibd,poisson_separate,g21_o1,21,False,False,-579.4537621249797,0.6678562463030016,900.0149110450393,91.26322339867545
constant,0,8,hapibd,poisson_separate,g09_o2,9,False,False,-246.15201387819772,0.8550750040945044,180.31810274775538,90.88878588309623
constant,0,8,hapibd,poisson_separate,g15_o1,15,False,True,-233.14702360435564,44.69450385883857,147.17501710004373,3.2099281736493523
constant,0,8,hapibd,poisson_separate,g01_o1,1,False,True,-246.27700984542582,3.0259893920745062,179.24378523810708,86.54695710709501
constant,0,8,hapibd,poisson_separate,g11_o1,11,False,True,-244.66510169990636,43.45874678182153,163.56355819108933,5.681442327618884
constant,0,8,hapibd,poisson_separate,g10_o1,10,False,True,-245.18217607045995,45.098764949035825,170.0544209257865,2.401405993211857
constant,0,8,hapibd,poisson_separate,g04_o1,4,False,True,-248.16828288495637,3.615424030132184,188.59916449020355,85.3680878309982
constant,0,8,hapibd,poisson_separate,g20_o1,20,False,True,-581.4811117754971,1.631889585867701,925.4742114108542,89.3351567195263
constant,0,8,hapibd,poisson_separate,g08_o2,8,False,False,-582.7978550594073,1.4214199359453823,955.9709847965842,89.7560960193853
constant,0,8,hapibd,poisson_separate,g14_o1,14,False,True,-576.9153306886183,2.293482767203294,903.2701468842438,88.01197035688058
constant,0,9,true,poisson_shared,g03_o1,3,False,True,-1193.8455523888824,-203.6475961839617,108076.56219048257,500.01705903043876
constant,0,9,true,poisson_shared,g13_o1,13,False,True,-861.6371093144141,-1.847452608574923,26677.444481196202,96.41677188027101
constant,0,9,true,poisson_shared,g07_o1,7,False,True,-855.7914083140907,-124.04774030223493,8808.199207633965,340.817347267633
constant,0,9,true,poisson_shared,g17_o1,17,False,True,-302.4275973552048,-66.39347789885917,322.1159830715342,225.5088224609847
constant,0,9,true,poisson_shared,g06_o1,6,False,True,-731.4417118735385,-127.44685542071647,1224.2702981545845,347.61557750458
constant,0,9,true,poisson_shared,g22_o1,22,False,True,-235.02519601219223,44.463091976087625,141.44670416855433,3.7956827109480917
constant,0,9,true,poisson_shared,g16_o1,16,False,True,-321.31366800329874,-119.29838654066336,349.4362698360623,331.31863974428677
constant,0,9,true,poisson_shared,g02_o1,2,False,True,-1210.0469693299501,-212.9299764966861,83870.09209673462,518.581819656377
constant,0,9,true,poisson_shared,g12_o1,12,False,True,-1139.8498141360237,-164.32433414586416,346231.44026664714,421.3705349551568
constant,0,9,true,poisson_shared,g15_o2,15,False,False,-254.95124080768903,44.58256220600124,181.9391415292323,3.556742251145656
constant,0,9,true,poisson_shared,g21_o2,21,False,True,-693.6739001105412,-107.40710803318132,1416.7628513290124,307.53608273036576
constant,0,9,true,poisson_shared,g09_o1,9,False,True,-276.41035199231874,-58.870265853636276,303.14819928783584,210.462398370326
constant,0,9,true,poisson_shared,g19_o1,19,False,True,-311.5001815217996,-123.94644907877051,312.05800603593894,340.6147648208299
constant,0,9,true,poisson_shared,g08_o1,8,False,True,-1202.9978554431439,-184.3561528734586,91263.44157942342,461.43417240949356
constant,0,9,true,poisson_shared,g18_o1,18,False,True,-690.9047583274337,-126.92527874833931,1234.8825827208245,346.5724241592943
constant,0,9,true,poisson_shared,g16_o2,16,False,False,-322.4410850674903,-115.85264003798909,349.10215096694856,324.4271467395357
constant,0,9,true,poisson_shared,g22_o2,22,False,False,-254.01890071238668,46.03530748695057,170.74070438773018,0.6512516893265187
constant,0,9,true,poisson_shared,g12_o2,12,False,False,-1255.996225738812,-74.25105974652458,1845.0914183695218,241.2239861564943
constant,0,9,true,poisson_shared,g05_o1,5,False,True,-298.6899101618611,-62.036513285791,368.5449389417795,216.79489323477375
constant,0,9,true,poisson_shared,g21_o1,21,False,False,-709.5101184912697,-88.33353317690698,1001.3468894071739,269.3889330171891
constant,0,9,true,poisson_shared,g09_o2,9,False,False,-300.83728971317123,-65.48772555112637,405.1969639919323,223.69731776543736
constant,0,9,true,poisson_shared,g15_o1,15,False,True,-236.16938215569093,44.78545944844011,142.37536310633132,3.1509477662801864
constant,0,9,true,poisson_shared,g01_o1,1,False,True,-332.84161760790795,-117.48741516514028,480.96636294542236,327.6966969934541
constant,0,9,true,poisson_shared,g11_o1,11,False,True,-268.96764016835556,37.97865398468005,400.46709213578083,16.764558693835987
constant,0,9,true,poisson_shared,g10_o1,10,False,True,-263.7152717999692,38.72765443880629,310.5108519189914,15.26655778555072
constant,0,9,true,poisson_shared,g04_o1,4,False,True,-322.3213461477376,-124.18146500425539,366.5628478079717,341.084796671419
constant,0,9,true,poisson_shared,g20_o1,20,False,True,-846.9640028847083,-142.61756389598736,9036.861467723273,377.95699445459434
constant,0,9,true,poisson_shared,g08_o2,8,False,False,-1179.132588459629,-209.44992807369363,96059.03305309874,511.6217228113792
constant,0,9,true,poisson_shared,g14_o1,14,False,True,-902.4992300854344,-16.940026870475037,23251.860835660875,126.60192040418832
constant,0,9,true,poisson_separate,g03_o1,3,False,True,-623.2238539134297,-15.374267621977282,976.4477216547637,123.47040190717199
constant,0,9,true,poisson_separate,g13_o1,13,False,True,-622.7915230457253,-21.146819254176297,980.2928535681589,135.0155051719376
constant,0,9,true,poisson_separate,g07_o1,7,False,True,-632.3764198510354,-17.631614117555618,987.5633497484085,127.98509489815014
constant,0,9,true,poisson_separate,g17_o1,17,False,True,-253.47632393231717,-16.99853304761995,190.14072126359167,126.71893275842753
constant,0,9,true,poisson_separate,g06_o1,6,False,True,-629.6980643798512,-18.881542279884265,1020.6410260551448,130.48495122277518
constant,0,9,true,poisson_separate,g22_o1,22,False,True,-236.12322754881967,44.431176937337106,144.93539901097074,3.8595127884491083
constant,0,9,true,poisson_separate,g16_o1,16,False,True,-254.57093309684245,-17.952795583127614,190.4268094580243,128.6274578295922
constant,0,9,true,poisson_separate,g02_o1,2,False,True,-625.4373449908977,-18.37146344490742,988.2273052911992,129.46479355319573
constant,0,9,true,poisson_separate,g12_o1,12,False,False,-625.8337245325384,-19.046648402680706,1021.958802822597,130.81516346825896
constant,0,9,true,poisson_separate,g15_o2,15,False,True,-257.2847966297814,44.510713980337215,181.16824932238893,3.7004387024572525
constant,0,9,true,poisson_separate,g21_o2,21,False,True,-630.4051906871211,-16.54057214645409,990.6811657248193,125.80301095557081
constant,0,9,true,poisson_separate,g09_o1,9,False,False,-256.40822187841934,-19.030923131160858,205.31343644386791,130.7837129255493
constant,0,9,true,poisson_separate,g19_o1,19,False,True,-250.02055886393444,-19.569075692354325,174.52023418712633,131.86001804788702
constant,0,9,true,poisson_separate,g08_o1,8,False,False,-627.0914909097963,-17.674261748336342,986.649700088087,128.07039015990475
constant,0,9,true,poisson_separate,g18_o1,18,False,True,-628.9472904884686,-18.97686014195339,1021.4924637381826,130.67558694695066
constant,0,9,true,poisson_separate,g16_o2,16,False,False,-255.63416504755548,-17.283050492434914,183.80841320200807,127.2879676484585
constant,0,9,true,poisson_separate,g22_o2,22,False,False,-252.4112677369427,44.135961603741585,171.873477613201,4.4499434556999535
constant,0,9,true,poisson_separate,g12_o2,12,False,True,-632.9828476897127,-17.967959574556467,939.6103450867222,128.65778581244888
constant,0,9,true,poisson_separate,g05_o1,5,False,True,-255.71703174774402,-18.794697084838674,195.69223485195636,130.3112608326718
constant,0,9,true,poisson_separate,g21_o1,21,False,False,-628.7871003572342,-18.011374332699237,1021.2898751777229,128.74461532860695
constant,0,9,true,poisson_separate,g09_o2,9,False,True,-254.6635576891821,-18.35010109474201,195.88023066280863,129.42206885277224
constant,0,9,true,poisson_separate,g15_o1,15,False,False,-235.83625564795543,45.42650921483556,146.39320458719385,1.8688482334912262
constant,0,9,true,poisson_separate,g01_o1,1,False,True,-254.69263274446536,-17.231266084386025,196.53399026351315,127.1843988317607
constant,0,9,true,poisson_separate,g11_o1,11,False,True,-250.37799734708818,42.877779715061635,176.06222942964803,6.9663072330452955
constant,0,9,true,poisson_separate,g10_o1,10,False,True,-249.77555588842387,45.26916446326119,191.9418994934071,2.1835377366233435
constant,0,9,true,poisson_separate,g04_o1,4,False,True,-255.6253868823395,-21.791425166276944,196.9926372155869,136.30471699544674
constant,0,9,true,poisson_separate,g20_o1,20,False,True,-628.1058317116372,-19.279037230414875,917.2861233571618,131.27994112362865
constant,0,9,true,poisson_separate,g08_o2,8,False,True,-633.6813846317403,-17.14172199893758,1005.7877281867306,127.00531066106255
constant,0,9,true,poisson_separate,g14_o1,14,False,True,-626.6179575344339,-17.061283224377494,995.5692560726766,126.84443311177935
constant,0,9,hapibd,poisson_shared,g03_o1,3,False,True,-1160.4590581463071,-203.71288967348846,223618.43733549275,500.147646010147
constant,0,9,hapibd,poisson_shared,g13_o1,13,False,True,-821.4210123595523,-0.5377130956433006,32856.959631815975,93.79729285446348
constant,0,9,hapibd,poisson_shared,g07_o1,7,False,True,-828.6707621711045,-120.28376116004196,12523.861936911899,333.28938898310173
constant,0,9,hapibd,poisson_shared,g17_o1,17,False,True,-309.0953631162897,-61.406524574222786,343.3284674853654,215.53491581154074
constant,0,9,hapibd,poisson_shared,g06_o1,6,False,True,-683.3932371344903,-131.69071343340985,1153.1690011779522,356.1032935298726
constant,0,9,hapibd,poisson_shared,g22_o1,22,False,True,-233.9762464254054,45.24980285204436,142.93236946417034,2.2222609590516136
constant,0,9,hapibd,poisson_shared,g16_o1,16,False,True,-320.3796510724628,-125.06175005511227,335.37794078212573,342.84536677336865
constant,0,9,hapibd,poisson_shared,g02_o1,2,False,True,-1171.3352500837732,-220.8431456897265,112365.6343409737,534.4081580426846
constant,0,9,hapibd,poisson_shared,g12_o1,12,False,True,-1108.17290153533,-157.72427956900503,700359.5264070989,408.1704258016134
constant,0,9,hapibd,poisson_shared,g15_o2,15,False,False,-249.3364837745933,44.95630200192831,170.6424502463622,2.8092626592458503
constant,0,9,hapibd,poisson_shared,g21_o2,21,False,False,-831.3527666692491,-122.38632853756648,13800.70281467204,337.4945237372161
constant,0,9,hapibd,poisson_shared,g09_o1,9,False,True,-277.9924483766855,-59.274652610579636,313.80777897232724,211.27117188435204
constant,0,9,hapibd,poisson_shared,g19_o1,19,False,True,-309.0749570470178,-135.92975695497645,304.902643710739,364.58138057308526
constant,0,9,hapibd,poisson_shared,g08_o1,8,False,False,-1141.4038616704024,-209.08995372509807,78579.33758511943,510.9017741139807
constant,0,9,hapibd,poisson_shared,g18_o1,18,False,True,-651.0161862183251,-126.82966228887678,1092.8647492276239,346.38119124074655
constant,0,9,hapibd,poisson_shared,g16_o2,16,False,False,-314.2618593193115,-131.10877720130455,334.33534232157115,354.9394210659388
constant,0,9,hapibd,poisson_shared,g22_o2,22,False,False,-252.29724927024162,44.540913684867384,185.3742442541743,3.640039293354073
constant,0,9,hapibd,poisson_shared,g12_o2,12,False,False,-1174.8263762010292,-82.57443372711133,1761.160932814867,257.87073411746894
constant,0,9,hapibd,poisson_shared,g05_o1,5,False,True,-339.07807409084666,-117.60512640997933,530.1514170256708,327.93211948212394
constant,0,9,hapibd,poisson_shared,g21_o1,21,False,True,-677.1251846412458,-109.38253667054758,1198.4343180176602,311.4869400045417
constant,0,9,hapibd,poisson_shared,g09_o2,9,False,False,-317.17878493773725,-64.37412172122546,529.969789952374,221.47011010536374
constant,0,9,hapibd,poisson_shared,g15_o1,15,False,True,-233.3877067739645,45.702161464139735,141.1983555564333,1.317543734898579
constant,0,9,hapibd,poisson_shared,g01_o1,1,False,True,-343.2415089680678,-119.0931097403578,548.6423528967531,330.90808614387333
constant,0,9,hapibd,poisson_shared,g11_o1,11,False,True,-279.7479557886113,39.99883896308261,567.8375464947399,12.724188736979382
constant,0,9,hapibd,poisson_shared,g10_o1,10,False,True,-268.36474639031945,38.04280795903367,351.5846110970992,16.636250745115266
constant,0,9,hapibd,poisson_shared,g04_o1,4,False,True,-274.99278676659856,-58.213902998224086,281.4429679739765,209.14967265962036
constant,0,9,hapibd,poisson_shared,g20_o1,20,False,True,-665.4826910080604,-127.81843409014724,1248.2467972064642,348.3587348434006
constant,0,9,hapibd,poisson_shared,g08_o2,8,False,True,-1034.8359225363936,-18.597591948561043,1399.3768251195504,129.9170505601319
constant,0,9,hapibd,poisson_shared,g14_o1,14,False,True,-822.0415128866873,-2.7028788953631815,40980.229606391804,98.12762445401698
constant,0,9,hapibd,poisson_separate,g03_o1,3,False,True,-575.3222984069406,-16.00947264609352,903.1693889637706,124.74081195532256
constant,0,9,hapibd,poisson_separate,g13_o1,13,False,True,-576.857178289701,-17.27831045266462,832.2384580748717,127.27848756830795
constant,0,9,hapibd,poisson_separate,g07_o1,7,False,True,-579.3591805478551,-18.00218041493929,909.1304649219051,128.72622749294922
constant,0,9,hapibd,poisson_separate,g17_o1,17,False,True,-251.55454102596136,-19.15199241977912,180.8758272899722,131.025851502593
constant,0,9,hapibd,poisson_separate,g06_o1,6,False,True,-578.7713224202466,-19.021562450773025,909.445404269055,130.76499156464033
constant,0,9,hapibd,poisson_separate,g22_o1,22,False,True,-234.2985836076077,45.27316962609581,141.7980529224053,2.1755274109044564
constant,0,9,hapibd,poisson_separate,g16_o1,16,False,False,-254.72222381147145,-19.58895944712492,193.9616824547661,131.89978555768965
constant,0,9,hapibd,poisson_separate,g02_o1,2,False,True,-576.5826127268158,-17.954826212073876,906.6928872574083,128.6315190871377
constant,0,9,hapibd,poisson_separate,g12_o1,12,False,False,-575.5047808860361,-18.769813045639918,869.8928122500531,130.26149275456783
constant,0,9,hapibd,poisson_separate,g15_o2,15,False,False,-248.90950184036274,44.52823061045452,158.0408691992597,3.6654054423127707
constant,0,9,hapibd,poisson_separate,g21_o2,21,False,True,-582.0219516574473,-17.166954226248652,957.3604549171731,127.05577511550955
constant,0,9,hapibd,poisson_separate,g09_o1,9,False,False,-255.1751821529353,-17.553764718676923,213.39812722446428,127.82939610016844
constant,0,9,hapibd,poisson_separate,g19_o1,19,False,True,-247.84176310375108,-20.707920376064255,171.35203906544857,134.1377074151173
constant,0,9,hapibd,poisson_separate,g08_o1,8,False,True,-577.4033738894789,-17.143146814764687,872.7733949557635,127.00816029270757
constant,0,9,hapibd,poisson_separate,g18_o1,18,False,True,-580.0520540362653,-17.902477486110882,949.0648494709887,128.52682163548715
constant,0,9,hapibd,poisson_separate,g16_o2,16,False,True,-251.59514482455572,-16.270529136024987,181.07112843365144,125.26292493469364
constant,0,9,hapibd,poisson_separate,g22_o2,22,False,False,-250.34203246259545,44.73148867854831,169.11689613462875,3.258889306113452
constant,0,9,hapibd,poisson_separate,g12_o2,12,False,True,-582.4130338991858,-19.33125444527906,919.4793520495273,131.38437555388973
constant,0,9,hapibd,poisson_separate,g05_o1,5,False,True,-252.41272782202304,-18.236693319951264,186.25334338171047,129.19525330337262
constant,0,9,hapibd,poisson_separate,g21_o1,21,False,False,-580.8598378327875,-18.216840507376567,863.3433743436254,129.15554767779565
constant,0,9,hapibd,poisson_separate,g09_o2,9,False,True,-251.05169445240557,-16.910705411849126,177.16180273232274,126.54327748688749
constant,0,9,hapibd,poisson_separate,g15_o1,15,False,True,-232.65220741307593,45.86254754072446,140.47423454370104,0.9967715816494811
constant,0,9,hapibd,poisson_separate,g01_o1,1,False,True,-251.8254040171712,-17.1635644670415,189.63080741791197,127.0489955972729
constant,0,9,hapibd,poisson_separate,g11_o1,11,False,True,-248.98738816462173,44.77043513853853,183.45279987783292,3.1809963860493005
constant,0,9,hapibd,poisson_separate,g10_o1,10,False,True,-247.89349681809986,44.366300155398044,178.23050166871445,3.9892663522837237
constant,0,9,hapibd,poisson_separate,g04_o1,4,False,True,-252.84009181197,-18.68803319260345,190.71990912547906,130.0979330484575
constant,0,9,hapibd,poisson_separate,g20_o1,20,False,True,-577.9615651120419,-20.899061425569023,893.4553639455889,134.51998951437446
constant,0,9,hapibd,poisson_separate,g08_o2,8,False,False,-583.6842321577452,-19.01356898845247,842.4741965880847,130.74900464010076
constant,0,9,hapibd,poisson_separate,g14_o1,14,False,True,-576.4753732873309,-18.104320056386793,911.1121260638272,128.93050677589258
