scenario,pool,replicate,source,variant,candidate,graph,status,reliable,ess,pareto_k,seconds
growth,0,0,true,poisson_shared,g03_o1,3,ok,False,55.30113963983261,0.9733890061050007,15.551828790456057
growth,0,0,true,poisson_shared,g13_o1,13,ok,False,7.501282622372161,1.8932399976278742,32.96833487506956
growth,0,0,true,poisson_shared,g07_o1,7,ok,False,19.492286750327587,1.4933498272310877,43.37969145923853
growth,0,0,true,poisson_shared,g17_o1,17,ok,False,17.895942940500483,1.4338729228428297,28.86277854256332
growth,0,0,true,poisson_shared,g06_o1,6,ok,False,2.3948356105361723,1.6019670675644664,26.945208999328315
growth,0,0,true,poisson_shared,g22_o1,22,ok,False,24.31882952348632,1.3601334157860616,18.42336929216981
growth,0,0,true,poisson_shared,g16_o1,16,ok,False,14.621567801343401,1.8418517732700896,32.145601625554264
growth,0,0,true,poisson_shared,g02_o1,2,ok,False,25.24910539591373,1.3790489784873603,14.117088750004768
growth,0,0,true,poisson_shared,g12_o1,12,ok,False,4.746360412956024,3.44534337424205,43.945882958360016
growth,0,0,true,poisson_shared,g15_o2,15,ok,False,4.838217601521918,1.6817474217902042,22.191424500197172
growth,0,0,true,poisson_shared,g21_o2,21,ok,False,10.623768201682596,3.4827048504521807,35.6081669582054
growth,0,0,true,poisson_shared,g09_o1,9,ok,False,2.9222271446678687,1.6680214186684064,35.852741417475045
growth,0,0,true,poisson_shared,g19_o1,19,ok,False,6.3588952113460095,1.7128392525879166,25.58815904147923
growth,0,0,true,poisson_shared,g08_o1,8,ok,False,1.1918857063563428,1.5668550177549534,32.03618666622788
growth,0,0,true,poisson_shared,g18_o1,18,ok,False,8.96200803864712,4.5805571845790025,36.787753999233246
growth,0,0,true,poisson_shared,g16_o2,16,ok,False,11.388756992684218,1.6383417909782894,28.315739000216126
growth,0,0,true,poisson_shared,g22_o2,22,ok,False,9.101327615749828,1.99023589547562,27.982128417119384
growth,0,0,true,poisson_shared,g12_o2,12,ok,False,1.6434719175490273,2.8526246590207065,37.4948764173314
growth,0,0,true,poisson_shared,g05_o1,5,ok,False,8.458390601669631,2.5573016240453894,30.11080391705036
growth,0,0,true,poisson_shared,g21_o1,21,ok,False,1.8474237349086293,1.6422791349628734,27.492387207224965
growth,0,0,true,poisson_shared,g09_o2,9,ok,False,5.8756257367649,1.5392033569473014,31.559419292025268
growth,0,0,true,poisson_shared,g15_o1,15,ok,False,2.0816629692280144,1.636824520504521,23.807957083918154
growth,0,0,true,poisson_shared,g01_o1,1,ok,False,31.052776566385507,1.148494147375423,10.956460459157825
growth,0,0,true,poisson_shared,g11_o1,11,ok,False,2.4604231477421026,1.7452769700713147,36.35009358264506
growth,0,0,true,poisson_shared,g10_o1,10,ok,False,9.97241737742024,1.4426439868448235,33.74666466657072
growth,0,0,true,poisson_shared,g04_o1,4,ok,False,17.17029307738503,1.9593731980016094,29.124895124696195
growth,0,0,true,poisson_shared,g20_o1,20,ok,False,4.4204650043821125,1.753550095345296,26.410951416008174
growth,0,0,true,poisson_shared,g08_o2,8,ok,False,1.493572797279609,1.8717632453818416,34.16056991647929
growth,0,0,true,poisson_shared,g14_o1,14,ok,False,1.3399412331784462,1.8689167535513147,35.85215258318931
growth,0,0,true,poisson_separate,g03_o1,3,ok,False,4.669251267423013,1.700389432075488,16.12682683300227
growth,0,0,true,poisson_separate,g13_o1,13,ok,False,4.472247825234391,2.691370896634035,32.17238612566143
growth,0,0,true,poisson_separate,g07_o1,7,ok,False,1.8682533819202738,2.3802105630900474,35.23014320805669
growth,0,0,true,poisson_separate,g17_o1,17,ok,False,1.8017189841288042,2.182960574357635,35.022929708473384
growth,0,0,true,poisson_separate,g06_o1,6,ok,False,1.4332098084093359,2.4464686692577837,35.95616820733994
growth,0,0,true,poisson_separate,g22_o1,22,ok,False,8.257068399768057,2.2576263478056973,38.84917658288032
growth,0,0,true,poisson_separate,g16_o1,16,ok,False,6.612567330475814,2.11972055399132,33.184892166405916
growth,0,0,true,poisson_separate,g02_o1,2,ok,False,5.5651124220524055,1.980561275443444,17.890690707601607
growth,0,0,true,poisson_separate,g12_o1,12,ok,False,2.605132973021476,2.008599453542857,35.990446999669075
growth,0,0,true,poisson_separate,g15_o2,15,ok,False,3.423797391634226,1.7984803731005694,27.817911334335804
growth,0,0,true,poisson_separate,g21_o2,21,ok,False,2.1974056283327412,2.141514034266097,43.3718521669507
growth,0,0,true,poisson_separate,g09_o1,9,ok,False,6.5913976187714525,2.11238406702176,34.009476417675614
growth,0,0,true,poisson_separate,g19_o1,19,ok,False,1.1249699623653449,2.005336654355228,33.74557579215616
growth,0,0,true,poisson_separate,g08_o1,8,ok,False,1.538752311058063,1.8114375718910092,26.452805667184293
growth,0,0,true,poisson_separate,g18_o1,18,ok,False,5.499102202355315,2.4408659376385935,40.80758004169911
growth,0,0,true,poisson_separate,g16_o2,16,ok,False,2.7896614048258406,1.6967346389698874,35.01817604061216
growth,0,0,true,poisson_separate,g22_o2,22,ok,False,1.2288924452595136,2.24750235707036,40.9901107493788
growth,0,0,true,poisson_separate,g12_o2,12,ok,False,1.0840935746610045,2.294042000800711,42.256026833318174
growth,0,0,true,poisson_separate,g05_o1,5,ok,False,1.065551737914129,2.7558139534232797,33.104328707791865
growth,0,0,true,poisson_separate,g21_o1,21,ok,False,3.2534522348492665,2.2171617993833643,38.09847983252257
growth,0,0,true,poisson_separate,g09_o2,9,ok,False,2.3741810840747632,3.029233916634118,33.19888737425208
growth,0,0,true,poisson_separate,g15_o1,15,ok,False,8.39859591649441,2.1529915198158163,26.716942542232573
growth,0,0,true,poisson_separate,g01_o1,1,ok,False,2.1344347715104917,1.5772141760815732,15.63625058438629
growth,0,0,true,poisson_separate,g11_o1,11,ok,False,5.01793079364389,1.9649972978357155,31.157905832864344
growth,0,0,true,poisson_separate,g10_o1,10,ok,False,3.1252569838441646,2.1515434930480133,28.62785912491381
growth,0,0,true,poisson_separate,g04_o1,4,ok,False,1.1440593778869712,1.8832591761585673,31.495384292677045
growth,0,0,true,poisson_separate,g20_o1,20,ok,False,2.8379778302217478,1.9695977082636837,33.12558954209089
growth,0,0,true,poisson_separate,g08_o2,8,ok,False,11.57727144420939,2.1336137301921623,34.31138229276985
growth,0,0,true,poisson_separate,g14_o1,14,ok,False,2.724830444346974,1.7743671877870748,34.15342079102993
growth,0,0,hapibd,poisson_shared,g03_o1,3,ok,False,12.012972272227694,1.019483576977139,13.747089875862002
growth,0,0,hapibd,poisson_shared,g13_o1,13,ok,False,2.6125932838719224,2.3364420546585536,32.15462562534958
growth,0,0,hapibd,poisson_shared,g07_o1,7,ok,False,5.06286601419733,1.3645445519298067,32.81497308332473
growth,0,0,hapibd,poisson_shared,g17_o1,17,ok,False,3.5151509804613124,1.5295678846543737,28.16266658436507
growth,0,0,hapibd,poisson_shared,g06_o1,6,ok,False,1.4345397281255954,1.5904119219180737,34.105433125048876
growth,0,0,hapibd,poisson_shared,g22_o1,22,ok,False,4.429145727624594,1.8916570086139453,19.7918083332479
growth,0,0,hapibd,poisson_shared,g16_o1,16,ok,False,1.5597677431817853,1.6570922159944,27.964009541086853
growth,0,0,hapibd,poisson_shared,g02_o1,2,ok,False,13.579943824590858,0.9086750110520758,13.785671666264534
growth,0,0,hapibd,poisson_shared,g12_o1,12,ok,False,6.911853199968537,2.11918893648414,44.15418437495828
growth,0,0,hapibd,poisson_shared,g15_o2,15,ok,False,12.48656704976842,1.486576282802116,22.203567625023425
growth,0,0,hapibd,poisson_shared,g21_o2,21,ok,False,4.890493380066328,1.6122806511903471,34.00002183299512
growth,0,0,hapibd,poisson_shared,g09_o1,9,ok,False,8.39085977436563,1.8916483887466362,31.933191500604153
growth,0,0,hapibd,poisson_shared,g19_o1,19,ok,False,10.202115739476945,1.4595227757311438,20.264466790482402
growth,0,0,hapibd,poisson_shared,g08_o1,8,ok,False,3.7892942477916534,1.713869725152656,30.717528291977942
growth,0,0,hapibd,poisson_shared,g18_o1,18,ok,False,1.0328706007146176,3.7714823398135007,34.33272225037217
growth,0,0,hapibd,poisson_shared,g16_o2,16,ok,False,7.233270335892905,1.5415439882884494,25.78843745868653
growth,0,0,hapibd,poisson_shared,g22_o2,22,ok,False,1.7121114917403644,1.8469127472138005,24.158548207953572
growth,0,0,hapibd,poisson_shared,g12_o2,12,ok,False,2.0949327270339726,2.070797460798993,32.31579087488353
growth,0,0,hapibd,poisson_shared,g05_o1,5,ok,False,6.72095073809469,1.4834553627851104,24.963326167315245
growth,0,0,hapibd,poisson_shared,g21_o1,21,ok,False,1.1453533535380989,1.8071350146307568,27.905505041591823
growth,0,0,hapibd,poisson_shared,g09_o2,9,ok,False,2.203415397601709,1.5282643588281033,30.457438999786973
growth,0,0,hapibd,poisson_shared,g15_o1,15,ok,False,11.650271129702197,1.5334148545079895,22.333666624501348
growth,0,0,hapibd,poisson_shared,g01_o1,1,ok,False,6.8145854792302245,1.1620779616850119,14.672079333104193
growth,0,0,hapibd,poisson_shared,g11_o1,11,ok,False,1.9310534085586646,3.2639147798795247,35.02257249969989
growth,0,0,hapibd,poisson_shared,g10_o1,10,ok,False,1.4324838523787584,1.7843964902583231,31.523260000161827
growth,0,0,hapibd,poisson_shared,g04_o1,4,ok,False,1.090973584406855,1.7767007871147278,28.718250250443816
growth,0,0,hapibd,poisson_shared,g20_o1,20,ok,False,1.3089912036779883,1.975807658464288,26.366718250326812
growth,0,0,hapibd,poisson_shared,g08_o2,8,ok,False,1.0093149570734836,2.2434157894388593,31.22912483289838
growth,0,0,hapibd,poisson_shared,g14_o1,14,ok,False,6.435723061673655,1.993934141844132,35.528117957524955
growth,0,0,hapibd,poisson_separate,g03_o1,3,ok,False,7.758304567522746,1.4663625598871217,15.8917753752321
growth,0,0,hapibd,poisson_separate,g13_o1,13,ok,False,1.0011654094484177,2.1644415044003433,34.81167166586965
growth,0,0,hapibd,poisson_separate,g07_o1,7,ok,False,1.4913521941482157,2.129902759345491,34.92028229217976
growth,0,0,hapibd,poisson_separate,g17_o1,17,ok,False,1.0453630265897373,2.6794331465373564,33.828006917610765
growth,0,0,hapibd,poisson_separate,g06_o1,6,ok,False,1.0322967461431718,2.3568705224286086,34.97354291751981
growth,0,0,hapibd,poisson_separate,g22_o1,22,ok,False,1.487797857073075,2.2045644071015813,39.78227345831692
growth,0,0,hapibd,poisson_separate,g16_o1,16,ok,False,3.7247738667894965,2.560608773443184,30.59306645952165
growth,0,0,hapibd,poisson_separate,g02_o1,2,ok,False,7.3697912150459555,1.8757222628168297,18.056121957488358
growth,0,0,hapibd,poisson_separate,g12_o1,12,ok,False,3.8009774928208238,2.715617594422306,34.39312999974936
growth,0,0,hapibd,poisson_separate,g15_o2,15,ok,False,4.211131355034426,2.1104485414708702,27.059522540308535
growth,0,0,hapibd,poisson_separate,g21_o2,21,ok,False,6.843772883789124,2.0723407752902214,39.29630187433213
growth,0,0,hapibd,poisson_separate,g09_o1,9,ok,False,3.1054191137484666,1.8393303626661899,35.217797624878585
growth,0,0,hapibd,poisson_separate,g19_o1,19,ok,False,2.023078728539087,2.6191375330383004,35.83434454165399
growth,0,0,hapibd,poisson_separate,g08_o1,8,ok,False,1.223936046062911,2.4660045400265354,28.639979125000536
growth,0,0,hapibd,poisson_separate,g18_o1,18,ok,False,2.026774720359601,2.3625020609178464,40.35015416704118
growth,0,0,hapibd,poisson_separate,g16_o2,16,ok,False,3.48614097799591,1.9128090381112979,33.35547300055623
growth,0,0,hapibd,poisson_separate,g22_o2,22,ok,False,5.930171288918937,2.3326069701699024,40.1772366669029
growth,0,0,hapibd,poisson_separate,g12_o2,12,ok,False,13.854903742493871,2.290503889017921,43.044069834053516
growth,0,0,hapibd,poisson_separate,g05_o1,5,ok,False,4.518033819275503,3.436940433201969,31.797297124750912
growth,0,0,hapibd,poisson_separate,g21_o1,21,ok,False,7.3282665739263715,2.5476999178157973,36.48790437541902
growth,0,0,hapibd,poisson_separate,g09_o2,9,ok,False,5.032478410231148,2.275063395266733,32.808760000392795
growth,0,0,hapibd,poisson_separate,g15_o1,15,ok,False,4.775961575449282,1.7928217215721178,25.660028499551117
growth,0,0,hapibd,poisson_separate,g01_o1,1,ok,False,6.028117149569847,1.763807412371855,15.511592417024076
growth,0,0,hapibd,poisson_separate,g11_o1,11,ok,False,3.118690596077497,2.009847283036365,31.754068999551237
growth,0,0,hapibd,poisson_separate,g10_o1,10,ok,False,1.0430270865789801,2.229667137284856,29.166066957637668
growth,0,0,hapibd,poisson_separate,g04_o1,4,ok,False,2.551871308082736,1.9400509215994066,29.692951125092804
growth,0,0,hapibd,poisson_separate,g20_o1,20,ok,False,1.2784375173813232,2.235172597837937,32.798396749421954
growth,0,0,hapibd,poisson_separate,g08_o2,8,ok,False,1.3004974468274018,1.9864315368290977,34.27592945750803
growth,0,0,hapibd,poisson_separate,g14_o1,14,ok,False,7.603253003439757,2.0636292826654463,30.503059291280806
growth,0,1,true,poisson_shared,g03_o1,3,ok,False,2.4666636891809683,1.1459635239093366,15.127162083983421
growth,0,1,true,poisson_shared,g13_o1,13,ok,False,5.944320698292435,1.513651874634561,37.178324334323406
growth,0,1,true,poisson_shared,g07_o1,7,ok,False,2.8177735026264012,1.6348517778845688,44.0065200002864
growth,0,1,true,poisson_shared,g17_o1,17,ok,False,6.670080004321968,1.4022735381007105,32.41629100032151
growth,0,1,true,poisson_shared,g06_o1,6,ok,False,1.0715493752120968,1.8857775897278126,35.52703558374196
growth,0,1,true,poisson_shared,g22_o1,22,ok,False,4.877707919573677,1.6658298302642396,19.443656750023365
growth,0,1,true,poisson_shared,g16_o1,16,ok,False,3.1174313865814316,1.8746325645442075,31.513220749795437
growth,0,1,true,poisson_shared,g02_o1,2,ok,False,5.956480522984407,1.1461013582175448,14.390225292183459
growth,0,1,true,poisson_shared,g12_o1,12,ok,False,13.515219696579718,1.487119426409105,40.77148550003767
growth,0,1,true,poisson_shared,g15_o2,15,ok,False,1.0311723184619472,1.7217565252946543,22.543665500357747
growth,0,1,true,poisson_shared,g21_o2,21,ok,False,1.4723065546364855,1.9810765665605596,35.8574093747884
growth,0,1,true,poisson_shared,g09_o1,9,ok,False,7.8088123560480165,1.6913598256299107,36.76210970804095
growth,0,1,true,poisson_shared,g19_o1,19,ok,False,1.235964174808129,1.3659419967044353,26.324788250029087
growth,0,1,true,poisson_shared,g08_o1,8,ok,False,2.686062850211652,1.94135680794661,38.47351458389312
growth,0,1,true,poisson_shared,g18_o1,18,ok,False,8.778675968931932,2.6434955952905543,30.741254624910653
growth,0,1,true,poisson_shared,g16_o2,16,ok,False,1.544643837722921,2.232043098709582,25.788725916296244
growth,0,1,true,poisson_shared,g22_o2,22,ok,False,3.694672978292465,1.5358628136295809,20.79932991694659
growth,0,1,true,poisson_shared,g12_o2,12,ok,False,15.348504792070793,1.7614119982168877,34.30491500068456
growth,0,1,true,poisson_shared,g05_o1,5,ok,False,15.992202423329596,1.514677838518917,30.928131917491555
growth,0,1,true,poisson_shared,g21_o1,21,ok,False,1.009841121162905,1.9182200322840106,29.329890250228345
growth,0,1,true,poisson_shared,g09_o2,9,ok,False,1.3972803552989965,1.7595120484876694,33.25200937502086
growth,0,1,true,poisson_shared,g15_o1,15,ok,False,1.5991875237921709,1.6148009437243869,24.576096541248262
growth,0,1,true,poisson_shared,g01_o1,1,ok,False,4.112052363374546,1.09067175755844,11.547017959877849
growth,0,1,true,poisson_shared,g11_o1,11,ok,False,3.518808219387482,1.70365601781105,34.187950999476016
growth,0,1,true,poisson_shared,g10_o1,10,ok,False,14.26338918924897,1.4156391245279316,37.59535533282906
growth,0,1,true,poisson_shared,g04_o1,4,ok,False,6.397174198949826,1.814167335032504,29.60361770913005
growth,0,1,true,poisson_shared,g20_o1,20,ok,False,2.556427493814817,1.5323366695771832,28.437755624763668
growth,0,1,true,poisson_shared,g08_o2,8,ok,False,4.045936839157272,4.52715720115649,39.76085870806128
growth,0,1,true,poisson_shared,g14_o1,14,ok,False,16.19604657652321,1.4146238509496611,34.48748499993235
growth,0,1,true,poisson_separate,g03_o1,3,ok,False,7.531341167638881,1.6885074035549468,16.842624958604574
growth,0,1,true,poisson_separate,g13_o1,13,ok,False,1.011786101769594,2.7317192772067673,44.273593958467245
growth,0,1,true,poisson_separate,g07_o1,7,ok,False,1.0437102846812505,2.578156834371589,39.23688695766032
growth,0,1,true,poisson_separate,g17_o1,17,ok,False,10.932441276538084,1.9695118182949152,34.43005633354187
growth,0,1,true,poisson_separate,g06_o1,6,ok,False,2.09808787968035,2.2682217823913406,35.999423583969474
growth,0,1,true,poisson_separate,g22_o1,22,ok,False,2.1178528652862543,2.6470429993480478,40.25354216620326
growth,0,1,true,poisson_separate,g16_o1,16,ok,False,7.683964392480764,4.439022643553236,30.1711019994691
growth,0,1,true,poisson_separate,g02_o1,2,ok,False,3.548694093826075,1.6169703888336275,16.956646792590618
growth,0,1,true,poisson_separate,g12_o1,12,ok,False,2.3609679275273407,4.813018400595524,39.791050707921386
growth,0,1,true,poisson_separate,g15_o2,15,ok,False,12.0537586269241,1.8073373261695471,27.92530916724354
growth,0,1,true,poisson_separate,g21_o2,21,ok,False,1.2463480457909983,2.4734541058392447,38.85552233364433
growth,0,1,true,poisson_separate,g09_o1,9,ok,False,5.049019897094353,1.9682661040857237,35.21844495926052
growth,0,1,true,poisson_separate,g19_o1,19,ok,False,1.0022839683280675,1.7857900104253897,38.57659558299929
growth,0,1,true,poisson_separate,g08_o1,8,ok,False,1.1233597642302195,2.2074909697318073,34.56427604239434
growth,0,1,true,poisson_separate,g18_o1,18,ok,False,2.845665652098698,1.979301788656112,38.45163050014526
growth,0,1,true,poisson_separate,g16_o2,16,ok,False,1.280022780856161,2.395799046760112,34.08226945716888
growth,0,1,true,poisson_separate,g22_o2,22,ok,False,4.7483340400144005,2.243378107395992,42.5981003344059
growth,0,1,true,poisson_separate,g12_o2,12,ok,False,1.0033613866801339,1.931564770501252,41.575479625724256
growth,0,1,true,poisson_separate,g05_o1,5,ok,False,3.2547524042046994,2.048853237168333,32.021921125240624
growth,0,1,true,poisson_separate,g21_o1,21,ok,False,2.382830831608244,2.577501650789097,35.77359916642308
growth,0,1,true,poisson_separate,g09_o2,9,ok,False,1.3862396756422337,2.1308872947899555,32.15082712471485
growth,0,1,true,poisson_separate,g15_o1,15,ok,False,5.056259488529653,1.9430037496959638,26.514283708296716
growth,0,1,true,poisson_separate,g01_o1,1,ok,False,6.944567461251921,2.076847459304164,16.142588375136256
growth,0,1,true,poisson_separate,g11_o1,11,ok,False,2.3258051639941666,2.1453632065628168,30.469559834338725
growth,0,1,true,poisson_separate,g10_o1,10,ok,False,1.267513801925998,2.0369518798607045,29.592730957083404
growth,0,1,true,poisson_separate,g04_o1,4,ok,False,1.007770867822652,2.459520532913203,27.178281583823264
growth,0,1,true,poisson_separate,g20_o1,20,ok,False,1.3062557543362212,2.425848176864705,33.85322824958712
growth,0,1,true,poisson_separate,g08_o2,8,ok,False,1.0346062859404368,1.9136551361450267,41.497503875754774
growth,0,1,true,poisson_separate,g14_o1,14,ok,False,1.417219263962831,2.1482329683622043,36.04379604104906
growth,0,1,hapibd,poisson_shared,g03_o1,3,ok,False,47.78121049116716,1.1210313552668836,13.887028791941702
growth,0,1,hapibd,poisson_shared,g13_o1,13,ok,False,8.198588376169079,1.4781816574380573,37.25694404076785
growth,0,1,hapibd,poisson_shared,g07_o1,7,ok,False,2.6109786111793465,1.6321835006857415,37.70577741693705
growth,0,1,hapibd,poisson_shared,g17_o1,17,ok,False,6.547798487656006,1.529603673488657,27.811265165917575
growth,0,1,hapibd,poisson_shared,g06_o1,6,ok,False,3.2119103882824325,1.7353724626593439,34.14906712528318
growth,0,1,hapibd,poisson_shared,g22_o1,22,ok,False,4.117553672388324,1.7220860173571146,20.24735999945551
growth,0,1,hapibd,poisson_shared,g16_o1,16,ok,False,12.51599850443783,1.5470992154165573,30.42457616701722
growth,0,1,hapibd,poisson_shared,g02_o1,2,ok,False,13.759304708992177,1.0559483406880663,16.502261333167553
growth,0,1,hapibd,poisson_shared,g12_o1,12,ok,False,1.496417008567601,1.8765829738529343,42.15309904143214
growth,0,1,hapibd,poisson_shared,g15_o2,15,ok,False,8.035030526594964,1.5912966065735499,21.34187679272145
growth,0,1,hapibd,poisson_shared,g21_o2,21,ok,False,2.0401414337128227,1.7092640721990724,35.38772549945861
growth,0,1,hapibd,poisson_shared,g09_o1,9,ok,False,2.785694841432643,1.6613238076008394,30.163147000595927
growth,0,1,hapibd,poisson_shared,g19_o1,19,ok,False,1.1595943419425208,1.6294234732021091,33.59961500018835
growth,0,1,hapibd,poisson_shared,g08_o1,8,ok,False,9.237700326110202,2.6218342169471454,38.21047579217702
growth,0,1,hapibd,poisson_shared,g18_o1,18,ok,False,8.329224438198096,1.9995584772003963,37.58699829224497
growth,0,1,hapibd,poisson_shared,g16_o2,16,ok,False,4.092920602300086,1.655075873073277,26.565070957876742
growth,0,1,hapibd,poisson_shared,g22_o2,22,ok,False,5.9749435674367755,1.809539702083235,22.43054462503642
growth,0,1,hapibd,poisson_shared,g12_o2,12,ok,False,2.372663472393965,3.5790875951775543,35.673981624655426
growth,0,1,hapibd,poisson_shared,g05_o1,5,ok,False,2.5837828306245547,1.9400958174508987,24.50461870804429
growth,0,1,hapibd,poisson_shared,g21_o1,21,ok,False,12.352470343283168,1.6263899989951895,29.137515207752585
growth,0,1,hapibd,poisson_shared,g09_o2,9,ok,False,7.075762545107585,1.3524195978304905,25.062197292223573
growth,0,1,hapibd,poisson_shared,g15_o1,15,ok,False,2.287904609149357,1.5609171961738113,23.825912666507065
growth,0,1,hapibd,poisson_shared,g01_o1,1,ok,False,23.119613596901914,1.149731341737444,12.270503374747932
growth,0,1,hapibd,poisson_shared,g11_o1,11,ok,False,5.255490038579945,1.5422869142990727,32.68117445893586
growth,0,1,hapibd,poisson_shared,g10_o1,10,ok,False,4.525801805441086,1.498346204364471,28.622340667061508
growth,0,1,hapibd,poisson_shared,g04_o1,4,ok,False,10.257236547549052,2.252254119490644,28.202964666299522
growth,0,1,hapibd,poisson_shared,g20_o1,20,ok,False,5.353838722772813,1.9819264179091451,29.91146808397025
growth,0,1,hapibd,poisson_shared,g08_o2,8,ok,False,11.720851937625035,3.6444807516765496,32.704405374825
growth,0,1,hapibd,poisson_shared,g14_o1,14,ok,False,2.8563077873916836,1.4414863788942978,32.60129033308476
growth,0,1,hapibd,poisson_separate,g03_o1,3,ok,False,9.115602521595719,1.5981515768757404,16.593197375535965
growth,0,1,hapibd,poisson_separate,g13_o1,13,ok,False,4.9879822539613246,2.1243106185235234,43.276188457384706
growth,0,1,hapibd,poisson_separate,g07_o1,7,ok,False,8.655329677480449,2.42245451632741,36.461655207909644
growth,0,1,hapibd,poisson_separate,g17_o1,17,ok,False,1.1207907064534774,2.2986167538570816,34.74293570779264
growth,0,1,hapibd,poisson_separate,g06_o1,6,ok,False,2.5148424697221263,2.246984203426648,32.89508254174143
growth,0,1,hapibd,poisson_separate,g22_o1,22,ok,False,5.430992758734647,2.2437131633589917,39.24601587560028
growth,0,1,hapibd,poisson_separate,g16_o1,16,ok,False,2.7114596181392154,1.9347216158114084,30.570211665704846
growth,0,1,hapibd,poisson_separate,g02_o1,2,ok,False,1.1949318065902719,1.622657866137361,17.90084445849061
growth,0,1,hapibd,poisson_separate,g12_o1,12,ok,False,4.06398705755841,2.4155923313559127,44.41771199926734
growth,0,1,hapibd,poisson_separate,g15_o2,15,ok,False,9.005022098514884,1.7668481987085967,29.223146207630634
growth,0,1,hapibd,poisson_separate,g21_o2,21,ok,False,2.292877748707082,2.9432309280629134,41.84249120764434
growth,0,1,hapibd,poisson_separate,g09_o1,9,ok,False,1.649995968698898,1.8901033093656752,33.206015792675316
growth,0,1,hapibd,poisson_separate,g19_o1,19,ok,False,1.9919570011074645,2.3782650489143307,36.66868941579014
growth,0,1,hapibd,poisson_separate,g08_o1,8,ok,False,3.8431728563436693,2.6132591998251455,34.542630875483155
growth,0,1,hapibd,poisson_separate,g18_o1,18,ok,False,1.5924871998467407,1.9647724661216173,41.1476977923885
growth,0,1,hapibd,poisson_separate,g16_o2,16,ok,False,9.822291561059775,2.8519628411042066,34.96128125023097
growth,0,1,hapibd,poisson_separate,g22_o2,22,ok,False,1.8266248137648768,2.167383639524022,41.112934375181794
growth,0,1,hapibd,poisson_separate,g12_o2,12,ok,False,4.335998357361611,2.9680736142548496,40.90825808327645
growth,0,1,hapibd,poisson_separate,g05_o1,5,ok,False,1.0331587905999498,1.9060540565638375,34.43295854050666
growth,0,1,hapibd,poisson_separate,g21_o1,21,ok,False,2.080832580785565,1.9515970735254882,38.3581699160859
growth,0,1,hapibd,poisson_separate,g09_o2,9,ok,False,3.8190858494236113,2.106609996207993,30.55061754118651
growth,0,1,hapibd,poisson_separate,g15_o1,15,ok,False,4.525402927591744,1.8007098671716284,25.3055323343724
growth,0,1,hapibd,poisson_separate,g01_o1,1,ok,False,12.541917865710719,1.8483884266066595,16.269333666190505
growth,0,1,hapibd,poisson_separate,g11_o1,11,ok,False,3.3320323686683566,2.069576263086424,30.34239870775491
growth,0,1,hapibd,poisson_separate,g10_o1,10,ok,False,4.014743612935021,1.9770212363968822,30.445965041406453
growth,0,1,hapibd,poisson_separate,g04_o1,4,ok,False,2.6543542465669487,1.982809113248565,30.653916832990944
growth,0,1,hapibd,poisson_separate,g20_o1,20,ok,False,1.2154775909436075,1.9342515916067529,34.06094875000417
growth,0,1,hapibd,poisson_separate,g08_o2,8,ok,False,1.113353712169989,3.364805943352448,43.504563707858324
growth,0,1,hapibd,poisson_separate,g14_o1,14,ok,False,2.8902252070138417,1.9257551619668056,34.81074866745621
growth,0,2,true,poisson_shared,g03_o1,3,ok,False,21.363379914480966,1.2135880382305073,15.106319417245686
growth,0,2,true,poisson_shared,g13_o1,13,ok,False,2.9512994641582417,1.7276168547991662,37.596344416961074
growth,0,2,true,poisson_shared,g07_o1,7,ok,False,15.631759517217956,1.6066747891565902,44.10358979180455
growth,0,2,true,poisson_shared,g17_o1,17,ok,False,4.467652576534593,1.6494408687740703,35.107713958248496
growth,0,2,true,poisson_shared,g06_o1,6,ok,False,1.873817327586964,1.7135377055547352,33.21379645727575
growth,0,2,true,poisson_shared,g22_o1,22,ok,False,3.209483615064598,2.1863667450236797,20.258769374340773
growth,0,2,true,poisson_shared,g16_o1,16,ok,False,2.7191407049689453,1.8097999260097015,31.86772287543863
growth,0,2,true,poisson_shared,g02_o1,2,ok,False,1.0041537313502416,1.3040183248284274,14.15335145778954
growth,0,2,true,poisson_shared,g12_o1,12,ok,False,23.539495356761822,2.0119264858375927,39.530031541362405
growth,0,2,true,poisson_shared,g15_o2,15,ok,False,14.33172010166973,1.602347666831621,25.650235666893423
growth,0,2,true,poisson_shared,g21_o2,21,ok,False,2.05750599188656,1.7539224622071576,32.2253507906571
growth,0,2,true,poisson_shared,g09_o1,9,ok,False,3.7170002421334796,2.011338198496264,33.67025762517005
growth,0,2,true,poisson_shared,g19_o1,19,ok,False,4.142939067457586,1.9350378821977972,29.008949749171734
growth,0,2,true,poisson_shared,g08_o1,8,ok,False,13.547755806743014,1.951395760448688,32.1956601254642
growth,0,2,true,poisson_shared,g18_o1,18,ok,False,5.550471607916765,1.8406810980497161,36.81125845760107
growth,0,2,true,poisson_shared,g16_o2,16,ok,False,9.048221101899538,1.7149051695987734,27.369722000323236
growth,0,2,true,poisson_shared,g22_o2,22,ok,False,8.793597518927745,1.6955222579545413,22.46988424938172
growth,0,2,true,poisson_shared,g12_o2,12,ok,False,1.3588086761161995,3.962827327729407,36.58668420929462
growth,0,2,true,poisson_shared,g05_o1,5,ok,False,6.458815019094364,2.871775108721932,29.175987041555345
growth,0,2,true,poisson_shared,g21_o1,21,ok,False,11.437413396151227,1.655897405894493,30.37965491786599
growth,0,2,true,poisson_shared,g09_o2,9,ok,False,12.971910921072945,1.7739040152126324,30.76449462492019
growth,0,2,true,poisson_shared,g15_o1,15,ok,False,3.936752104797759,1.825581329914051,25.537575625814497
growth,0,2,true,poisson_shared,g01_o1,1,ok,False,25.095679510727575,0.9629757791140996,12.759096707217395
growth,0,2,true,poisson_shared,g11_o1,11,ok,False,4.7722591627883695,2.1230630276640117,33.20542383287102
growth,0,2,true,poisson_shared,g10_o1,10,ok,False,4.454832030495494,1.7522805369288847,30.09833791758865
growth,0,2,true,poisson_shared,g04_o1,4,ok,False,3.2401638682011353,1.6588503616769719,27.083527958020568
growth,0,2,true,poisson_shared,g20_o1,20,ok,False,5.338926004177456,1.553454001981562,27.265749583020806
growth,0,2,true,poisson_shared,g08_o2,8,ok,False,3.1728206065200957,2.2076720669201246,32.84027783386409
growth,0,2,true,poisson_shared,g14_o1,14,ok,False,1.1331565182125498,1.6755081387022255,32.5014178333804
growth,0,2,true,poisson_separate,g03_o1,3,ok,False,3.6093304860937465,1.7792920639538536,16.9651754591614
growth,0,2,true,poisson_separate,g13_o1,13,ok,False,1.3931898657106285,1.9051357293386002,41.4948822921142
growth,0,2,true,poisson_separate,g07_o1,7,ok,False,5.496679858298402,2.4781032479275837,37.91751424968243
growth,0,2,true,poisson_separate,g17_o1,17,ok,False,2.724224362820448,2.1705508112647385,37.605227374471724
growth,0,2,true,poisson_separate,g06_o1,6,ok,False,2.13644636129424,2.2842637374793386,38.80762325040996
growth,0,2,true,poisson_separate,g22_o1,22,ok,False,8.237854301210842,2.26757867029777,40.656543999910355
growth,0,2,true,poisson_separate,g16_o1,16,ok,False,1.010262000255035,3.4825980190862573,32.22068175021559
growth,0,2,true,poisson_separate,g02_o1,2,ok,False,3.25285383896562,1.7096653716963077,16.76130058337003
growth,0,2,true,poisson_separate,g12_o1,12,ok,False,5.869894492340518,2.3716096476600828,34.79981162492186
growth,0,2,true,poisson_separate,g15_o2,15,ok,False,5.19369207347137,1.9774085031162472,29.322889791801572
growth,0,2,true,poisson_separate,g21_o2,21,ok,False,1.7435396396186416,2.241133529936513,40.3366072922945
growth,0,2,true,poisson_separate,g09_o1,9,ok,False,2.3565007848530786,2.375090343300327,33.099838624708354
growth,0,2,true,poisson_separate,g19_o1,19,ok,False,7.344941026005552,3.3068324435226395,38.79286341648549
growth,0,2,true,poisson_separate,g08_o1,8,ok,False,1.0277373242840822,2.259250907745436,35.03332887496799
growth,0,2,true,poisson_separate,g18_o1,18,ok,False,2.1947055825672326,1.8017548979242703,41.43045850005001
growth,0,2,true,poisson_separate,g16_o2,16,ok,False,1.0028448795710292,2.531281632955349,36.76883645914495
growth,0,2,true,poisson_separate,g22_o2,22,ok,False,2.95178005908841,2.531316378583504,48.67121479194611
growth,0,2,true,poisson_separate,g12_o2,12,ok,False,1.369320473450066,2.1119301643665342,44.2894407492131
growth,0,2,true,poisson_separate,g05_o1,5,ok,False,3.5518245664100236,1.9838594860894443,33.52567050047219
growth,0,2,true,poisson_separate,g21_o1,21,ok,False,2.3698280198027595,2.071344005534197,37.91249970905483
growth,0,2,true,poisson_separate,g09_o2,9,ok,False,2.713884086866347,2.459146679432503,34.01409312430769
growth,0,2,true,poisson_separate,g15_o1,15,ok,False,1.6652205911840308,1.7306373652948324,27.607395250350237
growth,0,2,true,poisson_separate,g01_o1,1,ok,False,1.0144745339470758,1.7989243183566783,15.6557130003348
growth,0,2,true,poisson_separate,g11_o1,11,ok,False,1.0553368755701649,1.933995376677939,33.15004691667855
growth,0,2,true,poisson_separate,g10_o1,10,ok,False,4.054826291324036,2.0507002269944805,27.328490749932826
growth,0,2,true,poisson_separate,g04_o1,4,ok,False,7.451869066592115,3.1452120700922253,33.126582749187946
growth,0,2,true,poisson_separate,g20_o1,20,ok,False,1.0332054500960364,2.313857363242074,35.319953916594386
growth,0,2,true,poisson_separate,g08_o2,8,ok,False,7.388809101355524,1.9866276228754447,38.299559416249394
growth,0,2,true,poisson_separate,g14_o1,14,ok,False,5.039751209457257,2.4982041703413196,33.60237904172391
growth,0,2,hapibd,poisson_shared,g03_o1,3,ok,False,8.222994242495403,1.136841679157993,14.94431870803237
growth,0,2,hapibd,poisson_shared,g13_o1,13,ok,False,19.55658611454049,1.3907889764438919,37.101044500246644
growth,0,2,hapibd,poisson_shared,g07_o1,7,ok,False,5.0326542698781935,1.7390514112423099,36.90432583261281
growth,0,2,hapibd,poisson_shared,g17_o1,17,ok,False,9.645931997082569,2.3969009296449038,33.29022229090333
growth,0,2,hapibd,poisson_shared,g06_o1,6,ok,False,4.905615584946217,2.3288456420461294,32.74402791634202
growth,0,2,hapibd,poisson_shared,g22_o1,22,ok,False,1.6601559614052128,1.8840280609158067,19.645282083190978
growth,0,2,hapibd,poisson_shared,g16_o1,16,ok,False,4.611806414947488,1.8804473647499436,34.794266999699175
growth,0,2,hapibd,poisson_shared,g02_o1,2,ok,False,37.610385587006064,0.9785269445371746,14.732130290940404
growth,0,2,hapibd,poisson_shared,g12_o1,12,ok,False,6.682186528745185,2.121686358856421,40.93832275085151
growth,0,2,hapibd,poisson_shared,g15_o2,15,ok,False,5.17384385585699,1.5245828283056633,25.47129329200834
growth,0,2,hapibd,poisson_shared,g21_o2,21,ok,False,1.5562242094517067,3.7443714647004596,32.527944083325565
growth,0,2,hapibd,poisson_shared,g09_o1,9,ok,False,2.477100116430179,1.6377696622796047,33.34240920934826
growth,0,2,hapibd,poisson_shared,g19_o1,19,ok,False,4.002400622858337,1.432818881306092,29.088670500554144
growth,0,2,hapibd,poisson_shared,g08_o1,8,ok,False,2.9777231357770986,2.1525057140221993,36.546435583382845
growth,0,2,hapibd,poisson_shared,g18_o1,18,ok,False,1.9377686605713402,1.955572294177407,36.08703308273107
growth,0,2,hapibd,poisson_shared,g16_o2,16,ok,False,9.033306175450395,1.554471616031772,28.83508479129523
growth,0,2,hapibd,poisson_shared,g22_o2,22,ok,False,4.530719418009805,2.406104100865558,23.15061524976045
growth,0,2,hapibd,poisson_shared,g12_o2,12,ok,False,2.897433824761951,1.7736229729777853,35.736253874376416
growth,0,2,hapibd,poisson_shared,g05_o1,5,ok,False,5.117447561686066,2.1890201519274632,26.714427708648145
growth,0,2,hapibd,poisson_shared,g21_o1,21,ok,False,1.2082445083522204,1.384950567917856,25.441845083609223
growth,0,2,hapibd,poisson_shared,g09_o2,9,ok,False,10.691521952025386,1.6186258172223082,28.434504374861717
growth,0,2,hapibd,poisson_shared,g15_o1,15,ok,False,1.0636003617350307,1.4733435636339662,22.39585724938661
growth,0,2,hapibd,poisson_shared,g01_o1,1,ok,False,11.726030295692079,0.950433960424914,11.968166708946228
growth,0,2,hapibd,poisson_shared,g11_o1,11,ok,False,3.0199631908882143,1.4598419945630188,31.006445749662817
growth,0,2,hapibd,poisson_shared,g10_o1,10,ok,False,1.2626217373555761,1.9456588636903693,31.732296958565712
growth,0,2,hapibd,poisson_shared,g04_o1,4,ok,False,3.349152365400915,1.4768076296187993,29.48737279139459
growth,0,2,hapibd,poisson_shared,g20_o1,20,ok,False,7.8259101243757385,1.637654843678333,26.567119540646672
growth,0,2,hapibd,poisson_shared,g08_o2,8,ok,False,3.97632475693338,1.6947526409803455,31.763673874549568
growth,0,2,hapibd,poisson_shared,g14_o1,14,ok,False,14.34425771598402,1.2972472642227877,33.092138124629855
growth,0,2,hapibd,poisson_separate,g03_o1,3,ok,False,6.074612191596362,1.4518696707339143,17.091440999880433
growth,0,2,hapibd,poisson_separate,g13_o1,13,ok,False,1.6497577237916403,4.642674419061094,40.2224055826664
growth,0,2,hapibd,poisson_separate,g07_o1,7,ok,False,1.631806615135074,3.0271740376868093,34.95910358428955
growth,0,2,hapibd,poisson_separate,g17_o1,17,ok,False,13.81526272193029,2.1578331919138076,35.70671824924648
growth,0,2,hapibd,poisson_separate,g06_o1,6,ok,False,5.758750796694138,2.109062323107476,36.48202524986118
growth,0,2,hapibd,poisson_separate,g22_o1,22,ok,False,3.1517841343546147,2.8575991817694417,43.251301874406636
growth,0,2,hapibd,poisson_separate,g16_o1,16,ok,False,2.1256325389633113,2.6518210591338183,31.791080749593675
growth,0,2,hapibd,poisson_separate,g02_o1,2,ok,False,3.08789674343892,1.459402925651228,15.744842167012393
growth,0,2,hapibd,poisson_separate,g12_o1,12,ok,False,3.402973785053293,2.8270946479360886,34.155230375006795
growth,0,2,hapibd,poisson_separate,g15_o2,15,ok,False,2.1500929451273665,2.006322504904933,29.208132582716644
growth,0,2,hapibd,poisson_separate,g21_o2,21,ok,False,4.368638323473223,2.1861607294022987,42.09790379181504
growth,0,2,hapibd,poisson_separate,g09_o1,9,ok,False,1.521880251956213,2.101686615568693,34.397415459156036
growth,0,2,hapibd,poisson_separate,g19_o1,19,ok,False,8.67868803563747,2.552960621375105,39.79624024964869
growth,0,2,hapibd,poisson_separate,g08_o1,8,ok,False,3.0171218515623695,2.2989758449104882,31.382233290933073
growth,0,2,hapibd,poisson_separate,g18_o1,18,ok,False,1.7906755520658417,2.0685508076288954,42.01779108401388
growth,0,2,hapibd,poisson_separate,g16_o2,16,ok,False,2.1552597650390513,2.292748547277658,36.351871457882226
growth,0,2,hapibd,poisson_separate,g22_o2,22,ok,False,5.387427438148807,2.2678814547404906,51.70561504084617
growth,0,2,hapibd,poisson_separate,g12_o2,12,ok,False,1.1677525050870452,2.42189016449716,41.55220762453973
growth,0,2,hapibd,poisson_separate,g05_o1,5,ok,False,2.9875229969180936,2.4279277411405755,31.745715499855578
growth,0,2,hapibd,poisson_separate,g21_o1,21,ok,False,1.292677631679178,2.510259719114406,39.44739241711795
growth,0,2,hapibd,poisson_separate,g09_o2,9,ok,False,2.654503182158949,2.7548311633509237,33.10933566559106
growth,0,2,hapibd,poisson_separate,g15_o1,15,ok,False,1.9267833612729075,1.7275113449077093,27.690462375059724
growth,0,2,hapibd,poisson_separate,g01_o1,1,ok,False,1.3114334164142147,1.9717500314161494,15.816305624321103
growth,0,2,hapibd,poisson_separate,g11_o1,11,ok,False,7.632550497077291,2.2713344984943062,32.248152166604996
growth,0,2,hapibd,poisson_separate,g10_o1,10,ok,False,2.0977790084868677,2.4846539120459816,29.765824416652322
growth,0,2,hapibd,poisson_separate,g04_o1,4,ok,False,1.0586002122776765,2.4091705857413714,30.96142195723951
growth,0,2,hapibd,poisson_separate,g20_o1,20,ok,False,5.869325690123232,3.0196566355246297,33.36590633355081
growth,0,2,hapibd,poisson_separate,g08_o2,8,ok,False,4.895437910768331,2.342540919888236,37.138032207265496
growth,0,2,hapibd,poisson_separate,g14_o1,14,ok,False,6.467663709419634,3.0593518177792567,36.29312204197049
growth,0,3,true,poisson_shared,g03_o1,3,ok,False,3.3169884341865785,1.2083841947573337,14.91677949950099
growth,0,3,true,poisson_shared,g13_o1,13,ok,False,2.4257404700131597,1.671343092941581,38.32090629078448
growth,0,3,true,poisson_shared,g07_o1,7,ok,False,6.31945802438502,1.5202814460709637,39.16200033389032
growth,0,3,true,poisson_shared,g17_o1,17,ok,False,3.5615295125604356,1.5823988806683402,31.29216624982655
growth,0,3,true,poisson_shared,g06_o1,6,ok,False,5.858149438076038,1.7954748299329568,29.903361042030156
growth,0,3,true,poisson_shared,g22_o1,22,ok,False,2.312789635516584,1.8678951946080795,19.112499540671706
growth,0,3,true,poisson_shared,g16_o1,16,ok,False,6.515315563276809,1.5246213932970505,33.03025449998677
growth,0,3,true,poisson_shared,g02_o1,2,ok,False,31.167621891011336,0.9578870223975925,14.4774554586038
growth,0,3,true,poisson_shared,g12_o1,12,ok,False,11.022677923443704,2.5088878121997626,43.53032216615975
growth,0,3,true,poisson_shared,g15_o2,15,ok,False,2.7796068083354855,1.5887172910718965,21.623672416433692
growth,0,3,true,poisson_shared,g21_o2,21,ok,False,2.8080927981496795,2.119969330634697,35.74518229160458
growth,0,3,true,poisson_shared,g09_o1,9,ok,False,2.7293392426060974,1.6912285069062398,30.08757520839572
growth,0,3,true,poisson_shared,g19_o1,19,ok,False,8.579334639067831,1.3620946401088188,26.7813619999215
growth,0,3,true,poisson_shared,g08_o1,8,ok,False,6.411560154621973,1.9732045819746085,37.338107583113015
growth,0,3,true,poisson_shared,g18_o1,18,ok,False,3.1858406518120153,2.363971855457778,36.58129383251071
growth,0,3,true,poisson_shared,g16_o2,16,ok,False,3.4790459882581986,3.8923023733343967,33.61772475019097
growth,0,3,true,poisson_shared,g22_o2,22,ok,False,5.029324778229629,1.9270116002807438,21.90474441740662
growth,0,3,true,poisson_shared,g12_o2,12,ok,False,3.7361985454097377,3.2349948173138134,35.68121508322656
growth,0,3,true,poisson_shared,g05_o1,5,ok,False,4.234657348691505,1.7826566565443234,26.118306709453464
growth,0,3,true,poisson_shared,g21_o1,21,ok,False,1.9753211306522667,3.230524525988735,28.938810374587774
growth,0,3,true,poisson_shared,g09_o2,9,ok,False,13.811988171328375,1.5924875011186779,32.816131667234
growth,0,3,true,poisson_shared,g15_o1,15,ok,False,3.3123135707787905,1.6954457418752837,26.275856042280793
growth,0,3,true,poisson_shared,g01_o1,1,ok,False,3.7949894968237867,1.260019897067515,11.690789957530797
growth,0,3,true,poisson_shared,g11_o1,11,ok,False,3.9090547894460106,2.136397796600623,33.568097666837275
growth,0,3,true,poisson_shared,g10_o1,10,ok,False,7.697827640747746,1.9586758601634067,30.92543320916593
growth,0,3,true,poisson_shared,g04_o1,4,ok,False,4.237958491218796,1.8445298730607587,28.082968916743994
growth,0,3,true,poisson_shared,g20_o1,20,ok,False,8.953529141337022,1.4891659084102642,26.885992999188602
growth,0,3,true,poisson_shared,g08_o2,8,ok,False,8.787985116294891,1.9484452819516838,30.51094750035554
growth,0,3,true,poisson_shared,g14_o1,14,ok,False,21.657449647138147,1.5856121531171623,34.78353062458336
growth,0,3,true,poisson_separate,g03_o1,3,ok,False,3.283802521305091,1.5994574664579448,16.56637083273381
growth,0,3,true,poisson_separate,g13_o1,13,ok,False,4.142645025647392,2.774834286028395,44.12106745969504
growth,0,3,true,poisson_separate,g07_o1,7,ok,False,2.1349236013425346,2.3381872934600554,38.182624166831374
growth,0,3,true,poisson_separate,g17_o1,17,ok,False,3.4634166171198393,2.0964813402914286,36.59027912467718
growth,0,3,true,poisson_separate,g06_o1,6,ok,False,9.719668895310212,2.1025500602618004,36.27762799989432
growth,0,3,true,poisson_separate,g22_o1,22,ok,False,4.656592861332953,2.5178185590689823,39.927988874726
growth,0,3,true,poisson_separate,g16_o1,16,ok,False,1.3172145566181463,2.400474932011942,32.57980154082179
growth,0,3,true,poisson_separate,g02_o1,2,ok,False,9.683536176977775,3.194626535829249,16.07995312474668
growth,0,3,true,poisson_separate,g12_o1,12,ok,False,1.1379329767061253,2.86363164820205,42.933526082895696
growth,0,3,true,poisson_separate,g15_o2,15,ok,False,23.021400810397353,1.7655893662259654,28.388193832710385
growth,0,3,true,poisson_separate,g21_o2,21,ok,False,5.001323474113415,2.6773777771262868,44.242501749657094
growth,0,3,true,poisson_separate,g09_o1,9,ok,False,6.108897739831624,2.21597705835548,34.52667025011033
growth,0,3,true,poisson_separate,g19_o1,19,ok,False,1.3704256030072874,3.5926087857270876,41.56273675058037
growth,0,3,true,poisson_separate,g08_o1,8,ok,False,1.1131723085930048,2.273139827739226,36.33597704116255
growth,0,3,true,poisson_separate,g18_o1,18,ok,False,1.203400731639745,2.6290788684877904,41.47544241696596
growth,0,3,true,poisson_separate,g16_o2,16,ok,False,1.9103875547728488,2.3577891439814445,35.31891883444041
growth,0,3,true,poisson_separate,g22_o2,22,ok,False,2.0582307535601467,2.334131196278128,42.33445216715336
growth,0,3,true,poisson_separate,g12_o2,12,ok,False,2.649484400708238,3.2115328101332086,42.268834417685866
growth,0,3,true,poisson_separate,g05_o1,5,ok,False,1.9250216267928784,1.833358955062827,32.051582457497716
growth,0,3,true,poisson_separate,g21_o1,21,ok,False,2.6866026759141404,2.0828093056635333,36.71398191712797
growth,0,3,true,poisson_separate,g09_o2,9,ok,False,2.220934391575516,2.022807539735176,34.695105999708176
growth,0,3,true,poisson_separate,g15_o1,15,ok,False,1.870333890070371,2.06608147222596,28.06165083311498
growth,0,3,true,poisson_separate,g01_o1,1,ok,False,3.1957687473229868,1.8187772501598112,15.895704249851406
growth,0,3,true,poisson_separate,g11_o1,11,ok,False,4.0777359502542625,1.8883127928353618,33.95299354195595
growth,0,3,true,poisson_separate,g10_o1,10,ok,False,2.1518723181548087,2.4320891817539696,29.142102459445596
growth,0,3,true,poisson_separate,g04_o1,4,ok,False,5.667792420135317,2.2332352554404573,28.238603999838233
growth,0,3,true,poisson_separate,g20_o1,20,ok,False,1.4840367692586283,2.355085093905428,35.8421429162845
growth,0,3,true,poisson_separate,g08_o2,8,ok,False,4.402289611223524,2.2155471874553694,36.81033116672188
growth,0,3,true,poisson_separate,g14_o1,14,ok,False,3.637561479412147,3.4474959498256745,33.443341333419085
growth,0,3,hapibd,poisson_shared,g03_o1,3,ok,False,8.442032375435648,1.2792690109134979,13.171710042282939
growth,0,3,hapibd,poisson_shared,g13_o1,13,ok,False,7.559221943547315,1.6276300090640154,41.26011854130775
growth,0,3,hapibd,poisson_shared,g07_o1,7,ok,False,15.909637000575103,1.8051645901478082,36.970905291847885
growth,0,3,hapibd,poisson_shared,g17_o1,17,ok,False,1.5336830937475463,1.8239999670066025,36.61256904155016
growth,0,3,hapibd,poisson_shared,g06_o1,6,ok,False,1.0455847240766818,1.6554320878886628,35.75829212460667
growth,0,3,hapibd,poisson_shared,g22_o1,22,ok,False,7.4980800135026735,2.04020752853037,20.138754667714238
growth,0,3,hapibd,poisson_shared,g16_o1,16,ok,False,8.98100096678224,1.8340435963698312,36.73669654224068
growth,0,3,hapibd,poisson_shared,g02_o1,2,ok,False,13.911732748268163,1.0908479639740736,16.66999683342874
growth,0,3,hapibd,poisson_shared,g12_o1,12,ok,False,4.364715326440131,2.4353818942446925,42.72351450007409
growth,0,3,hapibd,poisson_shared,g15_o2,15,ok,False,7.103314792090319,1.8626925109694215,22.143074332736433
growth,0,3,hapibd,poisson_shared,g21_o2,21,ok,False,14.606266525269788,1.55209384861172,37.09273958299309
growth,0,3,hapibd,poisson_shared,g09_o1,9,ok,False,3.9942613653591983,1.7587942653730593,34.03577741701156
growth,0,3,hapibd,poisson_shared,g19_o1,19,ok,False,11.125716315468258,1.6727385154986723,28.112341375090182
growth,0,3,hapibd,poisson_shared,g08_o1,8,ok,False,1.546649736972148,1.8197373157087693,36.929303457960486
growth,0,3,hapibd,poisson_shared,g18_o1,18,ok,False,5.506091952885593,1.8471381106259677,35.351095125079155
growth,0,3,hapibd,poisson_shared,g16_o2,16,ok,False,13.385608671213006,1.5691129179122856,35.341545791365206
growth,0,3,hapibd,poisson_shared,g22_o2,22,ok,False,2.4512039262095824,1.83019686212956,24.998425542376935
growth,0,3,hapibd,poisson_shared,g12_o2,12,ok,False,6.930092229149286,2.4255792324810113,39.42769629135728
growth,0,3,hapibd,poisson_shared,g05_o1,5,ok,False,3.7832598483307316,1.412629078828171,29.506132209673524
growth,0,3,hapibd,poisson_shared,g21_o1,21,ok,False,1.7299660974107516,1.4842465236107956,27.555364958010614
growth,0,3,hapibd,poisson_shared,g09_o2,9,ok,False,7.358578548751492,2.097117801042652,32.2328313337639
growth,0,3,hapibd,poisson_shared,g15_o1,15,ok,False,10.003449453119549,1.287339514417719,25.461188124492764
growth,0,3,hapibd,poisson_shared,g01_o1,1,ok,False,5.170249593085522,1.1155454078064995,13.300889583304524
growth,0,3,hapibd,poisson_shared,g11_o1,11,ok,False,8.094049740664707,1.9620326101800412,33.10559849999845
growth,0,3,hapibd,poisson_shared,g10_o1,10,ok,False,6.905608690016461,2.1744977763181628,30.569368583150208
growth,0,3,hapibd,poisson_shared,g04_o1,4,ok,False,9.276337645857842,1.7135569595499764,30.321041332557797
growth,0,3,hapibd,poisson_shared,g20_o1,20,ok,False,4.898008982016413,1.4181189574210598,28.047389958053827
growth,0,3,hapibd,poisson_shared,g08_o2,8,ok,False,5.3754930043767635,1.9539112679381276,35.882489250041544
growth,0,3,hapibd,poisson_shared,g14_o1,14,ok,False,6.888679679461485,1.8329035209223206,32.4952199999243
growth,0,3,hapibd,poisson_separate,g03_o1,3,ok,False,1.3993879119161385,1.7608143474963658,18.50213374942541
growth,0,3,hapibd,poisson_separate,g13_o1,13,ok,False,1.0066455766671687,2.0925317225178333,41.92961470782757
growth,0,3,hapibd,poisson_separate,g07_o1,7,ok,False,7.524087504612897,2.0490438930423847,37.20367120858282
growth,0,3,hapibd,poisson_separate,g17_o1,17,ok,False,1.2403207190578378,2.4254926967514256,37.78612104058266
growth,0,3,hapibd,poisson_separate,g06_o1,6,ok,False,2.398815872907435,2.185548133683937,38.27837400045246
growth,0,3,hapibd,poisson_separate,g22_o1,22,ok,False,10.227812881646525,1.9554671915484638,41.239542208611965
growth,0,3,hapibd,poisson_separate,g16_o1,16,ok,False,8.894894365135913,2.109262916947615,34.83736325055361
growth,0,3,hapibd,poisson_separate,g02_o1,2,ok,False,5.823865706779487,1.6794735688807596,17.58898612577468
growth,0,3,hapibd,poisson_separate,g12_o1,12,ok,False,12.970370928029777,2.411308453441057,37.54907245840877
growth,0,3,hapibd,poisson_separate,g15_o2,15,ok,False,1.6886854009025825,2.093801392844592,30.624946958385408
growth,0,3,hapibd,poisson_separate,g21_o2,21,ok,False,2.7774119052451587,1.9125771943605756,44.61784670781344
growth,0,3,hapibd,poisson_separate,g09_o1,9,ok,False,3.159169327394513,1.8274377309465766,33.77361591719091
growth,0,3,hapibd,poisson_separate,g19_o1,19,ok,False,2.3017919716235946,2.634500242857432,45.24633083399385
growth,0,3,hapibd,poisson_separate,g08_o1,8,ok,False,4.033035189044665,2.003488131042316,33.16563766542822
growth,0,3,hapibd,poisson_separate,g18_o1,18,ok,False,4.938949690423776,2.998372952099262,43.47985270898789
growth,0,3,hapibd,poisson_separate,g16_o2,16,ok,False,3.3142425543583225,1.9338130757128347,35.636628709733486
growth,0,3,hapibd,poisson_separate,g22_o2,22,ok,False,3.035572638315438,2.396822877476157,42.858744541183114
growth,0,3,hapibd,poisson_separate,g12_o2,12,ok,False,1.1269097878055154,2.032365501655639,43.93880566582084
growth,0,3,hapibd,poisson_separate,g05_o1,5,ok,False,3.1884931378883765,3.28170444299093,33.4989607501775
growth,0,3,hapibd,poisson_separate,g21_o1,21,ok,False,4.781441290311088,2.1632770947891102,44.361350582912564
growth,0,3,hapibd,poisson_separate,g09_o2,9,ok,False,2.0540996635475604,1.948980703039551,33.23332049977034
growth,0,3,hapibd,poisson_separate,g15_o1,15,ok,False,5.277111167512344,2.1568657799666986,27.098457500338554
growth,0,3,hapibd,poisson_separate,g01_o1,1,ok,False,4.00219200960161,2.114667198237507,16.521888790652156
growth,0,3,hapibd,poisson_separate,g11_o1,11,ok,False,5.612067880690555,2.0826595379915265,34.45733649935573
growth,0,3,hapibd,poisson_separate,g10_o1,10,ok,False,1.117294111313879,2.0979843846849744,27.34355508349836
growth,0,3,hapibd,poisson_separate,g04_o1,4,ok,False,8.0351240534524,2.4814323231661968,30.814771708101034
growth,0,3,hapibd,poisson_separate,g20_o1,20,ok,False,1.0282535533054962,2.9603857572503465,36.715789374895394
growth,0,3,hapibd,poisson_separate,g08_o2,8,ok,False,5.220371306138352,2.6051713208825316,39.42652141768485
growth,0,3,hapibd,poisson_separate,g14_o1,14,ok,False,1.0350009769290915,1.7533012318422239,35.758046666160226
growth,0,4,true,poisson_shared,g03_o1,3,ok,False,10.109589192699023,1.3082738073823266,13.030574957840145
growth,0,4,true,poisson_shared,g13_o1,13,ok,False,10.019995888277323,2.9207670433795565,39.42353929113597
growth,0,4,true,poisson_shared,g07_o1,7,ok,False,4.713648009007779,1.4749195286816628,39.05490033328533
growth,0,4,true,poisson_shared,g17_o1,17,ok,False,2.95270958825588,1.7494379216152334,26.763012750074267
growth,0,4,true,poisson_shared,g06_o1,6,ok,False,3.3101543927914556,2.938324083003385,33.68066029250622
growth,0,4,true,poisson_shared,g22_o1,22,ok,False,4.053294387584524,2.093894572474312,19.064841374754906
growth,0,4,true,poisson_shared,g16_o1,16,ok,False,3.118628922655037,1.6927020637052468,29.35575725045055
growth,0,4,true,poisson_shared,g02_o1,2,ok,False,6.865568704064548,1.1958476254188224,14.660966833122075
growth,0,4,true,poisson_shared,g12_o1,12,ok,False,3.584971495355564,2.7228597069842566,44.895523166283965
growth,0,4,true,poisson_shared,g15_o2,15,ok,False,4.225547156107112,1.6824812798962867,22.9355925405398
growth,0,4,true,poisson_shared,g21_o2,21,ok,False,1.425550069229493,6.201287015117219,30.42642533313483
growth,0,4,true,poisson_shared,g09_o1,9,ok,False,1.1807652207511965,1.4901566928964447,32.13880083244294
growth,0,4,true,poisson_shared,g19_o1,19,ok,False,5.831052402191458,1.526409691662114,28.521238749846816
growth,0,4,true,poisson_shared,g08_o1,8,ok,False,10.630458674798929,2.469707074661007,35.88511175010353
growth,0,4,true,poisson_shared,g18_o1,18,ok,False,15.617319600727573,2.0287024807573424,33.83877787459642
growth,0,4,true,poisson_shared,g16_o2,16,ok,False,3.3892010971223403,1.4321878611859087,26.079026541672647
growth,0,4,true,poisson_shared,g22_o2,22,ok,False,4.971846168159443,1.5561421425786992,24.32220062520355
growth,0,4,true,poisson_shared,g12_o2,12,ok,False,3.8612019358602185,2.384582395755771,36.90864199958742
growth,0,4,true,poisson_shared,g05_o1,5,ok,False,2.8405034653120036,1.9798763072738645,25.61719045881182
growth,0,4,true,poisson_shared,g21_o1,21,ok,False,10.586901897730245,1.528609066525072,27.74988479167223
growth,0,4,true,poisson_shared,g09_o2,9,ok,False,1.2850317727979899,1.306371811970764,26.317250915803015
growth,0,4,true,poisson_shared,g15_o1,15,ok,False,3.1393013633297553,1.5947331146001618,23.7606315407902
growth,0,4,true,poisson_shared,g01_o1,1,ok,False,7.232449775066422,1.2101762587019014,12.000243041664362
growth,0,4,true,poisson_shared,g11_o1,11,ok,False,2.296061577716863,1.724933521963236,33.35953279212117
growth,0,4,true,poisson_shared,g10_o1,10,ok,False,3.8112980069556825,1.4948027191396145,29.64153587538749
growth,0,4,true,poisson_shared,g04_o1,4,ok,False,4.760048501371258,1.4492999326090392,28.757572082802653
growth,0,4,true,poisson_shared,g20_o1,20,ok,False,2.351018627611541,1.5200750829347303,27.214409874752164
growth,0,4,true,poisson_shared,g08_o2,8,ok,False,4.13795084805542,1.5660551996837235,34.09088549949229
growth,0,4,true,poisson_shared,g14_o1,14,ok,False,2.891095193352062,1.6057299655562167,32.90436524990946
growth,0,4,true,poisson_separate,g03_o1,3,ok,False,5.7625798596642595,1.8546002807350828,17.76147141586989
growth,0,4,true,poisson_separate,g13_o1,13,ok,False,7.788616132969844,2.2854169921752097,42.42185020726174
growth,0,4,true,poisson_separate,g07_o1,7,ok,False,5.536840968394955,3.013215350232886,39.06720129214227
growth,0,4,true,poisson_separate,g17_o1,17,ok,False,1.7381512955787795,2.1540348285862816,35.24671362526715
growth,0,4,true,poisson_separate,g06_o1,6,ok,False,2.3813850885762027,2.2303151727459323,37.01699429191649
growth,0,4,true,poisson_separate,g22_o1,22,ok,False,1.211826057016725,2.1623848770133463,42.44977837521583
growth,0,4,true,poisson_separate,g16_o1,16,ok,False,3.757184734408499,2.2012127025565116,33.101100790314376
growth,0,4,true,poisson_separate,g02_o1,2,ok,False,2.1859032075911693,1.6481451199939496,17.695113166235387
growth,0,4,true,poisson_separate,g12_o1,12,ok,False,3.0199919906528097,2.3309230190343344,39.369906042702496
growth,0,4,true,poisson_separate,g15_o2,15,ok,False,2.5687841026955933,1.9282234307617234,27.878659209236503
growth,0,4,true,poisson_separate,g21_o2,21,ok,False,1.7336329712114782,1.78519973007782,42.56414204277098
growth,0,4,true,poisson_separate,g09_o1,9,ok,False,10.915834351647709,2.947529047949945,34.6649412503466
growth,0,4,true,poisson_separate,g19_o1,19,ok,False,5.307296505750612,2.460777862378648,36.16901604179293
growth,0,4,true,poisson_separate,g08_o1,8,ok,False,3.3590568430780112,2.058641572381961,36.40348508302122
growth,0,4,true,poisson_separate,g18_o1,18,ok,False,3.06343221210376,1.9134550963930488,41.03265466541052
growth,0,4,true,poisson_separate,g16_o2,16,ok,False,1.6680870397863048,2.0579219889475064,35.5064251255244
growth,0,4,true,poisson_separate,g22_o2,22,ok,False,6.077958393870802,2.210281937738495,41.784239082597196
growth,0,4,true,poisson_separate,g12_o2,12,ok,False,5.018154443405149,1.880615523285643,42.09754841774702
growth,0,4,true,poisson_separate,g05_o1,5,ok,False,3.1493344558049343,2.181512084207099,34.51827283296734
growth,0,4,true,poisson_separate,g21_o1,21,ok,False,6.25393775480426,2.02110212044259,35.98527020961046
growth,0,4,true,poisson_separate,g09_o2,9,ok,False,5.775178534414563,2.2048500949223673,32.59331170748919
growth,0,4,true,poisson_separate,g15_o1,15,ok,False,3.6024974478863516,2.1365614419369567,28.559965207241476
growth,0,4,true,poisson_separate,g01_o1,1,ok,False,1.8547741081240559,1.7948793192379688,18.047409875318408
growth,0,4,true,poisson_separate,g11_o1,11,ok,False,4.726932755866223,2.7176586502801956,29.10360600054264
growth,0,4,true,poisson_separate,g10_o1,10,ok,False,2.76727452535601,3.0827676747039052,32.900131999515
growth,0,4,true,poisson_separate,g04_o1,4,ok,False,5.3925166100824296,2.3829579150553726,31.034259208478034
growth,0,4,true,poisson_separate,g20_o1,20,ok,False,2.1983217279621385,2.052138544923114,34.31182533316314
growth,0,4,true,poisson_separate,g08_o2,8,ok,False,7.06433018028566,1.7072253310700507,37.1822231663391
growth,0,4,true,poisson_separate,g14_o1,14,ok,False,1.0903937357419973,2.5962929380252047,33.97391170728952
growth,0,4,hapibd,poisson_shared,g03_o1,3,ok,False,25.139620711611357,1.0392874344864456,12.447892500087619
growth,0,4,hapibd,poisson_shared,g13_o1,13,ok,False,1.5176512371396462,1.7482853375163616,38.45717312488705
growth,0,4,hapibd,poisson_shared,g07_o1,7,ok,False,20.78158889322601,1.3910974607230244,38.97038429137319
growth,0,4,hapibd,poisson_shared,g17_o1,17,ok,False,15.825847556067002,1.951053357801693,27.791426707990468
growth,0,4,hapibd,poisson_shared,g06_o1,6,ok,False,1.9739980435979034,1.914409910614556,29.104060208424926
growth,0,4,hapibd,poisson_shared,g22_o1,22,ok,False,11.576876695867558,1.7912346276696909,20.39333466719836
growth,0,4,hapibd,poisson_shared,g16_o1,16,ok,False,1.7622304407811669,1.7556343313626739,33.846379958093166
growth,0,4,hapibd,poisson_shared,g02_o1,2,ok,False,53.138567104264155,0.985393029359191,16.596841082908213
growth,0,4,hapibd,poisson_shared,g12_o1,12,ok,False,1.085561851554096,4.71939217004601,41.953677834011614
growth,0,4,hapibd,poisson_shared,g15_o2,15,ok,False,2.119010018746227,1.559046641147988,24.293347124941647
growth,0,4,hapibd,poisson_shared,g21_o2,21,ok,False,7.453847639792507,6.406036736030584,33.30780683271587
growth,0,4,hapibd,poisson_shared,g09_o1,9,ok,False,6.3423691974919745,2.2151357015860045,33.26278525032103
growth,0,4,hapibd,poisson_shared,g19_o1,19,ok,False,5.679188987244681,1.6763094693566891,30.728145958855748
growth,0,4,hapibd,poisson_shared,g08_o1,8,ok,False,1.5467215974745046,1.9169006372601023,34.2019081665203
growth,0,4,hapibd,poisson_shared,g18_o1,18,ok,False,3.3330202925215104,3.4034581409345965,37.305797999724746
growth,0,4,hapibd,poisson_shared,g16_o2,16,ok,False,16.401487699594696,1.3700057908253362,26.877382332459092
growth,0,4,hapibd,poisson_shared,g22_o2,22,ok,False,1.2509464349037678,2.16970508547825,29.737303500063717
growth,0,4,hapibd,poisson_shared,g12_o2,12,ok,False,2.9023814468152396,2.708484003505436,38.49473454244435
growth,0,4,hapibd,poisson_shared,g05_o1,5,ok,False,10.51879791171809,2.3556708929232446,30.619437417015433
growth,0,4,hapibd,poisson_shared,g21_o1,21,ok,False,1.7872748258742814,1.545644857635886,28.579650457948446
growth,0,4,hapibd,poisson_shared,g09_o2,9,ok,False,29.028417393873028,1.2670937866692864,28.896420125849545
growth,0,4,hapibd,poisson_shared,g15_o1,15,ok,False,7.193345830931989,1.6442634097519435,27.10427050013095
growth,0,4,hapibd,poisson_shared,g01_o1,1,ok,False,19.315478917042398,1.1046960562715475,12.433431540615857
growth,0,4,hapibd,poisson_shared,g11_o1,11,ok,False,5.798267124462424,1.6959142352951724,30.497547917068005
growth,0,4,hapibd,poisson_shared,g10_o1,10,ok,False,1.5813304557092462,1.499517885917518,30.584114708006382
growth,0,4,hapibd,poisson_shared,g04_o1,4,ok,False,4.897398305757979,1.5342137212848075,28.77916712500155
growth,0,4,hapibd,poisson_shared,g20_o1,20,ok,False,5.211197662089163,1.7529599149985922,27.62720783241093
growth,0,4,hapibd,poisson_shared,g08_o2,8,ok,False,2.742494508567168,3.0089770888202567,31.888404208235443
growth,0,4,hapibd,poisson_shared,g14_o1,14,ok,False,7.602863051512516,1.753040744519097,36.7778397500515
growth,0,4,hapibd,poisson_separate,g03_o1,3,ok,False,4.147732093494047,1.795252751850022,17.37305995915085
growth,0,4,hapibd,poisson_separate,g13_o1,13,ok,False,2.3094914405227147,2.2536528892483365,43.6367902494967
growth,0,4,hapibd,poisson_separate,g07_o1,7,ok,False,5.627340458862985,1.7771679879370361,36.87048258353025
growth,0,4,hapibd,poisson_separate,g17_o1,17,ok,False,8.305689783683746,2.4948420797259625,36.69557404238731
growth,0,4,hapibd,poisson_separate,g06_o1,6,ok,False,2.8481763004107328,2.3841668020084295,38.01355941686779
growth,0,4,hapibd,poisson_separate,g22_o1,22,ok,False,2.011463737191358,2.3695346938535007,43.53275312483311
growth,0,4,hapibd,poisson_separate,g16_o1,16,ok,False,5.946377694625018,2.0115935672395895,33.11932287551463
growth,0,4,hapibd,poisson_separate,g02_o1,2,ok,False,15.331935069102286,1.9055856351106217,18.47373495809734
growth,0,4,hapibd,poisson_separate,g12_o1,12,ok,False,1.1542692359708173,2.935431162424579,41.39003529213369
growth,0,4,hapibd,poisson_separate,g15_o2,15,ok,False,3.441296548401814,2.0685436307710483,28.929252207279205
growth,0,4,hapibd,poisson_separate,g21_o2,21,ok,False,3.1782926666802456,2.3205051585887833,42.19037070963532
growth,0,4,hapibd,poisson_separate,g09_o1,9,ok,False,4.520482394994347,2.319197642766152,34.28300904203206
growth,0,4,hapibd,poisson_separate,g19_o1,19,ok,False,1.34264843117145,2.027619206044144,37.92119200062007
growth,0,4,hapibd,poisson_separate,g08_o1,8,ok,False,2.0323380082130087,2.043215066072017,35.43270608317107
growth,0,4,hapibd,poisson_separate,g18_o1,18,ok,False,5.6951961023984765,2.2994781810538956,40.13512733299285
growth,0,4,hapibd,poisson_separate,g16_o2,16,ok,False,9.405396973335238,2.1265141473227858,35.96940341684967
growth,0,4,hapibd,poisson_separate,g22_o2,22,ok,False,4.671833532090842,2.277272293442484,44.47630775067955
growth,0,4,hapibd,poisson_separate,g12_o2,12,ok,False,2.8221507945386293,2.4776141527422917,42.88159858249128
growth,0,4,hapibd,poisson_separate,g05_o1,5,ok,False,1.2569027580571008,2.0479073880637224,34.06377354171127
growth,0,4,hapibd,poisson_separate,g21_o1,21,ok,False,5.8372488222384264,4.065220112924002,39.3411191245541
growth,0,4,hapibd,poisson_separate,g09_o2,9,ok,False,2.5548523259369396,2.3632181137325703,33.682386541739106
growth,0,4,hapibd,poisson_separate,g15_o1,15,ok,False,1.3964539633113704,2.027230396010257,28.8646485414356
growth,0,4,hapibd,poisson_separate,g01_o1,1,ok,False,2.9523665313656244,1.732750073685101,16.901041499339044
growth,0,4,hapibd,poisson_separate,g11_o1,11,ok,False,2.6365269129414646,2.2124924154792462,31.68913570791483
growth,0,4,hapibd,poisson_separate,g10_o1,10,ok,False,4.552873906755816,2.3833014383966,31.365322707220912
growth,0,4,hapibd,poisson_separate,g04_o1,4,ok,False,5.361010101135183,2.1714425246339055,30.817965124733746
growth,0,4,hapibd,poisson_separate,g20_o1,20,ok,False,1.0553992722818752,2.7897522927232927,35.50452062487602
growth,0,4,hapibd,poisson_separate,g08_o2,8,ok,False,5.930461965732466,1.9593040815909462,36.78311370778829
growth,0,4,hapibd,poisson_separate,g14_o1,14,ok,False,2.6009261440677096,1.9175315433324955,35.10794562473893
growth,0,5,true,poisson_shared,g03_o1,3,ok,False,18.557508875449052,1.2075390902826404,12.333573292009532
growth,0,5,true,poisson_shared,g13_o1,13,ok,False,2.4231431146033873,1.7380138495494208,37.9581298334524
growth,0,5,true,poisson_shared,g07_o1,7,ok,False,7.778213951512476,1.6469990761680917,42.43264462519437
growth,0,5,true,poisson_shared,g17_o1,17,ok,False,12.86633861611617,1.9989759451653337,32.37400745879859
growth,0,5,true,poisson_shared,g06_o1,6,ok,False,1.7089021341373685,1.4986752313181426,32.35502354055643
growth,0,5,true,poisson_shared,g22_o1,22,ok,False,1.9655570005989045,1.8095010960233224,18.27178074978292
growth,0,5,true,poisson_shared,g16_o1,16,ok,False,2.2696227492833656,1.7636727286693954,33.10170141700655
growth,0,5,true,poisson_shared,g02_o1,2,ok,False,2.5826950282302246,1.4222776125927816,16.28199933283031
growth,0,5,true,poisson_shared,g12_o1,12,ok,False,1.5538758497912155,2.3792906797951305,44.008858791552484
growth,0,5,true,poisson_shared,g15_o2,15,ok,False,3.785763079296852,1.542200950781697,23.57477700058371
growth,0,5,true,poisson_shared,g21_o2,21,ok,False,8.736113617123618,1.961665027063889,29.596003458835185
growth,0,5,true,poisson_shared,g09_o1,9,ok,False,7.621881882003236,1.6481243508528332,29.342396500520408
growth,0,5,true,poisson_shared,g19_o1,19,ok,False,6.34102857562902,1.5550584104378677,30.48350524995476
growth,0,5,true,poisson_shared,g08_o1,8,ok,False,2.401251414193568,1.9132935557862611,38.21901987493038
growth,0,5,true,poisson_shared,g18_o1,18,ok,False,5.658449184757535,2.217399228937558,36.733502834104
growth,0,5,true,poisson_shared,g16_o2,16,ok,False,14.08386762704709,1.4958520034883365,32.13443745858967
growth,0,5,true,poisson_shared,g22_o2,22,ok,False,6.947289295230629,1.8054733338991742,21.7835415834561
growth,0,5,true,poisson_shared,g12_o2,12,ok,False,1.1029260053727126,1.946250419591217,35.5372798750177
growth,0,5,true,poisson_shared,g05_o1,5,ok,False,8.248333134283227,1.9969173564016398,30.947100957855582
growth,0,5,true,poisson_shared,g21_o1,21,ok,False,4.0617883800072345,2.2472178778346836,29.628139667212963
growth,0,5,true,poisson_shared,g09_o2,9,ok,False,2.8989988221218863,1.2631164802162327,30.971578458324075
growth,0,5,true,poisson_shared,g15_o1,15,ok,False,7.928782053654801,1.6269135388230875,26.499157458543777
growth,0,5,true,poisson_shared,g01_o1,1,ok,False,4.0796276409560095,1.0531303891551986,13.074752459302545
growth,0,5,true,poisson_shared,g11_o1,11,ok,False,5.710038050820513,2.5021969639109405,34.39109937567264
growth,0,5,true,poisson_shared,g10_o1,10,ok,False,3.603259467438066,2.108143488260993,30.939710957929492
growth,0,5,true,poisson_shared,g04_o1,4,ok,False,10.531546234520874,1.9070953681572698,27.74268095754087
growth,0,5,true,poisson_shared,g20_o1,20,ok,False,2.7485034486552427,1.5966080216319383,26.68221233319491
growth,0,5,true,poisson_shared,g08_o2,8,ok,False,6.719013372843871,1.8405084810938936,29.95089445821941
growth,0,5,true,poisson_shared,g14_o1,14,ok,False,1.174917730798501,1.617172822315047,36.02404591720551
growth,0,5,true,poisson_separate,g03_o1,3,ok,False,6.720829050623627,1.8695848491492975,16.078805958852172
growth,0,5,true,poisson_separate,g13_o1,13,ok,False,2.652678829003386,3.3169700425890833,39.839526833966374
growth,0,5,true,poisson_separate,g07_o1,7,ok,False,4.3457199937122395,2.5140060195687024,35.75505545735359
growth,0,5,true,poisson_separate,g17_o1,17,ok,False,1.7349319504322391,1.973948377038876,36.209770208224654
growth,0,5,true,poisson_separate,g06_o1,6,ok,False,1.3787910100552203,2.364618093452648,33.77933683246374
growth,0,5,true,poisson_separate,g22_o1,22,ok,False,2.9360242618198655,2.292088758512656,40.55791487544775
growth,0,5,true,poisson_separate,g16_o1,16,ok,False,2.4563939168146076,2.3022342150524953,33.15773066692054
growth,0,5,true,poisson_separate,g02_o1,2,ok,False,1.401433832118905,1.515914008411282,17.321485665626824
growth,0,5,true,poisson_separate,g12_o1,12,ok,False,5.360563015604673,2.6037834052049043,34.94725058414042
growth,0,5,true,poisson_separate,g15_o2,15,ok,False,1.9853408215969728,2.455502864210899,31.92305179219693
growth,0,5,true,poisson_separate,g21_o2,21,ok,False,10.082241672039569,2.4901204901705114,42.010417708195746
growth,0,5,true,poisson_separate,g09_o1,9,ok,False,1.7644432116270115,2.0844008915961543,33.38884887471795
growth,0,5,true,poisson_separate,g19_o1,19,ok,False,1.0077721315162358,2.0789069961627926,36.857650166377425
growth,0,5,true,poisson_separate,g08_o1,8,ok,False,8.382487537981438,2.1768989535142347,32.5106347091496
growth,0,5,true,poisson_separate,g18_o1,18,ok,False,14.009787423075524,2.2253250969383407,41.91404337529093
growth,0,5,true,poisson_separate,g16_o2,16,ok,False,4.216492026644175,2.2617622975102023,38.21379183419049
growth,0,5,true,poisson_separate,g22_o2,22,ok,False,5.098085747114202,2.284491831153081,44.365254499949515
growth,0,5,true,poisson_separate,g12_o2,12,ok,False,1.0568536699588893,2.3176911948474794,38.8249612506479
growth,0,5,true,poisson_separate,g05_o1,5,ok,False,8.269676529825935,2.3588606728066326,32.820863167755306
growth,0,5,true,poisson_separate,g21_o1,21,ok,False,6.351439121500824,1.8563170950641645,40.94234412536025
growth,0,5,true,poisson_separate,g09_o2,9,ok,False,2.999161021641714,2.5301745660177186,32.022735541686416
growth,0,5,true,poisson_separate,g15_o1,15,ok,False,8.983707374717678,2.2695837931915603,27.5821352917701
growth,0,5,true,poisson_separate,g01_o1,1,ok,False,5.129225716177422,1.7562488985074105,16.678563167341053
growth,0,5,true,poisson_separate,g11_o1,11,ok,False,4.160840634433367,2.0207696886901,32.078034416772425
growth,0,5,true,poisson_separate,g10_o1,10,ok,False,3.432839611787287,2.408821301811781,30.021422374993563
growth,0,5,true,poisson_separate,g04_o1,4,ok,False,1.9422822718531632,2.005401728367887,30.298084459267557
growth,0,5,true,poisson_separate,g20_o1,20,ok,False,1.0949166823337306,3.473464739451276,34.872125207446516
growth,0,5,true,poisson_separate,g08_o2,8,ok,False,1.5872771865921644,3.0124192476451577,40.08670770842582
growth,0,5,true,poisson_separate,g14_o1,14,ok,False,4.828716693151408,4.098757469759838,35.26909479126334
growth,0,5,hapibd,poisson_shared,g03_o1,3,ok,False,7.777534770168634,1.116159917350488,15.166396332904696
growth,0,5,hapibd,poisson_shared,g13_o1,13,ok,False,5.467703458382138,1.5767178272400244,38.829898624680936
growth,0,5,hapibd,poisson_shared,g07_o1,7,ok,False,8.781722447984146,1.6613784611133968,35.88084479235113
growth,0,5,hapibd,poisson_shared,g17_o1,17,ok,False,5.829128587857862,1.5702583293574481,34.710131040774286
growth,0,5,hapibd,poisson_shared,g06_o1,6,ok,False,1.1043261964319993,2.4117605495514542,31.582071750424802
growth,0,5,hapibd,poisson_shared,g22_o1,22,ok,False,2.7513058761533635,2.133924236463072,18.196002292446792
growth,0,5,hapibd,poisson_shared,g16_o1,16,ok,False,12.659704691686299,1.841078595779695,31.342978958040476
growth,0,5,hapibd,poisson_shared,g02_o1,2,ok,False,31.468942375725728,1.0657282873082705,15.277527917176485
growth,0,5,hapibd,poisson_shared,g12_o1,12,ok,False,2.8940287673661937,3.1512592875829255,41.36347316671163
growth,0,5,hapibd,poisson_shared,g15_o2,15,ok,False,8.311297039373894,1.5890138093574604,19.450018250383437
growth,0,5,hapibd,poisson_shared,g21_o2,21,ok,False,2.1189004009921644,3.050595994604447,30.05069133359939
growth,0,5,hapibd,poisson_shared,g09_o1,9,ok,False,4.2385229689472785,1.6341540458811052,27.666065958328545
growth,0,5,hapibd,poisson_shared,g19_o1,19,ok,False,4.785750483789093,1.3211661512804027,31.032476499676704
growth,0,5,hapibd,poisson_shared,g08_o1,8,ok,False,10.886045719214051,1.7237960608980287,32.90296254120767
growth,0,5,hapibd,poisson_shared,g18_o1,18,ok,False,10.35271281192952,2.0431697224325847,36.26515141595155
growth,0,5,hapibd,poisson_shared,g16_o2,16,ok,False,7.567159774179642,1.2925764700556321,27.72329616639763
growth,0,5,hapibd,poisson_shared,g22_o2,22,ok,False,5.7252449879298,1.7311150256725147,22.061960957944393
growth,0,5,hapibd,poisson_shared,g12_o2,12,ok,False,3.295169115720733,2.4236991577970914,36.849572375416756
growth,0,5,hapibd,poisson_shared,g05_o1,5,ok,False,12.806488153229553,1.6123396029947255,24.523258125409484
growth,0,5,hapibd,poisson_shared,g21_o1,21,ok,False,2.35740254220284,4.295238520123929,28.833935082890093
growth,0,5,hapibd,poisson_shared,g09_o2,9,ok,False,19.694175339074377,1.657691504336843,26.72598099987954
growth,0,5,hapibd,poisson_shared,g15_o1,15,ok,False,26.83005652185518,1.2991440565071997,24.89152108412236
growth,0,5,hapibd,poisson_shared,g01_o1,1,ok,False,24.765642476132403,1.2424248688446091,12.463628540746868
growth,0,5,hapibd,poisson_shared,g11_o1,11,ok,False,13.467516599251764,1.9076091534974966,30.981443542055786
growth,0,5,hapibd,poisson_shared,g10_o1,10,ok,False,14.907098326227816,1.8740318816189474,31.712040416896343
growth,0,5,hapibd,poisson_shared,g04_o1,4,ok,False,4.7991762443396295,1.4207737332560657,31.466705083847046
growth,0,5,hapibd,poisson_shared,g20_o1,20,ok,False,1.8338657724480092,2.770737697739727,27.776313416659832
growth,0,5,hapibd,poisson_shared,g08_o2,8,ok,False,4.04020023133958,1.7086896674543686,31.011806749738753
growth,0,5,hapibd,poisson_shared,g14_o1,14,ok,False,13.982852773178802,1.8051842353483996,33.1845205007121
growth,0,5,hapibd,poisson_separate,g03_o1,3,ok,False,2.191982845792901,1.9342280706575217,16.018569458276033
growth,0,5,hapibd,poisson_separate,g13_o1,13,ok,False,3.3274093618182654,1.9299746554518222,42.410216958262026
growth,0,5,hapibd,poisson_separate,g07_o1,7,ok,False,3.355503896236579,2.384063050525607,36.651164500042796
growth,0,5,hapibd,poisson_separate,g17_o1,17,ok,False,1.0430680242284447,2.6690687551124723,34.05822683311999
growth,0,5,hapibd,poisson_separate,g06_o1,6,ok,False,2.125204773930066,1.9353752300159563,36.958012457937
growth,0,5,hapibd,poisson_separate,g22_o1,22,ok,False,8.585204197019454,1.9677281460159437,39.19477237481624
growth,0,5,hapibd,poisson_separate,g16_o1,16,ok,False,2.6788803972878577,1.946273840315986,33.84852416627109
growth,0,5,hapibd,poisson_separate,g02_o1,2,ok,False,1.009534860682406,1.63952088873792,16.71347250044346
growth,0,5,hapibd,poisson_separate,g12_o1,12,ok,False,1.812714981490884,2.8598774827963083,41.981697416864336
growth,0,5,hapibd,poisson_separate,g15_o2,15,ok,False,3.8398018590479897,2.1863441819032143,30.07641320861876
growth,0,5,hapibd,poisson_separate,g21_o2,21,ok,False,1.1731025640856545,2.0946202695388516,38.98139241617173
growth,0,5,hapibd,poisson_separate,g09_o1,9,ok,False,4.366288306462367,2.127179785235695,32.79483575001359
growth,0,5,hapibd,poisson_separate,g19_o1,19,ok,False,1.2221922963344853,2.032998769003308,36.55266479216516
growth,0,5,hapibd,poisson_separate,g08_o1,8,ok,False,3.5789400041975497,1.8294546234687574,33.79734545852989
growth,0,5,hapibd,poisson_separate,g18_o1,18,ok,False,1.3562497124178519,1.9805311130451397,41.74429687485099
growth,0,5,hapibd,poisson_separate,g16_o2,16,ok,False,1.9536866315179824,1.9826511681980212,38.74383479170501
growth,0,5,hapibd,poisson_separate,g22_o2,22,ok,False,3.442586310146563,2.680006340653344,44.87774795759469
growth,0,5,hapibd,poisson_separate,g12_o2,12,ok,False,1.2002532958076821,3.6184012892293302,41.273765875026584
growth,0,5,hapibd,poisson_separate,g05_o1,5,ok,False,1.9818418760590921,2.678015424365984,33.09343066718429
growth,0,5,hapibd,poisson_separate,g21_o1,21,ok,False,2.711905886942362,2.7755850222794924,37.85263633355498
growth,0,5,hapibd,poisson_separate,g09_o2,9,ok,False,1.4511498415451154,2.033230167391669,32.681871958076954
growth,0,5,hapibd,poisson_separate,g15_o1,15,ok,False,2.197763650312816,1.8914779186567847,26.89510220848024
growth,0,5,hapibd,poisson_separate,g01_o1,1,ok,False,3.2068083065592607,1.84189471512831,15.643814207985997
growth,0,5,hapibd,poisson_separate,g11_o1,11,ok,False,1.2239493533105141,2.327078577304956,33.55708999931812
growth,0,5,hapibd,poisson_separate,g10_o1,10,ok,False,1.3993067334216047,2.211658958077462,29.522650041617453
growth,0,5,hapibd,poisson_separate,g04_o1,4,ok,False,2.2772704616964052,3.3395165871200154,29.412777500227094
growth,0,5,hapibd,poisson_separate,g20_o1,20,ok,False,2.90958777681899,3.046263882376157,36.12203125003725
growth,0,5,hapibd,poisson_separate,g08_o2,8,ok,False,3.4708509236451137,2.0014019186929493,38.7094917492941
growth,0,5,hapibd,poisson_separate,g14_o1,14,ok,False,4.845170615466194,2.4110682005041646,33.00586495734751
growth,0,6,true,poisson_shared,g03_o1,3,ok,False,1.002875802983393,1.4572394080234385,11.28079712484032
growth,0,6,true,poisson_shared,g13_o1,13,ok,False,1.1778448369159291,1.499479890737426,37.741827541962266
growth,0,6,true,poisson_shared,g07_o1,7,ok,False,2.027529936770413,1.4857264001805495,35.51462612487376
growth,0,6,true,poisson_shared,g17_o1,17,ok,False,2.2743603529915295,1.3314257391240152,31.317113959230483
growth,0,6,true,poisson_shared,g06_o1,6,ok,False,4.037486392314608,1.8309104646595606,33.704638458788395
growth,0,6,true,poisson_shared,g22_o1,22,ok,False,9.079705714635967,1.8866111433931794,19.666769959032536
growth,0,6,true,poisson_shared,g16_o1,16,ok,False,3.0844018492780387,1.837205996546949,31.753949374891818
growth,0,6,true,poisson_shared,g02_o1,2,ok,False,16.850539717178528,1.2570844000446033,15.252884374931455
growth,0,6,true,poisson_shared,g12_o1,12,ok,False,6.684202438139081,2.194402673738637,42.22509020846337
growth,0,6,true,poisson_shared,g15_o2,15,ok,False,11.898949915866199,1.5713041579745786,20.867390333674848
growth,0,6,true,poisson_shared,g21_o2,21,ok,False,9.094026739688296,1.7484151292873151,39.83211224991828
growth,0,6,true,poisson_shared,g09_o1,9,ok,False,2.9887194629892404,1.8520599948792018,32.208553791977465
growth,0,6,true,poisson_shared,g19_o1,19,ok,False,6.091174642289371,1.7061190370197596,27.87917508278042
growth,0,6,true,poisson_shared,g08_o1,8,ok,False,10.100563153079245,3.191033440917416,31.86557195801288
growth,0,6,true,poisson_shared,g18_o1,18,ok,False,3.062239349338092,4.848402438954914,32.49934104271233
growth,0,6,true,poisson_shared,g16_o2,16,ok,False,6.110718255034919,1.7232266357784713,28.113400207832456
growth,0,6,true,poisson_shared,g22_o2,22,ok,False,5.092382351785773,2.0297424044125743,20.71373787522316
growth,0,6,true,poisson_shared,g12_o2,12,ok,False,1.0160669899838837,1.8140846711827747,31.609467334114015
growth,0,6,true,poisson_shared,g05_o1,5,ok,False,1.0415010013137402,1.9127948963928176,29.33415324985981
growth,0,6,true,poisson_shared,g21_o1,21,ok,False,6.127022149121156,2.430714253282499,29.130118583329022
growth,0,6,true,poisson_shared,g09_o2,9,ok,False,4.736460737870582,1.5500243280903043,28.396088500507176
growth,0,6,true,poisson_shared,g15_o1,15,ok,False,3.3345907174731813,1.7562805301423305,25.715418457984924
growth,0,6,true,poisson_shared,g01_o1,1,ok,False,28.832276474299004,1.2170174638622195,10.209505749866366
growth,0,6,true,poisson_shared,g11_o1,11,ok,False,9.680900128245193,1.7250340852790822,32.983179667033255
growth,0,6,true,poisson_shared,g10_o1,10,ok,False,1.141398239161814,1.8475713809157805,28.86033208295703
growth,0,6,true,poisson_shared,g04_o1,4,ok,False,4.263129317933791,1.8605281884699745,28.485658458434045
growth,0,6,true,poisson_shared,g20_o1,20,ok,False,8.550412208233391,1.6988624366450191,25.16014091670513
growth,0,6,true,poisson_shared,g08_o2,8,ok,False,2.2353569922105874,1.8231699048522214,30.295723875053227
growth,0,6,true,poisson_shared,g14_o1,14,ok,False,4.641555805658812,1.3521268690231245,33.49885112512857
growth,0,6,true,poisson_separate,g03_o1,3,ok,False,10.31635844025205,1.7399582226549442,16.54734129179269
growth,0,6,true,poisson_separate,g13_o1,13,ok,False,3.495643098894876,2.0917102162555183,39.628972250036895
growth,0,6,true,poisson_separate,g07_o1,7,ok,False,4.923951577654199,3.138265362867116,35.650563875213265
growth,0,6,true,poisson_separate,g17_o1,17,ok,False,1.8531326194622941,2.31350887141335,35.22714599967003
growth,0,6,true,poisson_separate,g06_o1,6,ok,False,2.569743925480951,2.2543037699958015,37.18945954088122
growth,0,6,true,poisson_separate,g22_o1,22,ok,False,3.111654319953282,2.4803683560754055,39.72173629235476
growth,0,6,true,poisson_separate,g16_o1,16,ok,False,7.026525327274221,1.9998116423682788,32.04214983340353
growth,0,6,true,poisson_separate,g02_o1,2,ok,False,1.0540590344479444,1.7943811297399752,17.37150116637349
growth,0,6,true,poisson_separate,g12_o1,12,ok,False,3.3372535870513764,2.1248124005353377,35.31018766667694
growth,0,6,true,poisson_separate,g15_o2,15,ok,False,2.1956952143899646,2.0909930127683083,27.396766250021756
growth,0,6,true,poisson_separate,g21_o2,21,ok,False,2.8988544972255164,3.128635051389653,42.68954287469387
growth,0,6,true,poisson_separate,g09_o1,9,ok,False,6.758713206171863,2.892973618916909,34.76521883253008
growth,0,6,true,poisson_separate,g19_o1,19,ok,False,5.867623018162982,1.9979690573284226,38.710030124522746
growth,0,6,true,poisson_separate,g08_o1,8,ok,False,5.987855648381812,2.771856990633888,32.38678512442857
growth,0,6,true,poisson_separate,g18_o1,18,ok,False,3.788491358994719,1.6557420922677326,40.045716249383986
growth,0,6,true,poisson_separate,g16_o2,16,ok,False,2.9402775517963904,2.1079334583312495,39.42682841606438
growth,0,6,true,poisson_separate,g22_o2,22,ok,False,6.964416322156035,2.1700594611650725,40.01051012519747
growth,0,6,true,poisson_separate,g12_o2,12,ok,False,2.9346457981380416,3.679173760238939,39.13356329128146
growth,0,6,true,poisson_separate,g05_o1,5,ok,False,8.210097886038023,2.3347122465688974,31.421833457425237
growth,0,6,true,poisson_separate,g21_o1,21,ok,False,1.2330028003904945,2.098784553593165,36.04005129262805
growth,0,6,true,poisson_separate,g09_o2,9,ok,False,3.605900409369436,1.865166854196521,32.62370808329433
growth,0,6,true,poisson_separate,g15_o1,15,ok,False,1.9171454626222222,2.161598585711862,28.304714209400117
growth,0,6,true,poisson_separate,g01_o1,1,ok,False,3.9531943635065914,1.505186894528053,17.24083724990487
growth,0,6,true,poisson_separate,g11_o1,11,ok,False,1.2510292717748106,2.354290558868067,30.860773959197104
growth,0,6,true,poisson_separate,g10_o1,10,ok,False,4.223843412691965,2.4648519164624965,27.553625208325684
growth,0,6,true,poisson_separate,g04_o1,4,ok,False,10.608299710042054,2.024589668113415,30.585976124741137
growth,0,6,true,poisson_separate,g20_o1,20,ok,False,7.341201750532453,1.7793500882392246,35.02940404228866
growth,0,6,true,poisson_separate,g08_o2,8,ok,False,2.0148605153326713,2.1131692532287487,36.037847249768674
growth,0,6,true,poisson_separate,g14_o1,14,ok,False,6.227981421905069,3.034680638678679,30.658199791796505
growth,0,6,hapibd,poisson_shared,g03_o1,3,ok,False,6.085754890642191,1.2010578720622531,15.31007687561214
growth,0,6,hapibd,poisson_shared,g13_o1,13,ok,False,1.5222030754931126,2.512430878084131,39.028909707441926
growth,0,6,hapibd,poisson_shared,g07_o1,7,ok,False,8.872452190346088,1.5585044930487437,41.04099379200488
growth,0,6,hapibd,poisson_shared,g17_o1,17,ok,False,14.630719843575845,1.4585883807809246,30.51740395836532
growth,0,6,hapibd,poisson_shared,g06_o1,6,ok,False,2.391072747831282,2.7831016961352613,27.993813624605536
growth,0,6,hapibd,poisson_shared,g22_o1,22,ok,False,1.2266364924190016,2.2667243985266845,19.17766745854169
growth,0,6,hapibd,poisson_shared,g16_o1,16,ok,False,23.854111314271908,1.713481398589504,30.983157459646463
growth,0,6,hapibd,poisson_shared,g02_o1,2,ok,False,1.352164013606459,1.1719790438204396,13.877895874902606
growth,0,6,hapibd,poisson_shared,g12_o1,12,ok,False,1.2959693588923242,1.783300242523536,41.75625154096633
growth,0,6,hapibd,poisson_shared,g15_o2,15,ok,False,5.332711747138414,1.6651954665007538,22.733372500166297
growth,0,6,hapibd,poisson_shared,g21_o2,21,ok,False,1.1961407649599336,4.197704933140261,36.098588082939386
growth,0,6,hapibd,poisson_shared,g09_o1,9,ok,False,3.5373300873563602,2.280265214808218,31.00249300058931
growth,0,6,hapibd,poisson_shared,g19_o1,19,ok,False,1.9891906450802685,1.2604814079151563,26.598264917731285
growth,0,6,hapibd,poisson_shared,g08_o1,8,ok,False,2.975858207782366,1.9646591253652042,36.079721791669726
growth,0,6,hapibd,poisson_shared,g18_o1,18,ok,False,2.177201200716338,3.591949553206551,34.38305258285254
growth,0,6,hapibd,poisson_shared,g16_o2,16,ok,False,3.3067722999262386,2.1307282742129923,24.56641612481326
growth,0,6,hapibd,poisson_shared,g22_o2,22,ok,False,6.584625097622967,2.0526574878033035,24.024901709519327
growth,0,6,hapibd,poisson_shared,g12_o2,12,ok,False,10.66354853270794,2.205613645777546,36.079215958714485
growth,0,6,hapibd,poisson_shared,g05_o1,5,ok,False,1.8335101003194185,1.9352686355066018,31.103765584528446
growth,0,6,hapibd,poisson_shared,g21_o1,21,ok,False,7.083176596795874,1.7384908140170108,27.452598999254405
growth,0,6,hapibd,poisson_shared,g09_o2,9,ok,False,14.824326467914796,1.2267198745390169,26.443927166983485
growth,0,6,hapibd,poisson_shared,g15_o1,15,ok,False,16.96835741660899,1.7409772901892002,21.919389832764864
growth,0,6,hapibd,poisson_shared,g01_o1,1,ok,False,1.7728147657479212,1.2882419527402538,13.45882962550968
growth,0,6,hapibd,poisson_shared,g11_o1,11,ok,False,3.858792038964666,1.472246331193115,30.96563912462443
growth,0,6,hapibd,poisson_shared,g10_o1,10,ok,False,4.114919369872199,1.4956670323179988,31.059393166564405
growth,0,6,hapibd,poisson_shared,g04_o1,4,ok,False,3.5135050006977377,1.4306212494465465,25.87700629234314
growth,0,6,hapibd,poisson_shared,g20_o1,20,ok,False,10.23396181692264,1.4859596544601603,26.105610166676342
growth,0,6,hapibd,poisson_shared,g08_o2,8,ok,False,1.0106532288926668,2.2280995422630316,29.826879874803126
growth,0,6,hapibd,poisson_shared,g14_o1,14,ok,False,2.432412120040881,2.039239937648773,30.960574625059962
growth,0,6,hapibd,poisson_separate,g03_o1,3,ok,False,2.5140432024457864,3.197182830586905,15.338211207650602
growth,0,6,hapibd,poisson_separate,g13_o1,13,ok,False,2.6771300719877944,1.8102584981637384,41.18873762525618
growth,0,6,hapibd,poisson_separate,g07_o1,7,ok,False,1.0849765560401055,2.3607691600041356,37.479110333137214
growth,0,6,hapibd,poisson_separate,g17_o1,17,ok,False,2.5222486846191217,1.8752811142393555,33.395272416993976
growth,0,6,hapibd,poisson_separate,g06_o1,6,ok,False,7.089645636337871,2.5956311855642897,35.83019220735878
growth,0,6,hapibd,poisson_separate,g22_o1,22,ok,False,19.072841532667443,2.1221359492128182,42.70858866721392
growth,0,6,hapibd,poisson_separate,g16_o1,16,ok,False,2.757006094534838,2.353953067956844,31.335363916121423
growth,0,6,hapibd,poisson_separate,g02_o1,2,ok,False,7.087861389708799,1.5511068364895368,15.940694875083864
growth,0,6,hapibd,poisson_separate,g12_o1,12,ok,False,2.5628968151297054,2.3461538466989937,36.00801391620189
growth,0,6,hapibd,poisson_separate,g15_o2,15,ok,False,1.9200627292150982,2.2489850500179234,28.740991208702326
growth,0,6,hapibd,poisson_separate,g21_o2,21,ok,False,1.1017036933466107,2.2267611643286185,42.43915979191661
growth,0,6,hapibd,poisson_separate,g09_o1,9,ok,False,2.1628425191855563,2.1505001662354943,32.85391199961305
growth,0,6,hapibd,poisson_separate,g19_o1,19,ok,False,5.239276796287674,1.993195531007781,41.38097300007939
growth,0,6,hapibd,poisson_separate,g08_o1,8,ok,False,3.414133436720093,2.654762313302786,32.44285758305341
growth,0,6,hapibd,poisson_separate,g18_o1,18,ok,False,7.320457351927055,3.1009949338690377,41.128252749331295
growth,0,6,hapibd,poisson_separate,g16_o2,16,ok,False,4.576178261826557,1.8710017935539267,35.91571558266878
growth,0,6,hapibd,poisson_separate,g22_o2,22,ok,False,5.354271893947716,2.3772726901086085,42.923687915317714
growth,0,6,hapibd,poisson_separate,g12_o2,12,ok,False,2.660145694283271,2.171403461744414,44.02566299960017
growth,0,6,hapibd,poisson_separate,g05_o1,5,ok,False,4.625195458957731,1.7729203506998754,32.39686170872301
growth,0,6,hapibd,poisson_separate,g21_o1,21,ok,False,2.620472296709473,2.0901488292545447,37.91943824943155
growth,0,6,hapibd,poisson_separate,g09_o2,9,ok,False,1.1765633052068252,2.4591850666971875,32.802501041442156
growth,0,6,hapibd,poisson_separate,g15_o1,15,ok,False,4.231469772985323,1.8296176908013422,26.47789195831865
growth,0,6,hapibd,poisson_separate,g01_o1,1,ok,False,15.406483702547055,1.5223621714130222,15.242333999834955
growth,0,6,hapibd,poisson_separate,g11_o1,11,ok,False,2.4727518557890518,2.4035288931676186,30.7843915829435
growth,0,6,hapibd,poisson_separate,g10_o1,10,ok,False,1.632325016092791,1.8131340090099888,28.90656495746225
growth,0,6,hapibd,poisson_separate,g04_o1,4,ok,False,4.3629066171625,2.623695868026995,31.914707791991532
growth,0,6,hapibd,poisson_separate,g20_o1,20,ok,False,2.8786519068437526,2.32765595539318,36.48907670751214
growth,0,6,hapibd,poisson_separate,g08_o2,8,ok,False,3.659488905871624,1.7694827460568825,37.81037983391434
growth,0,6,hapibd,poisson_separate,g14_o1,14,ok,False,1.1402674173580234,2.0473830481477595,32.46918883360922
growth,0,7,true,poisson_shared,g03_o1,3,ok,False,16.64883515656286,0.9961709995162201,12.80053308326751
growth,0,7,true,poisson_shared,g13_o1,13,ok,False,1.1118494521239697,1.8042204248659688,33.7732557086274
growth,0,7,true,poisson_shared,g07_o1,7,ok,False,4.223789812385375,1.7575359151345877,36.39885216765106
growth,0,7,true,poisson_shared,g17_o1,17,ok,False,17.80555485375556,1.4578374076870544,30.890414542518556
growth,0,7,true,poisson_shared,g06_o1,6,ok,False,42.53408652516079,1.2213330601214631,28.19907704088837
growth,0,7,true,poisson_shared,g22_o1,22,ok,False,1.712362341881678,2.0026413475247784,19.091074374504387
growth,0,7,true,poisson_shared,g16_o1,16,ok,False,6.049385750724689,1.8162679457886768,31.223896209150553
growth,0,7,true,poisson_shared,g02_o1,2,ok,False,7.480107200333553,1.2667996588184125,14.575731833465397
growth,0,7,true,poisson_shared,g12_o1,12,ok,False,2.611775228193139,2.2017996382921594,41.6006126254797
growth,0,7,true,poisson_shared,g15_o2,15,ok,False,1.2221633241736882,1.6297209731102344,22.979739041998982
growth,0,7,true,poisson_shared,g21_o2,21,ok,False,7.088565222418312,1.92966983627195,35.778721041977406
growth,0,7,true,poisson_shared,g09_o1,9,ok,False,19.719809907127544,2.224230563127545,28.70747458282858
growth,0,7,true,poisson_shared,g19_o1,19,ok,False,1.0312642590441683,1.5547211518659243,31.16158629208803
growth,0,7,true,poisson_shared,g08_o1,8,ok,False,5.7399709323156705,2.088945232297343,32.74249124992639
growth,0,7,true,poisson_shared,g18_o1,18,ok,False,12.084290162270797,1.6338869944443406,38.134904749691486
growth,0,7,true,poisson_shared,g16_o2,16,ok,False,1.656400909667216,2.059214186323508,25.61661299970001
growth,0,7,true,poisson_shared,g22_o2,22,ok,False,1.522970280871137,1.8975774573242832,19.765633166767657
growth,0,7,true,poisson_shared,g12_o2,12,ok,False,5.61459487801213,2.1498912501087872,36.174231208860874
growth,0,7,true,poisson_shared,g05_o1,5,ok,False,8.040038347082104,1.9067098496157404,30.12300895806402
growth,0,7,true,poisson_shared,g21_o1,21,ok,False,1.5211121478662022,3.0170032102194355,29.568665917031467
growth,0,7,true,poisson_shared,g09_o2,9,ok,False,8.91368820764669,1.6706322147305133,30.57241345848888
growth,0,7,true,poisson_shared,g15_o1,15,ok,False,1.0707499863301766,1.5244285402632656,21.64125633239746
growth,0,7,true,poisson_shared,g01_o1,1,ok,False,2.4811288149617163,1.3233028791002468,12.35955091752112
growth,0,7,true,poisson_shared,g11_o1,11,ok,False,5.532529122769347,2.118087749542222,28.346102708019316
growth,0,7,true,poisson_shared,g10_o1,10,ok,False,5.55306784492953,1.7887577938284358,33.767504666000605
growth,0,7,true,poisson_shared,g04_o1,4,ok,False,13.056584630398634,1.5981151382585856,27.356556207872927
growth,0,7,true,poisson_shared,g20_o1,20,ok,False,1.1950247602685442,1.435389678678067,26.529469500295818
growth,0,7,true,poisson_shared,g08_o2,8,ok,False,2.553495973725454,1.8291642592656712,28.568420374765992
growth,0,7,true,poisson_shared,g14_o1,14,ok,False,4.204725800123353,1.8002028654368225,35.74983466602862
growth,0,7,true,poisson_separate,g03_o1,3,ok,False,8.236529869502293,1.4455514611639957,18.13623679149896
growth,0,7,true,poisson_separate,g13_o1,13,ok,False,1.8526778750776078,1.938140225279627,40.62100258283317
growth,0,7,true,poisson_separate,g07_o1,7,ok,False,7.809931813312143,1.9578415965920364,35.31228083278984
growth,0,7,true,poisson_separate,g17_o1,17,ok,False,4.25890484996135,2.070358093521159,35.51195262465626
growth,0,7,true,poisson_separate,g06_o1,6,ok,False,4.266499945790274,2.0236784238046237,34.941902708262205
growth,0,7,true,poisson_separate,g22_o1,22,ok,False,10.644194358367079,2.7716840748175056,40.080880041234195
growth,0,7,true,poisson_separate,g16_o1,16,ok,False,1.1364906888920903,2.361171001155822,32.566981374286115
growth,0,7,true,poisson_separate,g02_o1,2,ok,False,5.462296653691324,1.6039428362922723,16.995562290772796
growth,0,7,true,poisson_separate,g12_o1,12,ok,False,1.8116191808619768,2.4258805967041317,36.943762332201004
growth,0,7,true,poisson_separate,g15_o2,15,ok,False,2.7411361572998665,1.942122732092515,30.146488208323717
growth,0,7,true,poisson_separate,g21_o2,21,ok,False,3.5409754939271547,2.282249121050578,43.66733349952847
growth,0,7,true,poisson_separate,g09_o1,9,ok,False,9.039710755051313,2.1651229831989802,33.84491425007582
growth,0,7,true,poisson_separate,g19_o1,19,ok,False,4.478045422427049,2.282010431975918,36.517815666273236
growth,0,7,true,poisson_separate,g08_o1,8,ok,False,1.031872360851927,3.4024576546907355,33.984310374595225
growth,0,7,true,poisson_separate,g18_o1,18,ok,False,7.230737455009229,2.390518706504139,42.14186270814389
growth,0,7,true,poisson_separate,g16_o2,16,ok,False,1.089163940880091,2.389057963854752,39.504716041497886
growth,0,7,true,poisson_separate,g22_o2,22,ok,False,1.0337180600035054,2.0082065838028176,43.6923388754949
growth,0,7,true,poisson_separate,g12_o2,12,ok,False,6.183970862587526,1.9312311706192182,42.4076590416953
growth,0,7,true,poisson_separate,g05_o1,5,ok,False,1.4375646537053999,2.1446546558965305,31.641493249684572
growth,0,7,true,poisson_separate,g21_o1,21,ok,False,2.1894027416719655,1.9945292402605646,39.20102870929986
growth,0,7,true,poisson_separate,g09_o2,9,ok,False,4.045602525929182,1.9656008114382222,34.26569583360106
growth,0,7,true,poisson_separate,g15_o1,15,ok,False,4.395117797907148,2.372139752033659,27.26206579245627
growth,0,7,true,poisson_separate,g01_o1,1,ok,False,3.5322027972821606,2.110375983850944,16.233797250315547
growth,0,7,true,poisson_separate,g11_o1,11,ok,False,1.0105771112244735,1.9528786591735865,32.81446170900017
growth,0,7,true,poisson_separate,g10_o1,10,ok,False,3.813856334044516,1.9083282675567657,27.922650125809014
growth,0,7,true,poisson_separate,g04_o1,4,ok,False,1.0803404054995203,2.3344171417965063,30.13608054164797
growth,0,7,true,poisson_separate,g20_o1,20,ok,False,7.61292073951723,2.6124150035008555,35.196795041672885
growth,0,7,true,poisson_separate,g08_o2,8,ok,False,1.0525483690477913,2.9297601625987917,36.24934299942106
growth,0,7,true,poisson_separate,g14_o1,14,ok,False,2.691165180258876,2.193571562559072,34.768333749845624
growth,0,7,hapibd,poisson_shared,g03_o1,3,ok,False,70.11256865965687,0.9139078998361548,13.949694374576211
growth,0,7,hapibd,poisson_shared,g13_o1,13,ok,False,3.2390513521611237,1.63492599748495,38.8423835830763
growth,0,7,hapibd,poisson_shared,g07_o1,7,ok,False,7.171871194410014,1.7338499305017976,36.848750916309655
growth,0,7,hapibd,poisson_shared,g17_o1,17,ok,False,9.886781565798225,1.623375432462633,34.237357249483466
growth,0,7,hapibd,poisson_shared,g06_o1,6,ok,False,3.767302888470923,1.7850790527339573,30.051347374916077
growth,0,7,hapibd,poisson_shared,g22_o1,22,ok,False,13.457145655281028,1.6463298675400349,20.51539900060743
growth,0,7,hapibd,poisson_shared,g16_o1,16,ok,False,4.84975400289125,1.8451297398461313,30.775310000404716
growth,0,7,hapibd,poisson_shared,g02_o1,2,ok,False,16.22461569509879,1.0500921182148253,17.76457625068724
growth,0,7,hapibd,poisson_shared,g12_o1,12,ok,False,10.3274026830236,1.9413107562336982,41.405503458343446
growth,0,7,hapibd,poisson_shared,g15_o2,15,ok,False,1.1083768436041952,1.4681219738378908,24.234408667311072
growth,0,7,hapibd,poisson_shared,g21_o2,21,ok,False,9.504103307328366,1.7802676543637783,32.193035499192774
growth,0,7,hapibd,poisson_shared,g09_o1,9,ok,False,3.6456887935809226,2.0087279252468506,31.26474070828408
growth,0,7,hapibd,poisson_shared,g19_o1,19,ok,False,21.689101174965426,1.5164786647666424,28.582318999804556
growth,0,7,hapibd,poisson_shared,g08_o1,8,ok,False,1.6355681144202021,1.8076754379284228,36.92330995760858
growth,0,7,hapibd,poisson_shared,g18_o1,18,ok,False,2.3868298926365505,2.161671275524342,36.19469212461263
growth,0,7,hapibd,poisson_shared,g16_o2,16,ok,False,3.2357245184068972,1.617968280068885,27.946756541728973
growth,0,7,hapibd,poisson_shared,g22_o2,22,ok,False,17.509086390785285,1.7982117490031584,25.60541675053537
growth,0,7,hapibd,poisson_shared,g12_o2,12,ok,False,2.8474247867032703,2.691735395657259,34.58006400056183
growth,0,7,hapibd,poisson_shared,g05_o1,5,ok,False,4.487457924523957,1.6375759268462238,26.29249041620642
growth,0,7,hapibd,poisson_shared,g21_o1,21,ok,False,3.823753726236685,1.8368744115665576,28.76402487512678
growth,0,7,hapibd,poisson_shared,g09_o2,9,ok,False,14.31956347302864,1.430657285036191,30.981685833074152
growth,0,7,hapibd,poisson_shared,g15_o1,15,ok,False,1.8169927817537994,1.2163198656748277,21.20255058258772
growth,0,7,hapibd,poisson_shared,g01_o1,1,ok,False,47.57409668794639,1.093547436251301,12.041306832805276
growth,0,7,hapibd,poisson_shared,g11_o1,11,ok,False,4.738853079342677,1.6158748701295274,33.203688374720514
growth,0,7,hapibd,poisson_shared,g10_o1,10,ok,False,4.003015643776672,1.8615038000305573,30.722260417416692
growth,0,7,hapibd,poisson_shared,g04_o1,4,ok,False,6.290301018294977,2.9097262935070702,27.19335583411157
growth,0,7,hapibd,poisson_shared,g20_o1,20,ok,False,7.321552668341211,1.9257378137139,28.205817624926567
growth,0,7,hapibd,poisson_shared,g08_o2,8,ok,False,1.4160682346863416,5.15629754968592,32.50053812470287
growth,0,7,hapibd,poisson_shared,g14_o1,14,ok,False,5.540377606966957,2.2841772914133105,33.85601641610265
growth,0,7,hapibd,poisson_separate,g03_o1,3,ok,False,1.1083983550958567,1.842501148068529,16.59348816704005
growth,0,7,hapibd,poisson_separate,g13_o1,13,ok,False,2.963294741068736,1.9666491581336722,43.20895887538791
growth,0,7,hapibd,poisson_separate,g07_o1,7,ok,False,1.0879228263770262,2.273885118281597,34.704913209192455
growth,0,7,hapibd,poisson_separate,g17_o1,17,ok,False,3.5321162379225965,2.1533488077759713,34.9397819172591
growth,0,7,hapibd,poisson_separate,g06_o1,6,ok,False,1.9118925619701321,2.2299035544979073,38.53883625008166
growth,0,7,hapibd,poisson_separate,g22_o1,22,ok,False,1.1818440024589565,2.387556640414257,41.57492429204285
growth,0,7,hapibd,poisson_separate,g16_o1,16,ok,False,6.392968029871585,1.804261400742228,30.33897383324802
growth,0,7,hapibd,poisson_separate,g02_o1,2,ok,False,2.6531835254262184,1.6522613038979903,17.349385458044708
growth,0,7,hapibd,poisson_separate,g12_o1,12,ok,False,4.706251427104619,2.1881419733023586,36.82816004194319
growth,0,7,hapibd,poisson_separate,g15_o2,15,ok,False,1.011676996136337,2.002945220479221,29.766849583014846
growth,0,7,hapibd,poisson_separate,g21_o2,21,ok,False,1.7821829392574196,2.9002047780976135,43.44644841551781
growth,0,7,hapibd,poisson_separate,g09_o1,9,ok,False,2.1027304521434704,2.1434716994016605,35.714245417155325
growth,0,7,hapibd,poisson_separate,g19_o1,19,ok,False,2.0885328353656782,2.299495505088071,36.263137334026396
growth,0,7,hapibd,poisson_separate,g08_o1,8,ok,False,5.698136778651415,2.445210405363613,33.55693216715008
growth,0,7,hapibd,poisson_separate,g18_o1,18,ok,False,2.5015958992490788,2.0799247725531194,41.38709579128772
growth,0,7,hapibd,poisson_separate,g16_o2,16,ok,False,2.9361796411133385,3.570348488826015,42.75484549999237
growth,0,7,hapibd,poisson_separate,g22_o2,22,ok,False,1.6805669702779862,2.6871380918445142,43.44834691658616
growth,0,7,hapibd,poisson_separate,g12_o2,12,ok,False,1.136566210286532,1.8714301265475257,44.51567516569048
growth,0,7,hapibd,poisson_separate,g05_o1,5,ok,False,6.880524750768855,2.31544126123297,30.9648141246289
growth,0,7,hapibd,poisson_separate,g21_o1,21,ok,False,3.040281713512973,2.043080197147839,38.27139545790851
growth,0,7,hapibd,poisson_separate,g09_o2,9,ok,False,1.1217955183403046,2.3326034199478283,32.93311808351427
growth,0,7,hapibd,poisson_separate,g15_o1,15,ok,False,4.054581216710194,3.6264032193072677,26.97540137451142
growth,0,7,hapibd,poisson_separate,g01_o1,1,ok,False,4.731393499232547,2.040701886046935,17.47502858284861
growth,0,7,hapibd,poisson_separate,g11_o1,11,ok,False,5.869042367160136,2.1661778929989777,31.623586458154023
growth,0,7,hapibd,poisson_separate,g10_o1,10,ok,False,1.644137460006141,1.8224367165715303,28.777489749714732
growth,0,7,hapibd,poisson_separate,g04_o1,4,ok,False,12.390464546503935,1.9361666254690464,29.51771941781044
growth,0,7,hapibd,poisson_separate,g20_o1,20,ok,False,2.181079793889245,2.2093981384024928,36.68687999993563
growth,0,7,hapibd,poisson_separate,g08_o2,8,ok,False,7.338747404244126,2.503877460311183,37.88218125049025
growth,0,7,hapibd,poisson_separate,g14_o1,14,ok,False,3.1522276229289106,2.9687588003033247,33.043409707956016
growth,0,8,true,poisson_shared,g03_o1,3,ok,False,9.07525626404711,1.2155009936162233,15.752313874661922
growth,0,8,true,poisson_shared,g13_o1,13,ok,False,1.8588676707542757,1.5402180732276158,39.1089801248163
growth,0,8,true,poisson_shared,g07_o1,7,ok,False,7.490347461253157,1.5113266487575305,37.04240412544459
growth,0,8,true,poisson_shared,g17_o1,17,ok,False,11.535353189236705,1.6339977342178948,36.17364279180765
growth,0,8,true,poisson_shared,g06_o1,6,ok,False,2.574830691767921,1.8580866510034955,31.03061083238572
growth,0,8,true,poisson_shared,g22_o1,22,ok,False,20.467429610815916,1.8850715786841505,22.0542249167338
growth,0,8,true,poisson_shared,g16_o1,16,ok,False,1.350442142765553,1.798423980548215,33.556857583113015
growth,0,8,true,poisson_shared,g02_o1,2,ok,False,3.7874896061590584,0.9844584774110212,14.448094999417663
growth,0,8,true,poisson_shared,g12_o1,12,ok,False,2.4515198801060274,2.618532627142944,42.95397129189223
growth,0,8,true,poisson_shared,g15_o2,15,ok,False,1.1041735224876978,1.4268848953582007,24.328740208409727
growth,0,8,true,poisson_shared,g21_o2,21,ok,False,17.044485719625726,1.8457570355269974,31.962482540868223
growth,0,8,true,poisson_shared,g09_o1,9,ok,False,2.237223462737918,1.6593904259378733,34.07424608245492
growth,0,8,true,poisson_shared,g19_o1,19,ok,False,4.09926882302306,1.5272254980321804,29.969640833325684
growth,0,8,true,poisson_shared,g08_o1,8,ok,False,4.945802578675548,2.1903862813925308,31.241055792197585
growth,0,8,true,poisson_shared,g18_o1,18,ok,False,1.5481044184326662,2.038889748200131,35.465270875021815
growth,0,8,true,poisson_shared,g16_o2,16,ok,False,4.812910012775142,1.8852669259628345,28.90021958388388
growth,0,8,true,poisson_shared,g22_o2,22,ok,False,3.7710155798218357,2.0000669937798143,26.76643504202366
growth,0,8,true,poisson_shared,g12_o2,12,ok,False,1.0589212913467232,2.887689159298359,38.28551766742021
growth,0,8,true,poisson_shared,g05_o1,5,ok,False,8.867329021090438,1.5887182801289486,28.326150208711624
growth,0,8,true,poisson_shared,g21_o1,21,ok,False,25.969948550194662,1.5091276338462818,27.605876374989748
growth,0,8,true,poisson_shared,g09_o2,9,ok,False,1.434725617523726,1.7112355771704106,30.657107083126903
growth,0,8,true,poisson_shared,g15_o1,15,ok,False,1.100933829774765,1.5271747007984817,29.376713042147458
growth,0,8,true,poisson_shared,g01_o1,1,ok,False,22.477741354462186,1.2358293613627134,10.38699149992317
growth,0,8,true,poisson_shared,g11_o1,11,ok,False,5.56700581325608,1.5709933520133574,29.754229832440615
growth,0,8,true,poisson_shared,g10_o1,10,ok,False,2.2897970657890934,1.57582358978011,32.081800792366266
growth,0,8,true,poisson_shared,g04_o1,4,ok,False,1.500387361598458,1.4012633362576774,28.546576582826674
growth,0,8,true,poisson_shared,g20_o1,20,ok,False,5.376762796975723,1.4991896883442357,25.786547541618347
growth,0,8,true,poisson_shared,g08_o2,8,ok,False,1.0924592064509442,2.7070914620513484,29.212155583314598
growth,0,8,true,poisson_shared,g14_o1,14,ok,False,15.59863328814082,2.330232383246905,33.416855917312205
growth,0,8,true,poisson_separate,g03_o1,3,ok,False,3.484515872603283,1.8538980326283678,15.792998624965549
growth,0,8,true,poisson_separate,g13_o1,13,ok,False,4.755162017152787,2.247074304838681,42.60808325000107
growth,0,8,true,poisson_separate,g07_o1,7,ok,False,1.1548441718121856,3.286131513448812,36.581035166978836
growth,0,8,true,poisson_separate,g17_o1,17,ok,False,2.319295316837881,2.5996057067321052,34.97787137515843
growth,0,8,true,poisson_separate,g06_o1,6,ok,False,2.467458458888144,2.5869961134383312,38.46065070852637
growth,0,8,true,poisson_separate,g22_o1,22,ok,False,2.6409362682192676,2.4835487141697525,41.557739375159144
growth,0,8,true,poisson_separate,g16_o1,16,ok,False,1.8982942207304794,2.1186353120886685,32.82705866731703
growth,0,8,true,poisson_separate,g02_o1,2,ok,False,3.5503888556807373,1.9813235379396277,19.362188125029206
growth,0,8,true,poisson_separate,g12_o1,12,ok,False,2.0138378017130605,4.559996596986165,44.239697334356606
growth,0,8,true,poisson_separate,g15_o2,15,ok,False,3.15760369576326,1.6507341888729103,27.53210087493062
growth,0,8,true,poisson_separate,g21_o2,21,ok,False,1.8064031996194487,1.944955485421224,39.422877334058285
growth,0,8,true,poisson_separate,g09_o1,9,ok,False,3.311786996133171,2.1940494168955538,34.44753579236567
growth,0,8,true,poisson_separate,g19_o1,19,ok,False,1.2722895881667384,2.1625897024458336,37.7302762074396
growth,0,8,true,poisson_separate,g08_o1,8,ok,False,2.565899865817147,2.3008910871513475,34.24023220781237
growth,0,8,true,poisson_separate,g18_o1,18,ok,False,1.9845517093323735,1.9932864265816952,39.802860542200506
growth,0,8,true,poisson_separate,g16_o2,16,ok,False,7.489605344054592,2.2670787675139046,35.6803117915988
growth,0,8,true,poisson_separate,g22_o2,22,ok,False,3.0990672572574067,2.352250921852339,42.86069250013679
growth,0,8,true,poisson_separate,g12_o2,12,ok,False,9.248406379621795,1.8263438586466185,42.5477776248008
growth,0,8,true,poisson_separate,g05_o1,5,ok,False,8.142757066237307,2.15430618915265,34.393686125054955
growth,0,8,true,poisson_separate,g21_o1,21,ok,False,11.27453834534978,2.294457411306597,34.73515808302909
growth,0,8,true,poisson_separate,g09_o2,9,ok,False,1.1793710895532952,1.7249849665724424,32.61512183304876
growth,0,8,true,poisson_separate,g15_o1,15,ok,False,2.655895629518791,1.990260324525342,27.29805525019765
growth,0,8,true,poisson_separate,g01_o1,1,ok,False,4.384832372048633,1.5204872134662848,16.037171208299696
growth,0,8,true,poisson_separate,g11_o1,11,ok,False,7.434039951401762,2.079966551540808,29.579162291251123
growth,0,8,true,poisson_separate,g10_o1,10,ok,False,4.208315310157665,1.8962014051153755,26.996164916083217
growth,0,8,true,poisson_separate,g04_o1,4,ok,False,3.6308652144738707,2.380790640443414,30.664400999434292
growth,0,8,true,poisson_separate,g20_o1,20,ok,False,2.3037929682634735,2.439556108891381,34.233370625413954
growth,0,8,true,poisson_separate,g08_o2,8,ok,False,2.8683992812548067,2.199177477434648,43.74270079191774
growth,0,8,true,poisson_separate,g14_o1,14,ok,False,3.570769533758749,2.36436686265371,33.444727833382785
growth,0,8,hapibd,poisson_shared,g03_o1,3,ok,False,1.0287435292728737,1.1742053104302683,14.400267416611314
growth,0,8,hapibd,poisson_shared,g13_o1,13,ok,False,2.821617116451246,1.658489830965447,39.32680487539619
growth,0,8,hapibd,poisson_shared,g07_o1,7,ok,False,10.31931712471823,1.4167456769190976,41.03341979160905
growth,0,8,hapibd,poisson_shared,g17_o1,17,ok,False,12.747759288794981,1.4327132927505515,31.886100416071713
growth,0,8,hapibd,poisson_shared,g06_o1,6,ok,False,5.57838834018762,1.8392778148105902,33.99836162570864
growth,0,8,hapibd,poisson_shared,g22_o1,22,ok,False,3.1526356832851845,1.4920867973400462,20.394018125720322
growth,0,8,hapibd,poisson_shared,g16_o1,16,ok,False,1.0803399004567955,1.6072366546145973,34.42936395853758
growth,0,8,hapibd,poisson_shared,g02_o1,2,ok,False,4.559328009540741,1.1265350531396434,17.034867708571255
growth,0,8,hapibd,poisson_shared,g12_o1,12,ok,False,1.186651482942086,2.0847375119471367,46.05864462535828
growth,0,8,hapibd,poisson_shared,g15_o2,15,ok,False,1.0024301511731548,1.5389632777391011,25.8283812077716
growth,0,8,hapibd,poisson_shared,g21_o2,21,ok,False,3.3604013818328977,1.4868307275239185,32.229852832853794
growth,0,8,hapibd,poisson_shared,g09_o1,9,ok,False,3.934045341985923,2.4035735020649853,34.37434533331543
growth,0,8,hapibd,poisson_shared,g19_o1,19,ok,False,1.6021197297400136,1.6971242664944228,28.949217457324266
growth,0,8,hapibd,poisson_shared,g08_o1,8,ok,False,17.489767722274685,2.0390636015880976,31.46450670901686
growth,0,8,hapibd,poisson_shared,g18_o1,18,ok,False,20.088416786833477,1.898490875484524,37.96548237465322
growth,0,8,hapibd,poisson_shared,g16_o2,16,ok,False,3.628521126838979,1.8239698393529156,28.31754345819354
growth,0,8,hapibd,poisson_shared,g22_o2,22,ok,False,5.99911632321433,1.6314629063247,25.79093183297664
growth,0,8,hapibd,poisson_shared,g12_o2,12,ok,False,8.287395884344576,2.1378213946353615,36.96981520950794
growth,0,8,hapibd,poisson_shared,g05_o1,5,ok,False,14.38500369409714,1.3828642661017945,27.960725207813084
growth,0,8,hapibd,poisson_shared,g21_o1,21,ok,False,13.613389064797937,1.6640854738788846,28.292920333333313
growth,0,8,hapibd,poisson_shared,g09_o2,9,ok,False,1.60615080243213,1.8962752481528773,31.773436749354005
growth,0,8,hapibd,poisson_shared,g15_o1,15,ok,False,11.249039194301078,1.7269057901838976,23.352499040775
growth,0,8,hapibd,poisson_shared,g01_o1,1,ok,False,18.79863684171539,1.144230507170032,13.296089249663055
growth,0,8,hapibd,poisson_shared,g11_o1,11,ok,False,1.0800056913412397,2.167241970838581,32.932840624824166
growth,0,8,hapibd,poisson_shared,g10_o1,10,ok,False,5.202475905376103,1.559691210846836,35.94078624993563
growth,0,8,hapibd,poisson_shared,g04_o1,4,ok,False,4.461468160167158,2.28317792277375,33.35045525059104
growth,0,8,hapibd,poisson_shared,g20_o1,20,ok,False,8.582030592545657,2.0944359142172564,27.67249354161322
growth,0,8,hapibd,poisson_shared,g08_o2,8,ok,False,8.555858809946121,1.7849145102342971,33.90368350036442
growth,0,8,hapibd,poisson_shared,g14_o1,14,ok,False,3.618420823873852,1.5004606808210075,36.111405208706856
growth,0,8,hapibd,poisson_separate,g03_o1,3,ok,False,4.584993535468391,1.5882069873710285,17.01585870794952
growth,0,8,hapibd,poisson_separate,g13_o1,13,ok,False,1.8380367182244814,2.26461886179494,43.32755866739899
growth,0,8,hapibd,poisson_separate,g07_o1,7,ok,False,2.3489942464657863,2.245723443392638,35.24325129110366
growth,0,8,hapibd,poisson_separate,g17_o1,17,ok,False,6.208949382606712,2.0033440099851316,35.517871082760394
growth,0,8,hapibd,poisson_separate,g06_o1,6,ok,False,1.7707706105991798,2.216753491133881,38.027701958082616
growth,0,8,hapibd,poisson_separate,g22_o1,22,ok,False,4.413006952380052,2.812143808249679,41.24061895906925
growth,0,8,hapibd,poisson_separate,g16_o1,16,ok,False,2.1879564047359406,2.3677182605273135,32.14790758304298
growth,0,8,hapibd,poisson_separate,g02_o1,2,ok,False,3.482221114010518,1.897393547804988,18.62298429198563
growth,0,8,hapibd,poisson_separate,g12_o1,12,ok,False,2.8156755762358125,2.122675235997495,38.137223209254444
growth,0,8,hapibd,poisson_separate,g15_o2,15,ok,False,1.1890255389496096,1.7182684167492726,27.614691250026226
growth,0,8,hapibd,poisson_separate,g21_o2,21,ok,False,2.684396046659966,3.2163529669368196,41.42419075034559
growth,0,8,hapibd,poisson_separate,g09_o1,9,ok,False,1.8509300104287056,2.4601093773863782,35.9854793343693
growth,0,8,hapibd,poisson_separate,g19_o1,19,ok,False,1.3097333964385172,2.429449248903828,36.77792012505233
growth,0,8,hapibd,poisson_separate,g08_o1,8,ok,False,10.212127634268912,2.579737664810682,35.00058224983513
growth,0,8,hapibd,poisson_separate,g18_o1,18,ok,False,1.4512784975786186,1.7903139439615419,39.4693534579128
growth,0,8,hapibd,poisson_separate,g16_o2,16,ok,False,4.047896983055839,1.970279101907097,34.41573991719633
growth,0,8,hapibd,poisson_separate,g22_o2,22,ok,False,7.680999163191576,2.1014109086183184,45.18247783370316
growth,0,8,hapibd,poisson_separate,g12_o2,12,ok,False,2.4417602311687547,2.1591829806383114,39.10853312443942
growth,0,8,hapibd,poisson_separate,g05_o1,5,ok,False,1.095390793134953,2.3814086207616585,32.64736299961805
growth,0,8,hapibd,poisson_separate,g21_o1,21,ok,False,7.386377551766129,2.5453968060498093,37.42786629218608
growth,0,8,hapibd,poisson_separate,g09_o2,9,ok,False,1.2039189905376864,2.685221344286084,30.804995499551296
growth,0,8,hapibd,poisson_separate,g15_o1,15,ok,False,4.887369476094779,2.1494273408009468,26.89263854175806
growth,0,8,hapibd,poisson_separate,g01_o1,1,ok,False,4.274140634756002,1.6086375977667988,16.873157332651317
growth,0,8,hapibd,poisson_separate,g11_o1,11,ok,False,1.9948458825846394,2.1273402442788054,32.12646825052798
growth,0,8,hapibd,poisson_separate,g10_o1,10,ok,False,1.3097071084930565,2.360457504200457,31.016281166113913
growth,0,8,hapibd,poisson_separate,g04_o1,4,ok,False,3.1257010574704998,2.3942224639922607,31.34929237421602
growth,0,8,hapibd,poisson_separate,g20_o1,20,ok,False,4.295685531859685,1.964172731410282,36.898951415903866
growth,0,8,hapibd,poisson_separate,g08_o2,8,ok,False,6.623621484515396,2.415639656981335,39.96462666708976
growth,0,8,hapibd,poisson_separate,g14_o1,14,ok,False,2.308587158475672,1.8077214162332065,38.570742207579315
growth,0,9,true,poisson_shared,g03_o1,3,ok,False,7.486577500411811,1.4068066168539126,14.063861666247249
growth,0,9,true,poisson_shared,g13_o1,13,ok,False,1.1735635701980287,1.7243409978508848,36.91449975036085
growth,0,9,true,poisson_shared,g07_o1,7,ok,False,13.036437958998711,1.5466680623378843,42.997579582966864
growth,0,9,true,poisson_shared,g17_o1,17,ok,False,6.214126336280696,1.749239737144464,29.341029625386
growth,0,9,true,poisson_shared,g06_o1,6,ok,False,2.5957882349103776,1.7468250188121242,34.48287533316761
growth,0,9,true,poisson_shared,g22_o1,22,ok,False,9.508584193217239,2.0621289914496344,20.2310419594869
growth,0,9,true,poisson_shared,g16_o1,16,ok,False,11.934205037003949,1.8614481185741918,35.444325083866715
growth,0,9,true,poisson_shared,g02_o1,2,ok,False,2.5912194147354346,1.1368045919348528,12.942923041060567
growth,0,9,true,poisson_shared,g12_o1,12,ok,False,1.477282502464829,3.217489952566578,44.37569050025195
growth,0,9,true,poisson_shared,g15_o2,15,ok,False,2.294787898332288,1.3701909452162804,22.56089258287102
growth,0,9,true,poisson_shared,g21_o2,21,ok,False,1.0206035041398744,1.813947917666905,37.12962233275175
growth,0,9,true,poisson_shared,g09_o1,9,ok,False,3.3600061661357437,2.2326389259795514,34.62091904133558
growth,0,9,true,poisson_shared,g19_o1,19,ok,False,4.327975764973844,1.7610408823196702,26.740243082866073
growth,0,9,true,poisson_shared,g08_o1,8,ok,False,3.928235845491682,1.6196277788172333,36.77589266560972
growth,0,9,true,poisson_shared,g18_o1,18,ok,False,2.222114932486514,3.101214977839129,35.66449258290231
growth,0,9,true,poisson_shared,g16_o2,16,ok,False,1.3452223373601413,1.901134935904926,29.91968766693026
growth,0,9,true,poisson_shared,g22_o2,22,ok,False,2.6617069484156093,2.1372917623834273,23.859484834596515
growth,0,9,true,poisson_shared,g12_o2,12,ok,False,1.1454504068974944,2.106915814046251,37.79983375035226
growth,0,9,true,poisson_shared,g05_o1,5,ok,False,1.121747552797191,1.7379722490574414,30.43671795912087
growth,0,9,true,poisson_shared,g21_o1,21,ok,False,1.308387302857197,1.6156525942488478,27.714219958521426
growth,0,9,true,poisson_shared,g09_o2,9,ok,False,5.014274278627167,1.3854286576160444,31.336620999500155
growth,0,9,true,poisson_shared,g15_o1,15,ok,False,13.564396214361366,1.5312493144672994,25.25459162518382
growth,0,9,true,poisson_shared,g01_o1,1,ok,False,44.99279290217938,0.9302838022345443,13.371515499427915
growth,0,9,true,poisson_shared,g11_o1,11,ok,False,7.452686210804239,1.783729673847693,30.97028308454901
growth,0,9,true,poisson_shared,g10_o1,10,ok,False,2.1375825870950433,1.5765226784066813,32.07836537528783
growth,0,9,true,poisson_shared,g04_o1,4,ok,False,1.5435250058418177,2.0275885624222814,28.946684082970023
growth,0,9,true,poisson_shared,g20_o1,20,ok,False,3.3885583013223086,2.091392806278268,27.861894249916077
growth,0,9,true,poisson_shared,g08_o2,8,ok,False,13.736606485838808,1.881126664967564,29.570141416043043
growth,0,9,true,poisson_shared,g14_o1,14,ok,False,12.045347478627304,1.8191142303183925,31.997554540634155
growth,0,9,true,poisson_separate,g03_o1,3,ok,False,3.106595093861911,1.6155569321631467,16.41212745755911
growth,0,9,true,poisson_separate,g13_o1,13,ok,False,3.105148203643908,2.1459049935597645,40.4589860830456
growth,0,9,true,poisson_separate,g07_o1,7,ok,False,2.0335669595886596,2.000188419980494,36.675717250443995
growth,0,9,true,poisson_separate,g17_o1,17,ok,False,9.98553430405096,2.0615112163183795,36.632345125079155
growth,0,9,true,poisson_separate,g06_o1,6,ok,False,4.823183703841497,2.1625202708019176,36.48423524945974
growth,0,9,true,poisson_separate,g22_o1,22,ok,False,2.975968037691271,2.4756595723643615,42.50189658254385
growth,0,9,true,poisson_separate,g16_o1,16,ok,False,1.233994415800645,2.4212702942419546,31.501095624640584
growth,0,9,true,poisson_separate,g02_o1,2,ok,False,3.9956965942881677,3.155226011896563,18.677432499825954
growth,0,9,true,poisson_separate,g12_o1,12,ok,False,1.067340973113288,3.479326368769044,34.38877312466502
growth,0,9,true,poisson_separate,g15_o2,15,ok,False,1.6987633671253721,1.7295593726637408,29.686540125869215
growth,0,9,true,poisson_separate,g21_o2,21,ok,False,7.1671835909380865,2.045394285072057,42.62771120853722
growth,0,9,true,poisson_separate,g09_o1,9,ok,False,1.6367657995651828,1.9677265158263668,33.89916470833123
growth,0,9,true,poisson_separate,g19_o1,19,ok,False,1.0530305121072314,2.7905060121023793,40.278095667250454
growth,0,9,true,poisson_separate,g08_o1,8,ok,False,4.712054184503103,2.279067108692637,35.167689125053585
growth,0,9,true,poisson_separate,g18_o1,18,ok,False,3.3482048934780613,2.2113583443603404,41.31346583273262
growth,0,9,true,poisson_separate,g16_o2,16,ok,False,2.0716110700864347,2.9261251252731952,35.24263345822692
growth,0,9,true,poisson_separate,g22_o2,22,ok,False,1.2594936784104795,2.4256259604143375,44.18981933221221
growth,0,9,true,poisson_separate,g12_o2,12,ok,False,2.4912833136469335,2.2665751667428844,43.2120871655643
growth,0,9,true,poisson_separate,g05_o1,5,ok,False,6.835309303321574,1.9603705432594873,31.662491916678846
growth,0,9,true,poisson_separate,g21_o1,21,ok,False,3.7639458992335197,2.2617697011864264,37.432819874957204
growth,0,9,true,poisson_separate,g09_o2,9,ok,False,2.352503165207167,3.2872970903303362,31.928057207725942
growth,0,9,true,poisson_separate,g15_o1,15,ok,False,2.5874648888442198,2.2083381310960255,27.881976375356317
growth,0,9,true,poisson_separate,g01_o1,1,ok,False,8.480174224016162,1.6020250166226446,15.195948416367173
growth,0,9,true,poisson_separate,g11_o1,11,ok,False,1.0604326818378869,2.1388011766966457,29.245254166424274
growth,0,9,true,poisson_separate,g10_o1,10,ok,False,1.448881782399706,2.004425003554557,28.103807999752462
growth,0,9,true,poisson_separate,g04_o1,4,ok,False,9.926627492289775,2.3906762841771836,29.51465274952352
growth,0,9,true,poisson_separate,g20_o1,20,ok,False,6.801449016785232,2.6093322217431996,36.35273016709834
growth,0,9,true,poisson_separate,g08_o2,8,ok,False,9.434982713065288,2.072139813216392,40.60692041553557
growth,0,9,true,poisson_separate,g14_o1,14,ok,False,1.2127745368700213,2.1966930393924944,37.41832754109055
growth,0,9,hapibd,poisson_shared,g03_o1,3,ok,False,26.71442643809811,1.1853111072645608,15.458114500157535
growth,0,9,hapibd,poisson_shared,g13_o1,13,ok,False,3.431990854679341,1.5678790836975334,39.82346758432686
growth,0,9,hapibd,poisson_shared,g07_o1,7,ok,False,2.3047028192269448,1.694128635950973,36.73698733281344
growth,0,9,hapibd,poisson_shared,g17_o1,17,ok,False,4.8657099708052005,1.7409687344264166,32.79645679239184
growth,0,9,hapibd,poisson_shared,g06_o1,6,ok,False,3.6533214118466244,2.096487669398989,33.14274441637099
growth,0,9,hapibd,poisson_shared,g22_o1,22,ok,False,3.261514939296147,2.123031896790463,20.135045791976154
growth,0,9,hapibd,poisson_shared,g16_o1,16,ok,False,1.0689864846232953,2.1695053767609798,27.63069016672671
growth,0,9,hapibd,poisson_shared,g02_o1,2,ok,False,94.9863951068861,0.9856710304897196,16.251010791398585
growth,0,9,hapibd,poisson_shared,g12_o1,12,ok,False,3.3145747050145355,2.066854483214266,43.98488716688007
growth,0,9,hapibd,poisson_shared,g15_o2,15,ok,False,2.753193869127263,1.5416602756168603,23.709417125210166
growth,0,9,hapibd,poisson_shared,g21_o2,21,ok,False,9.142266845126253,2.358568989628365,38.01169566716999
growth,0,9,hapibd,poisson_shared,g09_o1,9,ok,False,2.9981459901887972,1.6306322277389078,28.634601624682546
growth,0,9,hapibd,poisson_shared,g19_o1,19,ok,False,1.6447905098779982,1.5766978943602508,28.452937708236277
growth,0,9,hapibd,poisson_shared,g08_o1,8,ok,False,2.0338992201387835,1.7760935870438417,37.34463074989617
growth,0,9,hapibd,poisson_shared,g18_o1,18,ok,False,5.809880571520377,2.17724259965616,35.380601541139185
growth,0,9,hapibd,poisson_shared,g16_o2,16,ok,False,1.0590573962008543,1.6590766149440297,28.306664291769266
growth,0,9,hapibd,poisson_shared,g22_o2,22,ok,False,2.349683814265845,1.9221482377739105,25.008177207782865
growth,0,9,hapibd,poisson_shared,g12_o2,12,ok,False,2.9264281493954303,4.790155877077196,33.18638879060745
growth,0,9,hapibd,poisson_shared,g05_o1,5,ok,False,2.4952519859222666,1.739799302320752,27.95714050065726
growth,0,9,hapibd,poisson_shared,g21_o1,21,ok,False,3.2552501964765845,1.692833838564482,30.017098459415138
growth,0,9,hapibd,poisson_shared,g09_o2,9,ok,False,2.0688149346340836,1.4814052550158086,31.54806258250028
growth,0,9,hapibd,poisson_shared,g15_o1,15,ok,False,4.629139580468041,1.5700957773180308,23.468538624234498
growth,0,9,hapibd,poisson_shared,g01_o1,1,ok,False,19.899904864592735,1.2645177382203758,13.828132709488273
growth,0,9,hapibd,poisson_shared,g11_o1,11,ok,False,2.5459295773074393,1.900518640562837,32.454018332995474
growth,0,9,hapibd,poisson_shared,g10_o1,10,ok,False,22.68884734262332,1.6566039254979343,28.117899917066097
growth,0,9,hapibd,poisson_shared,g04_o1,4,ok,False,3.537129129506199,1.902160421602181,29.719693540595472
growth,0,9,hapibd,poisson_shared,g20_o1,20,ok,False,8.065757053527042,1.6131268820346691,26.766342499293387
growth,0,9,hapibd,poisson_shared,g08_o2,8,ok,False,1.1215765541211766,1.8167713190600459,31.626413916237652
growth,0,9,hapibd,poisson_shared,g14_o1,14,ok,False,10.50787929423347,1.543120824387665,33.695833541452885
growth,0,9,hapibd,poisson_separate,g03_o1,3,ok,False,15.98196249648472,1.5632142615627562,16.35278799943626
growth,0,9,hapibd,poisson_separate,g13_o1,13,ok,False,2.748757284533816,2.278468476951765,40.33456658292562
growth,0,9,hapibd,poisson_separate,g07_o1,7,ok,False,4.844220144749341,2.1486665865600902,36.6373930843547
growth,0,9,hapibd,poisson_separate,g17_o1,17,ok,False,2.807237656861109,2.0951683207438982,33.752881665714085
growth,0,9,hapibd,poisson_separate,g06_o1,6,ok,False,1.3050610515997387,2.495935483534787,39.18667625077069
growth,0,9,hapibd,poisson_separate,g22_o1,22,ok,False,3.540998845681178,3.2941826900867652,43.58830749988556
growth,0,9,hapibd,poisson_separate,g16_o1,16,ok,False,3.0246798655361857,5.3907171960091675,28.21561333257705
growth,0,9,hapibd,poisson_separate,g02_o1,2,ok,False,4.430990818300097,1.6818044970477222,17.586041999980807
growth,0,9,hapibd,poisson_separate,g12_o1,12,ok,False,15.071232063543947,2.20015961101783,37.136471999809146
growth,0,9,hapibd,poisson_separate,g15_o2,15,ok,False,9.00436532995143,1.8002232021530633,28.42592137493193
growth,0,9,hapibd,poisson_separate,g21_o2,21,ok,False,1.5518022759570977,1.9670334652932222,40.68855387531221
growth,0,9,hapibd,poisson_separate,g09_o1,9,ok,False,1.3066353092532668,3.797332159357626,34.67015600018203
growth,0,9,hapibd,poisson_separate,g19_o1,19,ok,False,2.357369956407306,1.965659835089187,42.296896958723664
growth,0,9,hapibd,poisson_separate,g08_o1,8,ok,False,4.928885641923936,2.1764615285988578,33.23108504153788
growth,0,9,hapibd,poisson_separate,g18_o1,18,ok,False,1.4310414674745464,1.984607958599468,42.767276915721595
growth,0,9,hapibd,poisson_separate,g16_o2,16,ok,False,1.1162986355439912,2.2155958444913266,33.46012625005096
growth,0,9,hapibd,poisson_separate,g22_o2,22,ok,False,15.929747218203596,1.819281928130518,46.181432540528476
growth,0,9,hapibd,poisson_separate,g12_o2,12,ok,False,2.871034472669199,2.793974853896561,43.573513459414244
growth,0,9,hapibd,poisson_separate,g05_o1,5,ok,False,14.12759518856028,1.761312074143898,31.361515457741916
growth,0,9,hapibd,poisson_separate,g21_o1,21,ok,False,1.6442584087643821,2.302413106978214,38.130470832809806
growth,0,9,hapibd,poisson_separate,g09_o2,9,ok,False,7.487768890052045,1.8320970868062223,33.59293345827609
growth,0,9,hapibd,poisson_separate,g15_o1,15,ok,False,3.3324072170055903,1.6763665930138236,26.03983295802027
growth,0,9,hapibd,poisson_separate,g01_o1,1,ok,False,4.930005171428759,1.9231905166929506,16.583838500082493
growth,0,9,hapibd,poisson_separate,g11_o1,11,ok,False,4.853910444588267,1.7998165120376381,30.326989708468318
growth,0,9,hapibd,poisson_separate,g10_o1,10,ok,False,3.9263111168481357,1.8010584931063238,30.495758458971977
growth,0,9,hapibd,poisson_separate,g04_o1,4,ok,False,9.489813772732633,2.131540934933939,30.566397165879607
growth,0,9,hapibd,poisson_separate,g20_o1,20,ok,False,1.0358757971972405,2.016499378414589,35.2069635419175
growth,0,9,hapibd,poisson_separate,g08_o2,8,ok,False,1.030423944895734,2.888487700026258,37.755506792105734
growth,0,9,hapibd,poisson_separate,g14_o1,14,ok,False,1.5704746689477844,3.224979565820017,37.58234274946153
constant,0,0,true,poisson_shared,g03_o1,3,ok,False,2.8152048344652303,1.0969041147296283,16.78916808310896
constant,0,0,true,poisson_shared,g13_o1,13,ok,False,9.578434721798784,1.7856959273082664,33.400743167847395
constant,0,0,true,poisson_shared,g07_o1,7,ok,False,15.295492164538727,1.7602328616714171,37.404625416733325
constant,0,0,true,poisson_shared,g17_o1,17,ok,False,9.984391482190553,1.497561628279802,27.83244566526264
constant,0,0,true,poisson_shared,g06_o1,6,ok,False,3.7378412044629585,2.2066338845862816,34.17371491715312
constant,0,0,true,poisson_shared,g22_o1,22,ok,False,1.4777564898238031,1.9337628906012951,17.5000226655975
constant,0,0,true,poisson_shared,g16_o1,16,ok,False,4.715961291582694,1.5998409934684594,25.97589687537402
constant,0,0,true,poisson_shared,g02_o1,2,ok,False,2.1966436107420644,0.9434520730639481,12.401687708683312
constant,0,0,true,poisson_shared,g12_o1,12,ok,False,2.198803446193489,2.1697852289836534,39.33756154216826
constant,0,0,true,poisson_shared,g15_o2,15,ok,False,2.6502585918103474,1.646783947787548,20.268202333711088
constant,0,0,true,poisson_shared,g21_o2,21,ok,False,4.281631463966601,2.1764339661039434,28.523695208132267
constant,0,0,true,poisson_shared,g09_o1,9,ok,False,1.1911907259919476,1.8239838508521093,30.893382125534117
constant,0,0,true,poisson_shared,g19_o1,19,ok,False,15.166711045198385,1.5169706900017186,22.98468645848334
constant,0,0,true,poisson_shared,g08_o1,8,ok,False,1.7510514200673983,4.150186914272744,27.523053750395775
constant,0,0,true,poisson_shared,g18_o1,18,ok,False,13.245932152526965,1.731122494753599,38.01699224952608
constant,0,0,true,poisson_shared,g16_o2,16,ok,False,9.655321602979486,1.693064909575793,24.02066429145634
constant,0,0,true,poisson_shared,g22_o2,22,ok,False,4.424349169725599,1.7294899822473737,19.399266709573567
constant,0,0,true,poisson_shared,g12_o2,12,ok,False,3.0266843091929276,1.6139982306174452,31.215796541422606
constant,0,0,true,poisson_shared,g05_o1,5,ok,False,2.02673895393006,1.7450365473401832,25.391695791855454
constant,0,0,true,poisson_shared,g21_o1,21,ok,False,9.16925238716518,2.443534632995418,26.00286537501961
constant,0,0,true,poisson_shared,g09_o2,9,ok,False,3.6630276785213565,1.8249398928941396,30.235238624736667
constant,0,0,true,poisson_shared,g15_o1,15,ok,False,5.754611725276078,1.3451924944647435,20.126494833268225
constant,0,0,true,poisson_shared,g01_o1,1,ok,False,30.717296197486107,1.06533433705348,13.263644999824464
constant,0,0,true,poisson_shared,g11_o1,11,ok,False,2.4295257451761496,1.676119346624636,35.593313000164926
constant,0,0,true,poisson_shared,g10_o1,10,ok,False,14.781371195154602,1.5519406885330331,34.83095674961805
constant,0,0,true,poisson_shared,g04_o1,4,ok,False,5.248980046153344,1.3842997378329833,38.946762916632
constant,0,0,true,poisson_shared,g20_o1,20,ok,False,4.490468604466825,2.0691558014883262,26.64387158397585
constant,0,0,true,poisson_shared,g08_o2,8,ok,False,6.990448361564194,2.121172627995766,28.963291666470468
constant,0,0,true,poisson_shared,g14_o1,14,ok,False,10.223944683320706,1.7483026213090151,28.875440375879407
constant,0,0,true,poisson_separate,g03_o1,3,ok,False,2.5990230832469225,1.7116901488261955,17.950386959128082
constant,0,0,true,poisson_separate,g13_o1,13,ok,False,1.0215739738819505,2.1835023990970805,34.51990612503141
constant,0,0,true,poisson_separate,g07_o1,7,ok,False,12.369425916026827,2.697020378590211,38.677907291799784
constant,0,0,true,poisson_separate,g17_o1,17,ok,False,1.512647942827381,3.8418835036370274,32.29600479081273
constant,0,0,true,poisson_separate,g06_o1,6,ok,False,1.6012464003231632,2.1383572322930857,36.04406245891005
constant,0,0,true,poisson_separate,g22_o1,22,ok,False,9.482349393007354,2.7302999579975618,46.601339374668896
constant,0,0,true,poisson_separate,g16_o1,16,ok,False,3.536599883600481,2.5734557850324413,34.287341999821365
constant,0,0,true,poisson_separate,g02_o1,2,ok,False,2.204865508220027,1.5824960455473196,16.31290933303535
constant,0,0,true,poisson_separate,g12_o1,12,ok,False,9.27752725236827,2.4489467895420227,34.69176987558603
constant,0,0,true,poisson_separate,g15_o2,15,ok,False,1.0210076716675698,1.8720389924719099,29.195816291496158
constant,0,0,true,poisson_separate,g21_o2,21,ok,False,2.551491736856621,3.4296927906864525,38.346251249313354
constant,0,0,true,poisson_separate,g09_o1,9,ok,False,3.466745233289586,4.5180291587223,33.70928004197776
constant,0,0,true,poisson_separate,g19_o1,19,ok,False,2.044883601678839,3.3763717039418815,37.27193195745349
constant,0,0,true,poisson_separate,g08_o1,8,ok,False,4.411178282655746,2.1766287591919466,33.05191887449473
constant,0,0,true,poisson_separate,g18_o1,18,ok,False,1.1091294784012906,2.3213094126133313,40.25286020897329
constant,0,0,true,poisson_separate,g16_o2,16,ok,False,1.8291131765497533,2.6145535144568943,34.38336466718465
constant,0,0,true,poisson_separate,g22_o2,22,ok,False,2.040626774371723,2.3941035337773977,42.20236175041646
constant,0,0,true,poisson_separate,g12_o2,12,ok,False,8.742919554510982,2.008715079787145,45.20762912463397
constant,0,0,true,poisson_separate,g05_o1,5,ok,False,4.991218139160094,2.257745315301616,36.74094208423048
constant,0,0,true,poisson_separate,g21_o1,21,ok,False,1.7543265742551908,2.2454434628568656,41.25750149972737
constant,0,0,true,poisson_separate,g09_o2,9,ok,False,11.071499336643349,1.758466552934384,34.00123991724104
constant,0,0,true,poisson_separate,g15_o1,15,ok,False,4.034167357391397,1.9780733843996938,24.97553029190749
constant,0,0,true,poisson_separate,g01_o1,1,ok,False,5.176019543936835,1.441228272534807,16.276513375341892
constant,0,0,true,poisson_separate,g11_o1,11,ok,False,3.9745001482945725,1.9099423133269335,32.53769662510604
constant,0,0,true,poisson_separate,g10_o1,10,ok,False,4.636206896448562,2.2528975787270435,29.48226712550968
constant,0,0,true,poisson_separate,g04_o1,4,ok,False,1.7115439389913438,2.146397485698147,33.96324362512678
constant,0,0,true,poisson_separate,g20_o1,20,ok,False,2.7143548089870078,2.435798250909703,36.400357749313116
constant,0,0,true,poisson_separate,g08_o2,8,ok,False,2.3067605393175703,1.9844953110821022,34.30420470889658
constant,0,0,true,poisson_separate,g14_o1,14,ok,False,1.0488697395352993,2.49790777215215,36.502500833012164
constant,0,0,hapibd,poisson_shared,g03_o1,3,ok,False,22.931356069936378,1.1026277375819913,13.499549499712884
constant,0,0,hapibd,poisson_shared,g13_o1,13,ok,False,2.3993808047695073,1.5621434735043416,32.22378808353096
constant,0,0,hapibd,poisson_shared,g07_o1,7,ok,False,3.040841103926998,2.2037174782120967,36.85914754215628
constant,0,0,hapibd,poisson_shared,g17_o1,17,ok,False,1.4121444014932085,1.6355792786148506,26.162671625614166
constant,0,0,hapibd,poisson_shared,g06_o1,6,ok,False,6.9100765339299635,2.373168409633854,35.361875707283616
constant,0,0,hapibd,poisson_shared,g22_o1,22,ok,False,5.545124801279581,1.412470927565186,16.57214262522757
constant,0,0,hapibd,poisson_shared,g16_o1,16,ok,False,9.980954145720144,1.3337247546551398,30.206574708223343
constant,0,0,hapibd,poisson_shared,g02_o1,2,ok,False,20.325040281272187,1.174286253660849,13.395401624962687
constant,0,0,hapibd,poisson_shared,g12_o1,12,ok,False,10.153014438718936,1.559850555327057,40.400202666409314
constant,0,0,hapibd,poisson_shared,g15_o2,15,ok,False,16.796544513931593,1.4733925957848808,17.993663125671446
constant,0,0,hapibd,poisson_shared,g21_o2,21,ok,False,7.979536234733273,5.058829238007274,27.27336895931512
constant,0,0,hapibd,poisson_shared,g09_o1,9,ok,False,25.446952247358073,1.5471071789448598,32.35425787512213
constant,0,0,hapibd,poisson_shared,g19_o1,19,ok,False,21.402752807797143,1.5755461020170283,26.310771584510803
constant,0,0,hapibd,poisson_shared,g08_o1,8,ok,False,7.081673623630597,2.0742833757177834,30.87952158320695
constant,0,0,hapibd,poisson_shared,g18_o1,18,ok,False,12.287324919743313,1.5511323217264346,32.02592679206282
constant,0,0,hapibd,poisson_shared,g16_o2,16,ok,False,6.063768785796841,1.5194979779044269,23.613287707790732
constant,0,0,hapibd,poisson_shared,g22_o2,22,ok,False,6.367227804524752,1.6799848577093297,19.06652425043285
constant,0,0,hapibd,poisson_shared,g12_o2,12,ok,False,2.2271736938465305,1.5511564165090699,37.3149274578318
constant,0,0,hapibd,poisson_shared,g05_o1,5,ok,False,4.73998586593861,1.6677341508505323,28.83906849939376
constant,0,0,hapibd,poisson_shared,g21_o1,21,ok,False,2.303895087312459,2.3815912910632355,29.56014816649258
constant,0,0,hapibd,poisson_shared,g09_o2,9,ok,False,1.2427411875701206,1.813306655213714,33.08169812429696
constant,0,0,hapibd,poisson_shared,g15_o1,15,ok,False,1.0254707369476266,1.7913133507222252,20.952234249562025
constant,0,0,hapibd,poisson_shared,g01_o1,1,ok,False,1.3762548530539422,1.192955872389444,14.452352667227387
constant,0,0,hapibd,poisson_shared,g11_o1,11,ok,False,3.486159924686465,1.6741953517581873,34.65469929203391
constant,0,0,hapibd,poisson_shared,g10_o1,10,ok,False,1.7615098974412002,2.0549664138008046,35.161070625297725
constant,0,0,hapibd,poisson_shared,g04_o1,4,ok,False,4.012732524175077,1.4735828024747317,37.37196966726333
constant,0,0,hapibd,poisson_shared,g20_o1,20,ok,False,1.9183589452909582,1.8358721453483762,26.23769266717136
constant,0,0,hapibd,poisson_shared,g08_o2,8,ok,False,7.2795682879945165,1.7065696260046428,30.51650325022638
constant,0,0,hapibd,poisson_shared,g14_o1,14,ok,False,3.6476844555175845,1.7547304149749936,28.8515487909317
constant,0,0,hapibd,poisson_separate,g03_o1,3,ok,False,10.636495004146733,1.6303267422926468,17.791527749970555
constant,0,0,hapibd,poisson_separate,g13_o1,13,ok,False,4.200519118739284,2.0344598110490097,40.0376647496596
constant,0,0,hapibd,poisson_separate,g07_o1,7,ok,False,1.0609786390308964,5.027199016919553,33.7895496673882
constant,0,0,hapibd,poisson_separate,g17_o1,17,ok,False,2.1628798529933215,2.29048226855022,32.62805400043726
constant,0,0,hapibd,poisson_separate,g06_o1,6,ok,False,1.1161898587624455,2.8390715029685434,40.41663812473416
constant,0,0,hapibd,poisson_separate,g22_o1,22,ok,False,2.8009128776737104,2.214268751923775,40.192600624635816
constant,0,0,hapibd,poisson_separate,g16_o1,16,ok,False,6.808457136981117,1.9146861268727629,29.947208791971207
constant,0,0,hapibd,poisson_separate,g02_o1,2,ok,False,14.66927148023699,2.83588639363741,17.841259334236383
constant,0,0,hapibd,poisson_separate,g12_o1,12,ok,False,9.498943339124562,2.328575741729357,37.34439291711897
constant,0,0,hapibd,poisson_separate,g15_o2,15,ok,False,7.106222985806663,2.1050425493015026,29.634223624132574
constant,0,0,hapibd,poisson_separate,g21_o2,21,ok,False,1.3912260401133023,2.10324879707124,30.940019874833524
constant,0,0,hapibd,poisson_separate,g09_o1,9,ok,False,13.722101455359478,1.886769230309175,36.72677420824766
constant,0,0,hapibd,poisson_separate,g19_o1,19,ok,False,1.3809251161639207,2.1928523016324544,35.779718584381044
constant,0,0,hapibd,poisson_separate,g08_o1,8,ok,False,3.83467140134933,1.9585985523969238,44.12489674985409
constant,0,0,hapibd,poisson_separate,g18_o1,18,ok,False,4.155786837680367,2.181059145488142,33.64543079212308
constant,0,0,hapibd,poisson_separate,g16_o2,16,ok,False,3.3170001909696754,1.962019050466782,30.76160329207778
constant,0,0,hapibd,poisson_separate,g22_o2,22,ok,False,2.3560718851336913,2.2951285767404204,38.91670054104179
constant,0,0,hapibd,poisson_separate,g12_o2,12,ok,False,1.9467757893337234,2.1282110338296403,43.04470462538302
constant,0,0,hapibd,poisson_separate,g05_o1,5,ok,False,4.813225970091506,2.3784456123267788,33.42657345812768
constant,0,0,hapibd,poisson_separate,g21_o1,21,ok,False,3.9177470745786036,2.4509441268425722,37.219931500032544
constant,0,0,hapibd,poisson_separate,g09_o2,9,ok,False,15.09238339566329,2.029400281494886,36.828913250006735
constant,0,0,hapibd,poisson_separate,g15_o1,15,ok,False,8.271296555330897,1.7305930608769764,24.38600279111415
constant,0,0,hapibd,poisson_separate,g01_o1,1,ok,False,1.2502332492419717,1.7818169202943437,15.967691333033144
constant,0,0,hapibd,poisson_separate,g11_o1,11,ok,False,5.71898331431554,1.9859468489233805,34.65358920954168
constant,0,0,hapibd,poisson_separate,g10_o1,10,ok,False,2.134641845527149,2.718836295818363,29.400786167010665
constant,0,0,hapibd,poisson_separate,g04_o1,4,ok,False,1.7049712302680917,2.648689747417002,30.18703716713935
constant,0,0,hapibd,poisson_separate,g20_o1,20,ok,False,3.495005302943855,2.346313760240893,33.80695737525821
constant,0,0,hapibd,poisson_separate,g08_o2,8,ok,False,3.6653320254363995,1.8791174413479064,34.56593258399516
constant,0,0,hapibd,poisson_separate,g14_o1,14,ok,False,5.603103010710128,2.0111831554883595,33.81227287463844
constant,0,1,true,poisson_shared,g03_o1,3,ok,False,40.988368432560804,1.019376047705028,12.57785908319056
constant,0,1,true,poisson_shared,g13_o1,13,ok,False,1.211986771890551,1.5099370684165754,38.3599634161219
constant,0,1,true,poisson_shared,g07_o1,7,ok,False,1.437931268252138,1.8271196261329292,39.02654683403671
constant,0,1,true,poisson_shared,g17_o1,17,ok,False,1.802451673371158,1.4331145585033112,22.66197895910591
constant,0,1,true,poisson_shared,g06_o1,6,ok,False,1.4292867911122051,1.8840171661402347,31.79314837511629
constant,0,1,true,poisson_shared,g22_o1,22,ok,False,1.1737666163207359,1.9318434475687027,18.774086999706924
constant,0,1,true,poisson_shared,g16_o1,16,ok,False,1.7238931778524573,2.5378955894184747,29.89368095807731
constant,0,1,true,poisson_shared,g02_o1,2,ok,False,5.710876742732374,1.0676064184922918,13.810896458104253
constant,0,1,true,poisson_shared,g12_o1,12,ok,False,1.374107892399161,2.3294676762535858,40.64283154066652
constant,0,1,true,poisson_shared,g15_o2,15,ok,False,42.59125799595957,1.5279134247223973,22.63105862494558
constant,0,1,true,poisson_shared,g21_o2,21,ok,False,1.749859736028227,2.285218685226339,28.658017374575138
constant,0,1,true,poisson_shared,g09_o1,9,ok,False,7.531746737027666,1.710081940527067,29.738755041733384
constant,0,1,true,poisson_shared,g19_o1,19,ok,False,17.087662067072614,1.698533823153272,29.76884908322245
constant,0,1,true,poisson_shared,g08_o1,8,ok,False,2.6251457514236503,2.7241229527105393,28.159396750852466
constant,0,1,true,poisson_shared,g18_o1,18,ok,False,5.9050698779802415,2.222159107224618,35.472631459124386
constant,0,1,true,poisson_shared,g16_o2,16,ok,False,3.1155707908261916,1.354846037778329,28.701043667271733
constant,0,1,true,poisson_shared,g22_o2,22,ok,False,2.1045083588042233,1.9523527763614446,19.675125583074987
constant,0,1,true,poisson_shared,g12_o2,12,ok,False,3.374903859150353,1.7916352057942648,33.27164574991912
constant,0,1,true,poisson_shared,g05_o1,5,ok,False,4.325197132994454,3.1529906814291495,30.622182458639145
constant,0,1,true,poisson_shared,g21_o1,21,ok,False,11.630402477115913,4.365670998647378,27.79061666689813
constant,0,1,true,poisson_shared,g09_o2,9,ok,False,6.019663721361027,3.559304772847387,37.98295066691935
constant,0,1,true,poisson_shared,g15_o1,15,ok,False,6.574889267946741,1.4812471452534168,18.312365375459194
constant,0,1,true,poisson_shared,g01_o1,1,ok,False,24.746775377555515,1.201647665667011,11.339560208842158
constant,0,1,true,poisson_shared,g11_o1,11,ok,False,3.987233795855399,2.0121548309413235,33.108868290670216
constant,0,1,true,poisson_shared,g10_o1,10,ok,False,2.9793662578478544,1.7920536201686912,31.903420416638255
constant,0,1,true,poisson_shared,g04_o1,4,ok,False,4.055282848544059,1.6129875581121622,30.712397625669837
constant,0,1,true,poisson_shared,g20_o1,20,ok,False,1.8493680240809482,2.085729384714254,28.05758299957961
constant,0,1,true,poisson_shared,g08_o2,8,ok,False,16.64755333543646,1.9523282836435625,30.715553542599082
constant,0,1,true,poisson_shared,g14_o1,14,ok,False,8.048722579541625,1.7698503261431147,29.744082249701023
constant,0,1,true,poisson_separate,g03_o1,3,ok,False,4.405003922228127,1.4288649050733677,16.613630458712578
constant,0,1,true,poisson_separate,g13_o1,13,ok,False,5.265456955662397,2.48606180936643,38.41611225064844
constant,0,1,true,poisson_separate,g07_o1,7,ok,False,5.213084625543781,2.6997251425892927,39.03559966664761
constant,0,1,true,poisson_separate,g17_o1,17,ok,False,7.767148324954978,2.336887277563987,33.96134312450886
constant,0,1,true,poisson_separate,g06_o1,6,ok,False,7.319063644228076,1.9610621815857798,33.52327429223806
constant,0,1,true,poisson_separate,g22_o1,22,ok,False,5.309884276676157,2.079553029769607,40.29810991603881
constant,0,1,true,poisson_separate,g16_o1,16,ok,False,3.082492639137173,2.240783983787972,33.48910766746849
constant,0,1,true,poisson_separate,g02_o1,2,ok,False,2.7262137393861248,2.1393239186521518,17.160612209700048
constant,0,1,true,poisson_separate,g12_o1,12,ok,False,24.277967130468667,2.119528207935691,37.18046879209578
constant,0,1,true,poisson_separate,g15_o2,15,ok,False,3.7762305528811084,1.9635959824673357,32.09449116606265
constant,0,1,true,poisson_separate,g21_o2,21,ok,False,2.324343368959524,2.273462022437191,36.58399041648954
constant,0,1,true,poisson_separate,g09_o1,9,ok,False,2.978799189997349,2.0622629482726276,39.823402625508606
constant,0,1,true,poisson_separate,g19_o1,19,ok,False,8.24098756506585,1.821002701184688,43.29793212469667
constant,0,1,true,poisson_separate,g08_o1,8,ok,False,2.190615698577125,1.7687174988177734,38.96153054200113
constant,0,1,true,poisson_separate,g18_o1,18,ok,False,5.124293914327229,2.3166106352194253,34.89162058290094
constant,0,1,true,poisson_separate,g16_o2,16,ok,False,15.004795436278176,2.0290249862906236,39.259592458605766
constant,0,1,true,poisson_separate,g22_o2,22,ok,False,1.2651712752547766,2.0157297534598784,49.82922508288175
constant,0,1,true,poisson_separate,g12_o2,12,ok,False,11.59414603048846,2.0694328680059,39.75419362448156
constant,0,1,true,poisson_separate,g05_o1,5,ok,False,3.5795380241077255,1.8439910661253776,34.08505220897496
constant,0,1,true,poisson_separate,g21_o1,21,ok,False,2.6399286975260865,2.611741720612248,40.25847216695547
constant,0,1,true,poisson_separate,g09_o2,9,ok,False,1.2445894660762113,1.9409828499281858,36.77143224980682
constant,0,1,true,poisson_separate,g15_o1,15,ok,False,9.046308624358893,2.1276381386193313,25.082065374590456
constant,0,1,true,poisson_separate,g01_o1,1,ok,False,3.8607132448185277,1.8282213307761161,14.99799000006169
constant,0,1,true,poisson_separate,g11_o1,11,ok,False,4.566833043242126,2.513061231958033,31.77000329270959
constant,0,1,true,poisson_separate,g10_o1,10,ok,False,5.67824922223797,1.9115239014998595,31.124265584163368
constant,0,1,true,poisson_separate,g04_o1,4,ok,False,1.1159521035358373,2.1735191042011945,28.146378041245043
constant,0,1,true,poisson_separate,g20_o1,20,ok,False,1.5191636222097045,2.3196722302212422,38.948417166247964
constant,0,1,true,poisson_separate,g08_o2,8,ok,False,7.194122014165944,2.06326660183939,34.52616137545556
constant,0,1,true,poisson_separate,g14_o1,14,ok,False,3.4871527704603555,2.5720141159782024,38.72627225052565
constant,0,1,hapibd,poisson_shared,g03_o1,3,ok,False,1.0025602947891479,1.1740393550628885,13.636774541810155
constant,0,1,hapibd,poisson_shared,g13_o1,13,ok,False,1.149558683253688,1.771953175320038,35.141596167348325
constant,0,1,hapibd,poisson_shared,g07_o1,7,ok,False,4.098370489962262,1.7848498631800114,30.648326666094363
constant,0,1,hapibd,poisson_shared,g17_o1,17,ok,False,10.711143159873705,1.8804707924920385,28.082979707978666
constant,0,1,hapibd,poisson_shared,g06_o1,6,ok,False,7.089014801181314,1.5407975605419184,32.401713041588664
constant,0,1,hapibd,poisson_shared,g22_o1,22,ok,False,3.139433870796168,1.3590880160382028,18.741379792802036
constant,0,1,hapibd,poisson_shared,g16_o1,16,ok,False,1.0246938105444316,1.6580217668691806,30.80906725022942
constant,0,1,hapibd,poisson_shared,g02_o1,2,ok,False,3.287886522288872,1.0694856436700366,15.353298041969538
constant,0,1,hapibd,poisson_shared,g12_o1,12,ok,False,3.9352838739394627,3.1194472203285977,41.95779674965888
constant,0,1,hapibd,poisson_shared,g15_o2,15,ok,False,4.122541961369214,1.5367790732834634,24.657281208783388
constant,0,1,hapibd,poisson_shared,g21_o2,21,ok,False,23.128838681134777,1.383827284097279,28.34366379212588
constant,0,1,hapibd,poisson_shared,g09_o1,9,ok,False,4.185805957780545,2.6162868874983976,30.440643542446196
constant,0,1,hapibd,poisson_shared,g19_o1,19,ok,False,1.683350471884121,1.3704476005339332,31.49048045836389
constant,0,1,hapibd,poisson_shared,g08_o1,8,ok,False,4.914023698265917,1.6594433266902244,33.54832991678268
constant,0,1,hapibd,poisson_shared,g18_o1,18,ok,False,1.0520511261384642,3.0883362416005364,37.2172272503376
constant,0,1,hapibd,poisson_shared,g16_o2,16,ok,False,2.7290778815199337,1.6040358797744794,29.093419292010367
constant,0,1,hapibd,poisson_shared,g22_o2,22,ok,False,8.092200399878191,1.8124963739151663,21.46708916593343
constant,0,1,hapibd,poisson_shared,g12_o2,12,ok,False,1.177298110473497,1.9058867138916462,32.739357749931514
constant,0,1,hapibd,poisson_shared,g05_o1,5,ok,False,2.922451204859306,1.8924108458147084,39.96114774979651
constant,0,1,hapibd,poisson_shared,g21_o1,21,ok,False,1.3633659797552404,1.5055389313674976,24.500272625125945
constant,0,1,hapibd,poisson_shared,g09_o2,9,ok,False,1.9624927969571102,1.787495981961007,43.80758091621101
constant,0,1,hapibd,poisson_shared,g15_o1,15,ok,False,47.05738098143808,1.3870672647753228,18.707403500564396
constant,0,1,hapibd,poisson_shared,g01_o1,1,ok,False,2.375100043280431,1.1911475957553266,13.739652333781123
constant,0,1,hapibd,poisson_shared,g11_o1,11,ok,False,4.878967200800083,1.8467803586836657,32.039931332692504
constant,0,1,hapibd,poisson_shared,g10_o1,10,ok,False,21.36524958001561,1.6989079711074624,30.88211958296597
constant,0,1,hapibd,poisson_shared,g04_o1,4,ok,False,6.873062142713647,1.818162368940159,32.64263191726059
constant,0,1,hapibd,poisson_shared,g20_o1,20,ok,False,14.77048533042201,1.7830362509924447,24.25723358336836
constant,0,1,hapibd,poisson_shared,g08_o2,8,ok,False,6.871438424610271,2.6370839302921505,30.863090249709785
constant,0,1,hapibd,poisson_shared,g14_o1,14,ok,False,2.3768503957006346,1.9524619886903223,30.539560083299875
constant,0,1,hapibd,poisson_separate,g03_o1,3,ok,False,4.788624586570675,1.610483492283726,15.418642999604344
constant,0,1,hapibd,poisson_separate,g13_o1,13,ok,False,1.5758628574245477,2.24742146758353,36.16499075014144
constant,0,1,hapibd,poisson_separate,g07_o1,7,ok,False,1.192581808303331,2.3520386979615537,38.62442516628653
constant,0,1,hapibd,poisson_separate,g17_o1,17,ok,False,1.2716301518196567,2.465807691030649,32.551460875198245
constant,0,1,hapibd,poisson_separate,g06_o1,6,ok,False,4.237567075276777,2.5251447342717266,37.48798908293247
constant,0,1,hapibd,poisson_separate,g22_o1,22,ok,False,1.1460087766318494,2.3926341893948573,36.00031599961221
constant,0,1,hapibd,poisson_separate,g16_o1,16,ok,False,3.028889044654369,2.2403497430788812,33.85440958291292
constant,0,1,hapibd,poisson_separate,g02_o1,2,ok,False,1.0543242509754398,2.831439451224882,16.18780987523496
constant,0,1,hapibd,poisson_separate,g12_o1,12,ok,False,8.121393384954388,3.091636641661043,35.67423137463629
constant,0,1,hapibd,poisson_separate,g15_o2,15,ok,False,2.5521141452920086,2.3851946431444886,31.602986125275493
constant,0,1,hapibd,poisson_separate,g21_o2,21,ok,False,1.6311869618393104,2.2378339528135873,32.682016832754016
constant,0,1,hapibd,poisson_separate,g09_o1,9,ok,False,2.500955178034707,2.1446286326698614,32.269486541859806
constant,0,1,hapibd,poisson_separate,g19_o1,19,ok,False,5.907935868108783,2.1267492535539856,38.31628470867872
constant,0,1,hapibd,poisson_separate,g08_o1,8,ok,False,1.1597671101297922,2.114446921636871,40.388908999972045
constant,0,1,hapibd,poisson_separate,g18_o1,18,ok,False,5.298219860853154,2.405923074432059,33.38105845823884
constant,0,1,hapibd,poisson_separate,g16_o2,16,ok,False,1.9185413801411406,1.98642721306327,33.501837542280555
constant,0,1,hapibd,poisson_separate,g22_o2,22,ok,False,6.002283673612618,1.9346472158390446,44.02320700045675
constant,0,1,hapibd,poisson_separate,g12_o2,12,ok,False,2.6989552817143614,1.8405884688506333,37.41850212495774
constant,0,1,hapibd,poisson_separate,g05_o1,5,ok,False,2.7857374347256565,2.0608914965812355,30.30223612487316
constant,0,1,hapibd,poisson_separate,g21_o1,21,ok,False,2.9139572183331315,2.180833383762042,35.89546983316541
constant,0,1,hapibd,poisson_separate,g09_o2,9,ok,False,1.1498197326094206,2.6437706222976076,39.063952166587114
constant,0,1,hapibd,poisson_separate,g15_o1,15,ok,False,4.339114802996476,1.8441408251760951,26.032042667269707
constant,0,1,hapibd,poisson_separate,g01_o1,1,ok,False,8.18128491450408,1.7869628678023592,15.595851541496813
constant,0,1,hapibd,poisson_separate,g11_o1,11,ok,False,4.784475604571487,1.9232987534440267,29.2787503330037
constant,0,1,hapibd,poisson_separate,g10_o1,10,ok,False,3.7523736958153733,2.0284987422392433,29.159389667212963
constant,0,1,hapibd,poisson_separate,g04_o1,4,ok,False,1.3076390889144955,2.454627577881937,29.814367707818747
constant,0,1,hapibd,poisson_separate,g20_o1,20,ok,False,2.0626172286415136,2.0993857128095494,34.77296791691333
constant,0,1,hapibd,poisson_separate,g08_o2,8,ok,False,2.3230537548704455,3.1199769701300766,32.900917291641235
constant,0,1,hapibd,poisson_separate,g14_o1,14,ok,False,2.633670970124739,2.094913962538874,33.85867370758206
constant,0,2,true,poisson_shared,g03_o1,3,ok,False,21.909125308700798,1.1898728314651188,12.581513999961317
constant,0,2,true,poisson_shared,g13_o1,13,ok,False,2.3209640916217444,2.1118487394710113,36.22842549998313
constant,0,2,true,poisson_shared,g07_o1,7,ok,False,3.0257603360995664,2.733017827694597,34.167384499683976
constant,0,2,true,poisson_shared,g17_o1,17,ok,False,5.719209576698557,1.5699704547955313,26.96778362430632
constant,0,2,true,poisson_shared,g06_o1,6,ok,False,6.328093281524442,1.7681457959424496,36.9780175415799
constant,0,2,true,poisson_shared,g22_o1,22,ok,False,5.611937069093314,1.6859764652751215,17.67049791663885
constant,0,2,true,poisson_shared,g16_o1,16,ok,False,3.3300071790962806,1.5237306398535875,29.959006667137146
constant,0,2,true,poisson_shared,g02_o1,2,ok,False,22.011120318335035,1.0962497220866998,14.201519208028913
constant,0,2,true,poisson_shared,g12_o1,12,ok,False,3.8607588959333805,2.5617336272897524,39.945928500033915
constant,0,2,true,poisson_shared,g15_o2,15,ok,False,24.755663956956724,1.5469154345685694,24.875759333372116
constant,0,2,true,poisson_shared,g21_o2,21,ok,False,3.1946007032951718,1.725798838580303,28.793107707984746
constant,0,2,true,poisson_shared,g09_o1,9,ok,False,3.461623402674873,1.473954034454563,30.352280791848898
constant,0,2,true,poisson_shared,g19_o1,19,ok,False,2.322821727221228,1.584143377863867,34.53244995791465
constant,0,2,true,poisson_shared,g08_o1,8,ok,False,1.5520771377698934,2.16880558105206,30.517619791440666
constant,0,2,true,poisson_shared,g18_o1,18,ok,False,3.5350614181027216,1.98305446626483,32.97718920838088
constant,0,2,true,poisson_shared,g16_o2,16,ok,False,6.52669636132655,1.759670277107732,26.336468749679625
constant,0,2,true,poisson_shared,g22_o2,22,ok,False,13.859153498565755,1.801728298536838,21.54234708286822
constant,0,2,true,poisson_shared,g12_o2,12,ok,False,2.5699769707580096,1.7831884278673285,30.972972000017762
constant,0,2,true,poisson_shared,g05_o1,5,ok,False,2.825510898456812,2.229778015078468,35.15138833317906
constant,0,2,true,poisson_shared,g21_o1,21,ok,False,3.2306617956570047,3.357084489350446,27.557518624700606
constant,0,2,true,poisson_shared,g09_o2,9,ok,False,3.1410073113131283,2.624072343513171,28.19922237470746
constant,0,2,true,poisson_shared,g15_o1,15,ok,False,1.152935715143887,1.6494160057903886,20.018007459118962
constant,0,2,true,poisson_shared,g01_o1,1,ok,False,27.229814638328648,1.057965685837691,15.195357833057642
constant,0,2,true,poisson_shared,g11_o1,11,ok,False,6.746131050134509,1.5093273693142721,34.73348020762205
constant,0,2,true,poisson_shared,g10_o1,10,ok,False,2.3359080819743383,1.7261077719151336,28.97131233289838
constant,0,2,true,poisson_shared,g04_o1,4,ok,False,12.802982742472462,1.5869338042804684,35.77239445783198
constant,0,2,true,poisson_shared,g20_o1,20,ok,False,8.115990230427837,1.448567778609971,28.312041541561484
constant,0,2,true,poisson_shared,g08_o2,8,ok,False,1.1482335205084404,4.054073670250722,29.979714499786496
constant,0,2,true,poisson_shared,g14_o1,14,ok,False,2.0048011281674905,2.174110851540548,26.97642737533897
constant,0,2,true,poisson_separate,g03_o1,3,ok,False,15.892001093657749,1.6504145072598768,16.129999792203307
constant,0,2,true,poisson_separate,g13_o1,13,ok,False,1.2743944300789753,2.290762203158583,43.705691625364125
constant,0,2,true,poisson_separate,g07_o1,7,ok,False,3.100611095257188,2.4680183897131087,37.248558291234076
constant,0,2,true,poisson_separate,g17_o1,17,ok,False,1.6199632637605559,2.242232995444777,33.16634837444872
constant,0,2,true,poisson_separate,g06_o1,6,ok,False,3.2070109082589315,2.499445173463126,34.5629476653412
constant,0,2,true,poisson_separate,g22_o1,22,ok,False,1.2853519455716171,2.7737049237518465,41.25910454057157
constant,0,2,true,poisson_separate,g16_o1,16,ok,False,1.2952368061766129,2.109155073709605,32.89455516729504
constant,0,2,true,poisson_separate,g02_o1,2,ok,False,3.909924742768539,1.8078292950198322,16.94122629147023
constant,0,2,true,poisson_separate,g12_o1,12,ok,False,1.0262591840123627,1.8425996556414712,38.54982816707343
constant,0,2,true,poisson_separate,g15_o2,15,ok,False,9.737584754419824,1.8435927179134959,31.727206625044346
constant,0,2,true,poisson_separate,g21_o2,21,ok,False,9.470037909024958,2.4159476742308956,35.142361249774694
constant,0,2,true,poisson_separate,g09_o1,9,ok,False,1.8889141547713981,2.9821965061731466,38.251742790453136
constant,0,2,true,poisson_separate,g19_o1,19,ok,False,3.3986291667352546,2.0690060052009134,40.32480787485838
constant,0,2,true,poisson_separate,g08_o1,8,ok,False,2.781969519114019,2.731215543472489,43.42576020769775
constant,0,2,true,poisson_separate,g18_o1,18,ok,False,1.1364547145950252,2.0743631337604413,37.6854712087661
constant,0,2,true,poisson_separate,g16_o2,16,ok,False,1.9318190903633257,2.9053536577981363,38.258983083069324
constant,0,2,true,poisson_separate,g22_o2,22,ok,False,3.95165073779855,3.1446063873229217,48.848964042030275
constant,0,2,true,poisson_separate,g12_o2,12,ok,False,3.210665428911734,2.0351329572273387,38.097457458265126
constant,0,2,true,poisson_separate,g05_o1,5,ok,False,1.5631376181881493,4.478696395400751,36.84583387430757
constant,0,2,true,poisson_separate,g21_o1,21,ok,False,6.455214199714049,1.908199870056714,38.48537145741284
constant,0,2,true,poisson_separate,g09_o2,9,ok,False,1.8028979582092854,2.1997371398323433,37.755673750303686
constant,0,2,true,poisson_separate,g15_o1,15,ok,False,10.443384132025933,1.73817151497393,25.724853583611548
constant,0,2,true,poisson_separate,g01_o1,1,ok,False,3.612280821493469,1.5954990609294504,15.928038333542645
constant,0,2,true,poisson_separate,g11_o1,11,ok,False,3.4318658355448552,1.9279596477892242,29.31116954050958
constant,0,2,true,poisson_separate,g10_o1,10,ok,False,3.4680413921497326,2.5988866542095113,28.050952666439116
constant,0,2,true,poisson_separate,g04_o1,4,ok,False,1.814732263796329,2.2608007709610405,29.605054375715554
constant,0,2,true,poisson_separate,g20_o1,20,ok,False,1.0050770493343157,3.252525982828847,39.574048957787454
constant,0,2,true,poisson_separate,g08_o2,8,ok,False,1.0038513182718325,2.1041339049186574,35.35163254104555
constant,0,2,true,poisson_separate,g14_o1,14,ok,False,6.7473745274706785,2.175097895599674,34.15037874970585
constant,0,2,hapibd,poisson_shared,g03_o1,3,ok,False,15.360306406223684,1.0871875137487341,16.48743391595781
constant,0,2,hapibd,poisson_shared,g13_o1,13,ok,False,15.017730272472948,1.709096249508635,38.220160415396094
constant,0,2,hapibd,poisson_shared,g07_o1,7,ok,False,4.2200150457501655,2.2294784290616385,30.397294250316918
constant,0,2,hapibd,poisson_shared,g17_o1,17,ok,False,13.648098470254153,1.5453356153548479,28.41325525008142
constant,0,2,hapibd,poisson_shared,g06_o1,6,ok,False,1.4666903793784916,2.8001903544802187,32.95437566656619
constant,0,2,hapibd,poisson_shared,g22_o1,22,ok,False,4.206369020231808,1.7383323703031457,18.46187591738999
constant,0,2,hapibd,poisson_shared,g16_o1,16,ok,False,1.146236044405889,2.0686903964483006,30.722259082831442
constant,0,2,hapibd,poisson_shared,g02_o1,2,ok,False,1.0883809309817207,1.085171893460715,12.994153999723494
constant,0,2,hapibd,poisson_shared,g12_o1,12,ok,False,2.4323747881639655,2.3534169390589565,41.810967084020376
constant,0,2,hapibd,poisson_shared,g15_o2,15,ok,False,7.888041709750373,1.5380682704331732,20.523527957499027
constant,0,2,hapibd,poisson_shared,g21_o2,21,ok,False,1.6232405641657046,2.4980825409643583,25.919141249731183
constant,0,2,hapibd,poisson_shared,g09_o1,9,ok,False,1.548572712542121,2.46864268049957,29.099733458831906
constant,0,2,hapibd,poisson_shared,g19_o1,19,ok,False,6.344377988600643,1.8731442648862067,32.302109708078206
constant,0,2,hapibd,poisson_shared,g08_o1,8,ok,False,4.960313916967111,2.1709393034887534,34.55104470811784
constant,0,2,hapibd,poisson_shared,g18_o1,18,ok,False,5.559278724374997,2.3350426076511224,32.975911332294345
constant,0,2,hapibd,poisson_shared,g16_o2,16,ok,False,3.326741116888717,1.9460180833081198,27.95165312476456
constant,0,2,hapibd,poisson_shared,g22_o2,22,ok,False,5.914959258034765,1.4219835043338822,17.883887791074812
constant,0,2,hapibd,poisson_shared,g12_o2,12,ok,False,7.835234876069739,5.633912769336398,31.596156042069197
constant,0,2,hapibd,poisson_shared,g05_o1,5,ok,False,2.1627916298573986,2.8610375204290723,30.667728166095912
constant,0,2,hapibd,poisson_shared,g21_o1,21,ok,False,6.296418031495797,3.143229011967166,27.04248895868659
constant,0,2,hapibd,poisson_shared,g09_o2,9,ok,False,1.6184528703937084,1.9442011963498818,31.426746666431427
constant,0,2,hapibd,poisson_shared,g15_o1,15,ok,False,8.656677683756445,1.2036165973416872,20.088692999444902
constant,0,2,hapibd,poisson_shared,g01_o1,1,ok,False,42.771858230411524,1.1034225856322204,15.916031916625798
constant,0,2,hapibd,poisson_shared,g11_o1,11,ok,False,4.030300132030692,1.6014758360125376,37.652548499405384
constant,0,2,hapibd,poisson_shared,g10_o1,10,ok,False,1.5564526808694643,1.8118942505423685,30.904947041533887
constant,0,2,hapibd,poisson_shared,g04_o1,4,ok,False,1.7026210732614786,1.42232001641607,40.331648625433445
constant,0,2,hapibd,poisson_shared,g20_o1,20,ok,False,6.724540820397767,1.9631039451041399,28.77589074987918
constant,0,2,hapibd,poisson_shared,g08_o2,8,ok,False,2.8526076278360617,2.2069999812479284,29.38038958236575
constant,0,2,hapibd,poisson_shared,g14_o1,14,ok,False,8.663453201376699,1.4111474164135738,33.2594083333388
constant,0,2,hapibd,poisson_separate,g03_o1,3,ok,False,4.2863359243017225,1.8568482017871493,17.05271766707301
constant,0,2,hapibd,poisson_separate,g13_o1,13,ok,False,1.0736501899090298,2.104664062035784,38.96709933318198
constant,0,2,hapibd,poisson_separate,g07_o1,7,ok,False,3.069307548698138,2.4376479813509806,35.64530316647142
constant,0,2,hapibd,poisson_separate,g17_o1,17,ok,False,1.270849886506155,1.795247832132168,32.941404707729816
constant,0,2,hapibd,poisson_separate,g06_o1,6,ok,False,4.998160627551697,2.2437938092647083,33.51728383358568
constant,0,2,hapibd,poisson_separate,g22_o1,22,ok,False,1.0659580882017259,2.190138776523048,38.03271762467921
constant,0,2,hapibd,poisson_separate,g16_o1,16,ok,False,3.877925440027969,2.6650716895988933,29.56396450009197
constant,0,2,hapibd,poisson_separate,g02_o1,2,ok,False,1.55045863562182,1.8458453682107057,16.536220291629434
constant,0,2,hapibd,poisson_separate,g12_o1,12,ok,False,3.511157942523945,2.5619267855713144,37.11602812539786
constant,0,2,hapibd,poisson_separate,g15_o2,15,ok,False,6.900859858870875,2.153361590616582,30.490032750181854
constant,0,2,hapibd,poisson_separate,g21_o2,21,ok,False,12.45760782177007,2.3500117144324637,31.760947625152767
constant,0,2,hapibd,poisson_separate,g09_o1,9,ok,False,2.822374063305614,2.3657694007117636,32.72421441692859
constant,0,2,hapibd,poisson_separate,g19_o1,19,ok,False,1.3314477184297158,2.17996010853259,36.079574124887586
constant,0,2,hapibd,poisson_separate,g08_o1,8,ok,False,1.8705042386281618,2.5854954148085154,32.32486966717988
constant,0,2,hapibd,poisson_separate,g18_o1,18,ok,False,4.594746314201915,2.360386315686004,35.552612042054534
constant,0,2,hapibd,poisson_separate,g16_o2,16,ok,False,4.021500410689707,2.0694635013921405,31.971830500289798
constant,0,2,hapibd,poisson_separate,g22_o2,22,ok,False,2.9419881996382284,2.515720599398923,42.57121220882982
constant,0,2,hapibd,poisson_separate,g12_o2,12,ok,False,3.616064248360502,2.3786535288271793,35.02292508352548
constant,0,2,hapibd,poisson_separate,g05_o1,5,ok,False,4.328679875212807,2.403648915286983,29.16801479179412
constant,0,2,hapibd,poisson_separate,g21_o1,21,ok,False,1.1175888866932526,2.086528547149525,36.6063182502985
constant,0,2,hapibd,poisson_separate,g09_o2,9,ok,False,2.5099364624929486,2.2140791529674693,37.94827837496996
constant,0,2,hapibd,poisson_separate,g15_o1,15,ok,False,1.6412626749009884,2.488635332763259,26.139027333818376
constant,0,2,hapibd,poisson_separate,g01_o1,1,ok,False,1.8040156204549436,1.6776768902590813,16.922753915190697
constant,0,2,hapibd,poisson_separate,g11_o1,11,ok,False,3.7537550881657715,2.730603288429018,27.213813832961023
constant,0,2,hapibd,poisson_separate,g10_o1,10,ok,False,2.747605059776753,1.811517143831088,24.943186208605766
constant,0,2,hapibd,poisson_separate,g04_o1,4,ok,False,5.914789737009802,2.408334522842911,29.346518667414784
constant,0,2,hapibd,poisson_separate,g20_o1,20,ok,False,1.2010990305680622,3.080283614776607,33.434246624819934
constant,0,2,hapibd,poisson_separate,g08_o2,8,ok,False,5.545090084017684,1.8634890259551065,32.20027062483132
constant,0,2,hapibd,poisson_separate,g14_o1,14,ok,False,5.611616654079949,2.1536499633265187,32.13304704148322
constant,0,3,true,poisson_shared,g03_o1,3,ok,False,19.479855374269267,1.1624600632679898,16.06649124994874
constant,0,3,true,poisson_shared,g13_o1,13,ok,False,2.550587473642834,1.5132783830194518,38.58879062440246
constant,0,3,true,poisson_shared,g07_o1,7,ok,False,11.167823424166567,1.461498425453113,38.72503679152578
constant,0,3,true,poisson_shared,g17_o1,17,ok,False,15.734904522405152,1.2464564509365323,28.286147833801806
constant,0,3,true,poisson_shared,g06_o1,6,ok,False,10.555543225255134,1.8403342985383495,35.53220074996352
constant,0,3,true,poisson_shared,g22_o1,22,ok,False,5.5936137413653295,1.7353146034633185,14.505009582266212
constant,0,3,true,poisson_shared,g16_o1,16,ok,False,1.2143930878871667,1.5057304099415239,28.087207292206585
constant,0,3,true,poisson_shared,g02_o1,2,ok,False,11.848274431102968,1.1082537012998177,13.578216582536697
constant,0,3,true,poisson_shared,g12_o1,12,ok,False,1.9704363676694512,3.0396495625822944,39.142729750834405
constant,0,3,true,poisson_shared,g15_o2,15,ok,False,6.1866046617719235,1.7811930063757373,22.924538374878466
constant,0,3,true,poisson_shared,g21_o2,21,ok,False,4.621775026035516,1.8287012928550908,28.579688959755003
constant,0,3,true,poisson_shared,g09_o1,9,ok,False,8.370887512419147,1.471359349835959,29.862786875106394
constant,0,3,true,poisson_shared,g19_o1,19,ok,False,1.8373825814622176,2.086984914017577,33.639924000017345
constant,0,3,true,poisson_shared,g08_o1,8,ok,False,1.2798241071487264,2.6305493635137385,32.80278670787811
constant,0,3,true,poisson_shared,g18_o1,18,ok,False,3.913984077273751,2.1010152752042295,37.18294458370656
constant,0,3,true,poisson_shared,g16_o2,16,ok,False,3.037705892079508,1.3975253658353164,25.670710374601185
constant,0,3,true,poisson_shared,g22_o2,22,ok,False,17.437554472548793,1.7134842911538246,20.80237379204482
constant,0,3,true,poisson_shared,g12_o2,12,ok,False,8.791177524065679,3.1240956478770476,29.35016241669655
constant,0,3,true,poisson_shared,g05_o1,5,ok,False,4.419950581328762,1.6835765183945195,30.1683009583503
constant,0,3,true,poisson_shared,g21_o1,21,ok,False,1.125946926532751,1.7233507690993404,26.270965999923646
constant,0,3,true,poisson_shared,g09_o2,9,ok,False,4.693131318786906,2.523095737521388,30.055758291855454
constant,0,3,true,poisson_shared,g15_o1,15,ok,False,7.789188192808065,1.3645050530888456,21.32607625052333
constant,0,3,true,poisson_shared,g01_o1,1,ok,False,1.341757757788207,1.0585679962624328,13.435665708966553
constant,0,3,true,poisson_shared,g11_o1,11,ok,False,9.419959323090337,2.16046503615119,34.592706041410565
constant,0,3,true,poisson_shared,g10_o1,10,ok,False,3.1834130296500103,2.437703673106766,36.196687375195324
constant,0,3,true,poisson_shared,g04_o1,4,ok,False,1.1621701670012403,1.9155376951937808,35.741213416680694
constant,0,3,true,poisson_shared,g20_o1,20,ok,False,3.5051385864458977,3.07382207000293,28.977482000365853
constant,0,3,true,poisson_shared,g08_o2,8,ok,False,1.008994192973983,1.9307109160130813,30.5542512498796
constant,0,3,true,poisson_shared,g14_o1,14,ok,False,3.664935866731858,1.515826535090792,29.620943166315556
constant,0,3,true,poisson_separate,g03_o1,3,ok,False,5.081977065315662,1.869441272276489,18.46716650016606
constant,0,3,true,poisson_separate,g13_o1,13,ok,False,1.5221509952519905,3.7482864014174884,38.636825958266854
constant,0,3,true,poisson_separate,g07_o1,7,ok,False,7.4111031244396965,2.1919734096286696,39.33582333289087
constant,0,3,true,poisson_separate,g17_o1,17,ok,False,1.3024916272841727,2.205112480456525,31.498249041847885
constant,0,3,true,poisson_separate,g06_o1,6,ok,False,1.0273811655861396,2.052690978915831,35.742175499908626
constant,0,3,true,poisson_separate,g22_o1,22,ok,False,5.822235691303182,2.1478356987147356,46.23097070865333
constant,0,3,true,poisson_separate,g16_o1,16,ok,False,1.3108957166031276,2.599718855006774,31.73926104232669
constant,0,3,true,poisson_separate,g02_o1,2,ok,False,1.125408008402064,2.167530478298512,17.167533541098237
constant,0,3,true,poisson_separate,g12_o1,12,ok,False,1.0518785432992264,2.575991769974824,36.20268537476659
constant,0,3,true,poisson_separate,g15_o2,15,ok,False,2.1080643456640176,1.8044777490066588,31.107038707472384
constant,0,3,true,poisson_separate,g21_o2,21,ok,False,1.7465786276304687,2.4220452642247325,43.31739758327603
constant,0,3,true,poisson_separate,g09_o1,9,ok,False,2.5345051670186365,2.23169554395977,37.12332462519407
constant,0,3,true,poisson_separate,g19_o1,19,ok,False,13.244472691379116,2.10079964562576,39.165350082330406
constant,0,3,true,poisson_separate,g08_o1,8,ok,False,6.616958129073144,2.011392938943661,35.66462220810354
constant,0,3,true,poisson_separate,g18_o1,18,ok,False,9.389383128349666,3.1233484981746007,35.329745083115995
constant,0,3,true,poisson_separate,g16_o2,16,ok,False,1.531296945138951,3.414568407395796,35.321629791520536
constant,0,3,true,poisson_separate,g22_o2,22,ok,False,1.005560027751287,2.379985599102375,50.72441054228693
constant,0,3,true,poisson_separate,g12_o2,12,ok,False,1.1031043118726747,2.45898824757283,36.818318917416036
constant,0,3,true,poisson_separate,g05_o1,5,ok,False,1.1361900251957695,1.6241298630249428,36.08598191756755
constant,0,3,true,poisson_separate,g21_o1,21,ok,False,1.7425546942991614,2.2624553163205388,36.9421011665836
constant,0,3,true,poisson_separate,g09_o2,9,ok,False,1.1353145766016093,3.2457026453169067,35.520947749726474
constant,0,3,true,poisson_separate,g15_o1,15,ok,False,5.4006233900814085,2.039144511640642,24.934741833247244
constant,0,3,true,poisson_separate,g01_o1,1,ok,False,20.41756688016811,1.7145177572868724,15.204022124409676
constant,0,3,true,poisson_separate,g11_o1,11,ok,False,1.2713494889678278,2.1435719594084026,29.935190084390342
constant,0,3,true,poisson_separate,g10_o1,10,ok,False,6.6254378917405825,2.0252508312654767,26.704649708233774
constant,0,3,true,poisson_separate,g04_o1,4,ok,False,3.0324339608302053,2.224659251699276,32.580227041617036
constant,0,3,true,poisson_separate,g20_o1,20,ok,False,3.624835124039368,3.887934765182591,34.016316334716976
constant,0,3,true,poisson_separate,g08_o2,8,ok,False,6.078406008795388,1.881959100140247,35.02029708400369
constant,0,3,true,poisson_separate,g14_o1,14,ok,False,2.945816279414414,2.341834097670111,34.357517500407994
constant,0,3,hapibd,poisson_shared,g03_o1,3,ok,False,59.14531515530676,1.0462631706731937,12.846471374854445
constant,0,3,hapibd,poisson_shared,g13_o1,13,ok,False,1.5300411272654326,1.596687783603197,38.35482112504542
constant,0,3,hapibd,poisson_shared,g07_o1,7,ok,False,1.0470063637253801,1.8911481313613392,36.542528041638434
constant,0,3,hapibd,poisson_shared,g17_o1,17,ok,False,3.6928830510449218,1.5849844776464446,27.494123082607985
constant,0,3,hapibd,poisson_shared,g06_o1,6,ok,False,1.5834004501041097,2.1906166138540693,36.40784904267639
constant,0,3,hapibd,poisson_shared,g22_o1,22,ok,False,2.5727249763821516,1.6804728944256353,16.807570749893785
constant,0,3,hapibd,poisson_shared,g16_o1,16,ok,False,2.5780437862758654,1.5021817628215983,31.764590833336115
constant,0,3,hapibd,poisson_shared,g02_o1,2,ok,False,33.82918837355162,1.2251201230241513,12.706680666655302
constant,0,3,hapibd,poisson_shared,g12_o1,12,ok,False,9.219141631038996,1.7365774115109402,40.33102908357978
constant,0,3,hapibd,poisson_shared,g15_o2,15,ok,False,1.871842522913836,1.6244294266646129,20.449401833117008
constant,0,3,hapibd,poisson_shared,g21_o2,21,ok,False,1.1612261276604903,2.3743313285788017,28.750820541754365
constant,0,3,hapibd,poisson_shared,g09_o1,9,ok,False,5.882520587242451,1.3952824078595363,32.70210654195398
constant,0,3,hapibd,poisson_shared,g19_o1,19,ok,False,12.925952476301514,1.6111095585304176,32.50530275050551
constant,0,3,hapibd,poisson_shared,g08_o1,8,ok,False,5.192320341438516,2.2275780997520123,34.35594212450087
constant,0,3,hapibd,poisson_shared,g18_o1,18,ok,False,1.4765841694363921,2.8774910663481714,31.286948207765818
constant,0,3,hapibd,poisson_shared,g16_o2,16,ok,False,7.555078963219122,1.7902170269421502,24.73981341533363
constant,0,3,hapibd,poisson_shared,g22_o2,22,ok,False,6.741389796033276,2.1395056021097694,20.56076579168439
constant,0,3,hapibd,poisson_shared,g12_o2,12,ok,False,2.7580538219035713,2.1539147700934382,30.03918637521565
constant,0,3,hapibd,poisson_shared,g05_o1,5,ok,False,8.197584391898875,1.5893603178693394,32.968530542217195
constant,0,3,hapibd,poisson_shared,g21_o1,21,ok,False,1.1947526243246966,1.6147959284264697,33.47137187514454
constant,0,3,hapibd,poisson_shared,g09_o2,9,ok,False,6.462125455440269,1.696922686632718,31.075282875448465
constant,0,3,hapibd,poisson_shared,g15_o1,15,ok,False,3.8156838848372794,1.6489974140085533,19.078837582841516
constant,0,3,hapibd,poisson_shared,g01_o1,1,ok,False,6.542049266464102,1.1151526526291895,14.527544374577701
constant,0,3,hapibd,poisson_shared,g11_o1,11,ok,False,2.27013147073492,1.9069960670778043,29.67025645915419
constant,0,3,hapibd,poisson_shared,g10_o1,10,ok,False,2.453267976184514,1.8732187598843646,29.238476250320673
constant,0,3,hapibd,poisson_shared,g04_o1,4,ok,False,3.1804889123937734,1.5411952218383824,32.98386124987155
constant,0,3,hapibd,poisson_shared,g20_o1,20,ok,False,3.9187225552938543,2.064641579470521,28.129586458206177
constant,0,3,hapibd,poisson_shared,g08_o2,8,ok,False,2.7948220226682774,1.754364313419583,30.110740082338452
constant,0,3,hapibd,poisson_shared,g14_o1,14,ok,False,8.23537407471235,1.602686030323949,27.696428958326578
constant,0,3,hapibd,poisson_separate,g03_o1,3,ok,False,15.128460162970486,1.45267731563265,16.300222584046423
constant,0,3,hapibd,poisson_separate,g13_o1,13,ok,False,2.7288710082498087,2.2513570372640066,40.73262599948794
constant,0,3,hapibd,poisson_separate,g07_o1,7,ok,False,1.7928303647507045,4.856824578800444,37.61106558237225
constant,0,3,hapibd,poisson_separate,g17_o1,17,ok,False,9.973795520086814,1.8544866812633836,32.45877075009048
constant,0,3,hapibd,poisson_separate,g06_o1,6,ok,False,2.0397317307343705,2.100882545134826,32.71293037477881
constant,0,3,hapibd,poisson_separate,g22_o1,22,ok,False,1.2354691951559909,2.7434777707617988,39.60953845921904
constant,0,3,hapibd,poisson_separate,g16_o1,16,ok,False,7.994807675086026,2.1241510803810106,26.59150412492454
constant,0,3,hapibd,poisson_separate,g02_o1,2,ok,False,2.950960675000302,2.345578675940095,17.2023970419541
constant,0,3,hapibd,poisson_separate,g12_o1,12,ok,False,1.1203755033527507,2.266622383815434,37.31785629224032
constant,0,3,hapibd,poisson_separate,g15_o2,15,ok,False,1.076188294826261,2.5158547627813657,29.52916312497109
constant,0,3,hapibd,poisson_separate,g21_o2,21,ok,False,2.1696113582162964,3.418325700947301,36.94782095775008
constant,0,3,hapibd,poisson_separate,g09_o1,9,ok,False,3.7190105648835097,2.308839046096669,33.52391679119319
constant,0,3,hapibd,poisson_separate,g19_o1,19,ok,False,2.407638159523951,1.9464876245156013,37.08038804214448
constant,0,3,hapibd,poisson_separate,g08_o1,8,ok,False,4.69948969941629,2.1905034160397476,32.99729933217168
constant,0,3,hapibd,poisson_separate,g18_o1,18,ok,False,3.258578174280438,2.837105691530544,35.343078459613025
constant,0,3,hapibd,poisson_separate,g16_o2,16,ok,False,1.176372346489545,2.4286618558444553,30.508681999519467
constant,0,3,hapibd,poisson_separate,g22_o2,22,ok,False,1.3519690141556442,4.787907466412035,40.177078624255955
constant,0,3,hapibd,poisson_separate,g12_o2,12,ok,False,1.0294734919677582,3.0508457505259634,35.5960303330794
constant,0,3,hapibd,poisson_separate,g05_o1,5,ok,False,2.1564301708257214,2.341901631711085,29.97154200077057
constant,0,3,hapibd,poisson_separate,g21_o1,21,ok,False,6.197249427278124,1.7693418038103437,35.84450008254498
constant,0,3,hapibd,poisson_separate,g09_o2,9,ok,False,1.0386738254833672,2.1479100665708306,37.161757458001375
constant,0,3,hapibd,poisson_separate,g15_o1,15,ok,False,4.098528525469184,1.9873597114667358,24.893672791309655
constant,0,3,hapibd,poisson_separate,g01_o1,1,ok,False,7.464292360164685,1.8604919190926161,16.273332667537034
constant,0,3,hapibd,poisson_separate,g11_o1,11,ok,False,4.761409578262101,1.9956418264433946,27.151045875623822
constant,0,3,hapibd,poisson_separate,g10_o1,10,ok,False,2.188455622123003,1.8754064750478958,25.15752762556076
constant,0,3,hapibd,poisson_separate,g04_o1,4,ok,False,1.1790545301585,2.2940364110668847,30.25256024952978
constant,0,3,hapibd,poisson_separate,g20_o1,20,ok,False,1.938963850115811,2.6035537757493747,34.66848091594875
constant,0,3,hapibd,poisson_separate,g08_o2,8,ok,False,5.852659731908509,2.3970380709196304,33.04304416757077
constant,0,3,hapibd,poisson_separate,g14_o1,14,ok,False,2.995691927838549,3.2104378810652308,33.07759995851666
constant,0,4,true,poisson_shared,g03_o1,3,ok,False,1.120124004286865,1.2285379809934414,14.842698957771063
constant,0,4,true,poisson_shared,g13_o1,13,ok,False,1.3017360382884242,1.4375086960212384,38.92817920818925
constant,0,4,true,poisson_shared,g07_o1,7,ok,False,2.492022454844876,1.4945166689389586,41.76274812500924
constant,0,4,true,poisson_shared,g17_o1,17,ok,False,24.208190854109546,1.352268801993596,21.967336208559573
constant,0,4,true,poisson_shared,g06_o1,6,ok,False,1.5730368676197397,1.810150137835313,40.17649974953383
constant,0,4,true,poisson_shared,g22_o1,22,ok,False,9.361576274839315,1.4843153775974347,14.947540249675512
constant,0,4,true,poisson_shared,g16_o1,16,ok,False,1.0527077978330635,3.2796622123287307,29.96520329080522
constant,0,4,true,poisson_shared,g02_o1,2,ok,False,7.49467358919445,1.137875120080904,15.099668917246163
constant,0,4,true,poisson_shared,g12_o1,12,ok,False,2.2991242042821147,2.978499034414284,40.27864283323288
constant,0,4,true,poisson_shared,g15_o2,15,ok,False,10.679664276670504,1.3928850450316523,24.077502749860287
constant,0,4,true,poisson_shared,g21_o2,21,ok,False,2.861565301135176,6.930239106506648,28.125296915881336
constant,0,4,true,poisson_shared,g09_o1,9,ok,False,3.6894266888506113,1.5962885689085649,31.19644550047815
constant,0,4,true,poisson_shared,g19_o1,19,ok,False,9.31648243224443,1.4129301284474594,28.250603792257607
constant,0,4,true,poisson_shared,g08_o1,8,ok,False,8.119186384839038,1.758708317370939,31.48923391662538
constant,0,4,true,poisson_shared,g18_o1,18,ok,False,4.467511914768739,2.1395124447789753,33.30200641602278
constant,0,4,true,poisson_shared,g16_o2,16,ok,False,4.273461727630784,1.6040750812395324,29.576357792131603
constant,0,4,true,poisson_shared,g22_o2,22,ok,False,8.407486760703584,1.499731038435137,21.747086458839476
constant,0,4,true,poisson_shared,g12_o2,12,ok,False,4.882428146364036,3.0889845199290136,36.18777191732079
constant,0,4,true,poisson_shared,g05_o1,5,ok,False,7.9530355795305,2.1373188378670953,31.026240959763527
constant,0,4,true,poisson_shared,g21_o1,21,ok,False,8.95818820859511,1.5891455485038999,27.864719334058464
constant,0,4,true,poisson_shared,g09_o2,9,ok,False,4.335197496803999,1.6630238103042418,33.756942458450794
constant,0,4,true,poisson_shared,g15_o1,15,ok,False,1.9530061909780945,1.655187611632381,20.63879583310336
constant,0,4,true,poisson_shared,g01_o1,1,ok,False,1.083414904477399,1.3446997747535487,13.708804000169039
constant,0,4,true,poisson_shared,g11_o1,11,ok,False,1.55796299363994,1.5711774455048384,31.258021666668355
constant,0,4,true,poisson_shared,g10_o1,10,ok,False,2.1016232151693885,1.709537446242636,31.814533832482994
constant,0,4,true,poisson_shared,g04_o1,4,ok,False,17.60920005229071,1.569838843298055,29.837231875397265
constant,0,4,true,poisson_shared,g20_o1,20,ok,False,4.069270897250847,4.3783151415773744,28.879587500356138
constant,0,4,true,poisson_shared,g08_o2,8,ok,False,2.92135546234977,2.244599450041768,32.12732983287424
constant,0,4,true,poisson_shared,g14_o1,14,ok,False,8.202419217724984,1.5854938087563606,37.38148133363575
constant,0,4,true,poisson_separate,g03_o1,3,ok,False,1.583694778961531,1.8614027282648624,18.689141249284148
constant,0,4,true,poisson_separate,g13_o1,13,ok,False,6.926821030704226,1.8315992377119843,40.29638362489641
constant,0,4,true,poisson_separate,g07_o1,7,ok,False,3.196094916449533,2.187784809582184,34.22035241685808
constant,0,4,true,poisson_separate,g17_o1,17,ok,False,1.2697145283606506,2.2721607699472135,34.6404122505337
constant,0,4,true,poisson_separate,g06_o1,6,ok,False,3.109730530193933,1.87551274556738,37.595020458102226
constant,0,4,true,poisson_separate,g22_o1,22,ok,False,3.766156615468893,2.756792915485021,37.58783408347517
constant,0,4,true,poisson_separate,g16_o1,16,ok,False,8.106031346942586,2.120521676040808,33.25749212503433
constant,0,4,true,poisson_separate,g02_o1,2,ok,False,14.147506935112233,1.9349671883592645,18.11122449953109
constant,0,4,true,poisson_separate,g12_o1,12,ok,False,6.793264199571125,2.223381440969923,38.931030792184174
constant,0,4,true,poisson_separate,g15_o2,15,ok,False,2.64793589595292,2.5771798043096728,33.39250229205936
constant,0,4,true,poisson_separate,g21_o2,21,ok,False,1.6731114413297965,2.6013791921656897,41.37755099963397
constant,0,4,true,poisson_separate,g09_o1,9,ok,False,1.227869078831468,3.1558107473016888,38.0106774577871
constant,0,4,true,poisson_separate,g19_o1,19,ok,False,2.9351045786712864,1.983756817423591,43.15203250013292
constant,0,4,true,poisson_separate,g08_o1,8,ok,False,3.0099352473869634,2.06799891309438,45.18277966696769
constant,0,4,true,poisson_separate,g18_o1,18,ok,False,6.092796921880353,2.5419067439837733,39.65234833396971
constant,0,4,true,poisson_separate,g16_o2,16,ok,False,1.3605640080198231,2.1303370723376047,38.705376916565
constant,0,4,true,poisson_separate,g22_o2,22,ok,False,4.473981579871107,2.0225099164951694,48.946817708201706
constant,0,4,true,poisson_separate,g12_o2,12,ok,False,1.4358956475324858,3.1522728458987657,38.06631850078702
constant,0,4,true,poisson_separate,g05_o1,5,ok,False,5.703872415301258,2.2163334805496473,38.924944542348385
constant,0,4,true,poisson_separate,g21_o1,21,ok,False,11.43124524896886,2.0784547010306085,37.205315792001784
constant,0,4,true,poisson_separate,g09_o2,9,ok,False,2.6000560212414077,2.17598864724903,38.37484670802951
constant,0,4,true,poisson_separate,g15_o1,15,ok,False,10.493176343535469,2.0221393495653124,26.173000916838646
constant,0,4,true,poisson_separate,g01_o1,1,ok,False,3.561721442838805,1.3633639882688025,17.069507917389274
constant,0,4,true,poisson_separate,g11_o1,11,ok,False,3.0988032816168385,2.1645482631785478,29.17973329126835
constant,0,4,true,poisson_separate,g10_o1,10,ok,False,2.6995475046933533,2.1967905377911485,29.248589125461876
constant,0,4,true,poisson_separate,g04_o1,4,ok,False,3.84429150768996,2.0090631097431904,31.55068341549486
constant,0,4,true,poisson_separate,g20_o1,20,ok,False,6.965612858875668,5.156110365231108,40.494192000478506
constant,0,4,true,poisson_separate,g08_o2,8,ok,False,3.472119822259924,2.3638611205943714,37.18919525016099
constant,0,4,true,poisson_separate,g14_o1,14,ok,False,5.8800055590961255,1.981970896302689,38.09258237481117
constant,0,4,hapibd,poisson_shared,g03_o1,3,ok,False,5.128212622807532,1.1695236146722952,17.79797387495637
constant,0,4,hapibd,poisson_shared,g13_o1,13,ok,False,4.37447746582649,1.4990068038535316,42.56339308433235
constant,0,4,hapibd,poisson_shared,g07_o1,7,ok,False,13.036066234557303,1.4740203667330853,41.21172616723925
constant,0,4,hapibd,poisson_shared,g17_o1,17,ok,False,8.519188518158895,1.2695405245330107,21.949812207370996
constant,0,4,hapibd,poisson_shared,g06_o1,6,ok,False,15.633273880676663,1.7499881072395198,33.80611816607416
constant,0,4,hapibd,poisson_shared,g22_o1,22,ok,False,7.1582790059885015,1.8885388941313739,16.84182774927467
constant,0,4,hapibd,poisson_shared,g16_o1,16,ok,False,5.963130503784815,1.583607618960147,33.85196491703391
constant,0,4,hapibd,poisson_shared,g02_o1,2,ok,False,17.295427784989176,1.1240955502482104,14.142101666890085
constant,0,4,hapibd,poisson_shared,g12_o1,12,ok,False,3.3653602558289393,1.907050438591229,42.373749374412
constant,0,4,hapibd,poisson_shared,g15_o2,15,ok,False,1.2726667068366078,1.4590192532894946,22.329910458996892
constant,0,4,hapibd,poisson_shared,g21_o2,21,ok,False,6.659699703214885,2.424823071352479,30.71556729171425
constant,0,4,hapibd,poisson_shared,g09_o1,9,ok,False,3.0572303411362234,1.9096406451450387,32.02145416755229
constant,0,4,hapibd,poisson_shared,g19_o1,19,ok,False,2.024607791510049,1.7395260338142502,35.077224457636476
constant,0,4,hapibd,poisson_shared,g08_o1,8,ok,False,2.421608383570426,2.5481724659121006,31.565122041851282
constant,0,4,hapibd,poisson_shared,g18_o1,18,ok,False,1.2833215102313793,1.433155518245177,36.69609129242599
constant,0,4,hapibd,poisson_shared,g16_o2,16,ok,False,4.750898794865696,1.8209738013242787,29.219703000038862
constant,0,4,hapibd,poisson_shared,g22_o2,22,ok,False,3.1164362467071745,1.637754763386285,19.701106749475002
constant,0,4,hapibd,poisson_shared,g12_o2,12,ok,False,1.0165239626755367,5.254972870791629,35.70597229152918
constant,0,4,hapibd,poisson_shared,g05_o1,5,ok,False,10.747237885005195,1.8679088122207326,30.42815175000578
constant,0,4,hapibd,poisson_shared,g21_o1,21,ok,False,5.503619819386056,3.242085685363894,28.01276479102671
constant,0,4,hapibd,poisson_shared,g09_o2,9,ok,False,18.403828798902822,1.5631828963851246,32.052232667803764
constant,0,4,hapibd,poisson_shared,g15_o1,15,ok,False,5.583430484290237,1.6263849296750903,20.776663624681532
constant,0,4,hapibd,poisson_shared,g01_o1,1,ok,False,19.273863233015778,1.000760960021712,14.594141124747694
constant,0,4,hapibd,poisson_shared,g11_o1,11,ok,False,2.7872362187853867,3.2211892607251977,33.13400299940258
constant,0,4,hapibd,poisson_shared,g10_o1,10,ok,False,8.700590689919657,1.7935572121715841,37.68582570925355
constant,0,4,hapibd,poisson_shared,g04_o1,4,ok,False,1.8740763850138962,1.8208927203431973,28.656530749984086
constant,0,4,hapibd,poisson_shared,g20_o1,20,ok,False,7.010838352348785,1.8070206183470168,29.118909625336528
constant,0,4,hapibd,poisson_shared,g08_o2,8,ok,False,1.5832279483658953,1.8505742222935229,30.284743041731417
constant,0,4,hapibd,poisson_shared,g14_o1,14,ok,False,5.346644292845178,1.7331688334595334,34.16534712444991
constant,0,4,hapibd,poisson_separate,g03_o1,3,ok,False,7.436283547482961,1.583846783197131,18.35520612541586
constant,0,4,hapibd,poisson_separate,g13_o1,13,ok,False,10.410326479940863,2.0802170175301353,42.02814112510532
constant,0,4,hapibd,poisson_separate,g07_o1,7,ok,False,2.4497989171562744,2.1197404794659915,38.87781516648829
constant,0,4,hapibd,poisson_separate,g17_o1,17,ok,False,2.5320550181690273,2.1564649382059344,35.06984024960548
constant,0,4,hapibd,poisson_separate,g06_o1,6,ok,False,1.1851904494528986,1.904843660996742,38.09858599957079
constant,0,4,hapibd,poisson_separate,g22_o1,22,ok,False,1.537962563167177,2.355532014701441,35.1258148746565
constant,0,4,hapibd,poisson_separate,g16_o1,16,ok,False,3.2135137693379017,2.3227327125166504,28.803659417666495
constant,0,4,hapibd,poisson_separate,g02_o1,2,ok,False,1.42358589721535,1.720433665371971,19.094210707582533
constant,0,4,hapibd,poisson_separate,g12_o1,12,ok,False,4.525517174639208,2.224220188598804,37.79419487528503
constant,0,4,hapibd,poisson_separate,g15_o2,15,ok,False,1.7449674794988959,2.0145506377170044,31.924298415891826
constant,0,4,hapibd,poisson_separate,g21_o2,21,ok,False,2.4691294864683475,2.106637301678325,35.30602249968797
constant,0,4,hapibd,poisson_separate,g09_o1,9,ok,False,2.2465191288278343,2.3463110133905904,35.387318041175604
constant,0,4,hapibd,poisson_separate,g19_o1,19,ok,False,3.36037020784643,1.8499221691973036,39.45937183313072
constant,0,4,hapibd,poisson_separate,g08_o1,8,ok,False,2.0852044458845036,2.29659844043717,33.7431574575603
constant,0,4,hapibd,poisson_separate,g18_o1,18,ok,False,2.27460136067242,3.750251973789749,35.55717533361167
constant,0,4,hapibd,poisson_separate,g16_o2,16,ok,False,1.0102206464151176,2.3720172383797133,31.88303683232516
constant,0,4,hapibd,poisson_separate,g22_o2,22,ok,False,2.5517550713027597,2.010920996095158,38.270522250793874
constant,0,4,hapibd,poisson_separate,g12_o2,12,ok,False,7.625563580091192,2.704343575242536,37.424187165685
constant,0,4,hapibd,poisson_separate,g05_o1,5,ok,False,12.59964579347352,1.7199381693678224,31.68766370974481
constant,0,4,hapibd,poisson_separate,g21_o1,21,ok,False,1.9046658927904994,2.3487573344154993,36.32271112501621
constant,0,4,hapibd,poisson_separate,g09_o2,9,ok,False,12.673354456889586,2.1658252891191463,39.37068874947727
constant,0,4,hapibd,poisson_separate,g15_o1,15,ok,False,4.456732381058914,2.2893515135572065,28.336639667861164
constant,0,4,hapibd,poisson_separate,g01_o1,1,ok,False,8.199483168592216,2.149362841356163,16.269253292120993
constant,0,4,hapibd,poisson_separate,g11_o1,11,ok,False,1.0080279332037032,2.13190560870869,27.892098542302847
constant,0,4,hapibd,poisson_separate,g10_o1,10,ok,False,1.885838745215522,2.0436248830491133,25.657304417341948
constant,0,4,hapibd,poisson_separate,g04_o1,4,ok,False,4.13410293540932,2.4968212448857567,30.311499333009124
constant,0,4,hapibd,poisson_separate,g20_o1,20,ok,False,1.1231276467044071,3.20506205061917,34.405844249762595
constant,0,4,hapibd,poisson_separate,g08_o2,8,ok,False,2.4451947757463404,2.862227706685908,36.644441542215645
constant,0,4,hapibd,poisson_separate,g14_o1,14,ok,False,1.0195480070878487,2.380141811665488,34.28108783438802
constant,0,5,true,poisson_shared,g03_o1,3,ok,False,8.633359809250047,1.0610567208591108,15.031321500428021
constant,0,5,true,poisson_shared,g13_o1,13,ok,False,2.9607002448227346,1.5613717977842039,43.90269549936056
constant,0,5,true,poisson_shared,g07_o1,7,ok,False,7.36729669904253,1.7985980530523515,36.07735591661185
constant,0,5,true,poisson_shared,g17_o1,17,ok,False,5.012564266450241,1.6109638643398552,28.063565666787326
constant,0,5,true,poisson_shared,g06_o1,6,ok,False,13.583466508756205,1.9415224988329929,34.71888545900583
constant,0,5,true,poisson_shared,g22_o1,22,ok,False,3.6610305214925476,1.5983584805178226,17.92103362455964
constant,0,5,true,poisson_shared,g16_o1,16,ok,False,10.771653455971707,1.512877297422877,30.357253999449313
constant,0,5,true,poisson_shared,g02_o1,2,ok,False,1.208158949787182,1.219219559588151,13.592552457936108
constant,0,5,true,poisson_shared,g12_o1,12,ok,False,2.93936491205786,2.0921838632391294,42.62975533399731
constant,0,5,true,poisson_shared,g15_o2,15,ok,False,14.643956704422806,1.1918145409580418,25.99456216674298
constant,0,5,true,poisson_shared,g21_o2,21,ok,False,1.1174992435165108,2.40607228829252,28.847736332565546
constant,0,5,true,poisson_shared,g09_o1,9,ok,False,3.352117155802388,1.8695330760655933,30.397684374824166
constant,0,5,true,poisson_shared,g19_o1,19,ok,False,6.1335037336045835,1.5687584744801193,32.852880749851465
constant,0,5,true,poisson_shared,g08_o1,8,ok,False,2.6276433374728754,1.8588487941905418,29.467837499454618
constant,0,5,true,poisson_shared,g18_o1,18,ok,False,3.207086096031734,1.692233937984825,37.37192208413035
constant,0,5,true,poisson_shared,g16_o2,16,ok,False,1.1443162553589714,1.6454485396556273,25.16121245827526
constant,0,5,true,poisson_shared,g22_o2,22,ok,False,6.2791826544441385,1.9808474134643597,18.892894708551466
constant,0,5,true,poisson_shared,g12_o2,12,ok,False,2.3735455639558585,1.7432136713419253,33.22880974970758
constant,0,5,true,poisson_shared,g05_o1,5,ok,False,4.821664434478716,1.8542611110963785,43.3430341668427
constant,0,5,true,poisson_shared,g21_o1,21,ok,False,2.068547215648956,2.111277316211766,30.046807582490146
constant,0,5,true,poisson_shared,g09_o2,9,ok,False,4.758111414470738,1.7384237072076152,38.27388454135507
constant,0,5,true,poisson_shared,g15_o1,15,ok,False,10.245238905773212,1.1393217909154372,22.097080207429826
constant,0,5,true,poisson_shared,g01_o1,1,ok,False,1.3776500128020457,0.9900627907423345,14.334766999818385
constant,0,5,true,poisson_shared,g11_o1,11,ok,False,10.448361211331518,3.3104740289794514,37.116401916369796
constant,0,5,true,poisson_shared,g10_o1,10,ok,False,9.969290016269252,1.499968086830965,36.18144995905459
constant,0,5,true,poisson_shared,g04_o1,4,ok,False,10.917388930889802,1.5650963495590198,28.34936170745641
constant,0,5,true,poisson_shared,g20_o1,20,ok,False,10.954174157144156,1.8913100016013928,28.595701375044882
constant,0,5,true,poisson_shared,g08_o2,8,ok,False,7.984634419884764,2.0212468935329397,29.774655249901116
constant,0,5,true,poisson_shared,g14_o1,14,ok,False,1.4757543868558545,1.6317624986981716,29.31341183464974
constant,0,5,true,poisson_separate,g03_o1,3,ok,False,4.659136583528476,1.6714227987550259,17.06069470755756
constant,0,5,true,poisson_separate,g13_o1,13,ok,False,3.4737691444286374,2.652490851049797,40.781840834766626
constant,0,5,true,poisson_separate,g07_o1,7,ok,False,1.2221554353526403,2.2166491031502242,36.73856433387846
constant,0,5,true,poisson_separate,g17_o1,17,ok,False,17.120789251814216,1.9906737619358246,32.82323158439249
constant,0,5,true,poisson_separate,g06_o1,6,ok,False,4.120040544014534,4.506910992671415,36.104727916419506
constant,0,5,true,poisson_separate,g22_o1,22,ok,False,1.2176833433767096,2.355076130223159,40.03135320916772
constant,0,5,true,poisson_separate,g16_o1,16,ok,False,1.4032512511685442,3.4175314202281957,32.39625308290124
constant,0,5,true,poisson_separate,g02_o1,2,ok,False,4.452859298895699,1.7566209821089913,16.85489633306861
constant,0,5,true,poisson_separate,g12_o1,12,ok,False,2.4219493577036273,2.3061155441684584,34.68635179102421
constant,0,5,true,poisson_separate,g15_o2,15,ok,False,5.067142749097429,1.934731936698609,29.924271958880126
constant,0,5,true,poisson_separate,g21_o2,21,ok,False,1.4651638512408631,2.4741239790876497,32.28880045749247
constant,0,5,true,poisson_separate,g09_o1,9,ok,False,1.0247116444267546,2.5015030089654933,35.493010957725346
constant,0,5,true,poisson_separate,g19_o1,19,ok,False,1.8635188475604714,1.9902220151822902,36.43643912486732
constant,0,5,true,poisson_separate,g08_o1,8,ok,False,1.9316461883430007,1.9354184057596786,32.92274379171431
constant,0,5,true,poisson_separate,g18_o1,18,ok,False,1.2590752250444672,2.052969647607092,35.95483199972659
constant,0,5,true,poisson_separate,g16_o2,16,ok,False,1.0285335346675881,2.1602803234031556,34.37716145813465
constant,0,5,true,poisson_separate,g22_o2,22,ok,False,1.7291466320525972,2.2306485314711058,41.10955312475562
constant,0,5,true,poisson_separate,g12_o2,12,ok,False,3.1718353298237747,2.4630011336898945,34.85207458306104
constant,0,5,true,poisson_separate,g05_o1,5,ok,False,2.822866293584698,2.3576672021539182,33.53237512521446
constant,0,5,true,poisson_separate,g21_o1,21,ok,False,8.333661500262739,2.2220053861183717,37.592679041437805
constant,0,5,true,poisson_separate,g09_o2,9,ok,False,2.1356833467340364,2.2149595266933515,37.40433849953115
constant,0,5,true,poisson_separate,g15_o1,15,ok,False,1.0527157310374715,1.8573481249453325,25.83576324954629
constant,0,5,true,poisson_separate,g01_o1,1,ok,False,1.5078367402724138,1.691021279926686,16.147955084219575
constant,0,5,true,poisson_separate,g11_o1,11,ok,False,9.812483890463941,2.031041317789836,31.267723207361996
constant,0,5,true,poisson_separate,g10_o1,10,ok,False,1.8245065151822357,2.5040490541296565,29.726851333864033
constant,0,5,true,poisson_separate,g04_o1,4,ok,False,2.757178953240749,2.0718647329405004,29.091523707844317
constant,0,5,true,poisson_separate,g20_o1,20,ok,False,1.0594667367001827,2.4452403406217678,36.32923579122871
constant,0,5,true,poisson_separate,g08_o2,8,ok,False,3.1992675513668103,2.160273794191295,33.662075417116284
constant,0,5,true,poisson_separate,g14_o1,14,ok,False,1.219917527590592,2.0992100925998542,35.60556387435645
constant,0,5,hapibd,poisson_shared,g03_o1,3,ok,False,2.1451595162992994,1.3131481702996624,12.591055708006024
constant,0,5,hapibd,poisson_shared,g13_o1,13,ok,False,22.962757562400544,1.3777044498665325,37.733025583438575
constant,0,5,hapibd,poisson_shared,g07_o1,7,ok,False,10.120266483535499,1.6125601239573943,39.48348266724497
constant,0,5,hapibd,poisson_shared,g17_o1,17,ok,False,1.3409507521131594,1.3396780741320653,28.221456333063543
constant,0,5,hapibd,poisson_shared,g06_o1,6,ok,False,3.3250601206941597,1.9450784078799228,38.69597624987364
constant,0,5,hapibd,poisson_shared,g22_o1,22,ok,False,3.2901507293672836,1.8887898947565431,18.267917250283062
constant,0,5,hapibd,poisson_shared,g16_o1,16,ok,False,3.059015850397265,1.751452970009784,31.52796687465161
constant,0,5,hapibd,poisson_shared,g02_o1,2,ok,False,7.947104150024164,1.0680650769948203,11.689625999890268
constant,0,5,hapibd,poisson_shared,g12_o1,12,ok,False,6.094250013993851,1.5682898714384226,39.490419916808605
constant,0,5,hapibd,poisson_shared,g15_o2,15,ok,False,3.034882623239463,1.6390446844341835,22.10615079011768
constant,0,5,hapibd,poisson_shared,g21_o2,21,ok,False,3.438100981369775,1.806608976654983,28.24045191705227
constant,0,5,hapibd,poisson_shared,g09_o1,9,ok,False,12.63651966320684,1.7847818084417661,33.4582868758589
constant,0,5,hapibd,poisson_shared,g19_o1,19,ok,False,5.081690835459516,1.7571995926713002,25.365264374762774
constant,0,5,hapibd,poisson_shared,g08_o1,8,ok,False,11.508904303135095,1.9814046691793263,31.675469084642828
constant,0,5,hapibd,poisson_shared,g18_o1,18,ok,False,1.4494904475593209,1.6621990316271888,30.685140499845147
constant,0,5,hapibd,poisson_shared,g16_o2,16,ok,False,24.13795046006249,2.125522339959543,25.37773658428341
constant,0,5,hapibd,poisson_shared,g22_o2,22,ok,False,1.3488317041004223,1.870173310766127,17.69558870792389
constant,0,5,hapibd,poisson_shared,g12_o2,12,ok,False,3.0808717204680507,1.962767212229211,31.81821508333087
constant,0,5,hapibd,poisson_shared,g05_o1,5,ok,False,1.955999767849517,1.7342035396718891,43.314741833135486
constant,0,5,hapibd,poisson_shared,g21_o1,21,ok,False,5.779950263670076,4.020658595477184,27.92771395854652
constant,0,5,hapibd,poisson_shared,g09_o2,9,ok,False,1.6832318294351525,1.5126899672441922,42.750149583444
constant,0,5,hapibd,poisson_shared,g15_o1,15,ok,False,3.0929879085125616,1.405793811781799,17.584106417372823
constant,0,5,hapibd,poisson_shared,g01_o1,1,ok,False,16.005855362529168,0.9967913332711126,15.341676083393395
constant,0,5,hapibd,poisson_shared,g11_o1,11,ok,False,1.0344830604193815,1.7435183701363468,37.63532470911741
constant,0,5,hapibd,poisson_shared,g10_o1,10,ok,False,8.068793919518358,1.7206979296414577,30.706585375592113
constant,0,5,hapibd,poisson_shared,g04_o1,4,ok,False,1.924921858963119,1.6106344520549187,32.77917304262519
constant,0,5,hapibd,poisson_shared,g20_o1,20,ok,False,1.3576877840117267,1.697873997831059,24.45074495766312
constant,0,5,hapibd,poisson_shared,g08_o2,8,ok,False,13.117082654585912,1.8569327239240339,31.473736207932234
constant,0,5,hapibd,poisson_shared,g14_o1,14,ok,False,1.7552306439407923,1.6138630047877542,33.90863887500018
constant,0,5,hapibd,poisson_separate,g03_o1,3,ok,False,1.3732381549921908,2.045382498909727,16.592095458880067
constant,0,5,hapibd,poisson_separate,g13_o1,13,ok,False,2.152949056151626,2.0373891637616843,38.45725712552667
constant,0,5,hapibd,poisson_separate,g07_o1,7,ok,False,5.85879901342483,2.897111622823032,39.329925291240215
constant,0,5,hapibd,poisson_separate,g17_o1,17,ok,False,1.3078105356083938,2.877939128343891,31.91636712476611
constant,0,5,hapibd,poisson_separate,g06_o1,6,ok,False,1.3096156312798046,4.053272520711494,36.24778116773814
constant,0,5,hapibd,poisson_separate,g22_o1,22,ok,False,1.8630373653685506,2.363643865395124,36.31156137492508
constant,0,5,hapibd,poisson_separate,g16_o1,16,ok,False,3.3331279053313327,2.2379705234416125,29.43701545894146
constant,0,5,hapibd,poisson_separate,g02_o1,2,ok,False,5.19321882294401,2.2959912718832474,16.966767750680447
constant,0,5,hapibd,poisson_separate,g12_o1,12,ok,False,2.709490240905224,2.5676534483691555,36.043657124973834
constant,0,5,hapibd,poisson_separate,g15_o2,15,ok,False,1.0014804090026248,2.0054564807497037,28.47887458372861
constant,0,5,hapibd,poisson_separate,g21_o2,21,ok,False,7.133209610140868,2.324214462423769,35.34233250003308
constant,0,5,hapibd,poisson_separate,g09_o1,9,ok,False,5.972490796768563,1.9312132395345925,32.80135504156351
constant,0,5,hapibd,poisson_separate,g19_o1,19,ok,False,2.053236353809705,2.0410996252530342,34.493596917018294
constant,0,5,hapibd,poisson_separate,g08_o1,8,ok,False,7.614755721447903,2.7023368669151733,33.49666162580252
constant,0,5,hapibd,poisson_separate,g18_o1,18,ok,False,1.1755406759865303,3.580889353403416,33.30506312567741
constant,0,5,hapibd,poisson_separate,g16_o2,16,ok,False,1.3807190669550717,1.95220647373831,31.37298941705376
constant,0,5,hapibd,poisson_separate,g22_o2,22,ok,False,1.6536557570319805,2.078843509550941,37.11433504149318
constant,0,5,hapibd,poisson_separate,g12_o2,12,ok,False,2.6658671979657087,2.7813871558864487,36.1682166242972
constant,0,5,hapibd,poisson_separate,g05_o1,5,ok,False,7.980461217289205,2.299277976194826,32.51535779051483
constant,0,5,hapibd,poisson_separate,g21_o1,21,ok,False,4.27369159303757,2.354403944924916,36.15754537470639
constant,0,5,hapibd,poisson_separate,g09_o2,9,ok,False,4.868322546332857,2.2113163887983402,34.80886400025338
constant,0,5,hapibd,poisson_separate,g15_o1,15,ok,False,10.609935353286637,1.9540584212766878,25.146041207946837
constant,0,5,hapibd,poisson_separate,g01_o1,1,ok,False,2.6423746161748807,1.5370651188954598,14.365235875360668
constant,0,5,hapibd,poisson_separate,g11_o1,11,ok,False,2.0105627266590953,2.4192705184634615,28.423067375086248
constant,0,5,hapibd,poisson_separate,g10_o1,10,ok,False,8.264777874334749,1.991735291424393,27.940476708114147
constant,0,5,hapibd,poisson_separate,g04_o1,4,ok,False,2.5702001320009216,2.0687850045982223,31.86075225006789
constant,0,5,hapibd,poisson_separate,g20_o1,20,ok,False,1.9468947035458488,2.449893152517825,31.673979457467794
constant,0,5,hapibd,poisson_separate,g08_o2,8,ok,False,1.009316199992627,2.001588703786028,33.14154245797545
constant,0,5,hapibd,poisson_separate,g14_o1,14,ok,False,10.796556176688606,1.945039588070291,30.93562737479806
constant,0,6,true,poisson_shared,g03_o1,3,ok,False,25.670984208810186,1.1335065150871473,13.002285041846335
constant,0,6,true,poisson_shared,g13_o1,13,ok,False,2.31203418874272,1.397712733895395,38.16222966555506
constant,0,6,true,poisson_shared,g07_o1,7,ok,False,6.015867540548629,1.4783568964119178,40.02541812509298
constant,0,6,true,poisson_shared,g17_o1,17,ok,False,1.2412650733896393,1.8631866168007785,25.652171874418855
constant,0,6,true,poisson_shared,g06_o1,6,ok,False,15.35929679080081,1.5914040516366714,37.25729029253125
constant,0,6,true,poisson_shared,g22_o1,22,ok,False,4.337950809310478,1.5349587194129273,15.307091041468084
constant,0,6,true,poisson_shared,g16_o1,16,ok,False,4.7073973157741245,1.6303457637715253,28.1289889998734
constant,0,6,true,poisson_shared,g02_o1,2,ok,False,15.001356951949187,1.150363605430964,13.46661137510091
constant,0,6,true,poisson_shared,g12_o1,12,ok,False,1.492385169328584,2.4636063372606287,40.8349446663633
constant,0,6,true,poisson_shared,g15_o2,15,ok,False,6.911159055297698,1.4629349656491217,21.052115499973297
constant,0,6,true,poisson_shared,g21_o2,21,ok,False,6.05626266980025,3.7001610034073322,28.9652448752895
constant,0,6,true,poisson_shared,g09_o1,9,ok,False,5.803313502745277,1.6690866507868922,26.728218875825405
constant,0,6,true,poisson_shared,g19_o1,19,ok,False,6.5020196207679275,1.3569656611063623,29.351805250160396
constant,0,6,true,poisson_shared,g08_o1,8,ok,False,1.004200967085757,3.9290455694964135,31.252586250193417
constant,0,6,true,poisson_shared,g18_o1,18,ok,False,7.342893434041121,1.5393782855310165,36.67352366633713
constant,0,6,true,poisson_shared,g16_o2,16,ok,False,1.0388669375161907,1.5400089062389661,25.58853366691619
constant,0,6,true,poisson_shared,g22_o2,22,ok,False,3.7277851415138685,1.9987989682628002,21.27947804145515
constant,0,6,true,poisson_shared,g12_o2,12,ok,False,4.505324018699149,1.7428028631573258,31.847552500665188
constant,0,6,true,poisson_shared,g05_o1,5,ok,False,2.9400496278169777,3.8773892194212785,28.309056624770164
constant,0,6,true,poisson_shared,g21_o1,21,ok,False,1.075523861491741,1.5300377903473699,27.37497195787728
constant,0,6,true,poisson_shared,g09_o2,9,ok,False,17.309572135794646,1.5062841716755317,31.566132334060967
constant,0,6,true,poisson_shared,g15_o1,15,ok,False,4.030661530848803,1.287281316479218,20.25759791675955
constant,0,6,true,poisson_shared,g01_o1,1,ok,False,6.187230262988238,1.0458437021261702,12.592077291570604
constant,0,6,true,poisson_shared,g11_o1,11,ok,False,4.71516733506622,1.7897196716335313,29.964107875712216
constant,0,6,true,poisson_shared,g10_o1,10,ok,False,2.0190609147125205,1.7836689237186554,29.963604042306542
constant,0,6,true,poisson_shared,g04_o1,4,ok,False,1.9338618483141736,2.6179532754947075,31.33551162481308
constant,0,6,true,poisson_shared,g20_o1,20,ok,False,11.034246779223459,1.497737227420197,28.50274854246527
constant,0,6,true,poisson_shared,g08_o2,8,ok,False,4.071845321515581,2.2309174665673757,30.36760270781815
constant,0,6,true,poisson_shared,g14_o1,14,ok,False,3.3685139893145464,1.584253755141194,29.617439083755016
constant,0,6,true,poisson_separate,g03_o1,3,ok,False,1.2158509985862989,1.6666231728708545,17.548427750356495
constant,0,6,true,poisson_separate,g13_o1,13,ok,False,1.9538850743268747,2.3890831114515843,41.16695858258754
constant,0,6,true,poisson_separate,g07_o1,7,ok,False,1.0292089319379898,3.2916040474758117,36.898177875205874
constant,0,6,true,poisson_separate,g17_o1,17,ok,False,9.88135902315945,1.9443828038665012,34.062824667431414
constant,0,6,true,poisson_separate,g06_o1,6,ok,False,1.1680701364637587,2.121724760973168,36.38026887457818
constant,0,6,true,poisson_separate,g22_o1,22,ok,False,8.979072377602817,1.9673871033977608,39.195141666568816
constant,0,6,true,poisson_separate,g16_o1,16,ok,False,9.454775208146316,2.0449645061057686,33.39694529213011
constant,0,6,true,poisson_separate,g02_o1,2,ok,False,17.68837859547142,1.3564124068205836,17.642763124778867
constant,0,6,true,poisson_separate,g12_o1,12,ok,False,2.9687024242809277,3.5991262063678437,35.53460349980742
constant,0,6,true,poisson_separate,g15_o2,15,ok,False,1.1615907726371995,1.9916111338552442,30.3159499168396
constant,0,6,true,poisson_separate,g21_o2,21,ok,False,1.02262251110872,2.1501969573498103,43.66431020852178
constant,0,6,true,poisson_separate,g09_o1,9,ok,False,1.7369906306734064,2.373969582199925,34.21990220807493
constant,0,6,true,poisson_separate,g19_o1,19,ok,False,4.825785605558306,2.183455548977691,41.3596599586308
constant,0,6,true,poisson_separate,g08_o1,8,ok,False,1.9262881752908818,2.029003142343259,29.38688987493515
constant,0,6,true,poisson_separate,g18_o1,18,ok,False,6.048893696048797,2.3657696926342338,37.078474290668964
constant,0,6,true,poisson_separate,g16_o2,16,ok,False,1.4938820720501147,2.1614074169290056,33.06490920856595
constant,0,6,true,poisson_separate,g22_o2,22,ok,False,1.049644313269601,2.180807608857741,46.87248512543738
constant,0,6,true,poisson_separate,g12_o2,12,ok,False,2.2640107851109232,2.0096338874203377,40.841304999776185
constant,0,6,true,poisson_separate,g05_o1,5,ok,False,1.0691806477590162,2.041398495554364,32.23167929239571
constant,0,6,true,poisson_separate,g21_o1,21,ok,False,6.6912492185701,3.019899571832506,37.244971125386655
constant,0,6,true,poisson_separate,g09_o2,9,ok,False,1.6101839965637648,2.2813253178963713,38.4444829588756
constant,0,6,true,poisson_separate,g15_o1,15,ok,False,3.7129361312862983,1.8307259239354852,24.199511375278234
constant,0,6,true,poisson_separate,g01_o1,1,ok,False,3.9188546179654846,3.216743013191525,17.131019624881446
constant,0,6,true,poisson_separate,g11_o1,11,ok,False,7.262637840886242,2.387360486584997,30.878289208747447
constant,0,6,true,poisson_separate,g10_o1,10,ok,False,1.3150040735084851,2.3574689888426312,25.99129204172641
constant,0,6,true,poisson_separate,g04_o1,4,ok,False,4.205519217834105,2.2220332151226416,32.69065645895898
constant,0,6,true,poisson_separate,g20_o1,20,ok,False,7.680713440877804,2.047212583532095,36.388399791903794
constant,0,6,true,poisson_separate,g08_o2,8,ok,False,1.0869012000568474,1.8517468725506427,33.084357500076294
constant,0,6,true,poisson_separate,g14_o1,14,ok,False,3.416295575409005,3.966294774791398,32.42105729226023
constant,0,6,hapibd,poisson_shared,g03_o1,3,ok,False,26.912762614545006,1.1482196874809307,13.970486749894917
constant,0,6,hapibd,poisson_shared,g13_o1,13,ok,False,3.1791819960915633,1.61676136333719,38.70775845926255
constant,0,6,hapibd,poisson_shared,g07_o1,7,ok,False,1.2821703850786346,2.0303405092082523,34.526868499815464
constant,0,6,hapibd,poisson_shared,g17_o1,17,ok,False,1.2419369034200944,1.6236373786701133,25.353021333925426
constant,0,6,hapibd,poisson_shared,g06_o1,6,ok,False,10.94116044523938,1.576227063069338,32.001260709017515
constant,0,6,hapibd,poisson_shared,g22_o1,22,ok,False,1.660285889481724,1.7896442672399449,16.697060375474393
constant,0,6,hapibd,poisson_shared,g16_o1,16,ok,False,1.0355040709407426,2.213086289738419,25.848744375631213
constant,0,6,hapibd,poisson_shared,g02_o1,2,ok,False,10.962973482542054,1.0908925733917125,13.144232041202486
constant,0,6,hapibd,poisson_shared,g12_o1,12,ok,False,2.4459704897313332,1.6694146713844846,41.02204066608101
constant,0,6,hapibd,poisson_shared,g15_o2,15,ok,False,5.877042792991928,1.5462598825719645,23.156384791247547
constant,0,6,hapibd,poisson_shared,g21_o2,21,ok,False,4.627453543336831,1.5737278791660527,27.324059291742742
constant,0,6,hapibd,poisson_shared,g09_o1,9,ok,False,4.696618059733983,1.6576338197048786,29.698644290678203
constant,0,6,hapibd,poisson_shared,g19_o1,19,ok,False,1.3506646124027224,1.5422665551534296,33.590575457550585
constant,0,6,hapibd,poisson_shared,g08_o1,8,ok,False,3.5544671571457043,2.8515150438251617,34.70867450069636
constant,0,6,hapibd,poisson_shared,g18_o1,18,ok,False,2.3334756485335664,1.792262366580854,36.32692654244602
constant,0,6,hapibd,poisson_shared,g16_o2,16,ok,False,12.191678644125956,1.6853367153415992,24.41771912574768
constant,0,6,hapibd,poisson_shared,g22_o2,22,ok,False,8.457718472970994,1.5275130793319287,18.593257791362703
constant,0,6,hapibd,poisson_shared,g12_o2,12,ok,False,7.270181145844538,1.9526997699730477,31.91193062532693
constant,0,6,hapibd,poisson_shared,g05_o1,5,ok,False,5.877714626914522,2.986811682371125,31.94699495844543
constant,0,6,hapibd,poisson_shared,g21_o1,21,ok,False,2.784282515684313,2.314655806711153,26.98493062518537
constant,0,6,hapibd,poisson_shared,g09_o2,9,ok,False,4.314292013058076,1.617290457243892,30.785387499257922
constant,0,6,hapibd,poisson_shared,g15_o1,15,ok,False,2.3180784070909595,1.6662931208900835,19.058737416751683
constant,0,6,hapibd,poisson_shared,g01_o1,1,ok,False,14.903163978359476,1.2861677909076237,13.796321708709002
constant,0,6,hapibd,poisson_shared,g11_o1,11,ok,False,3.1678515354936647,2.263805975862451,35.831748666241765
constant,0,6,hapibd,poisson_shared,g10_o1,10,ok,False,5.558271300527633,1.8963134772546193,30.363380583934486
constant,0,6,hapibd,poisson_shared,g04_o1,4,ok,False,23.552869518488436,1.4491611643318434,38.44456716720015
constant,0,6,hapibd,poisson_shared,g20_o1,20,ok,False,1.1116883378477498,1.7249864865557305,25.703291167505085
constant,0,6,hapibd,poisson_shared,g08_o2,8,ok,False,1.92971861650835,2.3680491664024568,29.1006397921592
constant,0,6,hapibd,poisson_shared,g14_o1,14,ok,False,16.1967015688993,1.4442548119142864,32.0828519994393
constant,0,6,hapibd,poisson_separate,g03_o1,3,ok,False,12.781512868652452,1.5667103134208864,17.9887104164809
constant,0,6,hapibd,poisson_separate,g13_o1,13,ok,False,5.978566048572926,2.215147292506759,37.77159095928073
constant,0,6,hapibd,poisson_separate,g07_o1,7,ok,False,7.3534452947185684,2.5130047453177613,37.33428691700101
constant,0,6,hapibd,poisson_separate,g17_o1,17,ok,False,2.426719792805889,2.0950285945223563,33.25113937444985
constant,0,6,hapibd,poisson_separate,g06_o1,6,ok,False,7.171997055648779,1.6045859536757978,37.746119666844606
constant,0,6,hapibd,poisson_separate,g22_o1,22,ok,False,3.0794168856440063,2.168179737527079,36.2115484168753
constant,0,6,hapibd,poisson_separate,g16_o1,16,ok,False,2.0748281367987818,2.116463722809039,27.782996291294694
constant,0,6,hapibd,poisson_separate,g02_o1,2,ok,False,2.5264597532908994,2.136989027483969,18.27171954140067
constant,0,6,hapibd,poisson_separate,g12_o1,12,ok,False,1.0000458100285035,4.531778858076153,34.782426374964416
constant,0,6,hapibd,poisson_separate,g15_o2,15,ok,False,3.2396443564597264,1.9460508006494863,29.762244749814272
constant,0,6,hapibd,poisson_separate,g21_o2,21,ok,False,1.5288687822302587,2.564106901463194,34.61040670797229
constant,0,6,hapibd,poisson_separate,g09_o1,9,ok,False,1.3153156059405802,2.325780098424486,35.10783866606653
constant,0,6,hapibd,poisson_separate,g19_o1,19,ok,False,2.6329483799023228,2.1186557364468186,39.068910541944206
constant,0,6,hapibd,poisson_separate,g08_o1,8,ok,False,8.853675777245018,1.9645948472571846,31.5258343340829
constant,0,6,hapibd,poisson_separate,g18_o1,18,ok,False,6.360604812824678,2.211287478627396,31.367366375401616
constant,0,6,hapibd,poisson_separate,g16_o2,16,ok,False,5.299643026704521,1.9307501913041403,29.950481291860342
constant,0,6,hapibd,poisson_separate,g22_o2,22,ok,False,2.1559245812392027,2.5993746773673867,40.84696454182267
constant,0,6,hapibd,poisson_separate,g12_o2,12,ok,False,3.4594559073228317,2.3325723646701264,36.368892333470285
constant,0,6,hapibd,poisson_separate,g05_o1,5,ok,False,1.4408102025946798,3.089936008183562,32.88442362472415
constant,0,6,hapibd,poisson_separate,g21_o1,21,ok,False,4.944957164775973,2.998857154825326,36.74220374971628
constant,0,6,hapibd,poisson_separate,g09_o2,9,ok,False,13.768640273471922,1.7477738830881644,39.60909616574645
constant,0,6,hapibd,poisson_separate,g15_o1,15,ok,False,7.256310470165668,1.6376478744055423,25.234551082365215
constant,0,6,hapibd,poisson_separate,g01_o1,1,ok,False,1.4768395396223857,1.6111137074489907,16.209570541977882
constant,0,6,hapibd,poisson_separate,g11_o1,11,ok,False,2.0934002191169956,2.3877779287373087,26.12166825029999
constant,0,6,hapibd,poisson_separate,g10_o1,10,ok,False,1.635616001225506,2.2110079225100123,25.036894417367876
constant,0,6,hapibd,poisson_separate,g04_o1,4,ok,False,1.470525929218364,2.2354038303784574,32.046083082444966
constant,0,6,hapibd,poisson_separate,g20_o1,20,ok,False,8.961215842353853,2.78632684711077,32.27925187535584
constant,0,6,hapibd,poisson_separate,g08_o2,8,ok,False,1.0010469054797946,1.8514203515919612,34.439831166528165
constant,0,6,hapibd,poisson_separate,g14_o1,14,ok,False,8.610090521389091,2.0554934336151267,36.2483339169994
constant,0,7,true,poisson_shared,g03_o1,3,ok,False,3.7242453167653697,1.1606017067372514,15.522070874460042
constant,0,7,true,poisson_shared,g13_o1,13,ok,False,15.31303980991461,1.858851126520863,37.30217312462628
constant,0,7,true,poisson_shared,g07_o1,7,ok,False,2.6831396430404393,1.6216712393468273,41.02008841652423
constant,0,7,true,poisson_shared,g17_o1,17,ok,False,3.4939912154461936,2.011290273092592,28.426814291626215
constant,0,7,true,poisson_shared,g06_o1,6,ok,False,5.799757048669962,3.159774058237003,38.67975879088044
constant,0,7,true,poisson_shared,g22_o1,22,ok,False,5.033353644299219,1.714309968699261,20.968560040928423
constant,0,7,true,poisson_shared,g16_o1,16,ok,False,9.354740407964577,1.3778942157266352,31.990882707759738
constant,0,7,true,poisson_shared,g02_o1,2,ok,False,29.132334633314144,1.0853100586234026,14.525245040655136
constant,0,7,true,poisson_shared,g12_o1,12,ok,False,6.116589428673877,2.150940134452562,39.009231084026396
constant,0,7,true,poisson_shared,g15_o2,15,ok,False,5.278073932701646,1.4420871513813713,21.932297666557133
constant,0,7,true,poisson_shared,g21_o2,21,ok,False,3.8638887370581227,1.9802344027524807,31.21509108413011
constant,0,7,true,poisson_shared,g09_o1,9,ok,False,5.187857124167713,1.4918165735306257,33.81271199975163
constant,0,7,true,poisson_shared,g19_o1,19,ok,False,11.755940646417065,1.3641985348134462,29.748857624828815
constant,0,7,true,poisson_shared,g08_o1,8,ok,False,6.658894739249939,1.7883064981209016,32.56799662485719
constant,0,7,true,poisson_shared,g18_o1,18,ok,False,17.69439750367782,1.8992529632200246,36.263310625217855
constant,0,7,true,poisson_shared,g16_o2,16,ok,False,4.412971993348467,1.5678740535904772,26.280247624963522
constant,0,7,true,poisson_shared,g22_o2,22,ok,False,6.618161540266077,1.5240462323304056,21.790289250202477
constant,0,7,true,poisson_shared,g12_o2,12,ok,False,1.2441278549991401,2.2857459570661423,33.758784582838416
constant,0,7,true,poisson_shared,g05_o1,5,ok,False,6.925743787576937,1.580951702655224,30.195694000460207
constant,0,7,true,poisson_shared,g21_o1,21,ok,False,1.5832853253246215,2.1391335941549303,28.352693959139287
constant,0,7,true,poisson_shared,g09_o2,9,ok,False,5.213732678837847,1.6360088912349393,29.13876370806247
constant,0,7,true,poisson_shared,g15_o1,15,ok,False,2.748282089848267,1.4887050508081654,18.744137833826244
constant,0,7,true,poisson_shared,g01_o1,1,ok,False,19.185001169084902,1.1105816667758996,13.334856833331287
constant,0,7,true,poisson_shared,g11_o1,11,ok,False,3.4163977668625582,1.6589812346582808,35.93622533325106
constant,0,7,true,poisson_shared,g10_o1,10,ok,False,8.433380446629748,1.7854689682771643,30.683237708173692
constant,0,7,true,poisson_shared,g04_o1,4,ok,False,9.366092229896374,1.7795835256481036,30.123896582983434
constant,0,7,true,poisson_shared,g20_o1,20,ok,False,2.171473762682372,1.908964440904841,27.708370207808912
constant,0,7,true,poisson_shared,g08_o2,8,ok,False,1.037569729182212,2.5278264263555674,30.41527779214084
constant,0,7,true,poisson_shared,g14_o1,14,ok,False,1.406186339196011,1.8994635635474248,30.539318999275565
constant,0,7,true,poisson_separate,g03_o1,3,ok,False,3.1902026553878793,1.596773344098503,17.336418167687953
constant,0,7,true,poisson_separate,g13_o1,13,ok,False,7.658076423423763,1.7292610683397602,44.59904533345252
constant,0,7,true,poisson_separate,g07_o1,7,ok,False,1.3970567723742615,2.203263161833794,34.95595616661012
constant,0,7,true,poisson_separate,g17_o1,17,ok,False,1.2258865398729122,2.436978273698677,31.361938875168562
constant,0,7,true,poisson_separate,g06_o1,6,ok,False,1.3713613966256677,2.8248967991806184,37.112597750499845
constant,0,7,true,poisson_separate,g22_o1,22,ok,False,13.025254234794941,2.432322650161029,42.86614412534982
constant,0,7,true,poisson_separate,g16_o1,16,ok,False,1.761627840118666,1.9562821064457399,32.68517404142767
constant,0,7,true,poisson_separate,g02_o1,2,ok,False,8.17701777892249,1.6584694086544438,18.22627687547356
constant,0,7,true,poisson_separate,g12_o1,12,ok,False,8.059466603965568,3.5105193910643226,39.66440195776522
constant,0,7,true,poisson_separate,g15_o2,15,ok,False,1.055763986567897,2.336396359966134,29.456822958774865
constant,0,7,true,poisson_separate,g21_o2,21,ok,False,1.9309345314788895,1.8084849779163499,36.92290366720408
constant,0,7,true,poisson_separate,g09_o1,9,ok,False,4.880393970167844,1.8365243503415578,38.14965445827693
constant,0,7,true,poisson_separate,g19_o1,19,ok,False,1.3334297923900629,2.775292087212673,42.61696012504399
constant,0,7,true,poisson_separate,g08_o1,8,ok,False,5.624049922536106,2.448467627074001,32.39786066766828
constant,0,7,true,poisson_separate,g18_o1,18,ok,False,1.5036075161814382,2.452180118040258,35.61485345941037
constant,0,7,true,poisson_separate,g16_o2,16,ok,False,6.434651560602994,2.0820796972944713,38.62292658351362
constant,0,7,true,poisson_separate,g22_o2,22,ok,False,2.1506032261496997,2.28063596605764,45.73095891531557
constant,0,7,true,poisson_separate,g12_o2,12,ok,False,1.0099877541027402,1.9902972974210986,43.58872620854527
constant,0,7,true,poisson_separate,g05_o1,5,ok,False,11.275616094688566,2.382064606178284,34.113447916693985
constant,0,7,true,poisson_separate,g21_o1,21,ok,False,1.7409414028377383,2.218802568076532,39.53245995845646
constant,0,7,true,poisson_separate,g09_o2,9,ok,False,5.957656347099998,1.9879758357633106,37.426675458438694
constant,0,7,true,poisson_separate,g15_o1,15,ok,False,12.600502420539762,2.3515741172494695,24.406340334564447
constant,0,7,true,poisson_separate,g01_o1,1,ok,False,1.6174321975302715,1.67021942519619,16.371769667603076
constant,0,7,true,poisson_separate,g11_o1,11,ok,False,1.3771243279235545,2.3472258017224945,28.6474935002625
constant,0,7,true,poisson_separate,g10_o1,10,ok,False,1.6001806988426652,2.2376450766478198,28.456108042038977
constant,0,7,true,poisson_separate,g04_o1,4,ok,False,1.4255568755981383,2.2938267421522114,31.572113166563213
constant,0,7,true,poisson_separate,g20_o1,20,ok,False,12.607190192173144,2.4754019322146465,36.06620541680604
constant,0,7,true,poisson_separate,g08_o2,8,ok,False,7.386541901429887,2.1204149698530816,36.90075608436018
constant,0,7,true,poisson_separate,g14_o1,14,ok,False,5.39498211745209,2.2157678180081444,33.77984412480146
constant,0,7,hapibd,poisson_shared,g03_o1,3,ok,False,2.0039771228967584,1.2392596212587321,13.79399525001645
constant,0,7,hapibd,poisson_shared,g13_o1,13,ok,False,8.873104809242314,1.495111335513355,38.98632679134607
constant,0,7,hapibd,poisson_shared,g07_o1,7,ok,False,3.119020557702792,2.9978623544267067,44.04931170772761
constant,0,7,hapibd,poisson_shared,g17_o1,17,ok,False,4.185198055837692,1.8531351202508934,25.833306540735066
constant,0,7,hapibd,poisson_shared,g06_o1,6,ok,False,2.4392592348192963,1.9731138256850564,36.74333858303726
constant,0,7,hapibd,poisson_shared,g22_o1,22,ok,False,6.805569513858012,1.8230938724400463,18.409165834076703
constant,0,7,hapibd,poisson_shared,g16_o1,16,ok,False,2.7340997291671103,1.6955537050290146,28.774138417094946
constant,0,7,hapibd,poisson_shared,g02_o1,2,ok,False,1.9743515352656058,1.1258933026098878,13.331898250617087
constant,0,7,hapibd,poisson_shared,g12_o1,12,ok,False,13.209385174201705,2.004277996723277,40.82189816702157
constant,0,7,hapibd,poisson_shared,g15_o2,15,ok,False,6.301042943151916,1.4125852335696099,20.126779291778803
constant,0,7,hapibd,poisson_shared,g21_o2,21,ok,False,7.620407696627773,2.425788444993961,26.25297454185784
constant,0,7,hapibd,poisson_shared,g09_o1,9,ok,False,2.7469656074102877,1.4300917684724719,32.23344283271581
constant,0,7,hapibd,poisson_shared,g19_o1,19,ok,False,21.359807743294365,1.6861794827125676,33.17072133347392
constant,0,7,hapibd,poisson_shared,g08_o1,8,ok,False,9.71951279943815,4.548559722464223,35.17894362471998
constant,0,7,hapibd,poisson_shared,g18_o1,18,ok,False,5.56233100628662,2.1182244560307772,32.648116916418076
constant,0,7,hapibd,poisson_shared,g16_o2,16,ok,False,4.740145950634688,1.683948664142388,27.172518958337605
constant,0,7,hapibd,poisson_shared,g22_o2,22,ok,False,3.420679400359039,1.5692427042296238,19.093934041447937
constant,0,7,hapibd,poisson_shared,g12_o2,12,ok,False,1.602902131223883,1.5441443936910988,34.11333391536027
constant,0,7,hapibd,poisson_shared,g05_o1,5,ok,False,6.3506372817801475,2.5691273583874215,32.20735383313149
constant,0,7,hapibd,poisson_shared,g21_o1,21,ok,False,2.8335943218421837,1.766369038325659,26.440907624550164
constant,0,7,hapibd,poisson_shared,g09_o2,9,ok,False,1.6356101765728983,2.320620386393861,31.95618858281523
constant,0,7,hapibd,poisson_shared,g15_o1,15,ok,False,2.127017504388301,1.288576547065298,19.17172395810485
constant,0,7,hapibd,poisson_shared,g01_o1,1,ok,False,8.269775518328412,1.080562118291492,14.20409629214555
constant,0,7,hapibd,poisson_shared,g11_o1,11,ok,False,14.231204843221596,1.9176931144149922,35.743787416256964
constant,0,7,hapibd,poisson_shared,g10_o1,10,ok,False,1.1326828377514546,2.274194534023372,31.150946292094886
constant,0,7,hapibd,poisson_shared,g04_o1,4,ok,False,1.2343291613854541,1.7190854148681163,41.412492708303034
constant,0,7,hapibd,poisson_shared,g20_o1,20,ok,False,4.674700787065925,1.9270880550343141,27.04919254221022
constant,0,7,hapibd,poisson_shared,g08_o2,8,ok,False,19.48955043348947,1.9298207581410605,31.418886750005186
constant,0,7,hapibd,poisson_shared,g14_o1,14,ok,False,6.43773246215988,1.7057476125720132,30.81479787454009
constant,0,7,hapibd,poisson_separate,g03_o1,3,ok,False,2.585687622871579,1.549639608675152,17.48279987461865
constant,0,7,hapibd,poisson_separate,g13_o1,13,ok,False,1.9790090879810316,4.500553503295422,41.07506416644901
constant,0,7,hapibd,poisson_separate,g07_o1,7,ok,False,3.7930946310532083,2.46830875003811,38.25945783406496
constant,0,7,hapibd,poisson_separate,g17_o1,17,ok,False,1.7131782376026556,2.1554294614660057,33.976565999910235
constant,0,7,hapibd,poisson_separate,g06_o1,6,ok,False,1.0120563219772538,2.269531148105734,36.035346374846995
constant,0,7,hapibd,poisson_separate,g22_o1,22,ok,False,10.798099136806261,2.292899233574127,37.830464291386306
constant,0,7,hapibd,poisson_separate,g16_o1,16,ok,False,1.1461930090772894,2.286369328639306,29.396934708580375
constant,0,7,hapibd,poisson_separate,g02_o1,2,ok,False,7.721092214740233,2.119160276794348,17.885681834071875
constant,0,7,hapibd,poisson_separate,g12_o1,12,ok,False,5.542389233625593,4.994334779486501,37.53348370920867
constant,0,7,hapibd,poisson_separate,g15_o2,15,ok,False,11.42975679225528,1.6166890774231941,29.864346750080585
constant,0,7,hapibd,poisson_separate,g21_o2,21,ok,False,6.786812417760785,1.9249967266070365,34.84760858211666
constant,0,7,hapibd,poisson_separate,g09_o1,9,ok,False,3.30491457672008,2.369367537145528,34.05291970912367
constant,0,7,hapibd,poisson_separate,g19_o1,19,ok,False,1.4995052554118027,2.0256493280901533,39.2234802916646
constant,0,7,hapibd,poisson_separate,g08_o1,8,ok,False,1.2164224685130907,4.018343385601694,30.97006925009191
constant,0,7,hapibd,poisson_separate,g18_o1,18,ok,False,3.0105235532181838,2.1141943938534706,37.45298200007528
constant,0,7,hapibd,poisson_separate,g16_o2,16,ok,False,1.49752883157546,2.4446509020025506,32.13911679107696
constant,0,7,hapibd,poisson_separate,g22_o2,22,ok,False,2.550189270486627,2.846483725731036,40.28083966579288
constant,0,7,hapibd,poisson_separate,g12_o2,12,ok,False,3.2091818896633075,2.36830555942103,40.48462791647762
constant,0,7,hapibd,poisson_separate,g05_o1,5,ok,False,2.2699638640903266,2.20841802247435,33.59348908346146
constant,0,7,hapibd,poisson_separate,g21_o1,21,ok,False,2.8597120402106,2.8325067977470955,37.86350983288139
constant,0,7,hapibd,poisson_separate,g09_o2,9,ok,False,1.001336088150135,2.6932402513876736,39.24785608239472
constant,0,7,hapibd,poisson_separate,g15_o1,15,ok,False,1.8921912931730411,2.1947880419473447,25.390249207615852
constant,0,7,hapibd,poisson_separate,g01_o1,1,ok,False,17.45827229602495,1.7096324210846106,16.366115959361196
constant,0,7,hapibd,poisson_separate,g11_o1,11,ok,False,4.845653959737092,2.216613100578193,26.680589790455997
constant,0,7,hapibd,poisson_separate,g10_o1,10,ok,False,1.8579710946924959,1.7459325824710532,25.80029720813036
constant,0,7,hapibd,poisson_separate,g04_o1,4,ok,False,3.04354276272616,2.2015312829481144,30.997157708741724
constant,0,7,hapibd,poisson_separate,g20_o1,20,ok,False,1.0510854072726201,1.862139483112554,35.27148983255029
constant,0,7,hapibd,poisson_separate,g08_o2,8,ok,False,4.930204256705685,2.0850329858102086,35.77275983244181
constant,0,7,hapibd,poisson_separate,g14_o1,14,ok,False,3.3097323791530284,2.1746882473674978,34.78390775062144
constant,0,8,true,poisson_shared,g03_o1,3,ok,False,1.1483277007657813,1.0098372388987846,13.952923707664013
constant,0,8,true,poisson_shared,g13_o1,13,ok,False,2.73879670451482,1.6783269397603935,35.68831558339298
constant,0,8,true,poisson_shared,g07_o1,7,ok,False,12.457866530614098,1.6639751854359408,37.06808404158801
constant,0,8,true,poisson_shared,g17_o1,17,ok,False,6.898364383240503,1.3790361896495817,28.34966191649437
constant,0,8,true,poisson_shared,g06_o1,6,ok,False,13.300580731037739,1.7137535308131377,33.656019957736135
constant,0,8,true,poisson_shared,g22_o1,22,ok,False,3.012671579770036,1.8764586869186823,13.709449416026473
constant,0,8,true,poisson_shared,g16_o1,16,ok,False,11.462079516964954,1.4635211877902232,30.889165957458317
constant,0,8,true,poisson_shared,g02_o1,2,ok,False,13.628240811343499,1.0832934358640576,14.410587625578046
constant,0,8,true,poisson_shared,g12_o1,12,ok,False,6.753255441573211,1.950371438729168,37.84671254083514
constant,0,8,true,poisson_shared,g15_o2,15,ok,False,3.425538033345771,1.5090139927214017,20.97350845951587
constant,0,8,true,poisson_shared,g21_o2,21,ok,False,1.0788049280911656,1.650068846274757,24.446280292235315
constant,0,8,true,poisson_shared,g09_o1,9,ok,False,3.936124583990763,1.9232993587635188,25.96693112514913
constant,0,8,true,poisson_shared,g19_o1,19,ok,False,1.9738228076795943,1.432928313767681,34.52360675018281
constant,0,8,true,poisson_shared,g08_o1,8,ok,False,3.5974700777629645,1.76037047547233,31.694700833410025
constant,0,8,true,poisson_shared,g18_o1,18,ok,False,7.176412216106347,2.1078039911448356,30.87981954123825
constant,0,8,true,poisson_shared,g16_o2,16,ok,False,2.0576054183220145,1.4096153693840763,26.997728959657252
constant,0,8,true,poisson_shared,g22_o2,22,ok,False,4.083496179601492,1.6998058044739186,21.637393374927342
constant,0,8,true,poisson_shared,g12_o2,12,ok,False,7.681957955734946,3.155045722405829,31.93240641709417
constant,0,8,true,poisson_shared,g05_o1,5,ok,False,6.258935834679165,1.6103348391163843,29.813048875890672
constant,0,8,true,poisson_shared,g21_o1,21,ok,False,5.403888239895884,1.5408867111565405,26.956359625793993
constant,0,8,true,poisson_shared,g09_o2,9,ok,False,5.490729381370413,2.2548776381172075,37.774372584186494
constant,0,8,true,poisson_shared,g15_o1,15,ok,False,18.413630674898783,1.4441443966233496,20.44112358428538
constant,0,8,true,poisson_shared,g01_o1,1,ok,False,36.128468638384945,0.9667645452898301,13.419752582907677
constant,0,8,true,poisson_shared,g11_o1,11,ok,False,1.25921470030023,1.7618325795807876,27.604847250506282
constant,0,8,true,poisson_shared,g10_o1,10,ok,False,7.21471381434303,1.5053334477091498,29.95114945806563
constant,0,8,true,poisson_shared,g04_o1,4,ok,False,6.818886070872345,1.6140709794410077,39.93724450003356
constant,0,8,true,poisson_shared,g20_o1,20,ok,False,3.908783948795865,4.660974404107778,27.16756883263588
constant,0,8,true,poisson_shared,g08_o2,8,ok,False,4.438413470631117,2.8543992155968385,29.04544425010681
constant,0,8,true,poisson_shared,g14_o1,14,ok,False,7.385216019209632,1.4329795961632736,28.61910624988377
constant,0,8,true,poisson_separate,g03_o1,3,ok,False,8.64466710430834,1.5096020838453819,16.212920625694096
constant,0,8,true,poisson_separate,g13_o1,13,ok,False,1.0773924530209602,2.229187079230021,40.53638158366084
constant,0,8,true,poisson_separate,g07_o1,7,ok,False,4.194699345270723,4.5112092291527945,43.918894208967686
constant,0,8,true,poisson_separate,g17_o1,17,ok,False,1.1516474319418375,3.3950495803430876,34.96862154174596
constant,0,8,true,poisson_separate,g06_o1,6,ok,False,4.44124778842665,3.4141927316614242,32.788380083628
constant,0,8,true,poisson_separate,g22_o1,22,ok,False,1.3022879378433787,2.417429598206376,37.87388062477112
constant,0,8,true,poisson_separate,g16_o1,16,ok,False,1.3990566559893407,2.453519397449025,37.07592633366585
constant,0,8,true,poisson_separate,g02_o1,2,ok,False,2.397947873468243,2.3944285393514697,17.15792483277619
constant,0,8,true,poisson_separate,g12_o1,12,ok,False,13.68162456303543,1.9512482046562907,34.42939904239029
constant,0,8,true,poisson_separate,g15_o2,15,ok,False,1.376473358086262,2.5029114680451365,31.389928875491023
constant,0,8,true,poisson_separate,g21_o2,21,ok,False,3.1692082687882923,2.158916224139973,43.7487309994176
constant,0,8,true,poisson_separate,g09_o1,9,ok,False,1.6776686576531845,2.599972323840957,35.43238087464124
constant,0,8,true,poisson_separate,g19_o1,19,ok,False,1.5155556151522753,1.9051738597104095,39.25293891597539
constant,0,8,true,poisson_separate,g08_o1,8,ok,False,2.841454035512839,1.9780300459728986,41.03108074981719
constant,0,8,true,poisson_separate,g18_o1,18,ok,False,1.308166543908256,2.0779908149196795,34.4725626250729
constant,0,8,true,poisson_separate,g16_o2,16,ok,False,2.2692295824186592,2.072956889303424,36.582401582971215
constant,0,8,true,poisson_separate,g22_o2,22,ok,False,2.0492516888148273,2.8037540741413225,49.019536416977644
constant,0,8,true,poisson_separate,g12_o2,12,ok,False,3.1039501734443897,2.323669286652245,37.12919054273516
constant,0,8,true,poisson_separate,g05_o1,5,ok,False,2.2015198182098863,2.5708281358408325,34.51662279199809
constant,0,8,true,poisson_separate,g21_o1,21,ok,False,4.457095134306918,2.8345474450389765,39.33648816682398
constant,0,8,true,poisson_separate,g09_o2,9,ok,False,7.928363782825774,2.43074310443171,37.03644016664475
constant,0,8,true,poisson_separate,g15_o1,15,ok,False,2.0323458519738,1.7273764108968779,24.602369125001132
constant,0,8,true,poisson_separate,g01_o1,1,ok,False,7.507445148152808,1.6157895452788933,15.03395020775497
constant,0,8,true,poisson_separate,g11_o1,11,ok,False,1.892203205072372,2.729696761767247,30.4884785823524
constant,0,8,true,poisson_separate,g10_o1,10,ok,False,2.1736301080864906,3.2092536546711203,26.26341374963522
constant,0,8,true,poisson_separate,g04_o1,4,ok,False,3.5794403634590557,2.1961933119059935,32.1132206665352
constant,0,8,true,poisson_separate,g20_o1,20,ok,False,1.00507540543093,2.562588649997511,35.28813954163343
constant,0,8,true,poisson_separate,g08_o2,8,ok,False,3.7343642412011677,1.7780219329768507,35.11048454139382
constant,0,8,true,poisson_separate,g14_o1,14,ok,False,2.1028658618955,3.6596681017217514,35.66349537484348
constant,0,8,hapibd,poisson_shared,g03_o1,3,ok,False,19.6267750307213,1.048489974555867,19.219470541924238
constant,0,8,hapibd,poisson_shared,g13_o1,13,ok,False,7.926976315524513,1.7338813330701923,37.90783583279699
constant,0,8,hapibd,poisson_shared,g07_o1,7,ok,False,25.748452758137347,1.402245936985251,32.52407758310437
constant,0,8,hapibd,poisson_shared,g17_o1,17,ok,False,1.0892771821007154,1.5930884217780756,27.538550958037376
constant,0,8,hapibd,poisson_shared,g06_o1,6,ok,False,12.066012010983021,1.6411735362053523,33.41082845814526
constant,0,8,hapibd,poisson_shared,g22_o1,22,ok,False,3.4648502074038823,1.9717864305032329,16.76668854150921
constant,0,8,hapibd,poisson_shared,g16_o1,16,ok,False,12.588444892046853,1.9334414314311803,32.03007008321583
constant,0,8,hapibd,poisson_shared,g02_o1,2,ok,False,25.866858058103613,1.1405295794876686,13.580946624279022
constant,0,8,hapibd,poisson_shared,g12_o1,12,ok,False,1.9072354089217094,1.7973758780046976,39.12088591605425
constant,0,8,hapibd,poisson_shared,g15_o2,15,ok,False,26.27000780892565,1.5044124271247628,22.64609537553042
constant,0,8,hapibd,poisson_shared,g21_o2,21,ok,False,6.374552574307201,1.6178725603533064,27.012023333460093
constant,0,8,hapibd,poisson_shared,g09_o1,9,ok,False,6.194773545989306,2.924312821085036,25.559065124951303
constant,0,8,hapibd,poisson_shared,g19_o1,19,ok,False,3.438342267292533,1.542485448117474,30.09511737432331
constant,0,8,hapibd,poisson_shared,g08_o1,8,ok,False,2.0893704311810533,2.580513340244662,32.906850832514465
constant,0,8,hapibd,poisson_shared,g18_o1,18,ok,False,5.630032445373262,2.43251550437471,36.225747583433986
constant,0,8,hapibd,poisson_shared,g16_o2,16,ok,False,6.922435029728539,1.8598247329139592,28.434383584186435
constant,0,8,hapibd,poisson_shared,g22_o2,22,ok,False,8.091395452977206,1.743761466556828,18.16173950023949
constant,0,8,hapibd,poisson_shared,g12_o2,12,ok,False,5.255917232629004,3.7960702855070063,32.34671504236758
constant,0,8,hapibd,poisson_shared,g05_o1,5,ok,False,6.970612977148252,1.6874651974085209,31.74281550012529
constant,0,8,hapibd,poisson_shared,g21_o1,21,ok,False,4.805824825260228,2.456128907368522,26.259967625141144
constant,0,8,hapibd,poisson_shared,g09_o2,9,ok,False,5.676809376871504,1.6921832177478529,36.50467116665095
constant,0,8,hapibd,poisson_shared,g15_o1,15,ok,False,2.4808398910031473,1.3313560650207792,18.15757254138589
constant,0,8,hapibd,poisson_shared,g01_o1,1,ok,False,4.744086168612156,0.9809844708544966,16.296435624361038
constant,0,8,hapibd,poisson_shared,g11_o1,11,ok,False,1.6147451214945683,4.072572668586187,36.0501197502017
constant,0,8,hapibd,poisson_shared,g10_o1,10,ok,False,1.3138013363238907,1.7775970662882459,34.74654695764184
constant,0,8,hapibd,poisson_shared,g04_o1,4,ok,False,5.293483226521708,1.6406852316371847,40.255580333061516
constant,0,8,hapibd,poisson_shared,g20_o1,20,ok,False,5.900650039015874,1.5485358664819007,28.424874459393322
constant,0,8,hapibd,poisson_shared,g08_o2,8,ok,False,12.889345906717232,2.191629935701196,26.06449395790696
constant,0,8,hapibd,poisson_shared,g14_o1,14,ok,False,8.043598107620872,1.834432936273167,32.73140341602266
constant,0,8,hapibd,poisson_separate,g03_o1,3,ok,False,1.160336445412336,2.00775208670543,17.245290125720203
constant,0,8,hapibd,poisson_separate,g13_o1,13,ok,False,2.7444574656636775,1.9725417544761579,38.64470454212278
constant,0,8,hapibd,poisson_separate,g07_o1,7,ok,False,1.5352985437861106,1.9051864332662833,37.72674591746181
constant,0,8,hapibd,poisson_separate,g17_o1,17,ok,False,2.593839352698993,1.9482480738051766,33.53405462484807
constant,0,8,hapibd,poisson_separate,g06_o1,6,ok,False,2.2889204512342647,2.0221097938726573,32.53201975021511
constant,0,8,hapibd,poisson_separate,g22_o1,22,ok,False,4.8795681957169155,2.5283461508669847,34.43193874973804
constant,0,8,hapibd,poisson_separate,g16_o1,16,ok,False,13.848292623838084,2.275014862378396,30.346811832860112
constant,0,8,hapibd,poisson_separate,g02_o1,2,ok,False,2.548271105810071,1.6883210761519378,17.79014008305967
constant,0,8,hapibd,poisson_separate,g12_o1,12,ok,False,1.252817459646276,2.0783228668443265,35.68409466743469
constant,0,8,hapibd,poisson_separate,g15_o2,15,ok,False,5.218377456611399,2.3743690236225587,30.123678665608168
constant,0,8,hapibd,poisson_separate,g21_o2,21,ok,False,10.928263965215528,2.467663343177876,41.88670099992305
constant,0,8,hapibd,poisson_separate,g09_o1,9,ok,False,3.9672691275730747,1.766558915436856,31.440735124982893
constant,0,8,hapibd,poisson_separate,g19_o1,19,ok,False,1.576753933843598,1.859346663606315,38.965978832915425
constant,0,8,hapibd,poisson_separate,g08_o1,8,ok,False,1.4809717467290124,3.0432652703263843,37.48536091763526
constant,0,8,hapibd,poisson_separate,g18_o1,18,ok,False,1.3137281276340724,2.687758684896278,34.41449350025505
constant,0,8,hapibd,poisson_separate,g16_o2,16,ok,False,2.021443673996757,4.28335076976716,30.64487279113382
constant,0,8,hapibd,poisson_separate,g22_o2,22,ok,False,1.6549298144434867,2.036292387708825,39.91961620841175
constant,0,8,hapibd,poisson_separate,g12_o2,12,ok,False,3.071860141032271,2.164698805498504,35.32434633281082
constant,0,8,hapibd,poisson_separate,g05_o1,5,ok,False,10.863465846022287,2.0545941014347497,31.954691958613694
constant,0,8,hapibd,poisson_separate,g21_o1,21,ok,False,3.0646159667315733,1.9598137019116013,35.57857133448124
constant,0,8,hapibd,poisson_separate,g09_o2,9,ok,False,10.323208721209816,1.62748991673127,37.635202541947365
constant,0,8,hapibd,poisson_separate,g15_o1,15,ok,False,6.659766092249512,2.28203231490304,25.235334374941885
constant,0,8,hapibd,poisson_separate,g01_o1,1,ok,False,3.483027865774376,1.6993509060097391,16.03626108262688
constant,0,8,hapibd,poisson_separate,g11_o1,11,ok,False,6.7654656289602375,2.155838169622412,28.787884124554694
constant,0,8,hapibd,poisson_separate,g10_o1,10,ok,False,3.100981130832931,2.092759209898587,25.33089404180646
constant,0,8,hapibd,poisson_separate,g04_o1,4,ok,False,1.1612403929434778,2.184986933702385,31.126428625546396
constant,0,8,hapibd,poisson_separate,g20_o1,20,ok,False,3.1607366561090173,1.9019758712575043,33.8068450409919
constant,0,8,hapibd,poisson_separate,g08_o2,8,ok,False,1.659211604946193,1.9282569000967276,31.770574958994985
constant,0,8,hapibd,poisson_separate,g14_o1,14,ok,False,4.318403684558979,2.288592343972157,31.94388558343053
constant,0,9,true,poisson_shared,g03_o1,3,ok,False,4.953981391986657,1.149520999523153,12.095072249881923
constant,0,9,true,poisson_shared,g13_o1,13,ok,False,8.309138364759464,1.645314496566922,36.74588966742158
constant,0,9,true,poisson_shared,g07_o1,7,ok,False,16.824085476688758,1.3936977712539098,37.58678949996829
constant,0,9,true,poisson_shared,g17_o1,17,ok,False,2.6770695593105267,1.6560500666135567,27.20125945750624
constant,0,9,true,poisson_shared,g06_o1,6,ok,False,7.510195275699958,1.7579926476412773,31.4378522913903
constant,0,9,true,poisson_shared,g22_o1,22,ok,False,5.095015000441424,1.728846356639288,17.92494574934244
constant,0,9,true,poisson_shared,g16_o1,16,ok,False,6.766663613971822,1.6406395737876933,30.720679791644216
constant,0,9,true,poisson_shared,g02_o1,2,ok,False,3.6417983422693174,1.154941905233906,13.179683082737029
constant,0,9,true,poisson_shared,g12_o1,12,ok,False,4.7162461739483215,2.287933577788836,37.987618541345
constant,0,9,true,poisson_shared,g15_o2,15,ok,False,19.824062772294486,1.4929029401047693,22.28993504215032
constant,0,9,true,poisson_shared,g21_o2,21,ok,False,1.000690354888277,2.0159445082395058,28.4206752916798
constant,0,9,true,poisson_shared,g09_o1,9,ok,False,7.652522064856838,1.4886609961159543,26.543277791701257
constant,0,9,true,poisson_shared,g19_o1,19,ok,False,7.083331786426877,1.5433916211540273,36.75742429122329
constant,0,9,true,poisson_shared,g08_o1,8,ok,False,2.911761966205224,2.086540841270068,28.863179999403656
constant,0,9,true,poisson_shared,g18_o1,18,ok,False,3.1155127762004216,1.977636900619004,33.41135458275676
constant,0,9,true,poisson_shared,g16_o2,16,ok,False,4.104912365437702,1.4966451360336517,24.04368745908141
constant,0,9,true,poisson_shared,g22_o2,22,ok,False,1.1016700122237157,1.5454994022827875,22.561164791695774
constant,0,9,true,poisson_shared,g12_o2,12,ok,False,2.6260927870702955,2.469906617307291,31.98481604270637
constant,0,9,true,poisson_shared,g05_o1,5,ok,False,3.639709245925013,1.792493583467829,36.79890341684222
constant,0,9,true,poisson_shared,g21_o1,21,ok,False,1.4941465130041212,1.9493852449120563,27.0254792496562
constant,0,9,true,poisson_shared,g09_o2,9,ok,False,28.863081507387257,1.3335648886038445,29.509187416173518
constant,0,9,true,poisson_shared,g15_o1,15,ok,False,15.354105739070127,1.4085066193567133,18.869030208326876
constant,0,9,true,poisson_shared,g01_o1,1,ok,False,18.825480259956485,1.2869041348022408,14.38401404209435
constant,0,9,true,poisson_shared,g11_o1,11,ok,False,1.2664555172672085,1.4995845859398884,29.608504749834538
constant,0,9,true,poisson_shared,g10_o1,10,ok,False,6.956498155514638,1.412235397689149,29.19996283389628
constant,0,9,true,poisson_shared,g04_o1,4,ok,False,11.958526266749777,1.532777370183821,27.690498291514814
constant,0,9,true,poisson_shared,g20_o1,20,ok,False,4.197054426704204,2.1932435234152865,22.942068833857775
constant,0,9,true,poisson_shared,g08_o2,8,ok,False,1.0722610495976719,1.8712413442876632,29.913825540803373
constant,0,9,true,poisson_shared,g14_o1,14,ok,False,8.700099347025779,1.6431850052036585,27.878134083002806
constant,0,9,true,poisson_separate,g03_o1,3,ok,False,1.3185316308335568,1.8593795390277847,17.51649033278227
constant,0,9,true,poisson_separate,g13_o1,13,ok,False,1.041028172609315,1.9434587038524695,41.25000275019556
constant,0,9,true,poisson_separate,g07_o1,7,ok,False,2.584007002744001,1.8434247237869912,36.003526374697685
constant,0,9,true,poisson_separate,g17_o1,17,ok,False,1.228017000856085,2.2546802427988255,34.989483875222504
constant,0,9,true,poisson_separate,g06_o1,6,ok,False,5.904745322903083,1.9776749096342585,34.65735133457929
constant,0,9,true,poisson_separate,g22_o1,22,ok,False,4.764071189789759,2.5455335686302245,42.374375709332526
constant,0,9,true,poisson_separate,g16_o1,16,ok,False,3.592551582353949,2.006438436424714,32.91397100035101
constant,0,9,true,poisson_separate,g02_o1,2,ok,False,6.912479120858572,1.6381797255482524,16.814137374982238
constant,0,9,true,poisson_separate,g12_o1,12,ok,False,2.4966082315379836,2.14509140984575,37.61374804098159
constant,0,9,true,poisson_separate,g15_o2,15,ok,False,5.160932156448633,2.938128842830937,31.704215167090297
constant,0,9,true,poisson_separate,g21_o2,21,ok,False,1.6508881498773402,2.642113656553931,36.51915124990046
constant,0,9,true,poisson_separate,g09_o1,9,ok,False,4.199069901208255,2.381258767455281,37.93449508305639
constant,0,9,true,poisson_separate,g19_o1,19,ok,False,3.437738630986854,1.8955786719267864,40.96873275004327
constant,0,9,true,poisson_separate,g08_o1,8,ok,False,2.320154330568068,2.0623809680380663,28.195028041489422
constant,0,9,true,poisson_separate,g18_o1,18,ok,False,1.745977328850655,1.946458506637497,36.59704737458378
constant,0,9,true,poisson_separate,g16_o2,16,ok,False,1.0491609577758139,1.9146080299998578,36.07842091564089
constant,0,9,true,poisson_separate,g22_o2,22,ok,False,3.1805558410198644,2.9551874507990394,47.744739207439125
constant,0,9,true,poisson_separate,g12_o2,12,ok,False,1.2986382403073065,2.1031964975857678,38.411882834509015
constant,0,9,true,poisson_separate,g05_o1,5,ok,False,3.6376474545543673,2.309452815881172,33.3029341250658
constant,0,9,true,poisson_separate,g21_o1,21,ok,False,4.92135879416514,3.681698793598424,37.97414324991405
constant,0,9,true,poisson_separate,g09_o2,9,ok,False,11.454973830916337,1.6549965363128427,34.31540120765567
constant,0,9,true,poisson_separate,g15_o1,15,ok,False,3.0474158399217273,2.0252571452333488,23.663507042452693
constant,0,9,true,poisson_separate,g01_o1,1,ok,False,3.834030750113038,1.8573555249372975,15.463566416874528
constant,0,9,true,poisson_separate,g11_o1,11,ok,False,2.4805124071438196,2.660211260626127,30.64743566699326
constant,0,9,true,poisson_separate,g10_o1,10,ok,False,3.523136911821339,1.8400666643850523,27.052374582737684
constant,0,9,true,poisson_separate,g04_o1,4,ok,False,2.1502862996490326,2.082710787472685,32.87716229259968
constant,0,9,true,poisson_separate,g20_o1,20,ok,False,1.0225306210675402,2.2945888193735433,33.20092604123056
constant,0,9,true,poisson_separate,g08_o2,8,ok,False,1.0448380609993597,2.123052401692397,33.89309324976057
constant,0,9,true,poisson_separate,g14_o1,14,ok,False,5.346952159829451,2.0511372121355254,36.42831258382648
constant,0,9,hapibd,poisson_shared,g03_o1,3,ok,False,22.44946394488762,1.090226625894522,11.344710292294621
constant,0,9,hapibd,poisson_shared,g13_o1,13,ok,False,1.4744027462893168,1.900717150192326,37.51450283266604
constant,0,9,hapibd,poisson_shared,g07_o1,7,ok,False,2.993197750322866,1.6838461002422065,37.44161754194647
constant,0,9,hapibd,poisson_shared,g17_o1,17,ok,False,15.55594406198347,1.5594620494520686,26.44697566702962
constant,0,9,hapibd,poisson_shared,g06_o1,6,ok,False,2.106344738601546,1.7389656584795152,33.26991329155862
constant,0,9,hapibd,poisson_shared,g22_o1,22,ok,False,7.6134376795989205,1.676760409363104,15.982057875022292
constant,0,9,hapibd,poisson_shared,g16_o1,16,ok,False,18.804732127691505,1.4803220675539475,28.823800749145448
constant,0,9,hapibd,poisson_shared,g02_o1,2,ok,False,19.165655969445,1.0380955090132638,11.889646957628429
constant,0,9,hapibd,poisson_shared,g12_o1,12,ok,False,5.075476851752373,4.249485703502486,37.9224759163335
constant,0,9,hapibd,poisson_shared,g15_o2,15,ok,False,5.154321699378356,1.1023095072681788,23.512518666684628
constant,0,9,hapibd,poisson_shared,g21_o2,21,ok,False,1.1583915817128962,1.6174109679577058,24.2415052074939
constant,0,9,hapibd,poisson_shared,g09_o1,9,ok,False,17.093622374348083,1.4778231846809533,31.02768824994564
constant,0,9,hapibd,poisson_shared,g19_o1,19,ok,False,7.39456475855216,1.7474627918724284,29.91831379197538
constant,0,9,hapibd,poisson_shared,g08_o1,8,ok,False,2.2374383771679023,1.8527792654081674,27.74971062503755
constant,0,9,hapibd,poisson_shared,g18_o1,18,ok,False,1.5866922320472459,1.773946174219443,36.32073612511158
constant,0,9,hapibd,poisson_shared,g16_o2,16,ok,False,4.819985233424334,1.3349232821387247,23.9481665417552
constant,0,9,hapibd,poisson_shared,g22_o2,22,ok,False,2.1210615222643603,1.9306806937916383,17.89012449979782
constant,0,9,hapibd,poisson_shared,g12_o2,12,ok,False,9.606857925701231,2.684716643950986,30.33627283293754
constant,0,9,hapibd,poisson_shared,g05_o1,5,ok,False,1.41166432217634,1.5803499655808648,30.496550291776657
constant,0,9,hapibd,poisson_shared,g21_o1,21,ok,False,7.381656767925985,4.861229295379366,27.19834370817989
constant,0,9,hapibd,poisson_shared,g09_o2,9,ok,False,3.776471124833022,1.6866584304959655,38.70655858237296
constant,0,9,hapibd,poisson_shared,g15_o1,15,ok,False,3.032992535638383,1.5065526348616403,19.861132291145623
constant,0,9,hapibd,poisson_shared,g01_o1,1,ok,False,12.363709067127026,1.153567850286016,15.80939245969057
constant,0,9,hapibd,poisson_shared,g11_o1,11,ok,False,12.434713651056027,2.2520851990550756,35.04583949968219
constant,0,9,hapibd,poisson_shared,g10_o1,10,ok,False,3.748138501357128,1.6977690763499567,30.53143549989909
constant,0,9,hapibd,poisson_shared,g04_o1,4,ok,False,9.853823385354723,2.310548149091006,37.45552320871502
constant,0,9,hapibd,poisson_shared,g20_o1,20,ok,False,3.7361429462014155,2.992477312750905,27.97665762528777
constant,0,9,hapibd,poisson_shared,g08_o2,8,ok,False,1.0001363257811342,2.146202698310607,27.449751666747034
constant,0,9,hapibd,poisson_shared,g14_o1,14,ok,False,3.881359895407005,1.5464924755922869,31.339076083153486
constant,0,9,hapibd,poisson_separate,g03_o1,3,ok,False,2.016163242885765,1.9151905588387526,17.57783520873636
constant,0,9,hapibd,poisson_separate,g13_o1,13,ok,False,1.6670286225390505,2.6875183438855568,41.33411429170519
constant,0,9,hapibd,poisson_separate,g07_o1,7,ok,False,2.499680451692054,1.7683126647026617,39.169929458759725
constant,0,9,hapibd,poisson_separate,g17_o1,17,ok,False,2.194434357072073,2.1992633720075525,32.48900133278221
constant,0,9,hapibd,poisson_separate,g06_o1,6,ok,False,5.6530913058906345,2.0258163128473368,36.12975800037384
constant,0,9,hapibd,poisson_separate,g22_o1,22,ok,False,1.4153344295387538,1.8276929905489128,36.78374695777893
constant,0,9,hapibd,poisson_separate,g16_o1,16,ok,False,3.2904401980266003,2.7761681407269077,29.34124641586095
constant,0,9,hapibd,poisson_separate,g02_o1,2,ok,False,4.684077750683517,1.7118465506560487,19.7003573756665
constant,0,9,hapibd,poisson_separate,g12_o1,12,ok,False,4.107573194719683,2.7779097013854472,33.58586937468499
constant,0,9,hapibd,poisson_separate,g15_o2,15,ok,False,1.2218644901718014,1.723828706838351,29.953668458387256
constant,0,9,hapibd,poisson_separate,g21_o2,21,ok,False,1.2597444440185723,2.1696150488483155,32.881424291059375
constant,0,9,hapibd,poisson_separate,g09_o1,9,ok,False,1.398949011787431,2.110055308048389,33.26762183289975
constant,0,9,hapibd,poisson_separate,g19_o1,19,ok,False,2.907179162439069,2.0045560908487454,37.933726666495204
constant,0,9,hapibd,poisson_separate,g08_o1,8,ok,False,11.082666598711306,2.251492781704713,32.79035166744143
constant,0,9,hapibd,poisson_separate,g18_o1,18,ok,False,2.3117603443778827,2.325262742110743,31.535547624342144
constant,0,9,hapibd,poisson_separate,g16_o2,16,ok,False,1.1106636244051769,2.292239127554059,28.389586542733014
constant,0,9,hapibd,poisson_separate,g22_o2,22,ok,False,1.7290388257601519,2.0999642044634954,39.03550529200584
constant,0,9,hapibd,poisson_separate,g12_o2,12,ok,False,4.032864533639485,3.7829988322320687,35.96062562521547
constant,0,9,hapibd,poisson_separate,g05_o1,5,ok,False,3.3220103155160863,2.3000355630921128,31.133100625127554
constant,0,9,hapibd,poisson_separate,g21_o1,21,ok,False,1.5499324690671241,2.1057109872772104,35.101496250368655
constant,0,9,hapibd,poisson_separate,g09_o2,9,ok,False,1.128040357826504,2.3674165382968555,38.00440154224634
constant,0,9,hapibd,poisson_separate,g15_o1,15,ok,False,1.6422968409435512,1.649634666996559,25.000013957731426
constant,0,9,hapibd,poisson_separate,g01_o1,1,ok,False,11.161489836186703,1.7122524549574116,15.954835667274892
constant,0,9,hapibd,poisson_separate,g11_o1,11,ok,False,6.509316428249937,1.937055675557063,25.916322167031467
constant,0,9,hapibd,poisson_separate,g10_o1,10,ok,False,2.7412477721340474,1.9685098282501523,25.74515312537551
constant,0,9,hapibd,poisson_separate,g04_o1,4,ok,False,6.7087901903580125,1.9924419284719248,29.855782666243613
constant,0,9,hapibd,poisson_separate,g20_o1,20,ok,False,3.010294625751194,3.801917751701848,33.46166174951941
constant,0,9,hapibd,poisson_separate,g08_o2,8,ok,False,2.1466041993885687,4.4483513860286665,33.94369599968195
constant,0,9,hapibd,poisson_separate,g14_o1,14,ok,False,5.12270738291857,1.748504359857116,32.631272417493165
