scenario,pool,replicate,source,variant,candidate,graph,reliable,parameter,mean,lower,upper,truth,error
growth,0,0,true,poisson_shared,g22_o1,22,False,loop_open,5.989159068771575,4.935827494390594,7.0807754623485435,10,-4.010840931228425
growth,0,0,true,poisson_shared,g22_o1,22,False,loop_major_fraction,0.5421305495810842,0.5012449297179402,0.6303954236159253,0.75,-0.2078694504189158
growth,0,0,true,poisson_shared,g22_o1,22,False,loop_close,18.66275343956954,16.383638942078232,21.73368560878066,25,-6.3372465604304615
growth,0,0,true,poisson_shared,g22_o1,22,False,b_split,33.58140411742972,30.986616856892756,36.36279954096639,30,3.58140411742972
growth,0,0,true,poisson_shared,g22_o1,22,False,b_fraction,0.7113315360965795,0.6934211166772514,0.7253668897420478,0.75,-0.03866846390342049
growth,0,0,true,poisson_shared,g22_o1,22,False,left,56.7281947195485,53.156918070699696,59.97988892790365,50,6.7281947195484975
growth,0,0,true,poisson_shared,g22_o1,22,False,right,129.30499173831748,120.123857553776,141.29229735714287,100,29.304991738317483
growth,0,0,true,poisson_shared,g22_o1,22,False,root,252.87148964314014,240.03904301719516,263.43627081363235,300,-47.12851035685986
growth,0,0,true,poisson_shared,g15_o2,15,False,b_split,34.45272488403897,29.840803806477826,36.5880736052436,30,4.452724884038972
growth,0,0,true,poisson_shared,g15_o2,15,False,b_fraction,0.7525413772625458,0.7427619147635216,0.7669974112525331,0.75,0.0025413772625457742
growth,0,0,true,poisson_shared,g15_o2,15,False,right,67.66444509280863,65.24882557562772,71.0683699529444,100,-32.335554907191366
growth,0,0,true,poisson_shared,g15_o2,15,False,left,70.5561522217166,67.10573818099684,75.34174209560754,50,20.5561522217166
growth,0,0,true,poisson_shared,g15_o2,15,False,root,300.94298606724425,280.1527167021375,313.22590275931486,300,0.9429860672442487
growth,0,0,true,poisson_shared,g22_o2,22,False,loop_open,14.638124370610441,7.386463149468292,18.068853188788108,10,4.638124370610441
growth,0,0,true,poisson_shared,g22_o2,22,False,loop_major_fraction,0.6673193122832082,0.5258595505393946,0.8222284640787842,0.75,-0.08268068771679182
growth,0,0,true,poisson_shared,g22_o2,22,False,loop_close,25.244696017508087,18.96583326312546,30.1131457536756,25,0.24469601750808678
growth,0,0,true,poisson_shared,g22_o2,22,False,b_split,41.947925904137016,36.02960149466208,45.61612865513456,30,11.947925904137016
growth,0,0,true,poisson_shared,g22_o2,22,False,b_fraction,0.7513245771568976,0.7307405996662351,0.7693416258741494,0.75,0.0013245771568975995
growth,0,0,true,poisson_shared,g22_o2,22,False,right,69.17973087052786,65.00609663291925,72.19568765486288,100,-30.820269129472138
growth,0,0,true,poisson_shared,g22_o2,22,False,left,72.01653304002762,67.64778424084783,74.45146062854899,50,22.016533040027625
growth,0,0,true,poisson_shared,g22_o2,22,False,root,301.53954782194984,289.08036586970456,310.12011500564256,300,1.5395478219498386
growth,0,0,true,poisson_shared,g15_o1,15,False,b_split,32.87831659348814,29.51068447154402,34.00224058168997,30,2.8783165934881367
growth,0,0,true,poisson_shared,g15_o1,15,False,b_fraction,0.7033446290125792,0.6988357307708105,0.7246740780183131,0.75,-0.046655370987420786
growth,0,0,true,poisson_shared,g15_o1,15,False,left,55.9288529155831,54.15554886691477,58.716868046257794,50,5.9288529155831
growth,0,0,true,poisson_shared,g15_o1,15,False,right,131.86106997926095,123.30601037413011,132.86860904844357,100,31.861069979260947
growth,0,0,true,poisson_shared,g15_o1,15,False,root,247.6412447161588,246.38169019628006,254.63764538533465,300,-52.35875528384119
growth,0,0,true,poisson_separate,g22_o1,22,False,loop_open,5.541575184825204,4.8014644497803785,6.345474960531146,10,-4.458424815174796
growth,0,0,true,poisson_separate,g22_o1,22,False,loop_major_fraction,0.5815980782607639,0.5125595287858451,0.7407957801700518,0.75,-0.16840192173923607
growth,0,0,true,poisson_separate,g22_o1,22,False,loop_close,18.45795474792273,15.89852914640974,21.962810979846765,25,-6.542045252077269
growth,0,0,true,poisson_separate,g22_o1,22,False,b_split,37.9684068260634,33.84565132125409,39.66538356632772,30,7.968406826063401
growth,0,0,true,poisson_separate,g22_o1,22,False,b_fraction,0.6983552114808018,0.6740421570310785,0.7473632339482412,0.75,-0.05164478851919818
growth,0,0,true,poisson_separate,g22_o1,22,False,left,56.92225183664659,55.20740718023875,60.62910572713536,50,6.922251836646588
growth,0,0,true,poisson_separate,g22_o1,22,False,right,117.80913269642424,113.03750958556964,128.17640371311037,100,17.809132696424243
growth,0,0,true,poisson_separate,g22_o1,22,False,root,273.62789256729735,262.34453277485073,301.63808594989985,300,-26.37210743270265
growth,0,0,true,poisson_separate,g15_o2,15,False,b_split,29.75990571829971,27.801742524180476,31.276266311620127,30,-0.24009428170029068
growth,0,0,true,poisson_separate,g15_o2,15,False,b_fraction,0.8207271713995126,0.8103114229324916,0.8254139263555272,0.75,0.07072717139951257
growth,0,0,true,poisson_separate,g15_o2,15,False,right,64.22062443477934,61.87881340257875,65.82805370470476,100,-35.77937556522066
growth,0,0,true,poisson_separate,g15_o2,15,False,left,66.78417763980532,64.95287327271967,68.46471492074963,50,16.78417763980532
growth,0,0,true,poisson_separate,g15_o2,15,False,root,341.0530636174892,331.8685129929989,360.3757321372103,300,41.053063617489215
growth,0,0,true,poisson_separate,g22_o2,22,False,loop_open,3.9241086010564747,3.7119016002613647,5.600163300198436,10,-6.075891398943526
growth,0,0,true,poisson_separate,g22_o2,22,False,loop_major_fraction,0.619179639039888,0.6157856840420981,0.647431957964366,0.75,-0.13082036096011196
growth,0,0,true,poisson_separate,g22_o2,22,False,loop_close,14.019787933507907,13.859776857962528,15.031101680500445,25,-10.980212066492093
growth,0,0,true,poisson_separate,g22_o2,22,False,b_split,33.48130658444037,33.241268875189576,35.88035744114125,30,3.481306584440368
growth,0,0,true,poisson_separate,g22_o2,22,False,b_fraction,0.816276250118746,0.81574477874026,0.8249336075581194,0.75,0.06627625011874605
growth,0,0,true,poisson_separate,g22_o2,22,False,right,62.69275984265965,62.443651506868434,65.03905024941214,100,-37.30724015734035
growth,0,0,true,poisson_separate,g22_o2,22,False,left,67.08693040128631,67.03005378594764,67.34890160296037,50,17.08693040128631
growth,0,0,true,poisson_separate,g22_o2,22,False,root,334.3296144882512,334.01878157618046,336.9946283259725,300,34.329614488251195
growth,0,0,true,poisson_separate,g15_o1,15,False,b_split,36.90201341302906,32.512695770516316,40.43854068901269,30,6.90201341302906
growth,0,0,true,poisson_separate,g15_o1,15,False,b_fraction,0.7247608334223707,0.6688213640753706,0.744070173985997,0.75,-0.025239166577629257
growth,0,0,true,poisson_separate,g15_o1,15,False,left,58.944223679747964,55.49863695202443,61.17984916986562,50,8.944223679747964
growth,0,0,true,poisson_separate,g15_o1,15,False,right,120.76574240168539,110.82273243261953,127.77986755749964,100,20.765742401685387
growth,0,0,true,poisson_separate,g15_o1,15,False,root,286.990281934154,270.9602600566981,317.37722638315813,300,-13.009718065846016
growth,0,0,hapibd,poisson_shared,g22_o1,22,False,loop_open,5.725795416518109,4.054222885241341,8.456040697055112,10,-4.274204583481891
growth,0,0,hapibd,poisson_shared,g22_o1,22,False,loop_major_fraction,0.6769526067388507,0.5099457218196248,0.8343449646394027,0.75,-0.07304739326114928
growth,0,0,hapibd,poisson_shared,g22_o1,22,False,loop_close,19.422744200670724,15.065935731096586,22.188433759938164,25,-5.577255799329276
growth,0,0,hapibd,poisson_shared,g22_o1,22,False,b_split,33.426966708737034,27.547844529877807,37.21962214817481,30,3.4269667087370337
growth,0,0,hapibd,poisson_shared,g22_o1,22,False,b_fraction,0.7020022463967182,0.695157833716499,0.7256450062457721,0.75,-0.047997753603281845
growth,0,0,hapibd,poisson_shared,g22_o1,22,False,left,54.51644395405168,51.73615399677308,57.987599125618495,50,4.516443954051681
growth,0,0,hapibd,poisson_shared,g22_o1,22,False,right,138.50061961470743,133.0404056979973,145.02243715016127,100,38.50061961470743
growth,0,0,hapibd,poisson_shared,g22_o1,22,False,root,255.1343467435785,250.5028547658607,266.4680126536111,300,-44.865653256421496
growth,0,0,hapibd,poisson_shared,g15_o2,15,False,b_split,34.75132479350609,30.14215425040166,43.09729743640874,30,4.751324793506093
growth,0,0,hapibd,poisson_shared,g15_o2,15,False,b_fraction,0.763453448337362,0.7488751740868234,0.7775750057190104,0.75,0.01345344833736195
growth,0,0,hapibd,poisson_shared,g15_o2,15,False,right,66.82601778104204,61.92770916631671,69.57423299897256,100,-33.17398221895796
growth,0,0,hapibd,poisson_shared,g15_o2,15,False,left,70.0194665216675,66.79861923387993,73.56862699497005,50,20.019466521667496
growth,0,0,hapibd,poisson_shared,g15_o2,15,False,root,328.536551645873,302.9724243439593,341.0066084891029,300,28.536551645872976
growth,0,0,hapibd,poisson_shared,g22_o2,22,False,loop_open,28.247619838630595,27.341786731461745,30.983546711269472,10,18.247619838630595
growth,0,0,hapibd,poisson_shared,g22_o2,22,False,loop_major_fraction,0.5490525847969557,0.5289050198003621,0.6493667670365973,0.75,-0.20094741520304427
growth,0,0,hapibd,poisson_shared,g22_o2,22,False,loop_close,41.75561350733632,41.12086858584289,44.558747371740886,25,16.75561350733632
growth,0,0,hapibd,poisson_shared,g22_o2,22,False,b_split,53.72233188732013,52.76016667719371,56.163644608104796,30,23.72233188732013
growth,0,0,hapibd,poisson_shared,g22_o2,22,False,b_fraction,0.7590978281456722,0.7511615176786487,0.7604085012672122,0.75,0.009097828145672171
growth,0,0,hapibd,poisson_shared,g22_o2,22,False,right,67.34257481357012,66.38977498052857,69.51809076519253,100,-32.657425186429876
growth,0,0,hapibd,poisson_shared,g22_o2,22,False,left,70.05036555046539,69.85113810664755,72.15780251993293,50,20.050365550465386
growth,0,0,hapibd,poisson_shared,g22_o2,22,False,root,318.3878733027733,317.2862537156901,326.5603551468047,300,18.3878733027733
growth,0,0,hapibd,poisson_shared,g15_o1,15,False,b_split,31.467609715374127,30.225188789768378,33.470835974373884,30,1.4676097153741274
growth,0,0,hapibd,poisson_shared,g15_o1,15,False,b_fraction,0.7048272455880622,0.6942310758976059,0.7252831894791495,0.75,-0.0451727544119378
growth,0,0,hapibd,poisson_shared,g15_o1,15,False,left,55.124281522031225,53.685113224532365,57.69667729498183,50,5.124281522031225
growth,0,0,hapibd,poisson_shared,g15_o1,15,False,right,141.41965191944544,136.55382021840816,147.73822656258668,100,41.41965191944544
growth,0,0,hapibd,poisson_shared,g15_o1,15,False,root,259.01818283631485,252.6940490233359,264.8280326725929,300,-40.98181716368515
growth,0,0,hapibd,poisson_separate,g22_o1,22,False,loop_open,6.687402250981978,5.545336970615626,6.926884501039273,10,-3.312597749018022
growth,0,0,hapibd,poisson_separate,g22_o1,22,False,loop_major_fraction,0.5569898105712647,0.5363990006011679,0.6456627466831049,0.75,-0.19301018942873527
growth,0,0,hapibd,poisson_separate,g22_o1,22,False,loop_close,20.71771982679843,18.413935722003412,21.232571180997734,25,-4.2822801732015705
growth,0,0,hapibd,poisson_separate,g22_o1,22,False,b_split,41.78044194218431,37.28222088287509,42.62525755406392,30,11.78044194218431
growth,0,0,hapibd,poisson_separate,g22_o1,22,False,b_fraction,0.6667988126023205,0.6495884178284395,0.6697137749028179,0.75,-0.08320118739767945
growth,0,0,hapibd,poisson_separate,g22_o1,22,False,left,58.010618638705495,54.686944110889,58.765648251178845,50,8.010618638705495
growth,0,0,hapibd,poisson_separate,g22_o1,22,False,right,130.06840567257703,128.05383113549104,132.2729731694589,100,30.06840567257703
growth,0,0,hapibd,poisson_separate,g22_o1,22,False,root,278.3808898961986,275.9823571219546,283.8288695387656,300,-21.619110103801404
growth,0,0,hapibd,poisson_separate,g15_o2,15,False,b_split,31.045953015656693,25.132201932811594,32.81202645548041,30,1.0459530156566927
growth,0,0,hapibd,poisson_separate,g15_o2,15,False,b_fraction,0.8125410224285774,0.7996309082115987,0.8216253366669036,0.75,0.0625410224285774
growth,0,0,hapibd,poisson_separate,g15_o2,15,False,right,64.63962292466027,60.19374836288032,68.18472616591009,100,-35.36037707533973
growth,0,0,hapibd,poisson_separate,g15_o2,15,False,left,67.72618482092545,62.68302759329497,71.26890531132533,50,17.726184820925454
growth,0,0,hapibd,poisson_separate,g15_o2,15,False,root,348.3907798200952,334.0871232965918,364.12301197925643,300,48.39077982009519
growth,0,0,hapibd,poisson_separate,g22_o2,22,False,loop_open,4.258692781207219,2.740831465721818,8.972157121517657,10,-5.741307218792781
growth,0,0,hapibd,poisson_separate,g22_o2,22,False,loop_major_fraction,0.631279017209322,0.5005592210545668,0.7769546021389523,0.75,-0.118720982790678
growth,0,0,hapibd,poisson_separate,g22_o2,22,False,loop_close,15.224627764409096,13.15194887684161,18.831260207394358,25,-9.775372235590904
growth,0,0,hapibd,poisson_separate,g22_o2,22,False,b_split,33.423950713129905,29.626126192799056,36.493752147442486,30,3.423950713129905
growth,0,0,hapibd,poisson_separate,g22_o2,22,False,b_fraction,0.8200521267085223,0.8114903493515021,0.824780869759757,0.75,0.07005212670852234
growth,0,0,hapibd,poisson_separate,g22_o2,22,False,right,62.8560889357428,60.05904322777891,64.77362995209448,100,-37.1439110642572
growth,0,0,hapibd,poisson_separate,g22_o2,22,False,left,65.51985164688367,62.42149799632446,68.02938990910967,50,15.519851646883666
growth,0,0,hapibd,poisson_separate,g22_o2,22,False,root,333.46181865193483,318.98307967846057,341.611652977377,300,33.461818651934834
growth,0,0,hapibd,poisson_separate,g15_o1,15,False,b_split,38.48443967150066,35.126524353327696,40.77933811895816,30,8.48443967150066
growth,0,0,hapibd,poisson_separate,g15_o1,15,False,b_fraction,0.6885655713679864,0.6566982005281959,0.70225751006148,0.75,-0.06143442863201365
growth,0,0,hapibd,poisson_separate,g15_o1,15,False,left,57.743180939465915,54.19873832276804,59.013618589239655,50,7.7431809394659155
growth,0,0,hapibd,poisson_separate,g15_o1,15,False,right,134.36204879251497,123.97656325435625,140.50960292450128,100,34.36204879251497
growth,0,0,hapibd,poisson_separate,g15_o1,15,False,root,294.21391864479966,277.76389441630243,302.1899004793718,300,-5.786081355200338
growth,0,1,true,poisson_shared,g22_o1,22,False,loop_open,13.01922657685354,10.986965628016197,15.120821729502651,10,3.0192265768535407
growth,0,1,true,poisson_shared,g22_o1,22,False,loop_major_fraction,0.7618977229939957,0.7144502581847643,0.7892431154479917,0.75,0.011897722993995719
growth,0,1,true,poisson_shared,g22_o1,22,False,loop_close,23.37233814730004,21.737251420199815,26.948703800222575,25,-1.6276618526999584
growth,0,1,true,poisson_shared,g22_o1,22,False,b_split,46.257551132174065,42.485816039699365,50.819584967976105,30,16.257551132174065
growth,0,1,true,poisson_shared,g22_o1,22,False,b_fraction,0.7356212358354016,0.7262621009726727,0.7478206425768438,0.75,-0.014378764164598379
growth,0,1,true,poisson_shared,g22_o1,22,False,left,58.202663681644125,54.99336270648199,61.81261337164502,50,8.202663681644125
growth,0,1,true,poisson_shared,g22_o1,22,False,right,119.00154661749703,108.61830509510051,123.21872639537959,100,19.001546617497027
growth,0,1,true,poisson_shared,g22_o1,22,False,root,280.5661620841162,267.8154087264696,292.1409280986959,300,-19.433837915883828
growth,0,1,true,poisson_shared,g15_o2,15,False,b_split,39.068817996745885,39.1282093271144,39.12910941416127,30,9.068817996745885
growth,0,1,true,poisson_shared,g15_o2,15,False,b_fraction,0.7756561285799376,0.7755009730658736,0.7755011948132763,0.75,0.025656128579937598
growth,0,1,true,poisson_shared,g15_o2,15,False,right,63.624779815016645,63.55606801047084,63.55781896942064,100,-36.375220184983355
growth,0,1,true,poisson_shared,g15_o2,15,False,left,65.7177715829769,65.62665980642898,65.6270309312324,50,15.717771582976894
growth,0,1,true,poisson_shared,g15_o2,15,False,root,339.20349961457174,339.51556207965257,339.5193350078553,300,39.20349961457174
growth,0,1,true,poisson_shared,g22_o2,22,False,loop_open,6.8248893373832855,4.2731261685261055,8.94169334989789,10,-3.1751106626167145
growth,0,1,true,poisson_shared,g22_o2,22,False,loop_major_fraction,0.7474269191764109,0.5716799577315272,0.9506567441407419,0.75,-0.002573080823589091
growth,0,1,true,poisson_shared,g22_o2,22,False,loop_close,19.112868164693673,15.605871359737026,20.927961405452187,25,-5.887131835306327
growth,0,1,true,poisson_shared,g22_o2,22,False,b_split,37.624072539289905,34.28151285923564,39.59487540242083,30,7.624072539289905
growth,0,1,true,poisson_shared,g22_o2,22,False,b_fraction,0.7678543542828078,0.7492234211106165,0.7812577292515169,0.75,0.017854354282807794
growth,0,1,true,poisson_shared,g22_o2,22,False,right,67.86396577656605,64.18524315416381,71.39459423572148,100,-32.13603422343395
growth,0,1,true,poisson_shared,g22_o2,22,False,left,70.2818073208619,66.81352856334662,74.50117486829728,50,20.2818073208619
growth,0,1,true,poisson_shared,g22_o2,22,False,root,310.1192484322985,303.5645058414367,326.8441184970924,300,10.119248432298491
growth,0,1,true,poisson_shared,g15_o1,15,False,b_split,33.36436317378532,31.312081104219864,35.42457582534533,30,3.3643631737853212
growth,0,1,true,poisson_shared,g15_o1,15,False,b_fraction,0.7348159699164647,0.7022322081247472,0.7390992072664042,0.75,-0.015184030083535305
growth,0,1,true,poisson_shared,g15_o1,15,False,left,55.82299511303763,50.283826683573366,59.381979696469294,50,5.822995113037628
growth,0,1,true,poisson_shared,g15_o1,15,False,right,131.84408503461387,125.93001058328076,149.65951772527274,100,31.84408503461387
growth,0,1,true,poisson_shared,g15_o1,15,False,root,260.9329390922429,248.84927427456475,263.0852350480642,300,-39.06706090775708
growth,0,1,true,poisson_separate,g22_o1,22,False,loop_open,5.516651207862338,4.136930798380332,6.401598640678054,10,-4.483348792137662
growth,0,1,true,poisson_separate,g22_o1,22,False,loop_major_fraction,0.5557990631388537,0.5147567254465881,0.6532733661059754,0.75,-0.19420093686114626
growth,0,1,true,poisson_separate,g22_o1,22,False,loop_close,18.1624707182705,17.18062841003198,18.338835780476153,25,-6.837529281729498
growth,0,1,true,poisson_separate,g22_o1,22,False,b_split,38.561717358030386,36.526456166062964,40.98963224429166,30,8.561717358030386
growth,0,1,true,poisson_separate,g22_o1,22,False,b_fraction,0.6933390176953727,0.679599033472661,0.7258340352436695,0.75,-0.05666098230462735
growth,0,1,true,poisson_separate,g22_o1,22,False,left,56.02640775286135,54.332521963232594,56.21893116785818,50,6.026407752861353
growth,0,1,true,poisson_separate,g22_o1,22,False,right,121.94894024827903,119.48629412377528,124.11413445008115,100,21.94894024827903
growth,0,1,true,poisson_separate,g22_o1,22,False,root,268.74324103007075,265.2314992109323,274.5104090985254,300,-31.25675896992925
growth,0,1,true,poisson_separate,g15_o2,15,False,b_split,31.172755540387005,27.94465512152496,35.026123415577274,30,1.172755540387005
growth,0,1,true,poisson_separate,g15_o2,15,False,b_fraction,0.823092557177614,0.8106400841376541,0.8359131720750765,0.75,0.07309255717761398
growth,0,1,true,poisson_separate,g15_o2,15,False,right,61.067547254713,57.864587586643765,63.84007202074194,100,-38.932452745287
growth,0,1,true,poisson_separate,g15_o2,15,False,left,64.0471244350254,61.25664760104925,67.01102023302134,50,14.047124435025395
growth,0,1,true,poisson_separate,g15_o2,15,False,root,340.23591305544,309.0521739057521,354.14017825013974,300,40.235913055439994
growth,0,1,true,poisson_separate,g22_o2,22,False,loop_open,5.250155033885781,4.176919369944667,6.014708806964714,10,-4.749844966114219
growth,0,1,true,poisson_separate,g22_o2,22,False,loop_major_fraction,0.650940212126433,0.5195121785234815,0.7992841004182226,0.75,-0.09905978787356695
growth,0,1,true,poisson_separate,g22_o2,22,False,loop_close,15.091315269723507,12.295780211448236,17.28457693112265,25,-9.908684730276493
growth,0,1,true,poisson_separate,g22_o2,22,False,b_split,35.33553362394356,31.520399165111634,36.86299775552187,30,5.335533623943562
growth,0,1,true,poisson_separate,g22_o2,22,False,b_fraction,0.8212332418966973,0.8155447396531085,0.8331027391757794,0.75,0.07123324189669733
growth,0,1,true,poisson_separate,g22_o2,22,False,right,62.298841243245484,58.60852748312931,63.80510198790883,100,-37.701158756754516
growth,0,1,true,poisson_separate,g22_o2,22,False,left,65.16092359237007,62.23135318149998,66.57636235474197,50,15.160923592370068
growth,0,1,true,poisson_separate,g22_o2,22,False,root,330.67831548248137,323.3113693606333,335.80473261028055,300,30.678315482481366
growth,0,1,true,poisson_separate,g15_o1,15,False,b_split,38.07045828257679,36.23266207164428,39.570564676071896,30,8.070458282576787
growth,0,1,true,poisson_separate,g15_o1,15,False,b_fraction,0.7191805592544275,0.6972534875689372,0.74411743650218,0.75,-0.030819440745572524
growth,0,1,true,poisson_separate,g15_o1,15,False,left,57.194333654182266,54.20154343384148,58.762783111245895,50,7.194333654182266
growth,0,1,true,poisson_separate,g15_o1,15,False,right,121.19396033495737,113.35911310549457,126.07873364796876,100,21.193960334957367
growth,0,1,true,poisson_separate,g15_o1,15,False,root,284.16534792634496,262.6230412362364,296.444205145172,300,-15.834652073655036
growth,0,1,hapibd,poisson_shared,g22_o1,22,False,loop_open,6.7279743988858485,5.33505731425845,11.769230360329722,10,-3.2720256011141515
growth,0,1,hapibd,poisson_shared,g22_o1,22,False,loop_major_fraction,0.6152686457382293,0.517505837009896,0.6694062287933262,0.75,-0.13473135426177074
growth,0,1,hapibd,poisson_shared,g22_o1,22,False,loop_close,18.66130698606093,16.946211564639874,21.439004353429045,25,-6.338693013939071
growth,0,1,hapibd,poisson_shared,g22_o1,22,False,b_split,35.46042533917118,32.992485489101895,40.86405693719126,30,5.460425339171181
growth,0,1,hapibd,poisson_shared,g22_o1,22,False,b_fraction,0.7270750507083611,0.7086194748904386,0.7357327670235474,0.75,-0.022924949291638907
growth,0,1,hapibd,poisson_shared,g22_o1,22,False,left,57.06197810970322,51.69432225143849,59.62237508387128,50,7.061978109703219
growth,0,1,hapibd,poisson_shared,g22_o1,22,False,right,137.46223395713403,116.61148834801547,146.65535491674046,100,37.46223395713403
growth,0,1,hapibd,poisson_shared,g22_o1,22,False,root,265.49504945099494,255.18669590255575,336.4382346012172,300,-34.50495054900506
growth,0,1,hapibd,poisson_shared,g15_o2,15,False,b_split,34.423447344792194,29.526097769806757,38.02623718901905,30,4.423447344792194
growth,0,1,hapibd,poisson_shared,g15_o2,15,False,b_fraction,0.7712031632301986,0.7395383092779494,0.7854955178754561,0.75,0.021203163230198552
growth,0,1,hapibd,poisson_shared,g15_o2,15,False,right,67.20099671298289,62.10966889659529,70.39390906401604,100,-32.799003287017115
growth,0,1,hapibd,poisson_shared,g15_o2,15,False,left,69.75272531316959,64.77688386031016,72.43792934614518,50,19.75272531316959
growth,0,1,hapibd,poisson_shared,g15_o2,15,False,root,338.04979588805384,321.6849628494316,351.61993963299324,300,38.049795888053836
growth,0,1,hapibd,poisson_shared,g22_o2,22,False,loop_open,6.612501103481754,4.901886755090961,9.378687440849845,10,-3.387498896518246
growth,0,1,hapibd,poisson_shared,g22_o2,22,False,loop_major_fraction,0.6261886313991134,0.5033084854213798,0.7067023037621689,0.75,-0.1238113686008866
growth,0,1,hapibd,poisson_shared,g22_o2,22,False,loop_close,17.685747709851366,15.073138388659373,21.76631475427149,25,-7.314252290148634
growth,0,1,hapibd,poisson_shared,g22_o2,22,False,b_split,35.97062623535716,32.90878389088169,39.971469038074865,30,5.970626235357159
growth,0,1,hapibd,poisson_shared,g22_o2,22,False,b_fraction,0.7698255404622398,0.7565957905730387,0.7853560091880855,0.75,0.019825540462239832
growth,0,1,hapibd,poisson_shared,g22_o2,22,False,right,65.48308632823166,62.644736449740286,70.0768842251929,100,-34.516913671768336
growth,0,1,hapibd,poisson_shared,g22_o2,22,False,left,68.6760831418685,66.0760808494076,72.35062373748997,50,18.676083141868503
growth,0,1,hapibd,poisson_shared,g22_o2,22,False,root,343.48153406231353,333.63317573660873,352.661182369401,300,43.48153406231353
growth,0,1,hapibd,poisson_shared,g15_o1,15,False,b_split,42.345538914789486,30.184712783048422,45.880945957829326,30,12.345538914789486
growth,0,1,hapibd,poisson_shared,g15_o1,15,False,b_fraction,0.7396723358538388,0.7133405945151808,0.7477229191321506,0.75,-0.010327664146161153
growth,0,1,hapibd,poisson_shared,g15_o1,15,False,left,55.1650157015376,52.30355481740918,57.38446112248055,50,5.165015701537598
growth,0,1,hapibd,poisson_shared,g15_o1,15,False,right,130.03235542382163,123.060182853629,143.40768225049266,100,30.032355423821627
growth,0,1,hapibd,poisson_shared,g15_o1,15,False,root,293.62670123746483,255.61421344120694,307.51323359021035,300,-6.373298762535171
growth,0,1,hapibd,poisson_separate,g22_o1,22,False,loop_open,5.172334344152189,4.262523003532194,6.335993669953731,10,-4.827665655847811
growth,0,1,hapibd,poisson_separate,g22_o1,22,False,loop_major_fraction,0.5862838655149065,0.5019560353375742,0.7202231589350127,0.75,-0.16371613448509348
growth,0,1,hapibd,poisson_separate,g22_o1,22,False,loop_close,17.650250501015062,15.469371217633766,21.057981729045235,25,-7.349749498984938
growth,0,1,hapibd,poisson_separate,g22_o1,22,False,b_split,37.573512653633706,33.86475376383069,40.95248666590545,30,7.573512653633706
growth,0,1,hapibd,poisson_separate,g22_o1,22,False,b_fraction,0.7068636104383785,0.6903270041211885,0.722350247396316,0.75,-0.04313638956162147
growth,0,1,hapibd,poisson_separate,g22_o1,22,False,left,53.968501189843174,51.49514231260611,57.37063177555517,50,3.968501189843174
growth,0,1,hapibd,poisson_separate,g22_o1,22,False,right,122.36303226253453,118.08981194151067,125.6693735196567,100,22.36303226253453
growth,0,1,hapibd,poisson_separate,g22_o1,22,False,root,270.4480677890396,264.34282687571607,276.2916708743495,300,-29.551932210960388
growth,0,1,hapibd,poisson_separate,g15_o2,15,False,b_split,27.829662670240015,21.80555122983693,36.21035230694798,30,-2.1703373297599846
growth,0,1,hapibd,poisson_separate,g15_o2,15,False,b_fraction,0.8260047265849186,0.8125475629191977,0.8404371544440825,0.75,0.07600472658491864
growth,0,1,hapibd,poisson_separate,g15_o2,15,False,right,60.04588474119626,56.335442458862516,64.49071517318984,100,-39.95411525880374
growth,0,1,hapibd,poisson_separate,g15_o2,15,False,left,62.668267909208474,59.24630877243782,67.4392831536016,50,12.668267909208474
growth,0,1,hapibd,poisson_separate,g15_o2,15,False,root,344.48925052947254,325.8206253164217,364.488354548633,300,44.48925052947254
growth,0,1,hapibd,poisson_separate,g22_o2,22,False,loop_open,4.46080462580169,4.145131276128862,6.189029825955728,10,-5.53919537419831
growth,0,1,hapibd,poisson_separate,g22_o2,22,False,loop_major_fraction,0.6368559896959002,0.5138859931311868,0.917048245312583,0.75,-0.11314401030409982
growth,0,1,hapibd,poisson_separate,g22_o2,22,False,loop_close,14.499907946297235,13.966205291848471,17.14037015120815,25,-10.500092053702765
growth,0,1,hapibd,poisson_separate,g22_o2,22,False,b_split,35.67342726326549,34.21278606776531,38.36796170249407,30,5.673427263265488
growth,0,1,hapibd,poisson_separate,g22_o2,22,False,b_fraction,0.8366839157391565,0.8265928420061823,0.8384550567289748,0.75,0.08668391573915646
growth,0,1,hapibd,poisson_separate,g22_o2,22,False,right,57.538779134845775,55.18342848358461,62.2189201979407,100,-42.461220865154225
growth,0,1,hapibd,poisson_separate,g22_o2,22,False,left,60.45417967589809,57.709185419552234,66.20898939032648,50,10.45417967589809
growth,0,1,hapibd,poisson_separate,g22_o2,22,False,root,331.94986591711313,327.5547030685307,344.10216121665684,300,31.94986591711313
growth,0,1,hapibd,poisson_separate,g15_o1,15,False,b_split,38.43225680056564,36.03574314813161,42.04760561592209,30,8.43225680056564
growth,0,1,hapibd,poisson_separate,g15_o1,15,False,b_fraction,0.7491047089653498,0.7128201217263114,0.7861086284970139,0.75,-0.0008952910346502474
growth,0,1,hapibd,poisson_separate,g15_o1,15,False,left,54.66630113469983,51.81310803047391,56.43898604514745,50,4.666301134699829
growth,0,1,hapibd,poisson_separate,g15_o1,15,False,right,119.12370547927264,103.87941283234181,126.32072518525938,100,19.123705479272644
growth,0,1,hapibd,poisson_separate,g15_o1,15,False,root,304.8295204425973,283.176156482335,320.6807549150067,300,4.8295204425973
growth,0,2,true,poisson_shared,g22_o1,22,False,loop_open,7.774077148451094,5.267991721677846,11.821048244261071,10,-2.225922851548906
growth,0,2,true,poisson_shared,g22_o1,22,False,loop_major_fraction,0.5511387147897951,0.509683612724347,0.5733433142785884,0.75,-0.19886128521020485
growth,0,2,true,poisson_shared,g22_o1,22,False,loop_close,26.29157601314857,23.659666329285052,31.12028629508528,25,1.2915760131485712
growth,0,2,true,poisson_shared,g22_o1,22,False,b_split,38.42338568321112,37.64225017328142,43.72816578810662,30,8.423385683211123
growth,0,2,true,poisson_shared,g22_o1,22,False,b_fraction,0.7243592388576147,0.7201872237172222,0.7309593792037311,0.75,-0.025640761142385338
growth,0,2,true,poisson_shared,g22_o1,22,False,left,58.518302601492486,53.164888418054524,60.57602790731424,50,8.518302601492486
growth,0,2,true,poisson_shared,g22_o1,22,False,right,125.63956632457362,119.11505217423718,130.9127139620819,100,25.63956632457362
growth,0,2,true,poisson_shared,g22_o1,22,False,root,259.05763310029414,242.56494900720048,265.57154455371176,300,-40.94236689970586
growth,0,2,true,poisson_shared,g15_o2,15,False,b_split,25.862419272429378,22.323486206761956,28.96934524214314,30,-4.137580727570622
growth,0,2,true,poisson_shared,g15_o2,15,False,b_fraction,0.7649497398320929,0.7532776911992994,0.7826254164294782,0.75,0.014949739832092912
growth,0,2,true,poisson_shared,g15_o2,15,False,right,67.08772083039295,63.31152498198185,71.81364031205098,100,-32.91227916960705
growth,0,2,true,poisson_shared,g15_o2,15,False,left,69.79235131974684,66.8626431562246,73.56245888563677,50,19.792351319746842
growth,0,2,true,poisson_shared,g15_o2,15,False,root,300.3060701400822,287.2843639914245,312.9747749620848,300,0.30607014008222677
growth,0,2,true,poisson_shared,g22_o2,22,False,loop_open,19.507427207926778,17.08057276843103,22.293413808136545,10,9.507427207926778
growth,0,2,true,poisson_shared,g22_o2,22,False,loop_major_fraction,0.551810920467629,0.5018334009549539,0.6121024258229958,0.75,-0.19818907953237097
growth,0,2,true,poisson_shared,g22_o2,22,False,loop_close,31.657006660369657,27.84309526636453,37.55261883546771,25,6.657006660369657
growth,0,2,true,poisson_shared,g22_o2,22,False,b_split,48.33136602525838,45.57374758685861,51.073336083946494,30,18.331366025258383
growth,0,2,true,poisson_shared,g22_o2,22,False,b_fraction,0.7649732034757399,0.7530101316338458,0.773277034636877,0.75,0.014973203475739938
growth,0,2,true,poisson_shared,g22_o2,22,False,right,66.93863696244289,64.20771638745744,70.32746792312464,100,-33.061363037557115
growth,0,2,true,poisson_shared,g22_o2,22,False,left,69.69291172170777,66.73701370927627,73.15542251561416,50,19.692911721707773
growth,0,2,true,poisson_shared,g22_o2,22,False,root,302.03164942278556,289.4402214789646,312.9055269586592,300,2.031649422785563
growth,0,2,true,poisson_shared,g15_o1,15,False,b_split,23.356059656636667,21.50813255686223,26.732730381180424,30,-6.643940343363333
growth,0,2,true,poisson_shared,g15_o1,15,False,b_fraction,0.731042086505623,0.7171450148841468,0.7500836322023555,0.75,-0.018957913494377032
growth,0,2,true,poisson_shared,g15_o1,15,False,left,58.07080974030576,54.86660727639066,59.55135252778082,50,8.070809740305762
growth,0,2,true,poisson_shared,g15_o1,15,False,right,122.86286510991329,121.15403251168372,127.89632422299782,100,22.862865109913287
growth,0,2,true,poisson_shared,g15_o1,15,False,root,252.24957624740622,248.02169725589528,264.0380709551274,300,-47.750423752593775
growth,0,2,true,poisson_separate,g22_o1,22,False,loop_open,11.757916086792184,8.80053400441942,13.125029000029905,10,1.757916086792184
growth,0,2,true,poisson_separate,g22_o1,22,False,loop_major_fraction,0.6316773649698815,0.5152425567740707,0.7160641694154996,0.75,-0.11832263503011853
growth,0,2,true,poisson_separate,g22_o1,22,False,loop_close,24.45692140855097,22.75990303129684,26.91799940788422,25,-0.5430785914490315
growth,0,2,true,poisson_separate,g22_o1,22,False,b_split,39.61294290545917,36.504581906136494,42.11219846345382,30,9.612942905459171
growth,0,2,true,poisson_separate,g22_o1,22,False,b_fraction,0.7354685343412883,0.7163569816855113,0.7702219915212376,0.75,-0.014531465658711662
growth,0,2,true,poisson_separate,g22_o1,22,False,left,56.4478925674026,51.679277971683405,59.14511118264406,50,6.447892567402597
growth,0,2,true,poisson_separate,g22_o1,22,False,right,112.65678776441996,108.05403491695176,121.68349373354447,100,12.65678776441996
growth,0,2,true,poisson_separate,g22_o1,22,False,root,284.05783899601755,264.88817183833976,308.3898229244407,300,-15.942161003982449
growth,0,2,true,poisson_separate,g15_o2,15,False,b_split,24.563485138375118,21.56776209394672,26.14094877888704,30,-5.436514861624882
growth,0,2,true,poisson_separate,g15_o2,15,False,b_fraction,0.8175188258967334,0.8079489313053523,0.8315698328062517,0.75,0.06751882589673341
growth,0,2,true,poisson_separate,g15_o2,15,False,right,61.781891413905484,58.95406583162901,65.18358899251957,100,-38.218108586094516
growth,0,2,true,poisson_separate,g15_o2,15,False,left,65.02944461692728,61.553362758400205,68.03736517795566,50,15.029444616927279
growth,0,2,true,poisson_separate,g15_o2,15,False,root,345.7787687795179,337.81918173790956,365.7910375904435,300,45.77876877951792
growth,0,2,true,poisson_separate,g22_o2,22,False,loop_open,16.38027356963281,9.866995447768511,19.092828389886606,10,6.380273569632809
growth,0,2,true,poisson_separate,g22_o2,22,False,loop_major_fraction,0.6895713050896866,0.5278618281777686,0.7714285516580365,0.75,-0.06042869491031344
growth,0,2,true,poisson_separate,g22_o2,22,False,loop_close,26.80086503260123,20.685887893725443,32.23176043467207,25,1.80086503260123
growth,0,2,true,poisson_separate,g22_o2,22,False,b_split,38.35313254330905,32.05744931902291,43.564247911827096,30,8.353132543309052
growth,0,2,true,poisson_separate,g22_o2,22,False,b_fraction,0.8278431978931018,0.8187370320859441,0.8475399718577898,0.75,0.07784319789310179
growth,0,2,true,poisson_separate,g22_o2,22,False,right,64.11394006638234,59.55165919130049,69.520726445384,100,-35.88605993361766
growth,0,2,true,poisson_separate,g22_o2,22,False,left,66.88035617730948,62.21071518289235,71.9420885791167,50,16.88035617730948
growth,0,2,true,poisson_separate,g22_o2,22,False,root,354.3977301903315,326.17001326339476,379.72944361102594,300,54.397730190331515
growth,0,2,true,poisson_separate,g15_o1,15,False,b_split,32.17122491458908,27.390012976731924,32.76374138831803,30,2.1712249145890823
growth,0,2,true,poisson_separate,g15_o1,15,False,b_fraction,0.7543782051598326,0.7320744617346401,0.758517011664971,0.75,0.00437820515983256
growth,0,2,true,poisson_separate,g15_o1,15,False,left,59.27110754362634,52.06699011054851,59.97455995191883,50,9.271107543626343
growth,0,2,true,poisson_separate,g15_o1,15,False,right,110.43706432408838,106.26050434846509,120.84553908879357,100,10.437064324088382
growth,0,2,true,poisson_separate,g15_o1,15,False,root,295.824241563158,284.4649577249691,305.73074457622346,300,-4.175758436841988
growth,0,2,hapibd,poisson_shared,g22_o1,22,False,loop_open,8.468153517766014,7.9589800689790335,11.671977021802602,10,-1.531846482233986
growth,0,2,hapibd,poisson_shared,g22_o1,22,False,loop_major_fraction,0.6982291498331011,0.5273895851465854,0.7309656003783838,0.75,-0.05177085016689886
growth,0,2,hapibd,poisson_shared,g22_o1,22,False,loop_close,20.918257724941373,19.85314832985837,27.279932513549007,25,-4.081742275058627
growth,0,2,hapibd,poisson_shared,g22_o1,22,False,b_split,31.887003414715476,30.76413114874362,41.115529058784524,30,1.8870034147154762
growth,0,2,hapibd,poisson_shared,g22_o1,22,False,b_fraction,0.7340887447869509,0.7074203198632679,0.7397755618034132,0.75,-0.015911255213049147
growth,0,2,hapibd,poisson_shared,g22_o1,22,False,left,53.11619395524763,51.07091666802169,58.48604448892073,50,3.116193955247631
growth,0,2,hapibd,poisson_shared,g22_o1,22,False,right,131.92643572199333,128.36210221612896,148.22144724532106,100,31.92643572199333
growth,0,2,hapibd,poisson_shared,g22_o1,22,False,root,266.5308983282163,263.9014356010586,275.4911736978741,300,-33.469101671783676
growth,0,2,hapibd,poisson_shared,g15_o2,15,False,b_split,26.424181248391868,22.700447777978518,30.402244454586494,30,-3.575818751608132
growth,0,2,hapibd,poisson_shared,g15_o2,15,False,b_fraction,0.7740031306641363,0.7549534317516257,0.7808672741609008,0.75,0.024003130664136285
growth,0,2,hapibd,poisson_shared,g15_o2,15,False,right,69.13748282439249,63.51825579781138,71.46990479321114,100,-30.862517175607508
growth,0,2,hapibd,poisson_shared,g15_o2,15,False,left,70.96805016740984,65.64731760187294,73.00221253994006,50,20.968050167409842
growth,0,2,hapibd,poisson_shared,g15_o2,15,False,root,326.5131561226238,312.48178254950676,331.27955316589964,300,26.513156122623798
growth,0,2,hapibd,poisson_shared,g22_o2,22,False,loop_open,22.751222702330935,18.605061854059965,26.10430452195898,10,12.751222702330935
growth,0,2,hapibd,poisson_shared,g22_o2,22,False,loop_major_fraction,0.61709734691899,0.538670474880582,0.7497817657547514,0.75,-0.13290265308101
growth,0,2,hapibd,poisson_shared,g22_o2,22,False,loop_close,41.77228371384411,36.87124482308132,44.36328152300815,25,16.77228371384411
growth,0,2,hapibd,poisson_shared,g22_o2,22,False,b_split,51.792143890068694,47.08693659974749,53.94444747775372,30,21.792143890068694
growth,0,2,hapibd,poisson_shared,g22_o2,22,False,b_fraction,0.7677932091820469,0.7605903427870156,0.7710611016911211,0.75,0.017793209182046854
growth,0,2,hapibd,poisson_shared,g22_o2,22,False,right,66.29750693339835,64.57009455412484,70.21207663412156,100,-33.70249306660165
growth,0,2,hapibd,poisson_shared,g22_o2,22,False,left,68.53680483541126,66.69939124660232,72.6110040344678,50,18.53680483541126
growth,0,2,hapibd,poisson_shared,g22_o2,22,False,root,322.3521013370564,307.2903961894722,335.36992089943845,300,22.35210133705641
growth,0,2,hapibd,poisson_shared,g15_o1,15,False,b_split,24.375130142238223,24.311850633892593,24.312106766938506,30,-5.624869857761777
growth,0,2,hapibd,poisson_shared,g15_o1,15,False,b_fraction,0.7172973055222551,0.7172933482037671,0.7172934786381409,0.75,-0.032702694477744876
growth,0,2,hapibd,poisson_shared,g15_o1,15,False,left,56.723248501813536,54.998966925213814,56.8046218671465,50,6.723248501813536
growth,0,2,hapibd,poisson_shared,g15_o1,15,False,right,145.17203801472297,143.1364103933462,145.39601347368557,100,45.17203801472297
growth,0,2,hapibd,poisson_shared,g15_o1,15,False,root,268.13353388734663,267.9701343616712,267.97536206323264,300,-31.86646611265337
growth,0,2,hapibd,poisson_separate,g22_o1,22,False,loop_open,10.167371718397089,7.365188944477788,11.324241926240566,10,0.16737171839708864
growth,0,2,hapibd,poisson_separate,g22_o1,22,False,loop_major_fraction,0.5970526736096263,0.5089775764094858,0.9112532149378199,0.75,-0.15294732639037367
growth,0,2,hapibd,poisson_separate,g22_o1,22,False,loop_close,21.569945271555333,18.555035566309964,23.512201336092964,25,-3.4300547284446665
growth,0,2,hapibd,poisson_separate,g22_o1,22,False,b_split,36.72480925832984,34.64503414378392,38.76170813295508,30,6.7248092583298416
growth,0,2,hapibd,poisson_separate,g22_o1,22,False,b_fraction,0.7158163031046441,0.6591929487566757,0.7386342126291346,0.75,-0.03418369689535594
growth,0,2,hapibd,poisson_separate,g22_o1,22,False,left,52.33594648781008,50.78675892484538,56.160626429454915,50,2.3359464878100766
growth,0,2,hapibd,poisson_separate,g22_o1,22,False,right,124.95952193526195,118.85378340748582,139.2542935625878,100,24.959521935261947
growth,0,2,hapibd,poisson_separate,g22_o1,22,False,root,287.0015723270507,274.54749200729884,292.00042193704996,300,-12.998427672949276
growth,0,2,hapibd,poisson_separate,g15_o2,15,False,b_split,21.977582641494113,19.434385647789178,25.730749643143746,30,-8.022417358505887
growth,0,2,hapibd,poisson_separate,g15_o2,15,False,b_fraction,0.8194572944783292,0.814657199367857,0.8272085616538563,0.75,0.06945729447832916
growth,0,2,hapibd,poisson_separate,g15_o2,15,False,right,60.88438409727631,56.35722201489145,65.41688554595369,100,-39.11561590272369
growth,0,2,hapibd,poisson_separate,g15_o2,15,False,left,64.32655299188934,59.41423177234332,68.33281607848201,50,14.326552991889344
growth,0,2,hapibd,poisson_separate,g15_o2,15,False,root,343.8495595791601,338.5404076255933,363.7194620270517,300,43.849559579160086
growth,0,2,hapibd,poisson_separate,g22_o2,22,False,loop_open,18.107314674036367,13.61786638178779,20.016218178252554,10,8.107314674036367
growth,0,2,hapibd,poisson_separate,g22_o2,22,False,loop_major_fraction,0.5805834344069438,0.5150821455491009,0.777429065846578,0.75,-0.16941656559305618
growth,0,2,hapibd,poisson_separate,g22_o2,22,False,loop_close,29.981072192752617,24.15256027733961,32.566176378175115,25,4.981072192752617
growth,0,2,hapibd,poisson_separate,g22_o2,22,False,b_split,40.50580646586696,36.13691235759192,42.19548369744946,30,10.50580646586696
growth,0,2,hapibd,poisson_separate,g22_o2,22,False,b_fraction,0.8283977449800469,0.8191237703102854,0.8395116656265436,0.75,0.07839774498004692
growth,0,2,hapibd,poisson_separate,g22_o2,22,False,right,62.876949120517914,58.62076456900566,66.95839084079286,100,-37.123050879482086
growth,0,2,hapibd,poisson_separate,g22_o2,22,False,left,65.76752650769758,61.3840591920851,69.49832887862968,50,15.767526507697582
growth,0,2,hapibd,poisson_separate,g22_o2,22,False,root,354.42316564607825,336.2488361623438,364.1835606949122,300,54.423165646078246
growth,0,2,hapibd,poisson_separate,g15_o1,15,False,b_split,34.01440509487161,29.972320608475904,36.37479876735028,30,4.014405094871613
growth,0,2,hapibd,poisson_separate,g15_o1,15,False,b_fraction,0.7860516296791145,0.7090757544249374,0.797185227980674,0.75,0.03605162967911446
growth,0,2,hapibd,poisson_separate,g15_o1,15,False,left,54.138386408122194,52.35828376017558,57.16290945198648,50,4.138386408122194
growth,0,2,hapibd,poisson_separate,g15_o1,15,False,right,116.13511971186156,106.69544089032675,127.83330032257665,100,16.135119711861563
growth,0,2,hapibd,poisson_separate,g15_o1,15,False,root,336.6875352783509,289.1451556485173,354.8769280317962,300,36.68753527835088
growth,0,3,true,poisson_shared,g22_o1,22,False,loop_open,5.4939151143660165,4.98101956725945,6.923471882130998,10,-4.5060848856339835
growth,0,3,true,poisson_shared,g22_o1,22,False,loop_major_fraction,0.6362746537317278,0.5181212521913253,0.6740297123762136,0.75,-0.11372534626827224
growth,0,3,true,poisson_shared,g22_o1,22,False,loop_close,22.136773067013806,19.0931214731889,25.835743022058505,25,-2.863226932986194
growth,0,3,true,poisson_shared,g22_o1,22,False,b_split,40.61688849468736,36.13714651530581,42.7945994247876,30,10.616888494687359
growth,0,3,true,poisson_shared,g22_o1,22,False,b_fraction,0.7128759395531413,0.6995804860329323,0.716799835923671,0.75,-0.037124060446858675
growth,0,3,true,poisson_shared,g22_o1,22,False,left,57.33828728055022,55.67608600285167,60.77374957142549,50,7.338287280550219
growth,0,3,true,poisson_shared,g22_o1,22,False,right,128.67217333969973,124.7565063662164,134.0836325535614,100,28.672173339699725
growth,0,3,true,poisson_shared,g22_o1,22,False,root,260.6003651438429,254.74566021103223,268.6314046976491,300,-39.39963485615709
growth,0,3,true,poisson_shared,g15_o2,15,False,b_split,27.156215454326457,24.08489316937029,35.05858984246476,30,-2.843784545673543
growth,0,3,true,poisson_shared,g15_o2,15,False,b_fraction,0.7475275092218776,0.7396690781489499,0.7585139448779509,0.75,-0.0024724907781223937
growth,0,3,true,poisson_shared,g15_o2,15,False,right,69.78329410725132,68.41585605240921,72.57382577624004,100,-30.216705892748678
growth,0,3,true,poisson_shared,g15_o2,15,False,left,72.5846934242274,71.50867943028852,75.24181819961004,50,22.584693424227396
growth,0,3,true,poisson_shared,g15_o2,15,False,root,302.68691808794637,291.6789648883441,306.168748958389,300,2.686918087946367
growth,0,3,true,poisson_shared,g22_o2,22,False,loop_open,7.571665008535841,5.57281792478502,8.820047609695337,10,-2.428334991464159
growth,0,3,true,poisson_shared,g22_o2,22,False,loop_major_fraction,0.6114039135616847,0.5353454153116528,0.7281145436983696,0.75,-0.13859608643831534
growth,0,3,true,poisson_shared,g22_o2,22,False,loop_close,20.736508385404512,18.47276013090907,21.716485732698924,25,-4.2634916145954875
growth,0,3,true,poisson_shared,g22_o2,22,False,b_split,40.04274137553476,37.41981182097996,43.5817176680156,30,10.04274137553476
growth,0,3,true,poisson_shared,g22_o2,22,False,b_fraction,0.7502071687100974,0.74213870902383,0.7582355120029265,0.75,0.00020716871009740512
growth,0,3,true,poisson_shared,g22_o2,22,False,right,70.3843039151821,68.5165011595182,73.41376006962939,100,-29.6156960848179
growth,0,3,true,poisson_shared,g22_o2,22,False,left,73.63213562274281,71.21753366500394,76.55979784315033,50,23.63213562274281
growth,0,3,true,poisson_shared,g22_o2,22,False,root,297.64914655161874,287.6928662989207,308.13201212634635,300,-2.350853448381258
growth,0,3,true,poisson_shared,g15_o1,15,False,b_split,44.97008053740077,35.31747764323332,52.229454371518976,30,14.970080537400769
growth,0,3,true,poisson_shared,g15_o1,15,False,b_fraction,0.7206022013987382,0.7030227773124657,0.7315901045842791,0.75,-0.029397798601261793
growth,0,3,true,poisson_shared,g15_o1,15,False,left,58.01960725481766,56.1578721622886,64.44511988126472,50,8.019607254817657
growth,0,3,true,poisson_shared,g15_o1,15,False,right,122.08097967938053,114.67098351296251,133.93769582728933,100,22.080979679380533
growth,0,3,true,poisson_shared,g15_o1,15,False,root,275.2509813876964,251.22967637805112,286.1026427041645,300,-24.749018612303587
growth,0,3,true,poisson_separate,g22_o1,22,False,loop_open,5.478251601741868,3.969294830552324,7.214134776514647,10,-4.521748398258132
growth,0,3,true,poisson_separate,g22_o1,22,False,loop_major_fraction,0.6025956024176375,0.5263302124563319,0.6892513597836839,0.75,-0.14740439758236246
growth,0,3,true,poisson_separate,g22_o1,22,False,loop_close,19.904686736128962,18.527615798624257,24.11642157166299,25,-5.095313263871038
growth,0,3,true,poisson_separate,g22_o1,22,False,b_split,38.1787329196788,34.99274624538654,42.634691612591254,30,8.1787329196788
growth,0,3,true,poisson_separate,g22_o1,22,False,b_fraction,0.7331199776663093,0.7182383042009072,0.7506467866052907,0.75,-0.01688002233369068
growth,0,3,true,poisson_separate,g22_o1,22,False,left,57.010156284664205,55.65235682969632,60.008124242031506,50,7.010156284664205
growth,0,3,true,poisson_separate,g22_o1,22,False,right,119.32649246395604,115.70957681244137,128.36518028290385,100,19.326492463956043
growth,0,3,true,poisson_separate,g22_o1,22,False,root,298.996311470307,291.3891912081108,313.7157921158617,300,-1.0036885296930222
growth,0,3,true,poisson_separate,g15_o2,15,False,b_split,26.287672723017806,23.902787366336522,36.931703830811536,30,-3.712327276982194
growth,0,3,true,poisson_separate,g15_o2,15,False,b_fraction,0.8252343995475993,0.801350162154719,0.8449107167878525,0.75,0.07523439954759925
growth,0,3,true,poisson_separate,g15_o2,15,False,right,64.60769166595678,60.820678026917186,69.62714370617225,100,-35.39230833404322
growth,0,3,true,poisson_separate,g15_o2,15,False,left,67.43751658631699,63.51091520397024,72.60642499792351,50,17.43751658631699
growth,0,3,true,poisson_separate,g15_o2,15,False,root,360.9265869817515,348.42705912997224,376.0836411617696,300,60.926586981751484
growth,0,3,true,poisson_separate,g22_o2,22,False,loop_open,5.146101165968874,4.734651683679275,6.79769633014422,10,-4.853898834031126
growth,0,3,true,poisson_separate,g22_o2,22,False,loop_major_fraction,0.5737307040917677,0.5018239169120733,0.6818069777579004,0.75,-0.17626929590823226
growth,0,3,true,poisson_separate,g22_o2,22,False,loop_close,17.849799466881535,17.398214731623394,20.68787550349597,25,-7.150200533118465
growth,0,3,true,poisson_separate,g22_o2,22,False,b_split,35.47452484727111,34.628254671132936,37.877264891882874,30,5.4745248472711125
growth,0,3,true,poisson_separate,g22_o2,22,False,b_fraction,0.8134506883806811,0.8029620661241547,0.8273195296602589,0.75,0.06345068838068113
growth,0,3,true,poisson_separate,g22_o2,22,False,right,64.51336410929493,63.5347453294968,67.73158362512741,100,-35.486635890705074
growth,0,3,true,poisson_separate,g22_o2,22,False,left,68.34122092794915,65.693305272186,70.6227634560452,50,18.341220927949152
growth,0,3,true,poisson_separate,g22_o2,22,False,root,362.01710074784165,357.86988544656896,381.0101739532464,300,62.01710074784165
growth,0,3,true,poisson_separate,g15_o1,15,False,b_split,30.700794761079553,29.237874059523715,36.446035441996756,30,0.7007947610795533
growth,0,3,true,poisson_separate,g15_o1,15,False,b_fraction,0.7530464646024793,0.7396057409076033,0.7565740881798017,0.75,0.0030464646024792597
growth,0,3,true,poisson_separate,g15_o1,15,False,left,58.99768297237372,56.7867720478141,61.28944974400129,50,8.997682972373717
growth,0,3,true,poisson_separate,g15_o1,15,False,right,120.24534694102357,114.42689338102333,124.66669252254265,100,20.24534694102357
growth,0,3,true,poisson_separate,g15_o1,15,False,root,317.71373599969405,311.49752081414044,324.90596072582036,300,17.71373599969405
growth,0,3,hapibd,poisson_shared,g22_o1,22,False,loop_open,5.954514924294862,4.831252681811137,7.156438175035486,10,-4.045485075705138
growth,0,3,hapibd,poisson_shared,g22_o1,22,False,loop_major_fraction,0.6633299368948331,0.5048390560422789,0.8433291049177781,0.75,-0.0866700631051669
growth,0,3,hapibd,poisson_shared,g22_o1,22,False,loop_close,18.91912370109268,15.278499388605212,23.768847849109914,25,-6.08087629890732
growth,0,3,hapibd,poisson_shared,g22_o1,22,False,b_split,36.7444349389814,32.939202163204925,41.76991647333105,30,6.744434938981399
growth,0,3,hapibd,poisson_shared,g22_o1,22,False,b_fraction,0.70089381744909,0.6872322568377831,0.7135333247359523,0.75,-0.04910618255091004
growth,0,3,hapibd,poisson_shared,g22_o1,22,False,left,53.27428360008488,48.992925773611496,57.494625944563595,50,3.2742836000848783
growth,0,3,hapibd,poisson_shared,g22_o1,22,False,right,141.95007668951402,136.97160226557068,149.7333744214295,100,41.95007668951402
growth,0,3,hapibd,poisson_shared,g22_o1,22,False,root,273.99521825174645,261.20973797394896,282.8740778927803,300,-26.00478174825355
growth,0,3,hapibd,poisson_shared,g15_o2,15,False,b_split,32.955272460736666,29.607519067687864,34.91403055146213,30,2.9552724607366656
growth,0,3,hapibd,poisson_shared,g15_o2,15,False,b_fraction,0.7523491997375913,0.7447516813187238,0.7596185244777794,0.75,0.00234919973759129
growth,0,3,hapibd,poisson_shared,g15_o2,15,False,right,68.9106697085973,65.33804251645783,70.61585188654982,100,-31.089330291402703
growth,0,3,hapibd,poisson_shared,g15_o2,15,False,left,71.78534331385313,68.032018488898,73.7527280008561,50,21.785343313853133
growth,0,3,hapibd,poisson_shared,g15_o2,15,False,root,332.89093354793476,323.06554983012194,350.628878748081,300,32.890933547934765
growth,0,3,hapibd,poisson_shared,g22_o2,22,False,loop_open,7.3835957120426405,5.541429877884613,10.21859788520861,10,-2.6164042879573595
growth,0,3,hapibd,poisson_shared,g22_o2,22,False,loop_major_fraction,0.5720257047929529,0.5151068072569339,0.7336866005932174,0.75,-0.1779742952070471
growth,0,3,hapibd,poisson_shared,g22_o2,22,False,loop_close,18.401984788173927,16.74500373957212,22.300808301852058,25,-6.598015211826073
growth,0,3,hapibd,poisson_shared,g22_o2,22,False,b_split,38.945857313723,37.369938671978204,41.57475368157228,30,8.945857313723003
growth,0,3,hapibd,poisson_shared,g22_o2,22,False,b_fraction,0.7612479887197114,0.7359238484149501,0.7691351784676445,0.75,0.011247988719711444
growth,0,3,hapibd,poisson_shared,g22_o2,22,False,right,67.92462720579258,66.42070137291613,71.33684108648151,100,-32.075372794207425
growth,0,3,hapibd,poisson_shared,g22_o2,22,False,left,70.31374046836065,69.62761360220017,73.69313811125153,50,20.31374046836065
growth,0,3,hapibd,poisson_shared,g22_o2,22,False,root,336.08360991744456,329.2280063502245,344.16847231101997,300,36.08360991744456
growth,0,3,hapibd,poisson_shared,g15_o1,15,False,b_split,44.34172487046641,41.19461255159252,48.55806780471109,30,14.341724870466408
growth,0,3,hapibd,poisson_shared,g15_o1,15,False,b_fraction,0.6938170125702972,0.6787036658539559,0.7206175125941984,0.75,-0.056182987429702846
growth,0,3,hapibd,poisson_shared,g15_o1,15,False,left,54.23413503477319,51.44015270076697,57.80874879073636,50,4.234135034773189
growth,0,3,hapibd,poisson_shared,g15_o1,15,False,right,143.4930349674324,135.68025984298754,152.12898505976958,100,43.49303496743241
growth,0,3,hapibd,poisson_shared,g15_o1,15,False,root,274.0047781367344,257.78698184285196,315.62083940751154,300,-25.995221863265613
growth,0,3,hapibd,poisson_separate,g22_o1,22,False,loop_open,5.460401126252753,3.9431901913576786,7.249694359158987,10,-4.539598873747247
growth,0,3,hapibd,poisson_separate,g22_o1,22,False,loop_major_fraction,0.5474211459071844,0.5057380588653072,0.6695704695267963,0.75,-0.20257885409281562
growth,0,3,hapibd,poisson_separate,g22_o1,22,False,loop_close,20.24959869285217,17.448206987315796,22.28761393966114,25,-4.750401307147829
growth,0,3,hapibd,poisson_separate,g22_o1,22,False,b_split,39.81856015914781,36.041845023349566,42.60222122295335,30,9.818560159147808
growth,0,3,hapibd,poisson_separate,g22_o1,22,False,b_fraction,0.7324453213032099,0.7183808235600899,0.7491296256890226,0.75,-0.01755467869679006
growth,0,3,hapibd,poisson_separate,g22_o1,22,False,left,55.73264841538821,51.60842442372304,61.94108898247381,50,5.732648415388212
growth,0,3,hapibd,poisson_separate,g22_o1,22,False,right,131.1924678040786,121.29726832923599,140.44266554520388,100,31.192467804078603
growth,0,3,hapibd,poisson_separate,g22_o1,22,False,root,301.73631240087326,291.88227340885174,308.77682075291153,300,1.7363124008732598
growth,0,3,hapibd,poisson_separate,g15_o2,15,False,b_split,24.951442224891522,21.95835359036641,35.20524808924829,30,-5.048557775108478
growth,0,3,hapibd,poisson_separate,g15_o2,15,False,b_fraction,0.803523848411109,0.8018400560343759,0.8112984211880832,0.75,0.05352384841110902
growth,0,3,hapibd,poisson_separate,g15_o2,15,False,right,62.56222590731422,60.828623314267126,64.44988388818466,100,-37.43777409268578
growth,0,3,hapibd,poisson_separate,g15_o2,15,False,left,66.33797484394778,63.24619300252533,68.116856902872,50,16.337974843947777
growth,0,3,hapibd,poisson_separate,g15_o2,15,False,root,341.03620262577414,338.7655051448052,350.92451702515024,300,41.03620262577414
growth,0,3,hapibd,poisson_separate,g22_o2,22,False,loop_open,5.790611696954216,4.128081694487435,8.30438235652105,10,-4.209388303045784
growth,0,3,hapibd,poisson_separate,g22_o2,22,False,loop_major_fraction,0.5930290255359698,0.524826969224399,0.6794205168621922,0.75,-0.1569709744640302
growth,0,3,hapibd,poisson_separate,g22_o2,22,False,loop_close,17.481684937171632,15.128805453607512,20.18107692554584,25,-7.518315062828368
growth,0,3,hapibd,poisson_separate,g22_o2,22,False,b_split,38.88752827848442,32.568581050127534,41.188787548558246,30,8.887528278484417
growth,0,3,hapibd,poisson_separate,g22_o2,22,False,b_fraction,0.8173906129679754,0.8031654292161989,0.8216439250624079,0.75,0.06739061296797544
growth,0,3,hapibd,poisson_separate,g22_o2,22,False,right,65.93512789760463,60.8399021181477,70.2071938421687,100,-34.06487210239537
growth,0,3,hapibd,poisson_separate,g22_o2,22,False,left,68.31785201312849,63.21838076759441,72.39793306339985,50,18.317852013128487
growth,0,3,hapibd,poisson_separate,g22_o2,22,False,root,364.27308650365137,347.5493285770616,369.66290923608796,300,64.27308650365137
growth,0,3,hapibd,poisson_separate,g15_o1,15,False,b_split,38.039356555656056,34.529053453489496,40.07648296053784,30,8.039356555656056
growth,0,3,hapibd,poisson_separate,g15_o1,15,False,b_fraction,0.7348226788519259,0.7222262545581836,0.7516531954201124,0.75,-0.01517732114807413
growth,0,3,hapibd,poisson_separate,g15_o1,15,False,left,55.236368400098684,52.39443115825381,58.68500350112436,50,5.236368400098684
growth,0,3,hapibd,poisson_separate,g15_o1,15,False,right,122.6279513289757,117.03937189669504,136.88107694105562,100,22.627951328975698
growth,0,3,hapibd,poisson_separate,g15_o1,15,False,root,317.5426129495347,297.93609230732847,331.7229233073686,300,17.542612949534714
growth,0,4,true,poisson_shared,g22_o1,22,False,loop_open,8.005415673987386,6.861149352808358,9.653501627777,10,-1.994584326012614
growth,0,4,true,poisson_shared,g22_o1,22,False,loop_major_fraction,0.5249493207598787,0.5047517718146011,0.5461753620304289,0.75,-0.22505067924012134
growth,0,4,true,poisson_shared,g22_o1,22,False,loop_close,25.47993736219216,21.59171534153328,29.349208159895944,25,0.4799373621921603
growth,0,4,true,poisson_shared,g22_o1,22,False,b_split,40.03378445300166,36.66464105486178,41.28767264417866,30,10.033784453001658
growth,0,4,true,poisson_shared,g22_o1,22,False,b_fraction,0.7208898026375371,0.7061678833414491,0.731300235313511,0.75,-0.029110197362462897
growth,0,4,true,poisson_shared,g22_o1,22,False,left,58.94083586971562,56.355369771889436,61.26703430675539,50,8.94083586971562
growth,0,4,true,poisson_shared,g22_o1,22,False,right,136.847793722235,130.9214459267008,150.46318306811273,100,36.847793722235
growth,0,4,true,poisson_shared,g22_o1,22,False,root,250.63768710592024,246.63027329045525,257.171184608562,300,-49.362312894079764
growth,0,4,true,poisson_shared,g15_o2,15,False,b_split,19.4907358681721,15.295218593349295,33.94815205471346,30,-10.509264131827901
growth,0,4,true,poisson_shared,g15_o2,15,False,b_fraction,0.7628692198111775,0.7513065267589062,0.7780936413412981,0.75,0.012869219811177501
growth,0,4,true,poisson_shared,g15_o2,15,False,right,69.67890364248775,67.71179844242515,71.68661480097883,100,-30.321096357512246
growth,0,4,true,poisson_shared,g15_o2,15,False,left,72.54203960761447,70.65245930664196,74.42918298997441,50,22.54203960761447
growth,0,4,true,poisson_shared,g15_o2,15,False,root,297.7588288026295,290.7428348585601,308.5177919427064,300,-2.241171197370477
growth,0,4,true,poisson_shared,g22_o2,22,False,loop_open,17.078732481131897,8.919384213820884,19.09118159218315,10,7.0787324811318975
growth,0,4,true,poisson_shared,g22_o2,22,False,loop_major_fraction,0.5575204281074024,0.5090284296270311,0.7942825418904667,0.75,-0.19247957189259757
growth,0,4,true,poisson_shared,g22_o2,22,False,loop_close,30.71516343412275,24.79383107921368,34.01199765431629,25,5.715163434122751
growth,0,4,true,poisson_shared,g22_o2,22,False,b_split,48.144630973301126,41.804970404867895,50.12128919756653,30,18.144630973301126
growth,0,4,true,poisson_shared,g22_o2,22,False,b_fraction,0.7666737745777327,0.7544992936938064,0.7785355739406757,0.75,0.01667377457773267
growth,0,4,true,poisson_shared,g22_o2,22,False,right,68.65068963413792,65.77477651776452,70.39527562500061,100,-31.34931036586208
growth,0,4,true,poisson_shared,g22_o2,22,False,left,71.32273226076288,68.8570858440359,72.7834687084139,50,21.322732260762876
growth,0,4,true,poisson_shared,g22_o2,22,False,root,303.2521887182119,294.50920420660276,313.9186938397671,300,3.252188718211926
growth,0,4,true,poisson_shared,g15_o1,15,False,b_split,42.9526485801807,35.74387160580032,51.80214171515994,30,12.9526485801807
growth,0,4,true,poisson_shared,g15_o1,15,False,b_fraction,0.7245526759268208,0.7158525793641471,0.7377510802062288,0.75,-0.02544732407317918
growth,0,4,true,poisson_shared,g15_o1,15,False,left,60.84176291218782,59.31362362461868,64.12830847239326,50,10.841762912187818
growth,0,4,true,poisson_shared,g15_o1,15,False,right,139.19396043702966,126.22306048959538,147.02565070767074,100,39.19396043702966
growth,0,4,true,poisson_shared,g15_o1,15,False,root,261.10787256844776,243.58296966895844,274.68025626876573,300,-38.89212743155224
growth,0,4,true,poisson_separate,g22_o1,22,False,loop_open,6.260218908975103,6.105392253417726,8.566635833117685,10,-3.7397810910248968
growth,0,4,true,poisson_separate,g22_o1,22,False,loop_major_fraction,0.6408009076918899,0.5978031002005469,0.7385585610772334,0.75,-0.10919909230811009
growth,0,4,true,poisson_separate,g22_o1,22,False,loop_close,21.514907174588068,21.3077752275793,25.713718907114032,25,-3.4850928254119324
growth,0,4,true,poisson_separate,g22_o1,22,False,b_split,40.13860070463512,38.80470345268238,42.32145680225818,30,10.138600704635117
growth,0,4,true,poisson_separate,g22_o1,22,False,b_fraction,0.6626302923779551,0.6510155801598887,0.7708902116900481,0.75,-0.08736970762204488
growth,0,4,true,poisson_separate,g22_o1,22,False,left,55.825667185827406,55.43233769386039,57.8586154618853,50,5.825667185827406
growth,0,4,true,poisson_separate,g22_o1,22,False,right,133.00374364302286,117.18891186808239,133.98674120290755,100,33.00374364302286
growth,0,4,true,poisson_separate,g22_o1,22,False,root,284.31813497294104,275.07437148398475,304.829868106761,300,-15.681865027058961
growth,0,4,true,poisson_separate,g15_o2,15,False,b_split,26.780126886119525,25.17901415906957,30.867312617490974,30,-3.2198731138804746
growth,0,4,true,poisson_separate,g15_o2,15,False,b_fraction,0.8129469736980529,0.8082772255221493,0.8235917535873146,0.75,0.06294697369805291
growth,0,4,true,poisson_separate,g15_o2,15,False,right,64.43218828908715,62.80457234415726,67.96032995121594,100,-35.56781171091285
growth,0,4,true,poisson_separate,g15_o2,15,False,left,67.34677349394268,65.79330431269432,70.94338579056765,50,17.346773493942678
growth,0,4,true,poisson_separate,g15_o2,15,False,root,338.12707780164595,329.12118821714233,343.04475003913444,300,38.12707780164595
growth,0,4,true,poisson_separate,g22_o2,22,False,loop_open,6.69559218641631,4.287702305198755,10.861706703667704,10,-3.3044078135836896
growth,0,4,true,poisson_separate,g22_o2,22,False,loop_major_fraction,0.6173989007879227,0.5366036855586965,0.724823192773039,0.75,-0.1326010992120773
growth,0,4,true,poisson_separate,g22_o2,22,False,loop_close,19.81563800074413,17.339666886958742,22.970994561413207,25,-5.18436199925587
growth,0,4,true,poisson_separate,g22_o2,22,False,b_split,35.6463504395353,33.17489822834742,40.960584558651036,30,5.646350439535297
growth,0,4,true,poisson_separate,g22_o2,22,False,b_fraction,0.8125407513371982,0.793443348576704,0.8288244896755304,0.75,0.06254075133719816
growth,0,4,true,poisson_separate,g22_o2,22,False,right,62.77840742277532,60.76626753984737,67.77856354975687,100,-37.22159257722468
growth,0,4,true,poisson_separate,g22_o2,22,False,left,65.57222234518565,63.36029257471167,70.68308573693712,50,15.57222234518565
growth,0,4,true,poisson_separate,g22_o2,22,False,root,322.992477514036,307.03084779371494,336.8337464073148,300,22.99247751403601
growth,0,4,true,poisson_separate,g15_o1,15,False,b_split,37.31522238761442,33.876121607550346,42.317257036267776,30,7.315222387614419
growth,0,4,true,poisson_separate,g15_o1,15,False,b_fraction,0.7218011049548867,0.6998468554285752,0.8060655184598012,0.75,-0.028198895045113304
growth,0,4,true,poisson_separate,g15_o1,15,False,left,60.18124109484107,56.767666003593575,62.65308077856958,50,10.18124109484107
growth,0,4,true,poisson_separate,g15_o1,15,False,right,127.62691399279217,109.22099352683719,134.76030726899222,100,27.62691399279217
growth,0,4,true,poisson_separate,g15_o1,15,False,root,299.5451857658236,275.4232920581716,379.01398554516015,300,-0.45481423417641054
growth,0,4,hapibd,poisson_shared,g22_o1,22,False,loop_open,7.667392448276605,6.186880646824325,10.262310884857113,10,-2.3326075517233953
growth,0,4,hapibd,poisson_shared,g22_o1,22,False,loop_major_fraction,0.6098213435088911,0.5136737744752651,0.7039316784895162,0.75,-0.14017865649110894
growth,0,4,hapibd,poisson_shared,g22_o1,22,False,loop_close,22.74513799632524,20.067581758005147,25.38768517264708,25,-2.2548620036747593
growth,0,4,hapibd,poisson_shared,g22_o1,22,False,b_split,35.99844434653837,33.23850789072932,38.40625632521566,30,5.9984443465383706
growth,0,4,hapibd,poisson_shared,g22_o1,22,False,b_fraction,0.7124336542584319,0.7054795567806638,0.7322735644403905,0.75,-0.03756634574156814
growth,0,4,hapibd,poisson_shared,g22_o1,22,False,left,59.54343330308875,55.786841135866474,62.24496535152618,50,9.543433303088747
growth,0,4,hapibd,poisson_shared,g22_o1,22,False,right,144.59972371743626,136.74046555270112,153.71081797021748,100,44.59972371743626
growth,0,4,hapibd,poisson_shared,g22_o1,22,False,root,258.93950240101674,249.91044866860835,270.5484373709104,300,-41.06049759898326
growth,0,4,hapibd,poisson_shared,g15_o2,15,False,b_split,31.837251413952256,29.885314101502157,32.83899223054889,30,1.8372514139522558
growth,0,4,hapibd,poisson_shared,g15_o2,15,False,b_fraction,0.7609425870453739,0.7535310495660191,0.7762507208749198,0.75,0.010942587045373875
growth,0,4,hapibd,poisson_shared,g15_o2,15,False,right,72.1153576109076,69.51413214394877,72.73990204904037,100,-27.884642389092406
growth,0,4,hapibd,poisson_shared,g15_o2,15,False,left,74.8117504144046,72.58889991924464,75.76327239638944,50,24.8117504144046
growth,0,4,hapibd,poisson_shared,g15_o2,15,False,root,314.08664730173643,309.33643957440665,323.78254123502563,300,14.086647301736434
growth,0,4,hapibd,poisson_shared,g22_o2,22,False,loop_open,10.562058168873536,10.289952859145126,13.700211615829641,10,0.562058168873536
growth,0,4,hapibd,poisson_shared,g22_o2,22,False,loop_major_fraction,0.6194321693761705,0.6160732192030586,0.6692382277508757,0.75,-0.13056783062382948
growth,0,4,hapibd,poisson_shared,g22_o2,22,False,loop_close,22.044173442731225,21.71973476591497,25.574389245108787,25,-2.955826557268775
growth,0,4,hapibd,poisson_shared,g22_o2,22,False,b_split,36.71609241287917,36.50813648377373,38.44922236852278,30,6.716092412879171
growth,0,4,hapibd,poisson_shared,g22_o2,22,False,b_fraction,0.7830787962293443,0.7543853703146164,0.7859206886102564,0.75,0.03307879622934429
growth,0,4,hapibd,poisson_shared,g22_o2,22,False,right,69.83481905942878,68.57103680700025,69.910468799224,100,-30.16518094057122
growth,0,4,hapibd,poisson_shared,g22_o2,22,False,left,72.25772534926237,71.25942469046409,72.289957864473,50,22.257725349262373
growth,0,4,hapibd,poisson_shared,g22_o2,22,False,root,337.01739161620816,299.465606053256,341.2109322674244,300,37.01739161620816
growth,0,4,hapibd,poisson_shared,g15_o1,15,False,b_split,39.45880617422093,30.44937671236532,45.99053926906653,30,9.458806174220932
growth,0,4,hapibd,poisson_shared,g15_o1,15,False,b_fraction,0.7311074955564406,0.7184822196299607,0.7425686979650408,0.75,-0.018892504443559388
growth,0,4,hapibd,poisson_shared,g15_o1,15,False,left,55.551661838148185,51.266707680434436,61.247082394731756,50,5.551661838148185
growth,0,4,hapibd,poisson_shared,g15_o1,15,False,right,139.08414982512238,130.846093120524,149.68797333176923,100,39.08414982512238
growth,0,4,hapibd,poisson_shared,g15_o1,15,False,root,265.79135333767846,255.0305599168009,308.2176705845496,300,-34.20864666232154
growth,0,4,hapibd,poisson_separate,g22_o1,22,False,loop_open,7.753606135461149,6.399119052898548,8.734762602640211,10,-2.2463938645388506
growth,0,4,hapibd,poisson_separate,g22_o1,22,False,loop_major_fraction,0.5660487535858044,0.5136589488250558,0.7689105271431688,0.75,-0.18395124641419558
growth,0,4,hapibd,poisson_separate,g22_o1,22,False,loop_close,22.370148010743655,20.467043701814845,25.057592230312377,25,-2.629851989256345
growth,0,4,hapibd,poisson_separate,g22_o1,22,False,b_split,42.0975868907158,39.21867453150687,43.350664570285986,30,12.097586890715803
growth,0,4,hapibd,poisson_separate,g22_o1,22,False,b_fraction,0.6760942572380632,0.6306743473666429,0.7798998865120846,0.75,-0.07390574276193684
growth,0,4,hapibd,poisson_separate,g22_o1,22,False,left,58.245767221888975,56.384046198236206,59.57208376493782,50,8.245767221888975
growth,0,4,hapibd,poisson_separate,g22_o1,22,False,right,131.81301067213934,114.598233765859,138.17138890353158,100,31.81301067213934
growth,0,4,hapibd,poisson_separate,g22_o1,22,False,root,285.219299654029,276.8154105140401,311.98959556790476,300,-14.780700345971013
growth,0,4,hapibd,poisson_separate,g15_o2,15,False,b_split,23.9394587673052,21.054542590991133,29.988734151172558,30,-6.060541232694799
growth,0,4,hapibd,poisson_separate,g15_o2,15,False,b_fraction,0.818137383127883,0.8066512214929498,0.830849926342914,0.75,0.06813738312788298
growth,0,4,hapibd,poisson_separate,g15_o2,15,False,right,66.16402317474065,63.90510675067158,66.95127560232397,100,-33.83597682525935
growth,0,4,hapibd,poisson_separate,g15_o2,15,False,left,68.71954953569742,66.55922465136152,69.688981256166,50,18.719549535697425
growth,0,4,hapibd,poisson_separate,g15_o2,15,False,root,372.7154116230436,326.6283361885549,384.1541906956915,300,72.71541162304362
growth,0,4,hapibd,poisson_separate,g22_o2,22,False,loop_open,8.26521601356915,6.418785949065013,9.202295560969924,10,-1.73478398643085
growth,0,4,hapibd,poisson_separate,g22_o2,22,False,loop_major_fraction,0.6756151859352717,0.5178828048915687,0.9167030375153458,0.75,-0.0743848140647283
growth,0,4,hapibd,poisson_separate,g22_o2,22,False,loop_close,17.856194926018553,15.958932951473718,19.815060155022273,25,-7.143805073981447
growth,0,4,hapibd,poisson_separate,g22_o2,22,False,b_split,34.09881562592042,31.926563135457666,37.53214367531782,30,4.098815625920423
growth,0,4,hapibd,poisson_separate,g22_o2,22,False,b_fraction,0.8166802103835026,0.8053935391355592,0.8241968254343524,0.75,0.06668021038350258
growth,0,4,hapibd,poisson_separate,g22_o2,22,False,right,66.72732430018814,61.947696488805185,68.93526668075198,100,-33.272675699811856
growth,0,4,hapibd,poisson_separate,g22_o2,22,False,left,69.53110285932735,65.3532503620226,71.42869805734054,50,19.531102859327348
growth,0,4,hapibd,poisson_separate,g22_o2,22,False,root,329.3280036214578,318.471864795175,356.46371420191485,300,29.32800362145781
growth,0,4,hapibd,poisson_separate,g15_o1,15,False,b_split,34.632015324483376,34.049104284642915,36.34613239445936,30,4.632015324483376
growth,0,4,hapibd,poisson_separate,g15_o1,15,False,b_fraction,0.6763126163356744,0.6706080936518906,0.6912128895875436,0.75,-0.07368738366432559
growth,0,4,hapibd,poisson_separate,g15_o1,15,False,left,59.052547675807666,55.97162982235325,59.45329204839864,50,9.052547675807666
growth,0,4,hapibd,poisson_separate,g15_o1,15,False,right,132.8607541705034,127.66532308973143,135.14218529362287,100,32.86075417050341
growth,0,4,hapibd,poisson_separate,g15_o1,15,False,root,291.0443877479062,288.07673730893464,291.47141429573526,300,-8.955612252093772
growth,0,5,true,poisson_shared,g22_o1,22,False,loop_open,12.848269011813507,8.936322378699588,13.417489220330689,10,2.848269011813507
growth,0,5,true,poisson_shared,g22_o1,22,False,loop_major_fraction,0.7652053122650035,0.6992980372434845,0.7806990631196371,0.75,0.015205312265003545
growth,0,5,true,poisson_shared,g22_o1,22,False,loop_close,23.528578451131306,21.784093669715702,28.789383077354668,25,-1.471421548868694
growth,0,5,true,poisson_shared,g22_o1,22,False,b_split,48.854204363825644,41.661376465062325,52.156708809650446,30,18.854204363825644
growth,0,5,true,poisson_shared,g22_o1,22,False,b_fraction,0.7594025327920914,0.7505993812810308,0.7702936136527195,0.75,0.009402532792091356
growth,0,5,true,poisson_shared,g22_o1,22,False,left,60.501271262084444,56.3396378288327,61.25500420433637,50,10.501271262084444
growth,0,5,true,poisson_shared,g22_o1,22,False,right,110.68877799576431,101.35230156283484,117.1660372810387,100,10.688777995764312
growth,0,5,true,poisson_shared,g22_o1,22,False,root,269.9036628240079,263.69229196160387,280.54224549914545,300,-30.09633717599212
growth,0,5,true,poisson_shared,g15_o2,15,False,b_split,35.75947469239597,29.180093154078712,45.85897603030827,30,5.759474692395969
growth,0,5,true,poisson_shared,g15_o2,15,False,b_fraction,0.7830724591923799,0.7788437578232622,0.7946713946834107,0.75,0.03307245919237989
growth,0,5,true,poisson_shared,g15_o2,15,False,right,66.4337962651837,63.844713732432616,68.74180182729081,100,-33.5662037348163
growth,0,5,true,poisson_shared,g15_o2,15,False,left,69.24655992350995,67.63267101049576,71.39445558877566,50,19.24655992350995
growth,0,5,true,poisson_shared,g15_o2,15,False,root,302.4833903895378,293.3560588699696,305.2014902748171,300,2.483390389537817
growth,0,5,true,poisson_shared,g22_o2,22,False,loop_open,7.8997369687501955,6.05274725691044,9.326850126396273,10,-2.1002630312498045
growth,0,5,true,poisson_shared,g22_o2,22,False,loop_major_fraction,0.6326104613174729,0.5089241216937526,0.7702468486489653,0.75,-0.1173895386825271
growth,0,5,true,poisson_shared,g22_o2,22,False,loop_close,19.554518976646783,16.76239341864889,22.764059232999735,25,-5.445481023353217
growth,0,5,true,poisson_shared,g22_o2,22,False,b_split,36.2963589328422,33.67531088004181,39.35329190368454,30,6.296358932842203
growth,0,5,true,poisson_shared,g22_o2,22,False,b_fraction,0.7831223002807807,0.7734099080790101,0.7984671800893384,0.75,0.03312230028078067
growth,0,5,true,poisson_shared,g22_o2,22,False,right,65.63965282039872,62.17701441566829,68.59753864325171,100,-34.36034717960128
growth,0,5,true,poisson_shared,g22_o2,22,False,left,68.38382090781589,64.49155255273716,71.21353541211508,50,18.38382090781589
growth,0,5,true,poisson_shared,g22_o2,22,False,root,296.7438991287408,292.016025482404,303.9005152083228,300,-3.256100871259207
growth,0,5,true,poisson_shared,g15_o1,15,False,b_split,38.402900558938754,24.692686736713902,55.088657013140306,30,8.402900558938754
growth,0,5,true,poisson_shared,g15_o1,15,False,b_fraction,0.7448046085871277,0.7273508291262264,0.7677879987193181,0.75,-0.0051953914128722856
growth,0,5,true,poisson_shared,g15_o1,15,False,left,56.97090279238164,49.99728816254947,60.13446377905704,50,6.9709027923816365
growth,0,5,true,poisson_shared,g15_o1,15,False,right,121.57076193911746,113.47115584286173,130.73960910898683,100,21.57076193911746
growth,0,5,true,poisson_shared,g15_o1,15,False,root,259.2530835096664,243.3062219943638,284.4011272078949,300,-40.746916490333604
growth,0,5,true,poisson_separate,g22_o1,22,False,loop_open,6.07883039326124,4.930660524654106,6.768824968481857,10,-3.9211696067387596
growth,0,5,true,poisson_separate,g22_o1,22,False,loop_major_fraction,0.6298702252800317,0.508785279610305,0.7764139920626075,0.75,-0.12012977471996833
growth,0,5,true,poisson_separate,g22_o1,22,False,loop_close,18.55384379337354,17.063613431070475,19.551536787047105,25,-6.446156206626458
growth,0,5,true,poisson_separate,g22_o1,22,False,b_split,37.66487619506635,35.12662783644474,39.39854174267643,30,7.664876195066348
growth,0,5,true,poisson_separate,g22_o1,22,False,b_fraction,0.766513948997219,0.7506284767628291,0.7792842202484884,0.75,0.01651394899721903
growth,0,5,true,poisson_separate,g22_o1,22,False,left,55.01296988936124,52.53741815404498,57.112090853339616,50,5.012969889361237
growth,0,5,true,poisson_separate,g22_o1,22,False,right,109.61787750569485,104.78238762302183,113.4703551694336,100,9.61787750569485
growth,0,5,true,poisson_separate,g22_o1,22,False,root,273.7408366713924,271.69011208551086,280.49241133184444,300,-26.2591633286076
growth,0,5,true,poisson_separate,g15_o2,15,False,b_split,23.521884413409023,23.139397016554884,25.09388499860945,30,-6.478115586590977
growth,0,5,true,poisson_separate,g15_o2,15,False,b_fraction,0.8356863075473353,0.8258596625771206,0.8474377420810294,0.75,0.0856863075473353
growth,0,5,true,poisson_separate,g15_o2,15,False,right,60.93164502822932,58.01724128817448,63.99579394645465,100,-39.06835497177068
growth,0,5,true,poisson_separate,g15_o2,15,False,left,63.69384676919775,60.857915107276334,66.2927597055481,50,13.693846769197748
growth,0,5,true,poisson_separate,g15_o2,15,False,root,354.7647139756272,346.78580659890787,363.672295448158,300,54.76471397562722
growth,0,5,true,poisson_separate,g22_o2,22,False,loop_open,5.136053354756336,3.796934183190492,6.0695466990108216,10,-4.863946645243664
growth,0,5,true,poisson_separate,g22_o2,22,False,loop_major_fraction,0.5906335259623827,0.5067078996371026,0.6565033872199163,0.75,-0.15936647403761728
growth,0,5,true,poisson_separate,g22_o2,22,False,loop_close,16.357744797734938,12.650460795819402,18.968622344276973,25,-8.642255202265062
growth,0,5,true,poisson_separate,g22_o2,22,False,b_split,32.05489405572283,28.642244543687607,35.55093063453415,30,2.0548940557228335
growth,0,5,true,poisson_separate,g22_o2,22,False,b_fraction,0.852807490848737,0.8424347983002618,0.8597126650760343,0.75,0.10280749084873697
growth,0,5,true,poisson_separate,g22_o2,22,False,right,62.13295401048728,53.349573945616996,65.26978232767746,100,-37.86704598951272
growth,0,5,true,poisson_separate,g22_o2,22,False,left,65.1853841402378,56.307851005260886,67.7975148367801,50,15.185384140237801
growth,0,5,true,poisson_separate,g22_o2,22,False,root,349.8584115257207,338.37588077836926,370.3914470589784,300,49.858411525720726
growth,0,5,true,poisson_separate,g15_o1,15,False,b_split,34.10436416817307,31.74323708022561,38.088735163807016,30,4.1043641681730705
growth,0,5,true,poisson_separate,g15_o1,15,False,b_fraction,0.7663170211567671,0.7409030743576088,0.7862371494971234,0.75,0.016317021156767142
growth,0,5,true,poisson_separate,g15_o1,15,False,left,56.35436570250496,54.47856968341814,60.13627873579252,50,6.354365702504957
growth,0,5,true,poisson_separate,g15_o1,15,False,right,107.89521655525621,102.10963108484673,117.5708247743439,100,7.895216555256212
growth,0,5,true,poisson_separate,g15_o1,15,False,root,286.4573896329729,273.6038298753087,297.11699463996973,300,-13.542610367027123
growth,0,5,hapibd,poisson_shared,g22_o1,22,False,loop_open,5.016436130320063,3.15491908930268,11.713667236634484,10,-4.983563869679937
growth,0,5,hapibd,poisson_shared,g22_o1,22,False,loop_major_fraction,0.5691713708552635,0.511666104040109,0.706979435970254,0.75,-0.18082862914473652
growth,0,5,hapibd,poisson_shared,g22_o1,22,False,loop_close,19.313500151988148,16.154112167626675,23.508114956644697,25,-5.686499848011852
growth,0,5,hapibd,poisson_shared,g22_o1,22,False,b_split,33.80135236827111,29.85988348608341,38.195092719107244,30,3.801352368271111
growth,0,5,hapibd,poisson_shared,g22_o1,22,False,b_fraction,0.7395877126875271,0.7319626685935953,0.756061243285261,0.75,-0.010412287312472901
growth,0,5,hapibd,poisson_shared,g22_o1,22,False,left,53.66827228556595,51.55255937045757,58.25365596094532,50,3.6682722855659478
growth,0,5,hapibd,poisson_shared,g22_o1,22,False,right,131.00963156455725,125.44633018164097,137.5254442461792,100,31.009631564557253
growth,0,5,hapibd,poisson_shared,g22_o1,22,False,root,256.65970215253617,250.08638550214235,264.26337066106026,300,-43.34029784746383
growth,0,5,hapibd,poisson_shared,g15_o2,15,False,b_split,36.051041316805495,30.723613560687568,45.05386321687868,30,6.051041316805495
growth,0,5,hapibd,poisson_shared,g15_o2,15,False,b_fraction,0.7912314029858355,0.7754445047919456,0.8006580690403091,0.75,0.0412314029858355
growth,0,5,hapibd,poisson_shared,g15_o2,15,False,right,66.77712300431497,64.04086225920517,70.69992457840297,100,-33.22287699568503
growth,0,5,hapibd,poisson_shared,g15_o2,15,False,left,69.239433409362,65.97012204809778,74.21202939311178,50,19.239433409361993
growth,0,5,hapibd,poisson_shared,g15_o2,15,False,root,323.06639240173047,308.72614833734684,335.8521634652176,300,23.066392401730468
growth,0,5,hapibd,poisson_shared,g22_o2,22,False,loop_open,7.891487909903822,6.404058787309267,10.196152485956565,10,-2.108512090096178
growth,0,5,hapibd,poisson_shared,g22_o2,22,False,loop_major_fraction,0.6238877298375762,0.5343715993850956,0.8206985987023762,0.75,-0.12611227016242377
growth,0,5,hapibd,poisson_shared,g22_o2,22,False,loop_close,19.51434551251267,16.769784266532696,20.82287603172578,25,-5.485654487487331
growth,0,5,hapibd,poisson_shared,g22_o2,22,False,b_split,37.082253181858746,34.58147808393901,39.5519158741965,30,7.082253181858746
growth,0,5,hapibd,poisson_shared,g22_o2,22,False,b_fraction,0.7912498491329141,0.7788605676120085,0.8020753543096876,0.75,0.041249849132914074
growth,0,5,hapibd,poisson_shared,g22_o2,22,False,right,68.33065925687109,65.55658171734746,69.96020111562888,100,-31.669340743128913
growth,0,5,hapibd,poisson_shared,g22_o2,22,False,left,71.03562856349994,68.24069166323756,73.33853656165059,50,21.03562856349994
growth,0,5,hapibd,poisson_shared,g22_o2,22,False,root,313.8519519797726,308.6035350332154,321.2890753255601,300,13.851951979772593
growth,0,5,hapibd,poisson_shared,g15_o1,15,False,b_split,37.81288176276101,32.50268394197971,45.35632153802737,30,7.812881762761009
growth,0,5,hapibd,poisson_shared,g15_o1,15,False,b_fraction,0.739325656301492,0.7238329941055709,0.76169865989395,0.75,-0.010674343698507949
growth,0,5,hapibd,poisson_shared,g15_o1,15,False,left,55.32261392592454,50.83341900939668,59.66859497581578,50,5.322613925924543
growth,0,5,hapibd,poisson_shared,g15_o1,15,False,right,135.15679606015473,123.78354531189453,143.98870799767303,100,35.15679606015473
growth,0,5,hapibd,poisson_shared,g15_o1,15,False,root,253.05789028680545,242.68044362722748,272.78724721374965,300,-46.942109713194554
growth,0,5,hapibd,poisson_separate,g22_o1,22,False,loop_open,8.913163520393105,7.74795103737056,11.786907986625625,10,-1.0868364796068946
growth,0,5,hapibd,poisson_separate,g22_o1,22,False,loop_major_fraction,0.6877485395146119,0.623065278180572,0.7721175088141082,0.75,-0.0622514604853881
growth,0,5,hapibd,poisson_separate,g22_o1,22,False,loop_close,23.570366160585355,20.024127666153287,25.51476922388136,25,-1.4296338394146453
growth,0,5,hapibd,poisson_separate,g22_o1,22,False,b_split,41.346905001655365,39.52487369701822,45.75123073627774,30,11.346905001655365
growth,0,5,hapibd,poisson_separate,g22_o1,22,False,b_fraction,0.7925877509049977,0.7803179371951889,0.8224364603233772,0.75,0.04258775090499767
growth,0,5,hapibd,poisson_separate,g22_o1,22,False,left,55.07274709557208,53.13356149092917,58.031422219212494,50,5.072747095572083
growth,0,5,hapibd,poisson_separate,g22_o1,22,False,right,108.76283257313705,97.4210525054155,118.84582911018627,100,8.762832573137047
growth,0,5,hapibd,poisson_separate,g22_o1,22,False,root,300.9128849549921,286.88210301871806,316.32712353441997,300,0.9128849549920801
growth,0,5,hapibd,poisson_separate,g15_o2,15,False,b_split,28.638354093740247,24.11153223957931,43.02427420835328,30,-1.3616459062597528
growth,0,5,hapibd,poisson_separate,g15_o2,15,False,b_fraction,0.8444506737490469,0.8285600962780447,0.8856133451012254,0.75,0.09445067374904692
growth,0,5,hapibd,poisson_separate,g15_o2,15,False,right,55.85579498729804,53.29796041118325,61.553961463995776,100,-44.14420501270196
growth,0,5,hapibd,poisson_separate,g15_o2,15,False,left,58.816067389069644,55.97473279423316,65.22173471314709,50,8.816067389069644
growth,0,5,hapibd,poisson_separate,g15_o2,15,False,root,330.73231937492227,311.62769889443314,377.1031295989784,300,30.73231937492227
growth,0,5,hapibd,poisson_separate,g22_o2,22,False,loop_open,6.25872954665252,4.869889271529315,7.904009234137218,10,-3.7412704533474797
growth,0,5,hapibd,poisson_separate,g22_o2,22,False,loop_major_fraction,0.5416092498619597,0.5151112802825975,0.6062410734397361,0.75,-0.20839075013804031
growth,0,5,hapibd,poisson_separate,g22_o2,22,False,loop_close,17.548621506155445,14.11076348192515,21.042581222698942,25,-7.451378493844555
growth,0,5,hapibd,poisson_separate,g22_o2,22,False,b_split,33.37543949241166,30.8054966600085,38.91129811042539,30,3.375439492411658
growth,0,5,hapibd,poisson_separate,g22_o2,22,False,b_fraction,0.8457694336796642,0.8412642643849884,0.8632893020690566,0.75,0.09576943367966417
growth,0,5,hapibd,poisson_separate,g22_o2,22,False,right,58.96177572038644,56.41090809922983,64.3886876408313,100,-41.03822427961356
growth,0,5,hapibd,poisson_separate,g22_o2,22,False,left,61.391800229783335,58.60777832404367,66.93223160282942,50,11.391800229783335
growth,0,5,hapibd,poisson_separate,g22_o2,22,False,root,344.53608779527013,336.2213120216923,364.00418008733715,300,44.536087795270134
growth,0,5,hapibd,poisson_separate,g15_o1,15,False,b_split,34.650855508333024,32.832389073886695,38.22747963306557,30,4.650855508333024
growth,0,5,hapibd,poisson_separate,g15_o1,15,False,b_fraction,0.7691965856129209,0.7556499515120216,0.7925032747693147,0.75,0.019196585612920924
growth,0,5,hapibd,poisson_separate,g15_o1,15,False,left,57.26282604744904,53.7295132814121,61.78061814242837,50,7.262826047449039
growth,0,5,hapibd,poisson_separate,g15_o1,15,False,right,114.83448394144982,110.70622658447975,125.52617790362737,100,14.834483941449818
growth,0,5,hapibd,poisson_separate,g15_o1,15,False,root,289.0062612660548,281.5990940433318,328.93559458346897,300,-10.993738733945179
growth,0,6,true,poisson_shared,g22_o1,22,False,loop_open,8.062025531325125,6.17166662830694,10.423440233811386,10,-1.9379744686748754
growth,0,6,true,poisson_shared,g22_o1,22,False,loop_major_fraction,0.5833272810808472,0.5010498348753484,0.6866807599135619,0.75,-0.1666727189191528
growth,0,6,true,poisson_shared,g22_o1,22,False,loop_close,24.63190794501022,21.58261031291245,26.878084657819493,25,-0.3680920549897806
growth,0,6,true,poisson_shared,g22_o1,22,False,b_split,37.40787557092237,34.40033971613067,41.641142955947196,30,7.407875570922371
growth,0,6,true,poisson_shared,g22_o1,22,False,b_fraction,0.7020047700544942,0.6912263786651005,0.7133959584540919,0.75,-0.04799522994550576
growth,0,6,true,poisson_shared,g22_o1,22,False,left,55.49235658588527,51.41485757591022,58.95921128711599,50,5.492356585885268
growth,0,6,true,poisson_shared,g22_o1,22,False,right,133.53719278501015,122.82167491366098,145.41898966147812,100,33.53719278501015
growth,0,6,true,poisson_shared,g22_o1,22,False,root,254.06887523723242,245.68015464260355,264.1706444044562,300,-45.93112476276758
growth,0,6,true,poisson_shared,g15_o2,15,False,b_split,35.05574362371314,30.998197955262278,44.48517918127505,30,5.055743623713141
growth,0,6,true,poisson_shared,g15_o2,15,False,b_fraction,0.7522189198712619,0.7399457022971823,0.768723458337929,0.75,0.002218919871261882
growth,0,6,true,poisson_shared,g15_o2,15,False,right,66.86402866856112,63.099513846431066,69.60035617654636,100,-33.13597133143888
growth,0,6,true,poisson_shared,g15_o2,15,False,left,69.4881764228708,66.06761044728817,71.54740570539954,50,19.488176422870794
growth,0,6,true,poisson_shared,g15_o2,15,False,root,307.6206858978689,296.02503431562485,328.0169839917881,300,7.620685897868896
growth,0,6,true,poisson_shared,g22_o2,22,False,loop_open,9.289096148051058,8.198463971874254,9.974750770109488,10,-0.7109038519489417
growth,0,6,true,poisson_shared,g22_o2,22,False,loop_major_fraction,0.5488917712124615,0.5000317905811622,0.594759043158005,0.75,-0.20110822878753853
growth,0,6,true,poisson_shared,g22_o2,22,False,loop_close,26.363191755225063,23.285172296428385,28.764320483465262,25,1.3631917552250634
growth,0,6,true,poisson_shared,g22_o2,22,False,b_split,42.715163604402925,41.05173866217712,46.18812018521244,30,12.715163604402925
growth,0,6,true,poisson_shared,g22_o2,22,False,b_fraction,0.7503092476448755,0.7445285608558156,0.7607511952089583,0.75,0.00030924764487549883
growth,0,6,true,poisson_shared,g22_o2,22,False,right,67.02965499151615,64.60213480596504,69.0857408269428,100,-32.97034500848385
growth,0,6,true,poisson_shared,g22_o2,22,False,left,69.694787905064,67.40613790097873,71.3835784248088,50,19.694787905064004
growth,0,6,true,poisson_shared,g22_o2,22,False,root,311.78226831197475,303.4316549017403,320.7520582632854,300,11.782268311974747
growth,0,6,true,poisson_shared,g15_o1,15,False,b_split,5.766337829498769,4.030580082772143,8.953414730999325,30,-24.23366217050123
growth,0,6,true,poisson_shared,g15_o1,15,False,b_fraction,0.7006793433826896,0.6888090628890668,0.7165552278790467,0.75,-0.04932065661731044
growth,0,6,true,poisson_shared,g15_o1,15,False,left,54.8944661557055,51.59222310360369,59.31999061676205,50,4.894466155705501
growth,0,6,true,poisson_shared,g15_o1,15,False,right,129.90322717983867,127.4288208542622,135.4182666984386,100,29.903227179838666
growth,0,6,true,poisson_shared,g15_o1,15,False,root,259.1980341807081,242.69723098750555,263.3893570331018,300,-40.80196581929192
growth,0,6,true,poisson_separate,g22_o1,22,False,loop_open,7.0485317356678365,3.052844659738123,8.030058948232329,10,-2.9514682643321635
growth,0,6,true,poisson_separate,g22_o1,22,False,loop_major_fraction,0.674494064750854,0.5636372865569799,0.9255967175469123,0.75,-0.07550593524914595
growth,0,6,true,poisson_separate,g22_o1,22,False,loop_close,23.344064154566055,19.3634159248409,25.25868157756822,25,-1.6559358454339446
growth,0,6,true,poisson_separate,g22_o1,22,False,b_split,41.91639233516872,37.56524302803704,43.67335631495124,30,11.916392335168723
growth,0,6,true,poisson_separate,g22_o1,22,False,b_fraction,0.6763463622030954,0.6512840765230633,0.6878553110828656,0.75,-0.07365363779690459
growth,0,6,true,poisson_separate,g22_o1,22,False,left,55.051841126900754,51.32352719123943,55.63529993561792,50,5.051841126900754
growth,0,6,true,poisson_separate,g22_o1,22,False,right,125.61358646634949,116.42612353220751,128.5301727385432,100,25.61358646634949
growth,0,6,true,poisson_separate,g22_o1,22,False,root,279.0006731679727,264.08355518058215,291.75528871273934,300,-20.999326832027293
growth,0,6,true,poisson_separate,g15_o2,15,False,b_split,25.150724065606003,24.388120505510013,29.42235241286042,30,-4.849275934393997
growth,0,6,true,poisson_separate,g15_o2,15,False,b_fraction,0.8209786586532327,0.8087932521334786,0.8264913799221251,0.75,0.07097865865323272
growth,0,6,true,poisson_separate,g15_o2,15,False,right,63.345553593895595,59.50452374202235,64.12992792643121,100,-36.654446406104405
growth,0,6,true,poisson_separate,g15_o2,15,False,left,66.29021808720407,62.385158945939885,67.1640843432906,50,16.290218087204067
growth,0,6,true,poisson_separate,g15_o2,15,False,root,337.4787941317127,329.438956028483,345.78097421369307,300,37.478794131712675
growth,0,6,true,poisson_separate,g22_o2,22,False,loop_open,7.9261353325838515,5.183649026211831,10.475375427138921,10,-2.0738646674161485
growth,0,6,true,poisson_separate,g22_o2,22,False,loop_major_fraction,0.661416878385094,0.5081224693721318,0.7818240364180808,0.75,-0.088583121614906
growth,0,6,true,poisson_separate,g22_o2,22,False,loop_close,20.70333764556315,17.653017294432477,26.56155495159706,25,-4.296662354436851
growth,0,6,true,poisson_separate,g22_o2,22,False,b_split,35.834717279533294,31.290167149629575,40.40270217322238,30,5.834717279533294
growth,0,6,true,poisson_separate,g22_o2,22,False,b_fraction,0.8237399164975829,0.8056053056175949,0.8331413064169715,0.75,0.07373991649758294
growth,0,6,true,poisson_separate,g22_o2,22,False,right,61.92591252267488,58.358216054189384,66.66293859485563,100,-38.07408747732512
growth,0,6,true,poisson_separate,g22_o2,22,False,left,64.53769172507032,61.081216592621,69.19710868683718,50,14.537691725070317
growth,0,6,true,poisson_separate,g22_o2,22,False,root,326.7671142975474,310.4246987245457,345.46415659862225,300,26.76711429754738
growth,0,6,true,poisson_separate,g15_o1,15,False,b_split,35.74509143215417,35.06770375472289,36.862870707366866,30,5.745091432154169
growth,0,6,true,poisson_separate,g15_o1,15,False,b_fraction,0.6969247440395747,0.6882743523853168,0.7115575345630207,0.75,-0.05307525596042528
growth,0,6,true,poisson_separate,g15_o1,15,False,left,56.578693019077726,56.30537529389535,56.74691655797671,50,6.5786930190777255
growth,0,6,true,poisson_separate,g15_o1,15,False,right,123.16083480156549,122.87869822338021,123.35151907376508,100,23.160834801565485
growth,0,6,true,poisson_separate,g15_o1,15,False,root,282.12375796022235,277.4613065226738,284.88638037580137,300,-17.87624203977765
growth,0,6,hapibd,poisson_shared,g22_o1,22,False,loop_open,5.728453342378229,5.587026960979687,7.0126899909293705,10,-4.271546657621771
growth,0,6,hapibd,poisson_shared,g22_o1,22,False,loop_major_fraction,0.5382638375459831,0.533530467902309,0.5850278466988211,0.75,-0.21173616245401694
growth,0,6,hapibd,poisson_shared,g22_o1,22,False,loop_close,15.65709676462469,14.71666327908385,21.479555078712277,25,-9.34290323537531
growth,0,6,hapibd,poisson_shared,g22_o1,22,False,b_split,30.4620552825708,29.7844680050182,35.609539740994634,30,0.46205528257080175
growth,0,6,hapibd,poisson_shared,g22_o1,22,False,b_fraction,0.6979894073183835,0.6927375971483932,0.6982532334700113,0.75,-0.05201059268161645
growth,0,6,hapibd,poisson_shared,g22_o1,22,False,left,51.08107656823144,50.37193743601418,57.30169179341045,50,1.0810765682314383
growth,0,6,hapibd,poisson_shared,g22_o1,22,False,right,146.39691433928505,138.9267752320617,147.12914107235216,100,46.39691433928505
growth,0,6,hapibd,poisson_shared,g22_o1,22,False,root,264.0187787177365,257.2519004300686,264.5617354956437,300,-35.981221282263505
growth,0,6,hapibd,poisson_shared,g15_o2,15,False,b_split,32.07688771772934,28.01061584215397,35.843193847132405,30,2.076887717729342
growth,0,6,hapibd,poisson_shared,g15_o2,15,False,b_fraction,0.7558620283124529,0.7436183962923926,0.7732225313027435,0.75,0.0058620283124528605
growth,0,6,hapibd,poisson_shared,g15_o2,15,False,right,69.47344725617842,66.47222828724459,72.70728587436001,100,-30.526552743821583
growth,0,6,hapibd,poisson_shared,g15_o2,15,False,left,72.38601608523638,69.17557405885513,75.52377306322421,50,22.386016085236378
growth,0,6,hapibd,poisson_shared,g15_o2,15,False,root,320.63876295338747,302.19251582053505,340.21361868842627,300,20.63876295338747
growth,0,6,hapibd,poisson_shared,g22_o2,22,False,loop_open,11.985479174440266,6.927928698924182,15.79317934005092,10,1.9854791744402664
growth,0,6,hapibd,poisson_shared,g22_o2,22,False,loop_major_fraction,0.5905026539476201,0.5140861327121649,0.7059198931113508,0.75,-0.15949734605237986
growth,0,6,hapibd,poisson_shared,g22_o2,22,False,loop_close,26.71839408046707,18.716929852005816,30.91171503723029,25,1.7183940804670712
growth,0,6,hapibd,poisson_shared,g22_o2,22,False,b_split,43.56344626272901,37.09538469763393,46.54738264131242,30,13.563446262729009
growth,0,6,hapibd,poisson_shared,g22_o2,22,False,b_fraction,0.7539801027805539,0.7462820303421585,0.7619330994147566,0.75,0.00398010278055394
growth,0,6,hapibd,poisson_shared,g22_o2,22,False,right,69.01510716568077,66.7956044906513,70.52348657591949,100,-30.984892834319226
growth,0,6,hapibd,poisson_shared,g22_o2,22,False,left,72.15750862201455,69.31541413820129,73.16030687589252,50,22.157508622014547
growth,0,6,hapibd,poisson_shared,g22_o2,22,False,root,326.7798362585449,316.2928469689574,331.80885859244046,300,26.77983625854489
growth,0,6,hapibd,poisson_shared,g15_o1,15,False,b_split,42.7805063894191,31.181322027373547,52.39987796003874,30,12.780506389419102
growth,0,6,hapibd,poisson_shared,g15_o1,15,False,b_fraction,0.7062860685588601,0.689535273303524,0.7273794921394158,0.75,-0.043713931441139886
growth,0,6,hapibd,poisson_shared,g15_o1,15,False,left,58.61070938086498,54.2613926524936,61.815113180065254,50,8.610709380864982
growth,0,6,hapibd,poisson_shared,g15_o1,15,False,right,137.58736316560456,126.85543306688939,149.48678770782305,100,37.58736316560456
growth,0,6,hapibd,poisson_shared,g15_o1,15,False,root,273.62398578221195,255.5178407478815,291.90913437618497,300,-26.376014217788054
growth,0,6,hapibd,poisson_separate,g22_o1,22,False,loop_open,7.3469768409105,4.931161395400642,10.417687447661693,10,-2.6530231590895
growth,0,6,hapibd,poisson_separate,g22_o1,22,False,loop_major_fraction,0.6514661333047924,0.519038704312398,0.7743391435159539,0.75,-0.09853386669520758
growth,0,6,hapibd,poisson_separate,g22_o1,22,False,loop_close,21.320986273072702,18.505627622284415,26.187924315290218,25,-3.6790137269272982
growth,0,6,hapibd,poisson_separate,g22_o1,22,False,b_split,40.86598154436801,37.33077772301632,45.38299881228658,30,10.865981544368012
growth,0,6,hapibd,poisson_separate,g22_o1,22,False,b_fraction,0.6887508666910435,0.6400158572914741,0.7693486781018465,0.75,-0.06124913330895654
growth,0,6,hapibd,poisson_separate,g22_o1,22,False,left,55.90515009165407,53.00198576980881,59.53113588930208,50,5.905150091654072
growth,0,6,hapibd,poisson_separate,g22_o1,22,False,right,125.2585744725693,109.96376372476745,134.13673568223402,100,25.258574472569293
growth,0,6,hapibd,poisson_separate,g22_o1,22,False,root,284.83544771125514,265.4919423553904,310.3165511012679,300,-15.164552288744858
growth,0,6,hapibd,poisson_separate,g15_o2,15,False,b_split,29.62905099106964,27.473202156678457,30.761745779600236,30,-0.37094900893036
growth,0,6,hapibd,poisson_separate,g15_o2,15,False,b_fraction,0.7875621313839829,0.7846957316251805,0.7933902143015639,0.75,0.0375621313839829
growth,0,6,hapibd,poisson_separate,g15_o2,15,False,right,68.48111100533363,66.79898539108865,73.88042901322258,100,-31.51888899466637
growth,0,6,hapibd,poisson_separate,g15_o2,15,False,left,70.77718428481289,68.84343188753763,76.44997071896896,50,20.77718428481289
growth,0,6,hapibd,poisson_separate,g15_o2,15,False,root,334.9975281320349,328.3341663830356,351.7856113383148,300,34.997528132034915
growth,0,6,hapibd,poisson_separate,g22_o2,22,False,loop_open,6.660526818078345,5.658761725827768,7.81095920710449,10,-3.3394731819216554
growth,0,6,hapibd,poisson_separate,g22_o2,22,False,loop_major_fraction,0.6018543205940535,0.5048072717122615,0.7675274410310905,0.75,-0.14814567940594647
growth,0,6,hapibd,poisson_separate,g22_o2,22,False,loop_close,16.65116309521095,15.430188511750114,18.555328806203775,25,-8.34883690478905
growth,0,6,hapibd,poisson_separate,g22_o2,22,False,b_split,36.4510037997516,33.238663298596656,39.79018413861676,30,6.4510037997515965
growth,0,6,hapibd,poisson_separate,g22_o2,22,False,b_fraction,0.8081820775363904,0.7917510601770948,0.8190298492574704,0.75,0.058182077536390375
growth,0,6,hapibd,poisson_separate,g22_o2,22,False,right,64.52456153513198,62.01335083070431,66.41298249439612,100,-35.47543846486802
growth,0,6,hapibd,poisson_separate,g22_o2,22,False,left,67.74656292769558,64.61202185158707,69.0117490155328,50,17.746562927695578
growth,0,6,hapibd,poisson_separate,g22_o2,22,False,root,330.09479210758207,318.96466641536244,339.3837160774429,300,30.094792107582066
growth,0,6,hapibd,poisson_separate,g15_o1,15,False,b_split,38.37810128996694,34.68722104585703,40.69025728238613,30,8.378101289966942
growth,0,6,hapibd,poisson_separate,g15_o1,15,False,b_fraction,0.6901543849841332,0.6736481461252263,0.7016886794828899,0.75,-0.059845615015866827
growth,0,6,hapibd,poisson_separate,g15_o1,15,False,left,58.10611061432197,54.768239332819846,60.18572069217648,50,8.10611061432197
growth,0,6,hapibd,poisson_separate,g15_o1,15,False,right,125.66709110293351,117.94476284544719,132.59722804178864,100,25.66709110293351
growth,0,6,hapibd,poisson_separate,g15_o1,15,False,root,287.36994347616303,273.21497770609994,300.42669220377667,300,-12.63005652383697
growth,0,7,true,poisson_shared,g22_o1,22,False,loop_open,6.3338428550391415,4.67733490085979,6.661201184476184,10,-3.6661571449608585
growth,0,7,true,poisson_shared,g22_o1,22,False,loop_major_fraction,0.6160030498689428,0.5206191960352788,0.6734574581498141,0.75,-0.13399695013105717
growth,0,7,true,poisson_shared,g22_o1,22,False,loop_close,19.458319376265024,16.92412689972447,20.413432595000767,25,-5.541680623734976
growth,0,7,true,poisson_shared,g22_o1,22,False,b_split,36.51839007614678,34.46983366326831,37.514413196151686,30,6.51839007614678
growth,0,7,true,poisson_shared,g22_o1,22,False,b_fraction,0.7171228285833825,0.7153833183080525,0.7279496238259733,0.75,-0.0328771714166175
growth,0,7,true,poisson_shared,g22_o1,22,False,left,53.915697542708095,52.965282859534135,55.025696136514924,50,3.915697542708095
growth,0,7,true,poisson_shared,g22_o1,22,False,right,119.57595003053054,116.47938896900314,122.78119177319992,100,19.575950030530535
growth,0,7,true,poisson_shared,g22_o1,22,False,root,278.81072693253094,267.8463253560628,286.259613353013,300,-21.18927306746906
growth,0,7,true,poisson_shared,g15_o2,15,False,b_split,34.70914883966878,33.5950869064792,38.04209315002753,30,4.709148839668778
growth,0,7,true,poisson_shared,g15_o2,15,False,b_fraction,0.7673426185130668,0.7553795176941903,0.7681579741374391,0.75,0.017342618513066843
growth,0,7,true,poisson_shared,g15_o2,15,False,right,62.316934432488054,62.062700824832106,65.8592447803184,100,-37.683065567511946
growth,0,7,true,poisson_shared,g15_o2,15,False,left,65.64617934972149,65.4582263482625,68.55584251972293,50,15.646179349721493
growth,0,7,true,poisson_shared,g15_o2,15,False,root,328.02913196082875,311.7979993586938,329.34256648465384,300,28.02913196082875
growth,0,7,true,poisson_shared,g22_o2,22,False,loop_open,7.305605537465065,5.719759362303499,7.760234150215636,10,-2.6943944625349348
growth,0,7,true,poisson_shared,g22_o2,22,False,loop_major_fraction,0.8320813456645064,0.5543309558486486,0.8769257806386642,0.75,0.08208134566450642
growth,0,7,true,poisson_shared,g22_o2,22,False,loop_close,17.314791775850313,14.894989692810238,17.579303076411513,25,-7.685208224149687
growth,0,7,true,poisson_shared,g22_o2,22,False,b_split,33.947170012538855,32.725863329772956,36.121877965565176,30,3.947170012538855
growth,0,7,true,poisson_shared,g22_o2,22,False,b_fraction,0.7576048023536179,0.7506074151522318,0.766121368874215,0.75,0.007604802353617934
growth,0,7,true,poisson_shared,g22_o2,22,False,right,66.19081240557364,64.12166250988784,67.25791555843607,100,-33.80918759442636
growth,0,7,true,poisson_shared,g22_o2,22,False,left,68.6997556479329,66.29528979664816,69.04408827801623,50,18.699755647932903
growth,0,7,true,poisson_shared,g22_o2,22,False,root,304.2099934276699,301.95410805165227,314.0805700108882,300,4.209993427669872
growth,0,7,true,poisson_shared,g15_o1,15,False,b_split,47.2339632070471,44.12816925023955,47.54772498563961,30,17.233963207047097
growth,0,7,true,poisson_shared,g15_o1,15,False,b_fraction,0.7500115971366664,0.7317658715190015,0.7508928533985714,0.75,1.1597136666430252e-05
growth,0,7,true,poisson_shared,g15_o1,15,False,left,56.071477902658465,54.77081665626745,56.1569633617957,50,6.071477902658465
growth,0,7,true,poisson_shared,g15_o1,15,False,right,113.30754713997351,113.24626488000376,114.82253073830242,100,13.307547139973508
growth,0,7,true,poisson_shared,g15_o1,15,False,root,286.0891307761518,286.29745329180156,286.298035440173,300,-13.91086922384818
growth,0,7,true,poisson_separate,g22_o1,22,False,loop_open,7.1714657949066485,5.168690995981708,12.214415278510893,10,-2.8285342050933515
growth,0,7,true,poisson_separate,g22_o1,22,False,loop_major_fraction,0.6303377949990876,0.521583064707403,0.8405306303090323,0.75,-0.1196622050009124
growth,0,7,true,poisson_separate,g22_o1,22,False,loop_close,19.26615190858669,16.270775705789653,25.565104877812537,25,-5.733848091413311
growth,0,7,true,poisson_separate,g22_o1,22,False,b_split,37.55968156770435,32.74645599154684,43.702746510264646,30,7.559681567704352
growth,0,7,true,poisson_separate,g22_o1,22,False,b_fraction,0.733318943524187,0.7042556040505313,0.7790036059379369,0.75,-0.016681056475812972
growth,0,7,true,poisson_separate,g22_o1,22,False,left,54.32917397053368,50.30092685608492,57.297013051936695,50,4.329173970533681
growth,0,7,true,poisson_separate,g22_o1,22,False,right,114.02608074250843,101.90966716405974,121.13637847929678,100,14.026080742508427
growth,0,7,true,poisson_separate,g22_o1,22,False,root,308.14158013796,281.67986587795275,345.9272498995026,300,8.141580137959977
growth,0,7,true,poisson_separate,g15_o2,15,False,b_split,27.04095452786968,25.352118046685746,32.05666171812581,30,-2.9590454721303203
growth,0,7,true,poisson_separate,g15_o2,15,False,b_fraction,0.8319995056852386,0.8077758441143846,0.8478985518279065,0.75,0.08199950568523862
growth,0,7,true,poisson_separate,g15_o2,15,False,right,59.47418256702262,58.27358518103752,64.4432239044468,100,-40.52581743297738
growth,0,7,true,poisson_separate,g15_o2,15,False,left,62.41853828673363,60.84370608025654,66.7685924785379,50,12.418538286733629
growth,0,7,true,poisson_separate,g15_o2,15,False,root,365.2931716114372,355.9735806936318,394.8848372522394,300,65.29317161143717
growth,0,7,true,poisson_separate,g22_o2,22,False,loop_open,4.696337279882302,4.684535207927086,4.685174718924587,10,-5.303662720117698
growth,0,7,true,poisson_separate,g22_o2,22,False,loop_major_fraction,0.6064689533663862,0.6067867025985101,0.606881709929709,0.75,-0.14353104663361382
growth,0,7,true,poisson_separate,g22_o2,22,False,loop_close,13.969754751798952,13.957258135092944,13.957780845153483,25,-11.030245248201048
growth,0,7,true,poisson_separate,g22_o2,22,False,b_split,31.376393758361765,31.357385902428938,31.35837098282745,30,1.3763937583617647
growth,0,7,true,poisson_separate,g22_o2,22,False,b_fraction,0.8308465652217188,0.831079764569097,0.8310813324160728,0.75,0.08084656522171885
growth,0,7,true,poisson_separate,g22_o2,22,False,right,61.563885043565826,61.593032860708504,61.593370172054705,100,-38.436114956434174
growth,0,7,true,poisson_separate,g22_o2,22,False,left,64.17633127105532,64.19759922317233,64.19795501890792,50,14.176331271055318
growth,0,7,true,poisson_separate,g22_o2,22,False,root,396.327363364483,396.6378924317968,396.6925141574011,300,96.327363364483
growth,0,7,true,poisson_separate,g15_o1,15,False,b_split,37.1667845749254,29.08046551906285,42.0698203022415,30,7.166784574925401
growth,0,7,true,poisson_separate,g15_o1,15,False,b_fraction,0.7688233689999675,0.7412973342606111,0.781848940919106,0.75,0.018823368999967505
growth,0,7,true,poisson_separate,g15_o1,15,False,left,54.905846964351404,51.370378916876845,56.684796340134696,50,4.905846964351404
growth,0,7,true,poisson_separate,g15_o1,15,False,right,112.04100293217141,106.9503005497138,125.26371594754787,100,12.04100293217141
growth,0,7,true,poisson_separate,g15_o1,15,False,root,323.00917592635767,292.44471840524864,349.4715925303718,300,23.00917592635767
growth,0,7,hapibd,poisson_shared,g22_o1,22,False,loop_open,5.918505812798742,3.427346970387119,9.176878862097235,10,-4.081494187201258
growth,0,7,hapibd,poisson_shared,g22_o1,22,False,loop_major_fraction,0.576423770412297,0.5064021862409203,0.6797880491982388,0.75,-0.17357622958770302
growth,0,7,hapibd,poisson_shared,g22_o1,22,False,loop_close,17.407248863720437,15.330963765394813,21.250146176126606,25,-7.592751136279563
growth,0,7,hapibd,poisson_shared,g22_o1,22,False,b_split,33.580957620230514,30.67843425697072,37.41814487051823,30,3.580957620230514
growth,0,7,hapibd,poisson_shared,g22_o1,22,False,b_fraction,0.7233840960468222,0.7097522360833618,0.7482885012105308,0.75,-0.02661590395317781
growth,0,7,hapibd,poisson_shared,g22_o1,22,False,left,53.10284552080838,48.876691138729626,56.87198229031057,50,3.10284552080838
growth,0,7,hapibd,poisson_shared,g22_o1,22,False,right,128.05502425746567,124.0602762492801,136.00940375762315,100,28.055024257465675
growth,0,7,hapibd,poisson_shared,g22_o1,22,False,root,279.2105592285726,267.64981464389535,286.6780669709121,300,-20.789440771427394
growth,0,7,hapibd,poisson_shared,g15_o2,15,False,b_split,27.04963961837475,26.97409773481895,27.823989435589322,30,-2.9503603816252486
growth,0,7,hapibd,poisson_shared,g15_o2,15,False,b_fraction,0.7738389121683851,0.7642393111675572,0.7743673031951721,0.75,0.023838912168385074
growth,0,7,hapibd,poisson_shared,g15_o2,15,False,right,68.52636043487303,64.7855293413925,68.71093558776374,100,-31.473639565126973
growth,0,7,hapibd,poisson_shared,g15_o2,15,False,left,73.18732341998597,67.60973722656077,73.48574092809099,50,23.187323419985972
growth,0,7,hapibd,poisson_shared,g15_o2,15,False,root,329.4145980598317,329.00903753733826,335.33428584988087,300,29.41459805983169
growth,0,7,hapibd,poisson_shared,g22_o2,22,False,loop_open,10.080457531173423,5.136958053783266,29.098025158962663,10,0.08045753117342258
growth,0,7,hapibd,poisson_shared,g22_o2,22,False,loop_major_fraction,0.6582280512238348,0.5250455793358253,0.7937950002068069,0.75,-0.09177194877616524
growth,0,7,hapibd,poisson_shared,g22_o2,22,False,loop_close,19.198247242078068,13.616658394071266,40.016317435596,25,-5.801752757921932
growth,0,7,hapibd,poisson_shared,g22_o2,22,False,b_split,37.16132268217867,32.306243316993864,49.971704658730864,30,7.161322682178671
growth,0,7,hapibd,poisson_shared,g22_o2,22,False,b_fraction,0.7620278617694227,0.7548263504979877,0.7762728796998513,0.75,0.01202786176942272
growth,0,7,hapibd,poisson_shared,g22_o2,22,False,right,65.32317868318347,62.392635027319,67.95557843429496,100,-34.67682131681653
growth,0,7,hapibd,poisson_shared,g22_o2,22,False,left,67.87385089088905,64.94550080206405,70.26280362566737,50,17.873850890889045
growth,0,7,hapibd,poisson_shared,g22_o2,22,False,root,340.8923143517837,330.00114453712314,350.5815178007468,300,40.89231435178368
growth,0,7,hapibd,poisson_shared,g15_o1,15,False,b_split,36.012178679800556,34.026344997279416,47.799453900372335,30,6.012178679800556
growth,0,7,hapibd,poisson_shared,g15_o1,15,False,b_fraction,0.7366610323196906,0.7163441798333722,0.7420314291897205,0.75,-0.0133389676803094
growth,0,7,hapibd,poisson_shared,g15_o1,15,False,left,55.676728088688996,52.64495298437457,56.15783265681474,50,5.676728088688996
growth,0,7,hapibd,poisson_shared,g15_o1,15,False,right,129.6362349555384,118.0122294438719,131.77698662160975,100,29.636234955538413
growth,0,7,hapibd,poisson_shared,g15_o1,15,False,root,278.02900835902653,272.7258794593305,304.33072005858565,300,-21.970991640973466
growth,0,7,hapibd,poisson_separate,g22_o1,22,False,loop_open,4.45537073317717,4.2777525106820535,8.008604205238793,10,-5.54462926682283
growth,0,7,hapibd,poisson_separate,g22_o1,22,False,loop_major_fraction,0.7540540126507882,0.6465779121026323,0.7670729388307609,0.75,0.004054012650788197
growth,0,7,hapibd,poisson_separate,g22_o1,22,False,loop_close,16.83441842630224,16.775903766551092,18.183862184020917,25,-8.16558157369776
growth,0,7,hapibd,poisson_separate,g22_o1,22,False,b_split,37.27371674143981,35.992190368511885,37.380510626320024,30,7.273716741439813
growth,0,7,hapibd,poisson_separate,g22_o1,22,False,b_fraction,0.7143998328096937,0.6946709438145204,0.7157772331554815,0.75,-0.03560016719030634
growth,0,7,hapibd,poisson_separate,g22_o1,22,False,left,54.43496508570813,51.57742168797653,54.5797645000985,50,4.434965085708129
growth,0,7,hapibd,poisson_separate,g22_o1,22,False,right,122.63453475156109,122.29567841950622,129.12474538098311,100,22.63453475156109
growth,0,7,hapibd,poisson_separate,g22_o1,22,False,root,284.1993318002317,281.6878263159589,297.4639534540841,300,-15.800668199768324
growth,0,7,hapibd,poisson_separate,g15_o2,15,False,b_split,31.909724279388758,31.923983307864184,31.924208940393292,30,1.909724279388758
growth,0,7,hapibd,poisson_separate,g15_o2,15,False,b_fraction,0.8143951439767527,0.8143989877615182,0.8144052808275103,0.75,0.06439514397675272
growth,0,7,hapibd,poisson_separate,g15_o2,15,False,right,60.54732892049864,60.54119623973279,60.543232101184415,100,-39.45267107950136
growth,0,7,hapibd,poisson_separate,g15_o2,15,False,left,63.95112448722726,63.949722947068715,63.94993218879732,50,13.951124487227261
growth,0,7,hapibd,poisson_separate,g15_o2,15,False,root,361.6984592410627,361.6122177135775,361.629355837505,300,61.69845924106272
growth,0,7,hapibd,poisson_separate,g22_o2,22,False,loop_open,3.8031835649416994,3.376506017854895,6.708775195919459,10,-6.196816435058301
growth,0,7,hapibd,poisson_separate,g22_o2,22,False,loop_major_fraction,0.6592487518748708,0.6423667503714499,0.7670207029373525,0.75,-0.09075124812512925
growth,0,7,hapibd,poisson_separate,g22_o2,22,False,loop_close,10.299948052107808,9.299090878523758,15.696298317603006,25,-14.700051947892192
growth,0,7,hapibd,poisson_separate,g22_o2,22,False,b_split,27.808729736890257,26.17416207384452,35.01383711555454,30,-2.191270263109743
growth,0,7,hapibd,poisson_separate,g22_o2,22,False,b_fraction,0.8139055435382058,0.8115762819069975,0.821781208885872,0.75,0.06390554353820577
growth,0,7,hapibd,poisson_separate,g22_o2,22,False,right,64.05085538391873,57.9654420918069,65.0472451351783,100,-35.94914461608127
growth,0,7,hapibd,poisson_separate,g22_o2,22,False,left,66.30686860079805,60.450875365019314,67.29130055011342,50,16.306868600798055
growth,0,7,hapibd,poisson_separate,g22_o2,22,False,root,365.5741948530763,354.76468217539497,367.48934292567765,300,65.57419485307628
growth,0,7,hapibd,poisson_separate,g15_o1,15,False,b_split,34.32938420167679,30.9590932862296,38.76395184080306,30,4.329384201676788
growth,0,7,hapibd,poisson_separate,g15_o1,15,False,b_fraction,0.7252891628773452,0.6983675423481026,0.7398285195778441,0.75,-0.02471083712265476
growth,0,7,hapibd,poisson_separate,g15_o1,15,False,left,52.926179615714844,51.35059465813171,56.237162165582475,50,2.926179615714844
growth,0,7,hapibd,poisson_separate,g15_o1,15,False,right,119.6261019465913,110.66470171375636,130.677048708662,100,19.626101946591305
growth,0,7,hapibd,poisson_separate,g15_o1,15,False,root,306.3475821380019,289.2306803591238,324.30726890195126,300,6.347582138001883
growth,0,8,true,poisson_shared,g22_o1,22,False,loop_open,8.122481803932141,6.105237013265595,10.935967862535787,10,-1.877518196067859
growth,0,8,true,poisson_shared,g22_o1,22,False,loop_major_fraction,0.5301492148334552,0.501205864000589,0.5705761905448528,0.75,-0.21985078516654477
growth,0,8,true,poisson_shared,g22_o1,22,False,loop_close,23.442871335778445,19.952499178784848,26.968870682893133,25,-1.5571286642215547
growth,0,8,true,poisson_shared,g22_o1,22,False,b_split,36.50799912824759,32.46182653426502,41.021279549292615,30,6.50799912824759
growth,0,8,true,poisson_shared,g22_o1,22,False,b_fraction,0.7310514898142279,0.7154453179335835,0.7399862734027584,0.75,-0.01894851018577215
growth,0,8,true,poisson_shared,g22_o1,22,False,left,58.084565950096255,53.91304129004643,62.33441286290736,50,8.084565950096255
growth,0,8,true,poisson_shared,g22_o1,22,False,right,130.86501838294484,123.25008096575687,136.80773190461247,100,30.86501838294484
growth,0,8,true,poisson_shared,g22_o1,22,False,root,242.78831645491874,236.0651795782043,252.27881200648483,300,-57.21168354508126
growth,0,8,true,poisson_shared,g15_o2,15,False,b_split,43.243578386619255,43.243561880963085,43.24517977037403,30,13.243578386619255
growth,0,8,true,poisson_shared,g15_o2,15,False,b_fraction,0.7679982513251792,0.7674290094177502,0.7821001743784647,0.75,0.017998251325179182
growth,0,8,true,poisson_shared,g15_o2,15,False,right,67.2527617353642,67.2102912841128,68.29267890990918,100,-32.7472382646358
growth,0,8,true,poisson_shared,g15_o2,15,False,left,68.93763421881968,68.85391921369562,70.73787868359058,50,18.93763421881968
growth,0,8,true,poisson_shared,g15_o2,15,False,root,311.543352743064,289.94539326822377,312.4903062781257,300,11.54335274306402
growth,0,8,true,poisson_shared,g22_o2,22,False,loop_open,18.933581049367366,14.57407362889096,23.35019531936241,10,8.933581049367366
growth,0,8,true,poisson_shared,g22_o2,22,False,loop_major_fraction,0.737148060028641,0.5040571340320068,0.8756683273874423,0.75,-0.012851939971359028
growth,0,8,true,poisson_shared,g22_o2,22,False,loop_close,37.43973887449798,29.731436508836655,41.74384894932739,25,12.439738874497984
growth,0,8,true,poisson_shared,g22_o2,22,False,b_split,51.76089459209378,44.73146277555124,56.42829237705283,30,21.760894592093777
growth,0,8,true,poisson_shared,g22_o2,22,False,b_fraction,0.7705455596652335,0.7525590255186834,0.7827823460665627,0.75,0.020545559665233526
growth,0,8,true,poisson_shared,g22_o2,22,False,right,66.602587628736,63.7165563316882,68.64475610285056,100,-33.397412371264
growth,0,8,true,poisson_shared,g22_o2,22,False,left,69.53041795759744,66.62284997196497,71.81835926070883,50,19.530417957597436
growth,0,8,true,poisson_shared,g22_o2,22,False,root,296.46567905313395,285.5859089993605,308.93647170424526,300,-3.534320946866046
growth,0,8,true,poisson_shared,g15_o1,15,False,b_split,28.758611973731014,25.218976443603353,28.84819443690366,30,-1.2413880262689858
growth,0,8,true,poisson_shared,g15_o1,15,False,b_fraction,0.7222866448280103,0.7221140148658686,0.7253351668349062,0.75,-0.027713355171989695
growth,0,8,true,poisson_shared,g15_o1,15,False,left,55.04170011302799,54.94886697899444,56.53828547400921,50,5.041700113027993
growth,0,8,true,poisson_shared,g15_o1,15,False,right,131.30098548748546,128.686108255179,131.40760579043925,100,31.300985487485462
growth,0,8,true,poisson_shared,g15_o1,15,False,root,243.591248860516,241.7803313993338,243.67322297990697,300,-56.408751139483996
growth,0,8,true,poisson_separate,g22_o1,22,False,loop_open,8.283270183570172,5.91237544306813,9.031045288223984,10,-1.7167298164298277
growth,0,8,true,poisson_separate,g22_o1,22,False,loop_major_fraction,0.6066052431886968,0.5085518684420879,0.6442355656608064,0.75,-0.1433947568113032
growth,0,8,true,poisson_separate,g22_o1,22,False,loop_close,20.356471646669632,18.44233726761385,23.409337928395733,25,-4.6435283533303675
growth,0,8,true,poisson_separate,g22_o1,22,False,b_split,39.19609390443209,35.85199797113506,41.613915519118834,30,9.19609390443209
growth,0,8,true,poisson_separate,g22_o1,22,False,b_fraction,0.6683461752836305,0.6585087186480434,0.6863362782206629,0.75,-0.0816538247163695
growth,0,8,true,poisson_separate,g22_o1,22,False,left,56.070998206466534,53.50107088488134,58.97718364476032,50,6.070998206466534
growth,0,8,true,poisson_separate,g22_o1,22,False,right,121.74497011135021,112.82412748093027,130.68397537746375,100,21.744970111350213
growth,0,8,true,poisson_separate,g22_o1,22,False,root,263.4115618199191,250.34033555334986,270.1781527925007,300,-36.588438180080914
growth,0,8,true,poisson_separate,g15_o2,15,False,b_split,26.933394572230092,25.872497693061458,28.393397389670294,30,-3.0666054277699075
growth,0,8,true,poisson_separate,g15_o2,15,False,b_fraction,0.8295739796231684,0.8235486252767039,0.8488576142669517,0.75,0.07957397962316837
growth,0,8,true,poisson_separate,g15_o2,15,False,right,63.927998248001124,58.774536577959545,65.31158214620766,100,-36.072001751998876
growth,0,8,true,poisson_separate,g15_o2,15,False,left,66.64161642225226,61.14019913025584,68.15297235949147,50,16.641616422252255
growth,0,8,true,poisson_separate,g15_o2,15,False,root,334.99979952751426,322.39424518401813,342.4301587547264,300,34.999799527514256
growth,0,8,true,poisson_separate,g22_o2,22,False,loop_open,16.085159671078614,5.963342713899657,24.214585732305594,10,6.085159671078614
growth,0,8,true,poisson_separate,g22_o2,22,False,loop_major_fraction,0.6149875371873381,0.502196428129091,0.8689064116901142,0.75,-0.13501246281266188
growth,0,8,true,poisson_separate,g22_o2,22,False,loop_close,31.48546106996339,16.951002137115225,43.95051761592613,25,6.485461069963389
growth,0,8,true,poisson_separate,g22_o2,22,False,b_split,42.92327322308282,33.689485925549384,50.592497053566404,30,12.923273223082823
growth,0,8,true,poisson_separate,g22_o2,22,False,b_fraction,0.8293991731828855,0.8169476456034006,0.833339019206895,0.75,0.07939917318288547
growth,0,8,true,poisson_separate,g22_o2,22,False,right,61.84474292837111,59.71618869669147,64.77028598521635,100,-38.15525707162889
growth,0,8,true,poisson_separate,g22_o2,22,False,left,65.07728962465545,63.020638568524454,68.13492878873575,50,15.07728962465545
growth,0,8,true,poisson_separate,g22_o2,22,False,root,324.83614712098813,317.290804533362,336.1039699314604,300,24.83614712098813
growth,0,8,true,poisson_separate,g15_o1,15,False,b_split,35.85637501526519,34.859126526990934,38.668809107757745,30,5.856375015265193
growth,0,8,true,poisson_separate,g15_o1,15,False,b_fraction,0.6997298587030303,0.6711003177074233,0.7065502741949928,0.75,-0.05027014129696972
growth,0,8,true,poisson_separate,g15_o1,15,False,left,57.911899334966876,57.027155795605175,60.12319675824394,50,7.911899334966876
growth,0,8,true,poisson_separate,g15_o1,15,False,right,123.40045689940756,121.51385484269827,131.5549924465506,100,23.40045689940756
growth,0,8,true,poisson_separate,g15_o1,15,False,root,277.591898177949,272.0918856340561,284.9811408605484,300,-22.40810182205098
growth,0,8,hapibd,poisson_shared,g22_o1,22,False,loop_open,8.74942380420344,6.561563381721835,10.151673933876797,10,-1.25057619579656
growth,0,8,hapibd,poisson_shared,g22_o1,22,False,loop_major_fraction,0.5608257761407585,0.5087778670567893,0.661477616705961,0.75,-0.18917422385924154
growth,0,8,hapibd,poisson_shared,g22_o1,22,False,loop_close,21.807311691280056,18.40661224207386,23.377750929841362,25,-3.1926883087199442
growth,0,8,hapibd,poisson_shared,g22_o1,22,False,b_split,34.79853865970407,31.287446567758685,36.067008041971874,30,4.798538659704072
growth,0,8,hapibd,poisson_shared,g22_o1,22,False,b_fraction,0.7321030052501522,0.715999165170119,0.7374640504232014,0.75,-0.01789699474984785
growth,0,8,hapibd,poisson_shared,g22_o1,22,False,left,57.17848814703461,53.21029870138906,59.08632377460271,50,7.1784881470346065
growth,0,8,hapibd,poisson_shared,g22_o1,22,False,right,147.92681867622863,140.24499449971643,153.22223721740428,100,47.926818676228635
growth,0,8,hapibd,poisson_shared,g22_o1,22,False,root,249.6551853847274,241.41827158085368,254.37539712464954,300,-50.34481461527261
growth,0,8,hapibd,poisson_shared,g15_o2,15,False,b_split,33.61756044296749,33.61088009566397,33.62039643250986,30,3.6175604429674877
growth,0,8,hapibd,poisson_shared,g15_o2,15,False,b_fraction,0.7858262264541318,0.7858359544049807,0.7858360179819959,0.75,0.035826226454131804
growth,0,8,hapibd,poisson_shared,g15_o2,15,False,right,68.60507577399888,68.60439876493885,68.60606283020373,100,-31.394924226001123
growth,0,8,hapibd,poisson_shared,g15_o2,15,False,left,72.87036173290392,72.8718877162654,72.87304724776,50,22.870361732903916
growth,0,8,hapibd,poisson_shared,g15_o2,15,False,root,316.45943342968536,316.45118681164314,316.4586874651017,300,16.45943342968536
growth,0,8,hapibd,poisson_shared,g22_o2,22,False,loop_open,19.21632143740924,16.760682629953873,22.889906197475664,10,9.216321437409238
growth,0,8,hapibd,poisson_shared,g22_o2,22,False,loop_major_fraction,0.5693282698432545,0.5205157780100225,0.699681292516371,0.75,-0.18067173015674554
growth,0,8,hapibd,poisson_shared,g22_o2,22,False,loop_close,33.04157989962562,30.41477794311916,36.74546232499441,25,8.041579899625617
growth,0,8,hapibd,poisson_shared,g22_o2,22,False,b_split,47.02970465781923,44.37012336287582,49.549176622213224,30,17.02970465781923
growth,0,8,hapibd,poisson_shared,g22_o2,22,False,b_fraction,0.7764044121600192,0.7640801217709848,0.7961145689517719,0.75,0.02640441216001921
growth,0,8,hapibd,poisson_shared,g22_o2,22,False,right,68.09468655579478,65.97037748294176,69.57759888581504,100,-31.90531344420522
growth,0,8,hapibd,poisson_shared,g22_o2,22,False,left,70.76761883789652,68.4090005270632,72.1689765769365,50,20.76761883789652
growth,0,8,hapibd,poisson_shared,g22_o2,22,False,root,321.9633817286518,310.68301237456245,338.0356281389368,300,21.963381728651825
growth,0,8,hapibd,poisson_shared,g15_o1,15,False,b_split,28.367411340437016,24.022782985541546,34.36788252145066,30,-1.632588659562984
growth,0,8,hapibd,poisson_shared,g15_o1,15,False,b_fraction,0.7163839465392101,0.7025085623053059,0.7367630325549807,0.75,-0.033616053460789885
growth,0,8,hapibd,poisson_shared,g15_o1,15,False,left,53.65689186184262,48.060294063216276,59.51593848432022,50,3.6568918618426167
growth,0,8,hapibd,poisson_shared,g15_o1,15,False,right,151.36563016496154,140.25907737533302,160.96107851523604,100,51.365630164961544
growth,0,8,hapibd,poisson_shared,g15_o1,15,False,root,252.14781312894098,238.41391981818828,256.3177941054173,300,-47.85218687105902
growth,0,8,hapibd,poisson_separate,g22_o1,22,False,loop_open,6.972257536109381,6.071543022063626,7.773175256205094,10,-3.027742463890619
growth,0,8,hapibd,poisson_separate,g22_o1,22,False,loop_major_fraction,0.5602030381118285,0.5102207266986133,0.7382849673043337,0.75,-0.18979696188817152
growth,0,8,hapibd,poisson_separate,g22_o1,22,False,loop_close,20.25003008727701,18.636304056565013,21.273024918729824,25,-4.749969912722989
growth,0,8,hapibd,poisson_separate,g22_o1,22,False,b_split,38.082870964447736,35.97002635147677,39.728049091425746,30,8.082870964447736
growth,0,8,hapibd,poisson_separate,g22_o1,22,False,b_fraction,0.6395324743329884,0.6235948792938734,0.6586208952240701,0.75,-0.11046752566701157
growth,0,8,hapibd,poisson_separate,g22_o1,22,False,left,54.28076968542765,52.42453915016577,56.0763766353741,50,4.28076968542765
growth,0,8,hapibd,poisson_separate,g22_o1,22,False,right,140.15658372635502,135.12104688642367,145.33609060517895,100,40.156583726355024
growth,0,8,hapibd,poisson_separate,g22_o1,22,False,root,274.95319023395444,267.04567643567606,290.3114950213857,300,-25.046809766045556
growth,0,8,hapibd,poisson_separate,g15_o2,15,False,b_split,29.081646252942942,27.78746405312004,32.84579802985737,30,-0.9183537470570577
growth,0,8,hapibd,poisson_separate,g15_o2,15,False,b_fraction,0.8289650102078358,0.8250346887446136,0.8303817347668863,0.75,0.07896501020783575
growth,0,8,hapibd,poisson_separate,g15_o2,15,False,right,62.31115309815053,59.8861545970538,63.80863610758906,100,-37.68884690184947
growth,0,8,hapibd,poisson_separate,g15_o2,15,False,left,65.08401877703562,62.71896545289489,66.35177747529134,50,15.084018777035624
growth,0,8,hapibd,poisson_separate,g15_o2,15,False,root,339.4117386243997,328.37777471297676,349.0669231164557,300,39.411738624399675
growth,0,8,hapibd,poisson_separate,g22_o2,22,False,loop_open,10.588119679121958,6.296564623460918,24.476887925211148,10,0.5881196791219576
growth,0,8,hapibd,poisson_separate,g22_o2,22,False,loop_major_fraction,0.5882231853897808,0.5010860984022132,0.8434254083426177,0.75,-0.1617768146102192
growth,0,8,hapibd,poisson_separate,g22_o2,22,False,loop_close,20.744949706829466,15.077458758181894,38.188295911346565,25,-4.255050293170534
growth,0,8,hapibd,poisson_separate,g22_o2,22,False,b_split,35.350290003011246,31.19175671845504,45.125912588534575,30,5.350290003011246
growth,0,8,hapibd,poisson_separate,g22_o2,22,False,b_fraction,0.8299574836524639,0.8153251908844793,0.8551986535724141,0.75,0.07995748365246391
growth,0,8,hapibd,poisson_separate,g22_o2,22,False,right,62.23888699826226,59.65608956913137,66.02820064739679,100,-37.76111300173774
growth,0,8,hapibd,poisson_separate,g22_o2,22,False,left,65.01952305790725,62.22851079753267,68.30178647355322,50,15.01952305790725
growth,0,8,hapibd,poisson_separate,g22_o2,22,False,root,329.39922124720664,318.12516316068326,365.1921246687319,300,29.39922124720664
growth,0,8,hapibd,poisson_separate,g15_o1,15,False,b_split,37.840854681849784,34.58146676800263,39.52406436057168,30,7.840854681849784
growth,0,8,hapibd,poisson_separate,g15_o1,15,False,b_fraction,0.6573314273390604,0.6407950291789559,0.7389798375607131,0.75,-0.09266857266093964
growth,0,8,hapibd,poisson_separate,g15_o1,15,False,left,55.040584521057546,51.50933190736732,58.03165298769427,50,5.040584521057546
growth,0,8,hapibd,poisson_separate,g15_o1,15,False,right,135.68094318808156,130.58851441404505,144.0678472273818,100,35.68094318808156
growth,0,8,hapibd,poisson_separate,g15_o1,15,False,root,280.34388751698935,269.8814931556087,300.03413478481315,300,-19.656112483010645
growth,0,9,true,poisson_shared,g22_o1,22,False,loop_open,6.73739714501018,4.977109156821794,8.578028442957608,10,-3.2626028549898196
growth,0,9,true,poisson_shared,g22_o1,22,False,loop_major_fraction,0.580740507425459,0.5044348724967674,0.651590422435403,0.75,-0.16925949257454098
growth,0,9,true,poisson_shared,g22_o1,22,False,loop_close,19.32923891730507,15.982978561168364,22.8874476564744,25,-5.670761082694931
growth,0,9,true,poisson_shared,g22_o1,22,False,b_split,32.67974244873808,29.562473556417004,36.32951790606259,30,2.6797424487380823
growth,0,9,true,poisson_shared,g22_o1,22,False,b_fraction,0.7000950251930446,0.6869181970103999,0.7145021303228338,0.75,-0.04990497480695544
growth,0,9,true,poisson_shared,g22_o1,22,False,left,53.76835520761988,51.00512538228019,58.230022744967066,50,3.7683552076198765
growth,0,9,true,poisson_shared,g22_o1,22,False,right,146.84928120711749,141.3829498531691,154.3657069032095,100,46.849281207117485
growth,0,9,true,poisson_shared,g22_o1,22,False,root,252.55578796852166,241.24854729807552,268.37185947640575,300,-47.444212031478344
growth,0,9,true,poisson_shared,g15_o2,15,False,b_split,30.096251443284995,28.428853732154007,31.61476343759881,30,0.09625144328499502
growth,0,9,true,poisson_shared,g15_o2,15,False,b_fraction,0.7601600611605952,0.7571706332998801,0.7759749263099498,0.75,0.010160061160595202
growth,0,9,true,poisson_shared,g15_o2,15,False,right,69.65964136849419,67.87737725884809,71.6133466647757,100,-30.340358631505808
growth,0,9,true,poisson_shared,g15_o2,15,False,left,71.94609666718648,70.51730504881112,74.12423999769501,50,21.94609666718648
growth,0,9,true,poisson_shared,g15_o2,15,False,root,298.42019536051885,295.6935666752468,307.9351785991681,300,-1.5798046394811536
growth,0,9,true,poisson_shared,g22_o2,22,False,loop_open,24.39378524467548,20.904249169631935,27.804164110686372,10,14.393785244675481
growth,0,9,true,poisson_shared,g22_o2,22,False,loop_major_fraction,0.6510185496066614,0.5149309189148863,0.8947488129550513,0.75,-0.09898145039333861
growth,0,9,true,poisson_shared,g22_o2,22,False,loop_close,39.733614882918005,35.77899654972378,43.80295135765148,25,14.733614882918005
growth,0,9,true,poisson_shared,g22_o2,22,False,b_split,51.048747604450206,50.05672523214592,54.54195839248958,30,21.048747604450206
growth,0,9,true,poisson_shared,g22_o2,22,False,b_fraction,0.7700826308779147,0.7595619047143825,0.7797810625444954,0.75,0.02008263087791473
growth,0,9,true,poisson_shared,g22_o2,22,False,right,69.20847184733398,68.70804010128595,70.31846749911233,100,-30.791528152666018
growth,0,9,true,poisson_shared,g22_o2,22,False,left,71.69872844044338,71.1907667159804,73.2905269375973,50,21.698728440443375
growth,0,9,true,poisson_shared,g22_o2,22,False,root,304.43038988682895,296.7200598820352,309.00681356739256,300,4.430389886828948
growth,0,9,true,poisson_shared,g15_o1,15,False,b_split,36.722233404926754,31.277018469748494,39.03083247043999,30,6.7222334049267545
growth,0,9,true,poisson_shared,g15_o1,15,False,b_fraction,0.7075224072021443,0.6713636352819294,0.7433608971700915,0.75,-0.04247759279785568
growth,0,9,true,poisson_shared,g15_o1,15,False,left,53.74938323593394,49.84206662720243,56.337921624836326,50,3.7493832359339407
growth,0,9,true,poisson_shared,g15_o1,15,False,right,144.48272070714503,127.16633755402123,160.4651140787149,100,44.482720707145035
growth,0,9,true,poisson_shared,g15_o1,15,False,root,260.77369140302983,248.8618921410738,272.9506557494187,300,-39.22630859697017
growth,0,9,true,poisson_separate,g22_o1,22,False,loop_open,6.447567787315573,5.479353504175067,6.98526086278197,10,-3.552432212684427
growth,0,9,true,poisson_separate,g22_o1,22,False,loop_major_fraction,0.672639395663163,0.5513072645086856,0.7851390600967498,0.75,-0.077360604336837
growth,0,9,true,poisson_separate,g22_o1,22,False,loop_close,18.978598422793997,18.31588586846617,21.31126272426546,25,-6.021401577206003
growth,0,9,true,poisson_separate,g22_o1,22,False,b_split,40.010724235630946,36.49093361287486,41.21453847650864,30,10.010724235630946
growth,0,9,true,poisson_separate,g22_o1,22,False,b_fraction,0.6295929125560006,0.6197769040027529,0.6468556630135149,0.75,-0.12040708744399942
growth,0,9,true,poisson_separate,g22_o1,22,False,left,56.91660574940629,53.3884019332982,58.65161221310746,50,6.916605749406287
growth,0,9,true,poisson_separate,g22_o1,22,False,right,140.99346535373505,136.89186934638454,146.00865346580045,100,40.99346535373505
growth,0,9,true,poisson_separate,g22_o1,22,False,root,273.95901759806543,263.38395646405615,278.04345488974326,300,-26.04098240193457
growth,0,9,true,poisson_separate,g15_o2,15,False,b_split,28.886991942173683,26.826900937943144,34.81343004462749,30,-1.1130080578263168
growth,0,9,true,poisson_separate,g15_o2,15,False,b_fraction,0.8209227344281591,0.8170040917572005,0.8308442865424865,0.75,0.0709227344281591
growth,0,9,true,poisson_separate,g15_o2,15,False,right,66.9500550061479,62.28766229088419,67.64139976083456,100,-33.049944993852094
growth,0,9,true,poisson_separate,g15_o2,15,False,left,69.1193472051207,64.54213531943923,69.72670219745358,50,19.119347205120704
growth,0,9,true,poisson_separate,g15_o2,15,False,root,334.63421696167177,313.2275760376259,344.8783333994716,300,34.63421696167177
growth,0,9,true,poisson_separate,g22_o2,22,False,loop_open,4.4359446682954236,4.066940776027006,8.591497979488764,10,-5.5640553317045764
growth,0,9,true,poisson_separate,g22_o2,22,False,loop_major_fraction,0.6355775323877472,0.608861723897487,0.6760511961711494,0.75,-0.11442246761225283
growth,0,9,true,poisson_separate,g22_o2,22,False,loop_close,11.869398859144688,11.3325337506,17.30375118422263,25,-13.130601140855312
growth,0,9,true,poisson_separate,g22_o2,22,False,b_split,28.637276888451307,27.467611855635536,36.93922675097577,30,-1.3627231115486929
growth,0,9,true,poisson_separate,g22_o2,22,False,b_fraction,0.8227635130061581,0.8210969266963133,0.839443517213869,0.75,0.07276351300615813
growth,0,9,true,poisson_separate,g22_o2,22,False,right,65.56607422144087,62.46322947443569,65.84774804200121,100,-34.43392577855913
growth,0,9,true,poisson_separate,g22_o2,22,False,left,67.92557620455882,64.76961558928139,68.18212055522068,50,17.925576204558823
growth,0,9,true,poisson_separate,g22_o2,22,False,root,329.7329907688743,320.59691131419305,331.80972044156744,300,29.732990768874288
growth,0,9,true,poisson_separate,g15_o1,15,False,b_split,40.366562775028235,35.08966180731197,43.040718779708435,30,10.366562775028235
growth,0,9,true,poisson_separate,g15_o1,15,False,b_fraction,0.7863226547118416,0.6454861307890993,0.8065037763161835,0.75,0.036322654711841595
growth,0,9,true,poisson_separate,g15_o1,15,False,left,55.259819725095326,54.06875177780768,58.88081304331555,50,5.259819725095326
growth,0,9,true,poisson_separate,g15_o1,15,False,right,118.28762609316587,112.40679032252784,142.5167882096331,100,18.28762609316587
growth,0,9,true,poisson_separate,g15_o1,15,False,root,302.94132369305794,277.59165540955007,319.88411886322757,300,2.9413236930579387
growth,0,9,hapibd,poisson_shared,g22_o1,22,False,loop_open,5.801198317139302,4.95511917494231,8.826276033950673,10,-4.198801682860698
growth,0,9,hapibd,poisson_shared,g22_o1,22,False,loop_major_fraction,0.5486285802682891,0.526971212232575,0.6621169492916128,0.75,-0.2013714197317109
growth,0,9,hapibd,poisson_shared,g22_o1,22,False,loop_close,15.654964904578014,13.43272997568599,20.875123425827322,25,-9.345035095421986
growth,0,9,hapibd,poisson_shared,g22_o1,22,False,b_split,30.37530290825386,28.250382139857095,34.474349480071886,30,0.37530290825386103
growth,0,9,hapibd,poisson_shared,g22_o1,22,False,b_fraction,0.6958111705576216,0.6884216969248573,0.7091648617156514,0.75,-0.05418882944237835
growth,0,9,hapibd,poisson_shared,g22_o1,22,False,left,51.3492409691035,49.08423469370851,59.100885466976415,50,1.349240969103498
growth,0,9,hapibd,poisson_shared,g22_o1,22,False,right,154.63436059673884,150.58634209918077,163.42015579197084,100,54.634360596738844
growth,0,9,hapibd,poisson_shared,g22_o1,22,False,root,255.83286798126056,251.70691620642913,271.963702102024,300,-44.16713201873944
growth,0,9,hapibd,poisson_shared,g15_o2,15,False,b_split,31.263937491175604,28.938966563798264,49.120883709135825,30,1.2639374911756036
growth,0,9,hapibd,poisson_shared,g15_o2,15,False,b_fraction,0.7753756710895771,0.7553672291127541,0.7810871846474418,0.75,0.025375671089577057
growth,0,9,hapibd,poisson_shared,g15_o2,15,False,right,69.35436901846693,66.83293361305084,70.52330962641973,100,-30.645630981533074
growth,0,9,hapibd,poisson_shared,g15_o2,15,False,left,72.18949129992973,69.12848855337155,73.51161580306585,50,22.189491299929728
growth,0,9,hapibd,poisson_shared,g15_o2,15,False,root,329.0187113060914,322.77885754600067,340.2828484742709,300,29.018711306091404
growth,0,9,hapibd,poisson_shared,g22_o2,22,False,loop_open,28.32061375403885,24.61991241673041,29.152582954807094,10,18.32061375403885
growth,0,9,hapibd,poisson_shared,g22_o2,22,False,loop_major_fraction,0.7935791572557108,0.5246596524964974,0.8996574823049893,0.75,0.04357915725571082
growth,0,9,hapibd,poisson_shared,g22_o2,22,False,loop_close,43.03631549370517,42.58389693367423,46.14401575464141,25,18.036315493705168
growth,0,9,hapibd,poisson_shared,g22_o2,22,False,b_split,54.28175421966676,53.75312158149765,56.82623623788086,30,24.28175421966676
growth,0,9,hapibd,poisson_shared,g22_o2,22,False,b_fraction,0.7646865948678696,0.7589798625614922,0.7733299289478632,0.75,0.014686594867869607
growth,0,9,hapibd,poisson_shared,g22_o2,22,False,right,67.45273586764496,66.46920464667025,69.94371368941898,100,-32.54726413235504
growth,0,9,hapibd,poisson_shared,g22_o2,22,False,left,70.27732302334073,69.4572411099773,72.6061113810584,50,20.277323023340728
growth,0,9,hapibd,poisson_shared,g22_o2,22,False,root,331.1226954844123,327.558852872346,341.3951164004713,300,31.122695484412304
growth,0,9,hapibd,poisson_shared,g15_o1,15,False,b_split,29.497930104080634,25.560882659145626,32.85196144483972,30,-0.5020698959193659
growth,0,9,hapibd,poisson_shared,g15_o1,15,False,b_fraction,0.6993512118560918,0.6872041849917015,0.7114785923494579,0.75,-0.05064878814390816
growth,0,9,hapibd,poisson_shared,g15_o1,15,False,left,54.99395274374411,50.39695090044826,58.24080277909431,50,4.99395274374411
growth,0,9,hapibd,poisson_shared,g15_o1,15,False,right,155.83404260817855,152.5856824166602,161.65027284947092,100,55.83404260817855
growth,0,9,hapibd,poisson_shared,g15_o1,15,False,root,256.41227634454214,247.9128901875167,262.69292342269017,300,-43.587723655457864
growth,0,9,hapibd,poisson_separate,g22_o1,22,False,loop_open,6.162266898038198,5.049148510884326,7.351999181034544,10,-3.8377331019618017
growth,0,9,hapibd,poisson_separate,g22_o1,22,False,loop_major_fraction,0.6187793754351945,0.5693011187676718,0.7377656190587172,0.75,-0.13122062456480554
growth,0,9,hapibd,poisson_separate,g22_o1,22,False,loop_close,18.289532211069364,16.48867384107702,20.05108151213296,25,-6.710467788930636
growth,0,9,hapibd,poisson_separate,g22_o1,22,False,b_split,36.51924117654883,34.92898428885848,38.51801189353373,30,6.519241176548832
growth,0,9,hapibd,poisson_separate,g22_o1,22,False,b_fraction,0.6175535132673716,0.5786990650833359,0.6310876375117401,0.75,-0.13244648673262838
growth,0,9,hapibd,poisson_separate,g22_o1,22,False,left,53.34401895864493,51.540159303303156,54.17303835643626,50,3.3440189586449307
growth,0,9,hapibd,poisson_separate,g22_o1,22,False,right,146.45660962216488,136.35331001827075,157.3202444660633,100,46.456609622164876
growth,0,9,hapibd,poisson_separate,g22_o1,22,False,root,279.3531102792566,266.88830536223804,285.6869984192895,300,-20.64688972074339
growth,0,9,hapibd,poisson_separate,g15_o2,15,False,b_split,30.908227571958058,22.6024835310135,35.133525859987316,30,0.9082275719580579
growth,0,9,hapibd,poisson_separate,g15_o2,15,False,b_fraction,0.8231413721942196,0.8047017891192063,0.8354587043906665,0.75,0.07314137219421957
growth,0,9,hapibd,poisson_separate,g15_o2,15,False,right,61.47360219178615,59.370797273642474,64.57271031830653,100,-38.52639780821385
growth,0,9,hapibd,poisson_separate,g15_o2,15,False,left,64.36188934215613,61.95233097277429,67.65838447367464,50,14.361889342156132
growth,0,9,hapibd,poisson_separate,g15_o2,15,False,root,320.14300467390507,306.19173505765076,336.64906047692597,300,20.143004673905068
growth,0,9,hapibd,poisson_separate,g22_o2,22,False,loop_open,6.3157460768766045,4.910043412219886,10.521260339168881,10,-3.6842539231233955
growth,0,9,hapibd,poisson_separate,g22_o2,22,False,loop_major_fraction,0.7735357152598816,0.5295354867281074,0.9266105122114818,0.75,0.02353571525988163
growth,0,9,hapibd,poisson_separate,g22_o2,22,False,loop_close,14.988789145375653,11.432150412052298,21.60603849112969,25,-10.011210854624347
growth,0,9,hapibd,poisson_separate,g22_o2,22,False,b_split,34.41617247851102,31.309948221155146,38.53355405994892,30,4.416172478511022
growth,0,9,hapibd,poisson_separate,g22_o2,22,False,b_fraction,0.831242508125187,0.8162472438184986,0.8393673583871197,0.75,0.08124250812518696
growth,0,9,hapibd,poisson_separate,g22_o2,22,False,right,61.06201700384687,56.539266869265525,65.43783016076941,100,-38.93798299615313
growth,0,9,hapibd,poisson_separate,g22_o2,22,False,left,63.79760941570947,59.12676444566458,67.986684848556,50,13.797609415709474
growth,0,9,hapibd,poisson_separate,g22_o2,22,False,root,314.6341743545788,299.49048097587894,341.01334550270786,300,14.634174354578818
growth,0,9,hapibd,poisson_separate,g15_o1,15,False,b_split,40.18998125283528,35.479622555506275,41.312294247268916,30,10.189981252835281
growth,0,9,hapibd,poisson_separate,g15_o1,15,False,b_fraction,0.62482062530497,0.6110975936637694,0.6500696948900677,0.75,-0.12517937469503004
growth,0,9,hapibd,poisson_separate,g15_o1,15,False,left,57.433557929401196,53.76824955871794,60.098891214844194,50,7.433557929401196
growth,0,9,hapibd,poisson_separate,g15_o1,15,False,right,146.16154943340848,136.6390745629847,154.35550776449318,100,46.16154943340848
growth,0,9,hapibd,poisson_separate,g15_o1,15,False,root,286.9025164626614,273.72927532760053,296.7515684283315,300,-13.097483537338576
constant,0,0,true,poisson_shared,g22_o1,22,False,loop_open,18.933296679132923,14.429941664257278,19.562525673528903,10,8.933296679132923
constant,0,0,true,poisson_shared,g22_o1,22,False,loop_major_fraction,0.829118161793984,0.6370095805810486,0.931011609977449,0.75,0.07911816179398401
constant,0,0,true,poisson_shared,g22_o1,22,False,loop_close,29.200409624653943,26.068570408235804,29.431667904100287,25,4.200409624653943
constant,0,0,true,poisson_shared,g22_o1,22,False,b_split,39.98726776321561,35.73736512632659,40.47885962071501,30,9.987267763215613
constant,0,0,true,poisson_shared,g22_o1,22,False,b_fraction,0.7778929940789805,0.7624447317496273,0.7802822214272197,0.75,0.027892994078980493
constant,0,0,true,poisson_shared,g22_o1,22,False,left,51.28444580704855,48.89628656467954,51.96350410679705,50,1.2844458070485487
constant,0,0,true,poisson_shared,g22_o1,22,False,right,92.68664011594993,90.78228874918265,105.47392765712641,100,-7.313359884050072
constant,0,0,true,poisson_shared,g22_o1,22,False,root,309.1888954602571,306.8194910606514,327.50884615065127,300,9.188895460257072
constant,0,0,true,poisson_shared,g15_o2,15,False,b_split,21.905192072441558,20.15464882524424,27.232881221259415,30,-8.094807927558442
constant,0,0,true,poisson_shared,g15_o2,15,False,b_fraction,0.7877573855941501,0.779895960825941,0.8072730697911761,0.75,0.037757385594150095
constant,0,0,true,poisson_shared,g15_o2,15,False,right,56.69410320532372,54.81259404689044,59.27857592644687,100,-43.30589679467628
constant,0,0,true,poisson_shared,g15_o2,15,False,left,59.25972576343676,57.36326711067959,61.46995768993576,50,9.259725763436762
constant,0,0,true,poisson_shared,g15_o2,15,False,root,336.2055130725397,325.4551896545973,346.6243288853321,300,36.2055130725397
constant,0,0,true,poisson_shared,g22_o2,22,False,loop_open,20.560427540959086,18.689437337536358,25.240240285410565,10,10.560427540959086
constant,0,0,true,poisson_shared,g22_o2,22,False,loop_major_fraction,0.6036866391072065,0.518459056817519,0.863743210577389,0.75,-0.14631336089279345
constant,0,0,true,poisson_shared,g22_o2,22,False,loop_close,35.49447934396504,31.477728776206195,38.285735901911806,25,10.49447934396504
constant,0,0,true,poisson_shared,g22_o2,22,False,b_split,42.966011262764255,38.827815025449944,45.816719665618685,30,12.966011262764255
constant,0,0,true,poisson_shared,g22_o2,22,False,b_fraction,0.7998225480723576,0.7833304676158818,0.8062384002182553,0.75,0.04982254807235764
constant,0,0,true,poisson_shared,g22_o2,22,False,right,57.0755090969246,55.21872282422536,59.545652421309086,100,-42.9244909030754
constant,0,0,true,poisson_shared,g22_o2,22,False,left,59.28081343594987,57.636608632486436,61.46809708269227,50,9.280813435949867
constant,0,0,true,poisson_shared,g22_o2,22,False,root,343.53261499722646,331.479617815141,353.75656246453127,300,43.53261499722646
constant,0,0,true,poisson_shared,g15_o1,15,False,b_split,22.20301126102736,14.506506689451667,24.548604272926113,30,-7.79698873897264
constant,0,0,true,poisson_shared,g15_o1,15,False,b_fraction,0.768548698756015,0.7545852344077865,0.7852311286533753,0.75,0.018548698756014947
constant,0,0,true,poisson_shared,g15_o1,15,False,left,50.151467544014785,48.763045135207776,53.6023805378308,50,0.15146754401478546
constant,0,0,true,poisson_shared,g15_o1,15,False,right,98.89648978425262,91.87707612763057,110.76862464362377,100,-1.1035102157473773
constant,0,0,true,poisson_shared,g15_o1,15,False,root,313.1346897123262,303.18788965358993,323.1887275615048,300,13.134689712326178
constant,0,0,true,poisson_separate,g22_o1,22,False,loop_open,10.277121932523496,9.023778642468962,11.98313762632035,10,0.27712193252349593
constant,0,0,true,poisson_separate,g22_o1,22,False,loop_major_fraction,0.6147038524609032,0.5491432208999586,0.7720373129290666,0.75,-0.1352961475390968
constant,0,0,true,poisson_separate,g22_o1,22,False,loop_close,20.957017458188886,18.97636614810722,22.661103920004116,25,-4.042982541811114
constant,0,0,true,poisson_separate,g22_o1,22,False,b_split,31.961541808778772,29.920368661484403,35.11509766457629,30,1.9615418087787724
constant,0,0,true,poisson_separate,g22_o1,22,False,b_fraction,0.7718530695606071,0.7551480900225311,0.7851474161042821,0.75,0.021853069560607064
constant,0,0,true,poisson_separate,g22_o1,22,False,left,50.36752800313136,48.12411230507439,53.05346066676576,50,0.3675280031313619
constant,0,0,true,poisson_separate,g22_o1,22,False,right,97.33341181268536,90.83436309977937,105.02288990128226,100,-2.6665881873146446
constant,0,0,true,poisson_separate,g22_o1,22,False,root,312.2926063220241,294.7680931603422,333.34235856205356,300,12.292606322024085
constant,0,0,true,poisson_separate,g15_o2,15,False,b_split,13.219611020748003,13.219883822618725,13.223831788094731,30,-16.780388979251995
constant,0,0,true,poisson_separate,g15_o2,15,False,b_fraction,0.8127350982003412,0.8126527639490446,0.8126707135248671,0.75,0.06273509820034118
constant,0,0,true,poisson_separate,g15_o2,15,False,right,57.84039924683664,57.849988119598066,57.85090679700364,100,-42.15960075316336
constant,0,0,true,poisson_separate,g15_o2,15,False,left,59.51084434823376,59.51185338484085,59.51210174965918,50,9.51084434823376
constant,0,0,true,poisson_separate,g15_o2,15,False,root,321.1907862696465,320.86061734860755,320.9035466268867,300,21.19078626964648
constant,0,0,true,poisson_separate,g22_o2,22,False,loop_open,18.43413758578398,15.631965675457385,20.27080618824487,10,8.43413758578398
constant,0,0,true,poisson_separate,g22_o2,22,False,loop_major_fraction,0.6950971656874909,0.5318620908903778,0.7355046307460736,0.75,-0.054902834312509086
constant,0,0,true,poisson_separate,g22_o2,22,False,loop_close,31.560873561963703,29.814993405467796,33.05341891274414,25,6.560873561963703
constant,0,0,true,poisson_separate,g22_o2,22,False,b_split,38.37465635229167,37.413326068287894,41.996065594540525,30,8.374656352291673
constant,0,0,true,poisson_separate,g22_o2,22,False,b_fraction,0.8407647379782909,0.837998905814356,0.8555060002369163,0.75,0.09076473797829088
constant,0,0,true,poisson_separate,g22_o2,22,False,right,52.24438778011496,49.845824213052445,59.88600394813608,100,-47.75561221988504
constant,0,0,true,poisson_separate,g22_o2,22,False,left,54.5070824272424,51.99223313132762,62.31568232338877,50,4.507082427242402
constant,0,0,true,poisson_separate,g22_o2,22,False,root,397.79797794197395,389.31204174722825,432.02985484982406,300,97.79797794197395
constant,0,0,true,poisson_separate,g15_o1,15,False,b_split,19.13676015554673,14.48209434035736,23.224688383749726,30,-10.863239844453268
constant,0,0,true,poisson_separate,g15_o1,15,False,b_fraction,0.7714591111219273,0.7572398929886683,0.781103656452642,0.75,0.021459111121927332
constant,0,0,true,poisson_separate,g15_o1,15,False,left,49.83285918584064,47.041276933262424,53.845185049432594,50,-0.16714081415936022
constant,0,0,true,poisson_separate,g15_o1,15,False,right,96.15508459108547,93.14887127934054,102.2641862966738,100,-3.844915408914531
constant,0,0,true,poisson_separate,g15_o1,15,False,root,318.4591744877288,313.7958422975209,329.1316901134207,300,18.459174487728774
constant,0,0,hapibd,poisson_shared,g22_o1,22,False,loop_open,19.2870193827118,13.238072323575759,23.160637131965167,10,9.2870193827118
constant,0,0,hapibd,poisson_shared,g22_o1,22,False,loop_major_fraction,0.8313840564804796,0.5328497935125119,0.988518227949102,0.75,0.08138405648047964
constant,0,0,hapibd,poisson_shared,g22_o1,22,False,loop_close,28.76230908759164,22.890247860257254,30.51428388854248,25,3.762309087591639
constant,0,0,hapibd,poisson_shared,g22_o1,22,False,b_split,40.19136756465257,36.7840298972329,42.49903404492099,30,10.191367564652573
constant,0,0,hapibd,poisson_shared,g22_o1,22,False,b_fraction,0.7641283843687671,0.7516372238038282,0.7838858572482984,0.75,0.014128384368767066
constant,0,0,hapibd,poisson_shared,g22_o1,22,False,left,51.644889547277614,48.79409865737073,53.61051700488661,50,1.6448895472776144
constant,0,0,hapibd,poisson_shared,g22_o1,22,False,right,98.21660255401612,87.06015824102747,108.48408252955201,100,-1.78339744598388
constant,0,0,hapibd,poisson_shared,g22_o1,22,False,root,340.8888331394084,326.59948357716235,348.0236152474629,300,40.888833139408405
constant,0,0,hapibd,poisson_shared,g15_o2,15,False,b_split,20.649996023201613,4.744599096680745,29.006189596310517,30,-9.350003976798387
constant,0,0,hapibd,poisson_shared,g15_o2,15,False,b_fraction,0.7923004826012807,0.7763732704247653,0.8099776412259202,0.75,0.04230048260128072
constant,0,0,hapibd,poisson_shared,g15_o2,15,False,right,56.60591987318526,54.23903599543508,59.772566306397245,100,-43.39408012681474
constant,0,0,hapibd,poisson_shared,g15_o2,15,False,left,59.12596732366708,56.57535092024218,62.00559158032324,50,9.125967323667084
constant,0,0,hapibd,poisson_shared,g15_o2,15,False,root,364.5881938727269,344.5745894650155,386.22436246393767,300,64.58819387272689
constant,0,0,hapibd,poisson_shared,g22_o2,22,False,loop_open,21.494293546356385,19.081308867814077,26.15657122377034,10,11.494293546356385
constant,0,0,hapibd,poisson_shared,g22_o2,22,False,loop_major_fraction,0.6733601184256652,0.5109903949659133,0.78830228806167,0.75,-0.07663988157433477
constant,0,0,hapibd,poisson_shared,g22_o2,22,False,loop_close,33.593890199458286,29.880091690037574,38.78743027532222,25,8.593890199458286
constant,0,0,hapibd,poisson_shared,g22_o2,22,False,b_split,43.60130746849957,39.316820183469126,47.63857363760595,30,13.60130746849957
constant,0,0,hapibd,poisson_shared,g22_o2,22,False,b_fraction,0.8010938565202965,0.7864027368086993,0.8115460209555475,0.75,0.05109385652029652
constant,0,0,hapibd,poisson_shared,g22_o2,22,False,right,56.370434342605876,53.78040745435448,59.182812704209304,100,-43.629565657394124
constant,0,0,hapibd,poisson_shared,g22_o2,22,False,left,58.86012515378213,55.95005001298788,61.562474561224796,50,8.860125153782128
constant,0,0,hapibd,poisson_shared,g22_o2,22,False,root,374.5145738072033,365.90730124678106,384.4980554971355,300,74.5145738072033
constant,0,0,hapibd,poisson_shared,g15_o1,15,False,b_split,21.954001427730482,21.89677464848614,21.898190293960297,30,-8.045998572269518
constant,0,0,hapibd,poisson_shared,g15_o1,15,False,b_fraction,0.7652772775563158,0.7651934366899785,0.7651961115499267,0.75,0.015277277556315805
constant,0,0,hapibd,poisson_shared,g15_o1,15,False,left,51.15372898555249,51.14708349378717,51.14726731428192,50,1.1537289855524904
constant,0,0,hapibd,poisson_shared,g15_o1,15,False,right,90.76612188016466,90.73402914514601,90.73613850161769,100,-9.233878119835339
constant,0,0,hapibd,poisson_shared,g15_o1,15,False,root,338.43772925707134,338.4425047246914,338.4427406550214,300,38.43772925707134
constant,0,0,hapibd,poisson_separate,g22_o1,22,False,loop_open,14.294262099485818,12.492547393995748,16.207013017957077,10,4.2942620994858185
constant,0,0,hapibd,poisson_separate,g22_o1,22,False,loop_major_fraction,0.8215651434099451,0.621184829266922,0.9571962611467277,0.75,0.07156514340994513
constant,0,0,hapibd,poisson_separate,g22_o1,22,False,loop_close,24.324415205527018,19.66519380523672,25.663871839171176,25,-0.6755847944729823
constant,0,0,hapibd,poisson_separate,g22_o1,22,False,b_split,37.305427025473136,32.948302748752596,38.823771652555024,30,7.305427025473136
constant,0,0,hapibd,poisson_separate,g22_o1,22,False,b_fraction,0.7550541386671861,0.7532586609001939,0.7685217728058353,0.75,0.00505413866718607
constant,0,0,hapibd,poisson_separate,g22_o1,22,False,left,47.78640444710682,45.96401584007247,50.78904492465336,50,-2.2135955528931817
constant,0,0,hapibd,poisson_separate,g22_o1,22,False,right,93.71001718228108,87.71314141350905,99.7824089349181,100,-6.289982817718922
constant,0,0,hapibd,poisson_separate,g22_o1,22,False,root,315.2249047442311,290.1240628499899,332.6763304023783,300,15.224904744231083
constant,0,0,hapibd,poisson_separate,g15_o2,15,False,b_split,19.750528936812184,15.344128610292714,25.068102754836822,30,-10.249471063187816
constant,0,0,hapibd,poisson_separate,g15_o2,15,False,b_fraction,0.7961205174696913,0.7898250899164477,0.8419479147073368,0.75,0.04612051746969126
constant,0,0,hapibd,poisson_separate,g15_o2,15,False,right,57.223730952220045,53.98961466779452,57.82309591096797,100,-42.776269047779955
constant,0,0,hapibd,poisson_separate,g15_o2,15,False,left,60.35355990864855,56.186661625903206,61.97974025304273,50,10.353559908648549
constant,0,0,hapibd,poisson_separate,g15_o2,15,False,root,341.9929089684523,325.60094296330266,369.15239327142046,300,41.9929089684523
constant,0,0,hapibd,poisson_separate,g22_o2,22,False,loop_open,9.823308596066468,5.094937737311002,12.008313807782537,10,-0.1766914039335319
constant,0,0,hapibd,poisson_separate,g22_o2,22,False,loop_major_fraction,0.5654933964811146,0.5207486113143871,0.8380899288067091,0.75,-0.18450660351888537
constant,0,0,hapibd,poisson_separate,g22_o2,22,False,loop_close,17.76053234624181,11.579558952641964,20.823660740354267,25,-7.23946765375819
constant,0,0,hapibd,poisson_separate,g22_o2,22,False,b_split,29.914524477438523,24.717679618647146,32.10259003665856,30,-0.08547552256147739
constant,0,0,hapibd,poisson_separate,g22_o2,22,False,b_fraction,0.8395340633927485,0.8334607844384618,0.8564173368188825,0.75,0.0895340633927485
constant,0,0,hapibd,poisson_separate,g22_o2,22,False,right,56.06047922461595,51.732922646765196,57.83839448180363,100,-43.93952077538405
constant,0,0,hapibd,poisson_separate,g22_o2,22,False,left,59.06091518540433,53.66378262560132,60.71346414163631,50,9.060915185404333
constant,0,0,hapibd,poisson_separate,g22_o2,22,False,root,377.80208781683365,352.0038580089055,390.3410475478036,300,77.80208781683365
constant,0,0,hapibd,poisson_separate,g15_o1,15,False,b_split,28.063646063321656,24.973847331892912,33.37022661905611,30,-1.9363539366783442
constant,0,0,hapibd,poisson_separate,g15_o1,15,False,b_fraction,0.7644730583346415,0.7509723794865273,0.7827985895675816,0.75,0.01447305833464152
constant,0,0,hapibd,poisson_separate,g15_o1,15,False,left,50.25833141472729,46.835026721663375,53.05418322495143,50,0.25833141472728727
constant,0,0,hapibd,poisson_separate,g15_o1,15,False,right,93.7366111294873,85.69687047198062,99.5782388316793,100,-6.263388870512699
constant,0,0,hapibd,poisson_separate,g15_o1,15,False,root,310.9947267661001,300.14020676627285,327.8044570183509,300,10.994726766100086
constant,0,1,true,poisson_shared,g22_o1,22,False,loop_open,9.2668931688271,8.298172353607294,9.292380489364742,10,-0.7331068311729005
constant,0,1,true,poisson_shared,g22_o1,22,False,loop_major_fraction,0.7974449939871429,0.5916610203197765,0.8085919528343125,0.75,0.04744499398714286
constant,0,1,true,poisson_shared,g22_o1,22,False,loop_close,21.234456015303756,16.684540295365238,21.490705224703678,25,-3.7655439846962437
constant,0,1,true,poisson_shared,g22_o1,22,False,b_split,31.879729780314975,29.69472516417499,31.983125952275653,30,1.8797297803149746
constant,0,1,true,poisson_shared,g22_o1,22,False,b_fraction,0.7469655015061587,0.7353818508983614,0.750114791805336,0.75,-0.0030344984938412978
constant,0,1,true,poisson_shared,g22_o1,22,False,left,51.233106798707624,46.76959267143082,51.50512160486336,50,1.2331067987076239
constant,0,1,true,poisson_shared,g22_o1,22,False,right,124.30055201238119,121.19517994886098,129.7309331070535,100,24.30055201238119
constant,0,1,true,poisson_shared,g22_o1,22,False,root,303.593548575655,302.16490647389395,309.2987212585061,300,3.5935485756550065
constant,0,1,true,poisson_shared,g15_o2,15,False,b_split,28.62456576422042,22.429072943291068,34.596818242367135,30,-1.3754342357795792
constant,0,1,true,poisson_shared,g15_o2,15,False,b_fraction,0.7955772468922571,0.7745765256881917,0.8171878005628919,0.75,0.04557724689225706
constant,0,1,true,poisson_shared,g15_o2,15,False,right,58.340428105257466,55.77999928263497,61.62449288319095,100,-41.659571894742534
constant,0,1,true,poisson_shared,g15_o2,15,False,left,60.41941514300926,57.71672811971657,63.41215959588787,50,10.41941514300926
constant,0,1,true,poisson_shared,g15_o2,15,False,root,347.25202723370205,330.6244408589856,364.00501918891996,300,47.25202723370205
constant,0,1,true,poisson_shared,g22_o2,22,False,loop_open,24.60008577044493,18.460072463759236,26.940233573023466,10,14.600085770444931
constant,0,1,true,poisson_shared,g22_o2,22,False,loop_major_fraction,0.6121368585185413,0.579028439286425,0.7727757417775167,0.75,-0.13786314148145873
constant,0,1,true,poisson_shared,g22_o2,22,False,loop_close,35.38218561719128,30.458216225230494,37.152263368072866,25,10.382185617191283
constant,0,1,true,poisson_shared,g22_o2,22,False,b_split,44.76494079196656,38.54422924170265,46.98002126530144,30,14.76494079196656
constant,0,1,true,poisson_shared,g22_o2,22,False,b_fraction,0.7866173992194511,0.7772605483278303,0.7934997770422131,0.75,0.03661739921945106
constant,0,1,true,poisson_shared,g22_o2,22,False,right,58.50429144256497,56.770243882406135,60.415797515130905,100,-41.49570855743503
constant,0,1,true,poisson_shared,g22_o2,22,False,left,60.3052277925342,58.834669761954906,62.682696528238665,50,10.305227792534197
constant,0,1,true,poisson_shared,g22_o2,22,False,root,358.10813421617274,338.8644304400019,365.07070279377524,300,58.10813421617274
constant,0,1,true,poisson_shared,g15_o1,15,False,b_split,20.278593703160432,14.71224670025192,29.0439373161722,30,-9.721406296839568
constant,0,1,true,poisson_shared,g15_o1,15,False,b_fraction,0.746219680107163,0.7309199642626163,0.7613645321841189,0.75,-0.003780319892837003
constant,0,1,true,poisson_shared,g15_o1,15,False,left,47.89580170432138,45.85587559628158,51.28675294440092,50,-2.1041982956786214
constant,0,1,true,poisson_shared,g15_o1,15,False,right,119.56708546951064,113.42773794608526,126.38550554188187,100,19.567085469510644
constant,0,1,true,poisson_shared,g15_o1,15,False,root,307.86667303168065,299.2502557755535,318.58558518229086,300,7.866673031680648
constant,0,1,true,poisson_separate,g22_o1,22,False,loop_open,7.96678101655057,6.8391609539772915,9.254253823919427,10,-2.03321898344943
constant,0,1,true,poisson_separate,g22_o1,22,False,loop_major_fraction,0.6627942648956017,0.5637430824915383,0.8997444874069711,0.75,-0.08720573510439833
constant,0,1,true,poisson_separate,g22_o1,22,False,loop_close,18.01514350434761,17.064543795354798,20.011632870925606,25,-6.984856495652391
constant,0,1,true,poisson_separate,g22_o1,22,False,b_split,30.4713446748885,27.513845240731268,33.05222188729613,30,0.47134467488849907
constant,0,1,true,poisson_separate,g22_o1,22,False,b_fraction,0.7253827813911837,0.716178004548161,0.7392096645273265,0.75,-0.02461721860881627
constant,0,1,true,poisson_separate,g22_o1,22,False,left,47.124869920059986,46.2271875918735,50.10931994666062,50,-2.875130079940014
constant,0,1,true,poisson_separate,g22_o1,22,False,right,118.19166659354916,115.25551819160701,125.00211239247714,100,18.191666593549158
constant,0,1,true,poisson_separate,g22_o1,22,False,root,303.12600129997054,289.09079439395197,309.9338449022577,300,3.1260012999705395
constant,0,1,true,poisson_separate,g15_o2,15,False,b_split,11.084213606360509,8.658273077961445,14.405506538668506,30,-18.915786393639493
constant,0,1,true,poisson_separate,g15_o2,15,False,b_fraction,0.7875721007554877,0.7820584914148704,0.8010397665540379,0.75,0.03757210075548767
constant,0,1,true,poisson_separate,g15_o2,15,False,right,58.651035322608415,55.7928255370663,60.54234874250923,100,-41.348964677391585
constant,0,1,true,poisson_separate,g15_o2,15,False,left,60.71182357331321,57.974692589037964,63.06699747697942,50,10.711823573313211
constant,0,1,true,poisson_separate,g15_o2,15,False,root,339.20748059589147,312.48409868678146,348.533538688738,300,39.20748059589147
constant,0,1,true,poisson_separate,g22_o2,22,False,loop_open,20.769076062972506,20.012745710773505,20.857979978858605,10,10.769076062972506
constant,0,1,true,poisson_separate,g22_o2,22,False,loop_major_fraction,0.5714854619722324,0.5134636632130974,0.5766039905071443,0.75,-0.17851453802776762
constant,0,1,true,poisson_separate,g22_o2,22,False,loop_close,37.359358850092285,36.9565523163929,42.15772014108799,25,12.359358850092285
constant,0,1,true,poisson_separate,g22_o2,22,False,b_split,43.782613808267534,43.57456564126668,46.50982082307402,30,13.782613808267534
constant,0,1,true,poisson_separate,g22_o2,22,False,b_fraction,0.8539446848446075,0.8527835350177209,0.866546047083623,0.75,0.1039446848446075
constant,0,1,true,poisson_separate,g22_o2,22,False,right,57.57830533317018,54.992423097768416,57.85794538426798,100,-42.42169466682982
constant,0,1,true,poisson_separate,g22_o2,22,False,left,59.647611484116474,57.31876180077618,59.90658674189148,50,9.647611484116474
constant,0,1,true,poisson_separate,g22_o2,22,False,root,445.16372274645096,442.31919657408116,445.80082915000526,300,145.16372274645096
constant,0,1,true,poisson_separate,g15_o1,15,False,b_split,23.484282935128167,19.126209496745258,27.024488190170505,30,-6.515717064871833
constant,0,1,true,poisson_separate,g15_o1,15,False,b_fraction,0.7388427208007466,0.7287785333151652,0.7549785548104508,0.75,-0.011157279199253356
constant,0,1,true,poisson_separate,g15_o1,15,False,left,49.095457430680014,45.12638810188186,51.18955147162126,50,-0.904542569319986
constant,0,1,true,poisson_separate,g15_o1,15,False,right,117.95185106932782,109.8560759485985,131.21776105614367,100,17.951851069327816
constant,0,1,true,poisson_separate,g15_o1,15,False,root,316.3904410853365,306.68750014507725,328.7823630612918,300,16.390441085336477
constant,0,1,hapibd,poisson_shared,g22_o1,22,False,loop_open,11.759956469180755,10.584090784533675,15.155476361445402,10,1.7599564691807554
constant,0,1,hapibd,poisson_shared,g22_o1,22,False,loop_major_fraction,0.6097336176277874,0.5316720874402489,0.6360055568582497,0.75,-0.14026638237221256
constant,0,1,hapibd,poisson_shared,g22_o1,22,False,loop_close,22.630901353636737,19.591918635055436,25.212145701618272,25,-2.3690986463632626
constant,0,1,hapibd,poisson_shared,g22_o1,22,False,b_split,36.70274451534708,33.29845924945141,38.31388982942389,30,6.702744515347078
constant,0,1,hapibd,poisson_shared,g22_o1,22,False,b_fraction,0.7350545121391632,0.729708532903763,0.7572908956484118,0.75,-0.014945487860836826
constant,0,1,hapibd,poisson_shared,g22_o1,22,False,left,50.598343704711624,48.020492009202975,53.08759397822303,50,0.598343704711624
constant,0,1,hapibd,poisson_shared,g22_o1,22,False,right,124.7381703840673,109.46505897554627,128.36534829374216,100,24.738170384067303
constant,0,1,hapibd,poisson_shared,g22_o1,22,False,root,333.8885663054971,318.5203934589885,342.32732974743016,300,33.88856630549708
constant,0,1,hapibd,poisson_shared,g15_o2,15,False,b_split,28.128800418649796,24.8824233286631,31.640529256999987,30,-1.8711995813502043
constant,0,1,hapibd,poisson_shared,g15_o2,15,False,b_fraction,0.7797361134452179,0.7695922040719532,0.8000315268635609,0.75,0.02973611344521787
constant,0,1,hapibd,poisson_shared,g15_o2,15,False,right,56.77362837851866,53.79497021110156,59.50524004799483,100,-43.22637162148134
constant,0,1,hapibd,poisson_shared,g15_o2,15,False,left,58.73989836232216,56.3410187207071,61.278098218079954,50,8.739898362322158
constant,0,1,hapibd,poisson_shared,g15_o2,15,False,root,385.90610510436596,370.11157832710103,402.39562428354776,300,85.90610510436596
constant,0,1,hapibd,poisson_shared,g22_o2,22,False,loop_open,20.08411824211554,10.004834566199417,25.732396221133403,10,10.08411824211554
constant,0,1,hapibd,poisson_shared,g22_o2,22,False,loop_major_fraction,0.5784110663512491,0.5106959198152188,0.7185565407654471,0.75,-0.17158893364875094
constant,0,1,hapibd,poisson_shared,g22_o2,22,False,loop_close,31.408540601272612,23.457520021810446,37.28218655146673,25,6.4085406012726125
constant,0,1,hapibd,poisson_shared,g22_o2,22,False,b_split,40.11907780437523,31.159181085228646,45.81570925568994,30,10.11907780437523
constant,0,1,hapibd,poisson_shared,g22_o2,22,False,b_fraction,0.7881189148021573,0.7698336410886456,0.8105216084401048,0.75,0.038118914802157344
constant,0,1,hapibd,poisson_shared,g22_o2,22,False,right,55.989802564467716,54.08469409776078,58.75154296405118,100,-44.010197435532284
constant,0,1,hapibd,poisson_shared,g22_o2,22,False,left,57.93652962143211,55.45089643082701,61.714711579229615,50,7.936529621432108
constant,0,1,hapibd,poisson_shared,g22_o2,22,False,root,386.8448934852939,353.49658216055616,407.5827664883224,300,86.84489348529388
constant,0,1,hapibd,poisson_shared,g15_o1,15,False,b_split,30.059608034904784,23.29218674798843,34.61852331690647,30,0.059608034904783835
constant,0,1,hapibd,poisson_shared,g15_o1,15,False,b_fraction,0.7474766940433264,0.7225198844252977,0.7671529067659005,0.75,-0.002523305956673605
constant,0,1,hapibd,poisson_shared,g15_o1,15,False,left,48.58851308535616,44.61797962392326,52.79094000006289,50,-1.411486914643838
constant,0,1,hapibd,poisson_shared,g15_o1,15,False,right,117.49694722774895,104.44352409830203,134.82277058473431,100,17.496947227748947
constant,0,1,hapibd,poisson_shared,g15_o1,15,False,root,331.43942978372286,314.54012079512603,345.1373442811208,300,31.439429783722858
constant,0,1,hapibd,poisson_separate,g22_o1,22,False,loop_open,11.60764729252396,7.191715284068392,11.884803931754531,10,1.6076472925239607
constant,0,1,hapibd,poisson_separate,g22_o1,22,False,loop_major_fraction,0.5990783274540779,0.5924955653962222,0.5971989037843739,0.75,-0.15092167254592215
constant,0,1,hapibd,poisson_separate,g22_o1,22,False,loop_close,19.855113416775552,14.680111561201583,20.130895391422335,25,-5.144886583224448
constant,0,1,hapibd,poisson_separate,g22_o1,22,False,b_split,33.52638445523521,30.86275386569184,33.60001650360254,30,3.5263844552352097
constant,0,1,hapibd,poisson_separate,g22_o1,22,False,b_fraction,0.7535729257164453,0.730023251444714,0.7551820825765426,0.75,0.0035729257164452966
constant,0,1,hapibd,poisson_separate,g22_o1,22,False,left,48.43378929429105,43.77749328401538,48.6375324068862,50,-1.5662107057089472
constant,0,1,hapibd,poisson_separate,g22_o1,22,False,right,119.40802724820762,115.59796600072025,119.64863691403251,100,19.408027248207617
constant,0,1,hapibd,poisson_separate,g22_o1,22,False,root,320.78530267308173,311.2784484655547,321.5461783871404,300,20.78530267308173
constant,0,1,hapibd,poisson_separate,g15_o2,15,False,b_split,14.980945776586887,13.349124429889363,16.093314178435815,30,-15.019054223413113
constant,0,1,hapibd,poisson_separate,g15_o2,15,False,b_fraction,0.7882627701587182,0.7824385742245856,0.7965542023599438,0.75,0.03826277015871815
constant,0,1,hapibd,poisson_separate,g15_o2,15,False,right,58.1007536285606,55.758760168447736,60.24456326185674,100,-41.8992463714394
constant,0,1,hapibd,poisson_separate,g15_o2,15,False,left,59.71284346881263,57.46752624786779,62.09991844951634,50,9.712843468812629
constant,0,1,hapibd,poisson_separate,g15_o2,15,False,root,356.07161705161985,336.8613077647507,369.9628671010263,300,56.07161705161985
constant,0,1,hapibd,poisson_separate,g22_o2,22,False,loop_open,14.489709168326202,12.171697928854417,19.205019530036672,10,4.489709168326202
constant,0,1,hapibd,poisson_separate,g22_o2,22,False,loop_major_fraction,0.5887785725115697,0.5333455684074385,0.6967057809849962,0.75,-0.16122142748843027
constant,0,1,hapibd,poisson_separate,g22_o2,22,False,loop_close,30.59375401898573,27.309524944650004,32.39520021039294,25,5.593754018985731
constant,0,1,hapibd,poisson_separate,g22_o2,22,False,b_split,38.53524564014839,35.941011713162894,41.04269081679014,30,8.53524564014839
constant,0,1,hapibd,poisson_separate,g22_o2,22,False,b_fraction,0.8052816485718646,0.790144916831054,0.8693986798598555,0.75,0.05528164857186457
constant,0,1,hapibd,poisson_separate,g22_o2,22,False,right,56.19924283442777,53.20204984701338,59.35059830913676,100,-43.80075716557223
constant,0,1,hapibd,poisson_separate,g22_o2,22,False,left,58.37837595916223,54.83396497405827,61.271828663111634,50,8.378375959162227
constant,0,1,hapibd,poisson_separate,g22_o2,22,False,root,368.3745791239604,345.07345913855556,423.805999715909,300,68.37457912396042
constant,0,1,hapibd,poisson_separate,g15_o1,15,False,b_split,29.692675794304026,26.505990532125075,32.43185054897365,30,-0.3073242056959735
constant,0,1,hapibd,poisson_separate,g15_o1,15,False,b_fraction,0.7361047409395001,0.7298045209562218,0.7640189850716407,0.75,-0.013895259060499932
constant,0,1,hapibd,poisson_separate,g15_o1,15,False,left,48.60914007183773,45.58408699138179,50.303869878123024,50,-1.3908599281622713
constant,0,1,hapibd,poisson_separate,g15_o1,15,False,right,123.18197195208207,108.68196707739946,130.16982735465209,100,23.181971952082066
constant,0,1,hapibd,poisson_separate,g15_o1,15,False,root,326.9918045526825,305.6739270755299,339.9167776099639,300,26.99180455268248
constant,0,2,true,poisson_shared,g22_o1,22,False,loop_open,16.02800988300647,13.867958268815624,20.637048790445117,10,6.028009883006469
constant,0,2,true,poisson_shared,g22_o1,22,False,loop_major_fraction,0.7363091482668649,0.5056482809807499,0.9466946208345824,0.75,-0.013690851733135112
constant,0,2,true,poisson_shared,g22_o1,22,False,loop_close,26.816582233888266,22.5895716964642,31.930694423944097,25,1.8165822338882656
constant,0,2,true,poisson_shared,g22_o1,22,False,b_split,34.18794940038475,30.537642606797387,39.51792593277084,30,4.187949400384753
constant,0,2,true,poisson_shared,g22_o1,22,False,b_fraction,0.7684538700125729,0.7391566235480372,0.7830635782406141,0.75,0.018453870012572926
constant,0,2,true,poisson_shared,g22_o1,22,False,left,47.94897947388798,44.850623715002044,50.503544867276574,50,-2.051020526112019
constant,0,2,true,poisson_shared,g22_o1,22,False,right,106.66726811355792,99.40794205227053,116.14831702247146,100,6.667268113557924
constant,0,2,true,poisson_shared,g22_o1,22,False,root,306.82229122522375,294.7882047588467,318.0618278004735,300,6.822291225223751
constant,0,2,true,poisson_shared,g15_o2,15,False,b_split,24.536115480241417,21.04926554655298,28.55482702601116,30,-5.463884519758583
constant,0,2,true,poisson_shared,g15_o2,15,False,b_fraction,0.7989623919346466,0.7863381838112268,0.8104555052034013,0.75,0.048962391934646576
constant,0,2,true,poisson_shared,g15_o2,15,False,right,55.529443462836376,50.46315538371163,59.65079094862152,100,-44.470556537163624
constant,0,2,true,poisson_shared,g15_o2,15,False,left,57.48297087549062,52.47630513465419,61.58127227453155,50,7.482970875490622
constant,0,2,true,poisson_shared,g15_o2,15,False,root,336.98521110112046,321.8748485349753,356.63829935986536,300,36.985211101120456
constant,0,2,true,poisson_shared,g22_o2,22,False,loop_open,21.76131447364894,16.741865974451787,25.47662414345459,10,11.761314473648941
constant,0,2,true,poisson_shared,g22_o2,22,False,loop_major_fraction,0.5891511168747169,0.5023300280712084,0.9538172371459814,0.75,-0.16084888312528312
constant,0,2,true,poisson_shared,g22_o2,22,False,loop_close,33.65002765768136,25.426021473342086,39.527249725388245,25,8.650027657681363
constant,0,2,true,poisson_shared,g22_o2,22,False,b_split,40.39730515052358,32.82603820133242,46.23874586415394,30,10.397305150523579
constant,0,2,true,poisson_shared,g22_o2,22,False,b_fraction,0.7917985922039444,0.7804256952339743,0.8074381436700196,0.75,0.04179859220394444
constant,0,2,true,poisson_shared,g22_o2,22,False,right,56.68257974347567,52.83177427197457,59.70467732798697,100,-43.31742025652433
constant,0,2,true,poisson_shared,g22_o2,22,False,left,58.72375289601551,54.78559492304937,61.68271951557124,50,8.723752896015512
constant,0,2,true,poisson_shared,g22_o2,22,False,root,340.21479273309734,321.15517148453915,359.897872676886,300,40.21479273309734
constant,0,2,true,poisson_shared,g15_o1,15,False,b_split,25.085610369228462,22.359503855000547,25.184409402852996,30,-4.914389630771538
constant,0,2,true,poisson_shared,g15_o1,15,False,b_fraction,0.7423624127715561,0.7407598520719384,0.7677439073392918,0.75,-0.007637587228443876
constant,0,2,true,poisson_shared,g15_o1,15,False,left,46.0900382552371,45.589494117372325,46.83655549603592,50,-3.909961744762903
constant,0,2,true,poisson_shared,g15_o1,15,False,right,100.40859837715006,90.90576127370993,100.72245776673505,100,0.40859837715005654
constant,0,2,true,poisson_shared,g15_o1,15,False,root,312.022451323775,304.06689364009134,312.34412827687197,300,12.022451323774987
constant,0,2,true,poisson_separate,g22_o1,22,False,loop_open,17.51979795824426,14.270178731838904,17.75718899746742,10,7.519797958244261
constant,0,2,true,poisson_separate,g22_o1,22,False,loop_major_fraction,0.6615365225985331,0.6396843855758501,0.9281399226712022,0.75,-0.08846347740146687
constant,0,2,true,poisson_separate,g22_o1,22,False,loop_close,26.68724364646206,22.28612576691072,28.36116273215686,25,1.6872436464620613
constant,0,2,true,poisson_separate,g22_o1,22,False,b_split,36.65606326341157,31.741910369479115,37.1516757321353,30,6.656063263411568
constant,0,2,true,poisson_separate,g22_o1,22,False,b_fraction,0.7420837495129897,0.7280878799134811,0.7431004329185691,0.75,-0.007916250487010279
constant,0,2,true,poisson_separate,g22_o1,22,False,left,47.30547849428666,45.1820236341521,47.51743086637212,50,-2.6945215057133396
constant,0,2,true,poisson_separate,g22_o1,22,False,right,101.61196041878931,98.09672188618909,107.60254501963665,100,1.6119604187893088
constant,0,2,true,poisson_separate,g22_o1,22,False,root,274.16969722201753,272.48573181240215,287.23058604747604,300,-25.830302777982467
constant,0,2,true,poisson_separate,g15_o2,15,False,b_split,21.554538032302975,18.07846588758501,24.088102662930787,30,-8.445461967697025
constant,0,2,true,poisson_separate,g15_o2,15,False,b_fraction,0.8047913476052981,0.7916182022992021,0.8212741663589752,0.75,0.054791347605298135
constant,0,2,true,poisson_separate,g15_o2,15,False,right,57.101381634520564,51.4914427985913,61.23454442674428,100,-42.898618365479436
constant,0,2,true,poisson_separate,g15_o2,15,False,left,59.145641930471015,53.96691212470141,62.96535663461154,50,9.145641930471015
constant,0,2,true,poisson_separate,g15_o2,15,False,root,360.0668139370422,329.94888911366456,381.8609724902934,300,60.066813937042184
constant,0,2,true,poisson_separate,g22_o2,22,False,loop_open,21.38841749727506,17.709448982549382,22.79737677880589,10,11.38841749727506
constant,0,2,true,poisson_separate,g22_o2,22,False,loop_major_fraction,0.5913221286782254,0.5159620591766145,0.6832876620804695,0.75,-0.15867787132177458
constant,0,2,true,poisson_separate,g22_o2,22,False,loop_close,41.79015300761024,35.70736392243982,44.93779237239837,25,16.790153007610243
constant,0,2,true,poisson_separate,g22_o2,22,False,b_split,46.04525431729046,42.79797548802799,48.759036376293594,30,16.045254317290457
constant,0,2,true,poisson_separate,g22_o2,22,False,b_fraction,0.8651181197638543,0.8550159467738503,0.8749661112525348,0.75,0.11511811976385433
constant,0,2,true,poisson_separate,g22_o2,22,False,right,54.933870016139636,51.482078352407775,57.25130151152546,100,-45.066129983860364
constant,0,2,true,poisson_separate,g22_o2,22,False,left,57.13797027212734,53.54283743502862,60.222638916342724,50,7.13797027212734
constant,0,2,true,poisson_separate,g22_o2,22,False,root,428.8430217901367,413.90287865850695,442.6149024993686,300,128.84302179013667
constant,0,2,true,poisson_separate,g15_o1,15,False,b_split,21.680075730700416,19.89715315619507,24.044090089953137,30,-8.319924269299584
constant,0,2,true,poisson_separate,g15_o1,15,False,b_fraction,0.7392215780168181,0.726612013594139,0.7491097222582042,0.75,-0.010778421983181907
constant,0,2,true,poisson_separate,g15_o1,15,False,left,46.976537850200806,45.05505895053767,50.60332297081845,50,-3.023462149799194
constant,0,2,true,poisson_separate,g15_o1,15,False,right,107.99008636155189,96.72682161789865,116.42759435689274,100,7.990086361551889
constant,0,2,true,poisson_separate,g15_o1,15,False,root,295.2466571170003,277.57801470981167,304.92189989664973,300,-4.753342882999675
constant,0,2,hapibd,poisson_shared,g22_o1,22,False,loop_open,18.773681693846246,13.700928747082843,22.104988014658208,10,8.773681693846246
constant,0,2,hapibd,poisson_shared,g22_o1,22,False,loop_major_fraction,0.6734888880823946,0.5249950914756181,0.8189347539927564,0.75,-0.0765111119176054
constant,0,2,hapibd,poisson_shared,g22_o1,22,False,loop_close,27.11016334255212,19.90019650139231,29.561629697792874,25,2.11016334255212
constant,0,2,hapibd,poisson_shared,g22_o1,22,False,b_split,35.71082603672367,29.067908973223194,38.81957631907963,30,5.710826036723667
constant,0,2,hapibd,poisson_shared,g22_o1,22,False,b_fraction,0.7564966415483696,0.7400089851767336,0.7770831361486755,0.75,0.006496641548369597
constant,0,2,hapibd,poisson_shared,g22_o1,22,False,left,47.42738349534025,44.70602516975012,50.360371352419385,50,-2.5726165046597487
constant,0,2,hapibd,poisson_shared,g22_o1,22,False,right,106.98252673515962,96.02566872662385,111.2049718650537,100,6.982526735159624
constant,0,2,hapibd,poisson_shared,g22_o1,22,False,root,322.6367927508843,312.1582734216559,335.1580622237329,300,22.636792750884297
constant,0,2,hapibd,poisson_shared,g15_o2,15,False,b_split,27.101098414579802,21.923699794676107,31.70342566667901,30,-2.898901585420198
constant,0,2,hapibd,poisson_shared,g15_o2,15,False,b_fraction,0.7945177471041591,0.7856295929615887,0.8038605541587615,0.75,0.04451774710415912
constant,0,2,hapibd,poisson_shared,g15_o2,15,False,right,56.52422820844404,53.752165116428436,59.0045508439683,100,-43.47577179155596
constant,0,2,hapibd,poisson_shared,g15_o2,15,False,left,58.534439433974846,55.30604726521899,60.98119200124754,50,8.534439433974846
constant,0,2,hapibd,poisson_shared,g15_o2,15,False,root,377.6536160251014,359.23575002853613,391.62497648313285,300,77.65361602510143
constant,0,2,hapibd,poisson_shared,g22_o2,22,False,loop_open,23.24686806726133,20.04224279030214,27.327384113003454,10,13.246868067261332
constant,0,2,hapibd,poisson_shared,g22_o2,22,False,loop_major_fraction,0.5809313569397782,0.5157700931545065,0.7073041613983208,0.75,-0.16906864306022185
constant,0,2,hapibd,poisson_shared,g22_o2,22,False,loop_close,32.809193553648136,28.46390051560119,37.362268566753535,25,7.809193553648136
constant,0,2,hapibd,poisson_shared,g22_o2,22,False,b_split,39.54321943194699,36.65532466186087,43.20432205657724,30,9.543219431946987
constant,0,2,hapibd,poisson_shared,g22_o2,22,False,b_fraction,0.79925446466562,0.7758420474387936,0.81261780172571,0.75,0.04925446466562
constant,0,2,hapibd,poisson_shared,g22_o2,22,False,right,54.49405047333722,52.05558895162298,57.59958213296789,100,-45.50594952666278
constant,0,2,hapibd,poisson_shared,g22_o2,22,False,left,56.6729149376427,53.79114780026415,59.4176076085009,50,6.672914937642702
constant,0,2,hapibd,poisson_shared,g22_o2,22,False,root,382.50235483397296,369.9276184707227,394.4251584201496,300,82.50235483397296
constant,0,2,hapibd,poisson_shared,g15_o1,15,False,b_split,24.87190997079449,22.178441349093163,27.962225869854997,30,-5.128090029205509
constant,0,2,hapibd,poisson_shared,g15_o1,15,False,b_fraction,0.7630233808242224,0.7433444674923184,0.7739212840526318,0.75,0.013023380824222386
constant,0,2,hapibd,poisson_shared,g15_o1,15,False,left,48.1717576586164,45.021666007604075,52.16574018215999,50,-1.8282423413836
constant,0,2,hapibd,poisson_shared,g15_o1,15,False,right,102.57067489872024,92.91859068623815,115.72634142469981,100,2.5706748987202417
constant,0,2,hapibd,poisson_shared,g15_o1,15,False,root,324.2420334129963,312.8727030872659,334.8446775702358,300,24.242033412996307
constant,0,2,hapibd,poisson_separate,g22_o1,22,False,loop_open,22.52532510884075,20.533085465608963,22.661536948705137,10,12.52532510884075
constant,0,2,hapibd,poisson_separate,g22_o1,22,False,loop_major_fraction,0.6811501961833256,0.6813405412104269,0.681468376006446,0.75,-0.06884980381667438
constant,0,2,hapibd,poisson_separate,g22_o1,22,False,loop_close,31.123604377867906,28.042455065022285,31.26979045447416,25,6.123604377867906
constant,0,2,hapibd,poisson_separate,g22_o1,22,False,b_split,38.72902319234185,37.06487344219431,38.81146714202407,30,8.729023192341849
constant,0,2,hapibd,poisson_separate,g22_o1,22,False,b_fraction,0.731285835935637,0.731318032952915,0.7313180818801173,0.75,-0.018714164064362993
constant,0,2,hapibd,poisson_separate,g22_o1,22,False,left,50.02189659257021,49.35286934982614,50.07756538101883,50,0.02189659257020793
constant,0,2,hapibd,poisson_separate,g22_o1,22,False,right,109.89070894925362,109.91970614490864,109.92287066280394,100,9.890708949253622
constant,0,2,hapibd,poisson_separate,g22_o1,22,False,root,305.096718492974,294.9943549070112,305.546109717775,300,5.0967184929739915
constant,0,2,hapibd,poisson_separate,g15_o2,15,False,b_split,22.26858187591083,19.24518003771698,30.98555802759164,30,-7.731418124089171
constant,0,2,hapibd,poisson_separate,g15_o2,15,False,b_fraction,0.8138457131422904,0.7950941122432266,0.8763953283294116,0.75,0.06384571314229037
constant,0,2,hapibd,poisson_separate,g15_o2,15,False,right,53.06643521264555,48.88220421727411,59.48708753418559,100,-46.93356478735445
constant,0,2,hapibd,poisson_separate,g15_o2,15,False,left,55.15251704855511,50.81213510101342,61.68300220385669,50,5.1525170485551115
constant,0,2,hapibd,poisson_separate,g15_o2,15,False,root,365.40642362493423,338.63880128375223,403.92745030361317,300,65.40642362493423
constant,0,2,hapibd,poisson_separate,g22_o2,22,False,loop_open,20.780530524908865,19.22537113220969,22.631127239651256,10,10.780530524908865
constant,0,2,hapibd,poisson_separate,g22_o2,22,False,loop_major_fraction,0.6339499954988249,0.5206491816597341,0.673469694434047,0.75,-0.11605000450117509
constant,0,2,hapibd,poisson_separate,g22_o2,22,False,loop_close,36.57999917870004,32.68023722314927,41.197349215092395,25,11.579999178700042
constant,0,2,hapibd,poisson_separate,g22_o2,22,False,b_split,42.82176818854262,39.294952144388404,47.09796327435084,30,12.82176818854262
constant,0,2,hapibd,poisson_separate,g22_o2,22,False,b_fraction,0.8555448510995171,0.849440108151804,0.8667428667835507,0.75,0.10554485109951706
constant,0,2,hapibd,poisson_separate,g22_o2,22,False,right,52.83735332379428,50.04944478897454,56.31599877892632,100,-47.16264667620572
constant,0,2,hapibd,poisson_separate,g22_o2,22,False,left,54.930394942977784,52.363338607173944,58.01064420943037,50,4.9303949429777845
constant,0,2,hapibd,poisson_separate,g22_o2,22,False,root,415.342352136959,407.68061559559834,433.8751824915348,300,115.342352136959
constant,0,2,hapibd,poisson_separate,g15_o1,15,False,b_split,26.129295330530415,21.773381147974078,27.89814364437014,30,-3.8707046694695855
constant,0,2,hapibd,poisson_separate,g15_o1,15,False,b_fraction,0.7270240979483198,0.7177025161209352,0.7291681107804426,0.75,-0.022975902051680208
constant,0,2,hapibd,poisson_separate,g15_o1,15,False,left,46.90146777224559,45.72698373890032,47.915381156959576,50,-3.0985322277544114
constant,0,2,hapibd,poisson_separate,g15_o1,15,False,right,112.01143495814716,103.08523748081022,113.9146970560572,100,12.011434958147163
constant,0,2,hapibd,poisson_separate,g15_o1,15,False,root,300.590794467586,277.2753328872407,304.7137844946916,300,0.5907944675860222
constant,0,3,true,poisson_shared,g22_o1,22,False,loop_open,19.024538786433116,13.790038240967382,24.11448687472179,10,9.024538786433116
constant,0,3,true,poisson_shared,g22_o1,22,False,loop_major_fraction,0.6474310737626252,0.5067000680422182,0.8226632376059185,0.75,-0.10256892623737479
constant,0,3,true,poisson_shared,g22_o1,22,False,loop_close,26.760545764228322,19.67081068330132,29.79490477437258,25,1.760545764228322
constant,0,3,true,poisson_shared,g22_o1,22,False,b_split,34.23471588528358,29.70392437180945,37.155180740273906,30,4.234715885283578
constant,0,3,true,poisson_shared,g22_o1,22,False,b_fraction,0.7512200098040205,0.7435300304988616,0.7630067392172815,0.75,0.0012200098040204832
constant,0,3,true,poisson_shared,g22_o1,22,False,left,47.460388158155524,44.000638259622484,49.430460162086874,50,-2.5396118418444757
constant,0,3,true,poisson_shared,g22_o1,22,False,right,114.95845724706557,104.29345489894952,125.0604028221284,100,14.958457247065567
constant,0,3,true,poisson_shared,g22_o1,22,False,root,307.8072373173578,297.7355776426258,318.0363817533252,300,7.807237317357817
constant,0,3,true,poisson_shared,g15_o2,15,False,b_split,25.335847852087618,20.02817512482048,27.44832750534951,30,-4.664152147912382
constant,0,3,true,poisson_shared,g15_o2,15,False,b_fraction,0.7860754634951854,0.7752355279935673,0.7976002757651528,0.75,0.03607546349518542
constant,0,3,true,poisson_shared,g15_o2,15,False,right,56.61396868131503,54.28615983501757,59.569762837600216,100,-43.38603131868497
constant,0,3,true,poisson_shared,g15_o2,15,False,left,58.382096032365475,56.59012170900125,61.600363636415324,50,8.382096032365475
constant,0,3,true,poisson_shared,g15_o2,15,False,root,344.93923560686784,322.8416135166894,351.9337872456032,300,44.93923560686784
constant,0,3,true,poisson_shared,g22_o2,22,False,loop_open,23.80652961921405,21.191353689958174,26.202746909083434,10,13.80652961921405
constant,0,3,true,poisson_shared,g22_o2,22,False,loop_major_fraction,0.582365243249705,0.5088977793104285,0.7009897001078305,0.75,-0.16763475675029504
constant,0,3,true,poisson_shared,g22_o2,22,False,loop_close,37.26402107661555,32.339771978248564,42.20108803517781,25,12.264021076615549
constant,0,3,true,poisson_shared,g22_o2,22,False,b_split,43.71282089525397,38.797533916551714,48.48973453038972,30,13.71282089525397
constant,0,3,true,poisson_shared,g22_o2,22,False,b_fraction,0.7901679129912504,0.779256412775853,0.805916955832102,0.75,0.04016791299125044
constant,0,3,true,poisson_shared,g22_o2,22,False,right,56.928106020831045,54.77219128756382,60.097798445658256,100,-43.071893979168955
constant,0,3,true,poisson_shared,g22_o2,22,False,left,58.985097169634415,56.54212885211191,61.54319067604243,50,8.985097169634415
constant,0,3,true,poisson_shared,g22_o2,22,False,root,343.40494259698903,331.55863114999454,350.76664833986433,300,43.40494259698903
constant,0,3,true,poisson_shared,g15_o1,15,False,b_split,23.600073549617182,19.928976863956862,26.913353600869875,30,-6.399926450382818
constant,0,3,true,poisson_shared,g15_o1,15,False,b_fraction,0.7497341017521377,0.7377900483641314,0.7658332570613574,0.75,-0.0002658982478622729
constant,0,3,true,poisson_shared,g15_o1,15,False,left,48.105426059111196,45.54299877212332,51.05353676050477,50,-1.8945739408888045
constant,0,3,true,poisson_shared,g15_o1,15,False,right,114.14629752017275,104.65469409786041,123.42977006603,100,14.146297520172752
constant,0,3,true,poisson_shared,g15_o1,15,False,root,302.09068014269855,292.3826931701557,308.46620153984014,300,2.0906801426985453
constant,0,3,true,poisson_separate,g22_o1,22,False,loop_open,11.511034024016565,8.658916392223187,18.51385257767261,10,1.5110340240165652
constant,0,3,true,poisson_separate,g22_o1,22,False,loop_major_fraction,0.7579217061629872,0.575738067923884,0.9397143501360282,0.75,0.007921706162987152
constant,0,3,true,poisson_separate,g22_o1,22,False,loop_close,20.03253775885592,14.988033766528783,24.74428633518515,25,-4.96746224114408
constant,0,3,true,poisson_separate,g22_o1,22,False,b_split,31.155404824832555,25.00280857482319,35.77971141357016,30,1.155404824832555
constant,0,3,true,poisson_separate,g22_o1,22,False,b_fraction,0.7044275871675544,0.6762137549188958,0.7329836510552287,0.75,-0.04557241283244562
constant,0,3,true,poisson_separate,g22_o1,22,False,left,48.39498205220505,44.75683750016712,53.355685630879826,50,-1.6050179477949484
constant,0,3,true,poisson_separate,g22_o1,22,False,right,119.39476154098836,110.20228377169039,133.7405840090929,100,19.394761540988355
constant,0,3,true,poisson_separate,g22_o1,22,False,root,283.38828505389137,272.2488706146813,316.0446089705483,300,-16.611714946108634
constant,0,3,true,poisson_separate,g15_o2,15,False,b_split,24.45921037528904,23.196584335530275,24.937797369154577,30,-5.5407896247109605
constant,0,3,true,poisson_separate,g15_o2,15,False,b_fraction,0.8125876408454847,0.8057579553111948,0.8299136385103062,0.75,0.06258764084548474
constant,0,3,true,poisson_separate,g15_o2,15,False,right,56.23483251268654,55.50817133229158,58.064006875041194,100,-43.76516748731346
constant,0,3,true,poisson_separate,g15_o2,15,False,left,58.54898199748394,57.82052665124301,60.007517755278315,50,8.548981997483942
constant,0,3,true,poisson_separate,g15_o2,15,False,root,358.8562462351625,351.7446090396848,375.3246964337006,300,58.85624623516247
constant,0,3,true,poisson_separate,g22_o2,22,False,loop_open,23.9322973615988,23.934030605634423,23.93564919750884,10,13.932297361598799
constant,0,3,true,poisson_separate,g22_o2,22,False,loop_major_fraction,0.5652683508536537,0.5653124233952579,0.565329541378368,0.75,-0.18473164914634632
constant,0,3,true,poisson_separate,g22_o2,22,False,loop_close,43.39209377216716,43.41121707065778,43.4126609946438,25,18.392093772167158
constant,0,3,true,poisson_separate,g22_o2,22,False,b_split,48.55535655171166,48.567312572838276,48.571365152459165,30,18.55535655171166
constant,0,3,true,poisson_separate,g22_o2,22,False,b_fraction,0.839694902581929,0.8397048830100861,0.8397143154344415,0.75,0.08969490258192903
constant,0,3,true,poisson_separate,g22_o2,22,False,right,57.98772597532625,57.99372598325286,57.993798291087096,100,-42.01227402467375
constant,0,3,true,poisson_separate,g22_o2,22,False,left,59.673483405348286,59.67823902605576,59.67875887545496,50,9.673483405348286
constant,0,3,true,poisson_separate,g22_o2,22,False,root,394.6302143027662,394.6787207654055,394.6820491452379,300,94.6302143027662
constant,0,3,true,poisson_separate,g15_o1,15,False,b_split,24.407420175988545,21.214791128076758,29.591558962799876,30,-5.592579824011455
constant,0,3,true,poisson_separate,g15_o1,15,False,b_fraction,0.7182811211129452,0.7081310165398617,0.7332908731949286,0.75,-0.031718878887054824
constant,0,3,true,poisson_separate,g15_o1,15,False,left,47.67399608711995,44.22085230533958,50.7899789004245,50,-2.326003912880047
constant,0,3,true,poisson_separate,g15_o1,15,False,right,122.63862555131146,113.40378732895273,129.1255074005265,100,22.638625551311463
constant,0,3,true,poisson_separate,g15_o1,15,False,root,292.62112263422745,281.8052455953039,298.7885180037369,300,-7.378877365772553
constant,0,3,hapibd,poisson_shared,g22_o1,22,False,loop_open,20.07080845602417,17.969792891040616,22.977510210414568,10,10.07080845602417
constant,0,3,hapibd,poisson_shared,g22_o1,22,False,loop_major_fraction,0.7499447899919027,0.5375275078573517,0.9322135587955231,0.75,-5.5210008097272834e-05
constant,0,3,hapibd,poisson_shared,g22_o1,22,False,loop_close,28.254068254664574,25.82908852783217,30.502297519987703,25,3.254068254664574
constant,0,3,hapibd,poisson_shared,g22_o1,22,False,b_split,35.854127212696305,31.429795376245924,40.09451659779697,30,5.854127212696305
constant,0,3,hapibd,poisson_shared,g22_o1,22,False,b_fraction,0.7568236596079085,0.7433182770598352,0.760939560089153,0.75,0.006823659607908539
constant,0,3,hapibd,poisson_shared,g22_o1,22,False,left,51.21251074307383,48.49062186314353,52.14482538804855,50,1.2125107430738282
constant,0,3,hapibd,poisson_shared,g22_o1,22,False,right,117.80567213734952,108.04398554098618,123.52462678563236,100,17.805672137349518
constant,0,3,hapibd,poisson_shared,g22_o1,22,False,root,321.37048710273336,311.70960999356066,329.5270134360761,300,21.370487102733364
constant,0,3,hapibd,poisson_shared,g15_o2,15,False,b_split,27.78340999281861,26.178541615770634,30.039754286600385,30,-2.2165900071813915
constant,0,3,hapibd,poisson_shared,g15_o2,15,False,b_fraction,0.7924728357359176,0.7786720531893248,0.7972282281770855,0.75,0.04247283573591765
constant,0,3,hapibd,poisson_shared,g15_o2,15,False,right,56.68561652097308,56.32040972252561,59.098501791091216,100,-43.31438347902692
constant,0,3,hapibd,poisson_shared,g15_o2,15,False,left,58.32547877005227,57.81529394362404,61.837030781416026,50,8.325478770052271
constant,0,3,hapibd,poisson_shared,g15_o2,15,False,root,377.41266878186445,359.5308930293548,388.98069329842076,300,77.41266878186445
constant,0,3,hapibd,poisson_shared,g22_o2,22,False,loop_open,24.87551954835642,19.296322903809905,29.377247320402464,10,14.875519548356419
constant,0,3,hapibd,poisson_shared,g22_o2,22,False,loop_major_fraction,0.6758156800514654,0.527095426388448,0.8368040415374367,0.75,-0.07418431994853458
constant,0,3,hapibd,poisson_shared,g22_o2,22,False,loop_close,36.054563000658334,31.77391366652882,40.75908052994075,25,11.054563000658334
constant,0,3,hapibd,poisson_shared,g22_o2,22,False,b_split,42.84144928636833,37.14790587089145,47.36862158441056,30,12.84144928636833
constant,0,3,hapibd,poisson_shared,g22_o2,22,False,b_fraction,0.7929167831239764,0.7788994438146959,0.79874399226214,0.75,0.0429167831239764
constant,0,3,hapibd,poisson_shared,g22_o2,22,False,right,55.77787695576292,52.46712433803407,59.64156077295635,100,-44.22212304423708
constant,0,3,hapibd,poisson_shared,g22_o2,22,False,left,57.89965021579601,54.65534394640861,61.38992995587204,50,7.899650215796008
constant,0,3,hapibd,poisson_shared,g22_o2,22,False,root,379.54912021090786,367.16452303488705,390.4336982079536,300,79.54912021090786
constant,0,3,hapibd,poisson_shared,g15_o1,15,False,b_split,27.016292798661446,24.17222335398678,29.749955490428025,30,-2.9837072013385537
constant,0,3,hapibd,poisson_shared,g15_o1,15,False,b_fraction,0.7551700052584915,0.742690539984201,0.7663851277019283,0.75,0.005170005258491539
constant,0,3,hapibd,poisson_shared,g15_o1,15,False,left,47.77356989877451,45.83860588880077,52.03081532991753,50,-2.226430101225489
constant,0,3,hapibd,poisson_shared,g15_o1,15,False,right,110.30513512912536,106.24373535557648,118.09668215805452,100,10.305135129125361
constant,0,3,hapibd,poisson_shared,g15_o1,15,False,root,326.9023663353675,312.3095379972951,333.36307212963845,300,26.902366335367503
constant,0,3,hapibd,poisson_separate,g22_o1,22,False,loop_open,20.87503261812218,15.918112801094596,21.298111612191143,10,10.87503261812218
constant,0,3,hapibd,poisson_separate,g22_o1,22,False,loop_major_fraction,0.8908891382696238,0.6194065294083917,0.9166325223809862,0.75,0.1408891382696238
constant,0,3,hapibd,poisson_separate,g22_o1,22,False,loop_close,27.84694208015564,25.08183483403296,28.057294061326065,25,2.846942080155639
constant,0,3,hapibd,poisson_separate,g22_o1,22,False,b_split,37.07506319263813,34.44598567096748,37.298142479849204,30,7.075063192638133
constant,0,3,hapibd,poisson_separate,g22_o1,22,False,b_fraction,0.6924589980656285,0.6791149541896428,0.6933540752158275,0.75,-0.057541001934371505
constant,0,3,hapibd,poisson_separate,g22_o1,22,False,left,47.39873169873102,43.45292604669804,49.39938516948696,50,-2.6012683012689806
constant,0,3,hapibd,poisson_separate,g22_o1,22,False,right,114.38905535613398,108.99478707804764,118.39866481788887,100,14.38905535613398
constant,0,3,hapibd,poisson_separate,g22_o1,22,False,root,311.6457775445676,266.39488351184144,315.89393508163556,300,11.64577754456758
constant,0,3,hapibd,poisson_separate,g15_o2,15,False,b_split,27.664693030560883,23.72285625644679,27.794804021149258,30,-2.3353069694391166
constant,0,3,hapibd,poisson_separate,g15_o2,15,False,b_fraction,0.7947842279845819,0.7900649599249565,0.7950013694323191,0.75,0.044784227984581926
constant,0,3,hapibd,poisson_separate,g15_o2,15,False,right,55.07821573315005,55.060852580209975,55.72365239023772,100,-44.92178426684995
constant,0,3,hapibd,poisson_separate,g15_o2,15,False,left,58.35593254341554,58.132785416850304,58.369963858557306,50,8.355932543415541
constant,0,3,hapibd,poisson_separate,g15_o2,15,False,root,321.3218091204685,321.062348782994,325.9120570206994,300,21.321809120468515
constant,0,3,hapibd,poisson_separate,g22_o2,22,False,loop_open,22.561978385255134,22.41848751098633,23.81884151074063,10,12.561978385255134
constant,0,3,hapibd,poisson_separate,g22_o2,22,False,loop_major_fraction,0.5488504482500575,0.5350735691505861,0.684985895105535,0.75,-0.20114955174994253
constant,0,3,hapibd,poisson_separate,g22_o2,22,False,loop_close,41.55280971333962,34.1971951871461,42.28517452394151,25,16.55280971333962
constant,0,3,hapibd,poisson_separate,g22_o2,22,False,b_split,47.54823107568272,41.95139979159309,48.129815798700605,30,17.548231075682722
constant,0,3,hapibd,poisson_separate,g22_o2,22,False,b_fraction,0.8282638983007354,0.8129150174339967,0.8300696562868181,0.75,0.07826389830073543
constant,0,3,hapibd,poisson_separate,g22_o2,22,False,right,56.75457840595147,52.1242723449849,58.89116557892175,100,-43.24542159404853
constant,0,3,hapibd,poisson_separate,g22_o2,22,False,left,59.41816152995212,56.2115804826801,60.50885471150371,50,9.418161529952123
constant,0,3,hapibd,poisson_separate,g22_o2,22,False,root,360.08300882584217,358.0308495132461,374.0879451172749,300,60.08300882584217
constant,0,3,hapibd,poisson_separate,g15_o1,15,False,b_split,28.92227341479749,26.333412892770088,30.89112174099973,30,-1.0777265852025089
constant,0,3,hapibd,poisson_separate,g15_o1,15,False,b_fraction,0.6887239256277121,0.6770810725140451,0.6937867625980408,0.75,-0.06127607437228788
constant,0,3,hapibd,poisson_separate,g15_o1,15,False,left,48.232851924812664,44.68956574422191,50.41412164949049,50,-1.767148075187336
constant,0,3,hapibd,poisson_separate,g15_o1,15,False,right,118.80119088523237,112.4170007049744,127.85047107536518,100,18.801190885232373
constant,0,3,hapibd,poisson_separate,g15_o1,15,False,root,283.64391131840887,273.1876844429169,304.4428252171365,300,-16.35608868159113
constant,0,4,true,poisson_shared,g22_o1,22,False,loop_open,10.663719361631815,6.621573228824676,14.502148214726041,10,0.6637193616318147
constant,0,4,true,poisson_shared,g22_o1,22,False,loop_major_fraction,0.6225923871643323,0.5030178987113779,0.77905652431897,0.75,-0.1274076128356677
constant,0,4,true,poisson_shared,g22_o1,22,False,loop_close,29.397756531329716,23.789361768110496,33.6285099548572,25,4.397756531329716
constant,0,4,true,poisson_shared,g22_o1,22,False,b_split,37.79069597060492,31.535791778375124,41.26612480404476,30,7.790695970604922
constant,0,4,true,poisson_shared,g22_o1,22,False,b_fraction,0.763739465287861,0.7501072345318646,0.781672679028447,0.75,0.013739465287860964
constant,0,4,true,poisson_shared,g22_o1,22,False,left,51.322463944326664,47.85148895572805,53.48530838353443,50,1.322463944326664
constant,0,4,true,poisson_shared,g22_o1,22,False,right,113.25757751789571,104.57098200821119,127.11270932054849,100,13.257577517895712
constant,0,4,true,poisson_shared,g22_o1,22,False,root,312.97431109910343,297.8048981352316,325.47077703922747,300,12.974311099103431
constant,0,4,true,poisson_shared,g15_o2,15,False,b_split,20.629320191687146,18.592086737221102,22.921345808023144,30,-9.370679808312854
constant,0,4,true,poisson_shared,g15_o2,15,False,b_fraction,0.799049696028515,0.7693538517856743,0.8195385459575241,0.75,0.049049696028515055
constant,0,4,true,poisson_shared,g15_o2,15,False,right,59.56879378949263,55.52976365428425,62.60118887927666,100,-40.43120621050737
constant,0,4,true,poisson_shared,g15_o2,15,False,left,62.57386490460357,59.02570633582822,65.63688509229064,50,12.573864904603568
constant,0,4,true,poisson_shared,g15_o2,15,False,root,340.53252710705635,322.6729395924862,360.12382242227454,300,40.53252710705635
constant,0,4,true,poisson_shared,g22_o2,22,False,loop_open,19.193500422256975,15.988695155620732,22.78394822321685,10,9.193500422256975
constant,0,4,true,poisson_shared,g22_o2,22,False,loop_major_fraction,0.5450418228269003,0.5021945281720823,0.5840442105562558,0.75,-0.20495817717309972
constant,0,4,true,poisson_shared,g22_o2,22,False,loop_close,37.56543718293652,31.060589256390198,40.384517871542435,25,12.56543718293652
constant,0,4,true,poisson_shared,g22_o2,22,False,b_split,45.44583674034699,40.391925063906974,48.331177908438704,30,15.44583674034699
constant,0,4,true,poisson_shared,g22_o2,22,False,b_fraction,0.7953432104100441,0.7871172879195131,0.8090114784856495,0.75,0.04534321041004408
constant,0,4,true,poisson_shared,g22_o2,22,False,right,60.5573356116929,56.43700146370022,62.412442583019995,100,-39.4426643883071
constant,0,4,true,poisson_shared,g22_o2,22,False,left,62.56916794753774,57.736143922323755,65.03319870211764,50,12.569167947537743
constant,0,4,true,poisson_shared,g22_o2,22,False,root,345.67462994096917,332.4547243075067,362.35374507861405,300,45.67462994096917
constant,0,4,true,poisson_shared,g15_o1,15,False,b_split,6.2559552269324294,2.5541287357878395,10.031905327141882,30,-23.74404477306757
constant,0,4,true,poisson_shared,g15_o1,15,False,b_fraction,0.7596380352292642,0.7482196310420614,0.7747568125345443,0.75,0.009638035229264208
constant,0,4,true,poisson_shared,g15_o1,15,False,left,50.90545221660148,48.6615840693135,53.42611601448768,50,0.905452216601482
constant,0,4,true,poisson_shared,g15_o1,15,False,right,113.17441145411846,107.92085293405648,117.25085592452369,100,13.174411454118456
constant,0,4,true,poisson_shared,g15_o1,15,False,root,310.42214486673845,294.25045745105473,313.9373904806783,300,10.42214486673845
constant,0,4,true,poisson_separate,g22_o1,22,False,loop_open,11.857448811582742,10.348925666514287,13.831041445254657,10,1.857448811582742
constant,0,4,true,poisson_separate,g22_o1,22,False,loop_major_fraction,0.6088657828654956,0.528170663663201,0.7642272258944703,0.75,-0.14113421713450436
constant,0,4,true,poisson_separate,g22_o1,22,False,loop_close,26.948642248430044,25.783112966590043,30.82470788500747,25,1.948642248430044
constant,0,4,true,poisson_separate,g22_o1,22,False,b_split,35.68199085942837,33.7544612092559,39.723238763538305,30,5.6819908594283675
constant,0,4,true,poisson_separate,g22_o1,22,False,b_fraction,0.7409930338136184,0.727879259371136,0.7514204894524996,0.75,-0.009006966186381637
constant,0,4,true,poisson_separate,g22_o1,22,False,left,50.28360437299466,46.71474337879541,53.12783064353733,50,0.28360437299465957
constant,0,4,true,poisson_separate,g22_o1,22,False,right,116.37604533748157,105.49952064784581,120.0375197397652,100,16.37604533748157
constant,0,4,true,poisson_separate,g22_o1,22,False,root,305.83486080725373,279.3478448192379,317.7212160270084,300,5.834860807253733
constant,0,4,true,poisson_separate,g15_o2,15,False,b_split,16.543543986956287,15.373653019571169,20.13964425047901,30,-13.456456013043713
constant,0,4,true,poisson_separate,g15_o2,15,False,b_fraction,0.7983178128194426,0.7894658682671281,0.8045744389972961,0.75,0.048317812819442585
constant,0,4,true,poisson_separate,g15_o2,15,False,right,58.54694173189825,56.60798362055079,60.6905022130285,100,-41.45305826810175
constant,0,4,true,poisson_separate,g15_o2,15,False,left,60.420521559599266,58.78151208463086,62.53390527325161,50,10.420521559599266
constant,0,4,true,poisson_separate,g15_o2,15,False,root,340.9853219429409,328.2745010188317,364.27328705365505,300,40.985321942940914
constant,0,4,true,poisson_separate,g22_o2,22,False,loop_open,15.738632247341503,14.822264473602193,17.167163606270062,10,5.738632247341503
constant,0,4,true,poisson_separate,g22_o2,22,False,loop_major_fraction,0.5307238678637769,0.5081195401277252,0.5607539299291885,0.75,-0.2192761321362231
constant,0,4,true,poisson_separate,g22_o2,22,False,loop_close,37.671558234144975,34.132586663845444,41.00341648169336,25,12.671558234144975
constant,0,4,true,poisson_separate,g22_o2,22,False,b_split,44.46242601293779,40.76999965666727,47.36811292747314,30,14.46242601293779
constant,0,4,true,poisson_separate,g22_o2,22,False,b_fraction,0.8314987066625573,0.812272500251695,0.8511098271616344,0.75,0.08149870666255732
constant,0,4,true,poisson_separate,g22_o2,22,False,right,56.719168558422844,54.01569419736757,60.84603829863072,100,-43.280831441577156
constant,0,4,true,poisson_separate,g22_o2,22,False,left,58.94986151430669,56.45769683087899,62.77872819161789,50,8.94986151430669
constant,0,4,true,poisson_separate,g22_o2,22,False,root,396.8876013031223,385.9955697678647,418.19104511283865,300,96.88760130312232
constant,0,4,true,poisson_separate,g15_o1,15,False,b_split,13.278450416418435,9.334783975264259,16.777934898595138,30,-16.721549583581563
constant,0,4,true,poisson_separate,g15_o1,15,False,b_fraction,0.7459556314843818,0.7283569997895913,0.7681987357630586,0.75,-0.00404436851561818
constant,0,4,true,poisson_separate,g15_o1,15,False,left,50.79396498163775,46.027359481348,53.60648910662303,50,0.7939649816377496
constant,0,4,true,poisson_separate,g15_o1,15,False,right,112.43652379221601,105.43094247952934,124.76200678466395,100,12.436523792216008
constant,0,4,true,poisson_separate,g15_o1,15,False,root,296.0207415877777,283.63622966570676,304.7565132256429,300,-3.9792584122222934
constant,0,4,hapibd,poisson_shared,g22_o1,22,False,loop_open,13.787866749134961,11.755141495934451,16.87443512621085,10,3.7878667491349614
constant,0,4,hapibd,poisson_shared,g22_o1,22,False,loop_major_fraction,0.6823027108608648,0.511328220130715,0.8663961314285147,0.75,-0.0676972891391352
constant,0,4,hapibd,poisson_shared,g22_o1,22,False,loop_close,26.465436022937574,23.414953457594937,30.84580824971984,25,1.465436022937574
constant,0,4,hapibd,poisson_shared,g22_o1,22,False,b_split,36.81645811618068,33.37382162185519,41.65099910393545,30,6.8164581161806765
constant,0,4,hapibd,poisson_shared,g22_o1,22,False,b_fraction,0.7615342184331324,0.7432936662720616,0.7764573533333238,0.75,0.011534218433132404
constant,0,4,hapibd,poisson_shared,g22_o1,22,False,left,51.01938075486403,48.16612011181285,54.247378266203704,50,1.0193807548640308
constant,0,4,hapibd,poisson_shared,g22_o1,22,False,right,112.77739812789616,105.33423039934905,121.16908008354258,100,12.777398127896163
constant,0,4,hapibd,poisson_shared,g22_o1,22,False,root,323.6940516080545,316.57366641632217,334.6246969759868,300,23.694051608054508
constant,0,4,hapibd,poisson_shared,g15_o2,15,False,b_split,26.417208449900766,20.20566538192766,26.966622219109254,30,-3.582791550099234
constant,0,4,hapibd,poisson_shared,g15_o2,15,False,b_fraction,0.7906310528652511,0.7887252301186982,0.8175536794864439,0.75,0.04063105286525115
constant,0,4,hapibd,poisson_shared,g15_o2,15,False,right,61.18515705121977,56.7411291582303,61.46746848808766,100,-38.81484294878023
constant,0,4,hapibd,poisson_shared,g15_o2,15,False,left,63.31716020237999,60.413178520496075,63.54576306946061,50,13.317160202379988
constant,0,4,hapibd,poisson_shared,g15_o2,15,False,root,377.12305676897773,376.67400783754914,386.37169649546985,300,77.12305676897773
constant,0,4,hapibd,poisson_shared,g22_o2,22,False,loop_open,22.412990383158547,18.939508929510588,25.32586242796654,10,12.412990383158547
constant,0,4,hapibd,poisson_shared,g22_o2,22,False,loop_major_fraction,0.5532810388002436,0.5327247458815338,0.5836371794860511,0.75,-0.1967189611997564
constant,0,4,hapibd,poisson_shared,g22_o2,22,False,loop_close,34.83026242499831,32.92207911907606,38.10452911862762,25,9.83026242499831
constant,0,4,hapibd,poisson_shared,g22_o2,22,False,b_split,44.120816975718,42.393726314158215,47.87308698743785,30,14.120816975718
constant,0,4,hapibd,poisson_shared,g22_o2,22,False,b_fraction,0.7983281318023702,0.791356902057447,0.8027583646340066,0.75,0.04832813180237017
constant,0,4,hapibd,poisson_shared,g22_o2,22,False,right,59.42679197787092,58.541266572838,62.07088675787189,100,-40.57320802212908
constant,0,4,hapibd,poisson_shared,g22_o2,22,False,left,61.58946486903862,60.27613151661469,63.89800072968803,50,11.589464869038622
constant,0,4,hapibd,poisson_shared,g22_o2,22,False,root,397.0567205653571,376.70547766919356,408.85171952171527,300,97.05672056535712
constant,0,4,hapibd,poisson_shared,g15_o1,15,False,b_split,16.11155669630417,10.441478878937742,19.403893355234704,30,-13.88844330369583
constant,0,4,hapibd,poisson_shared,g15_o1,15,False,b_fraction,0.7670932456166575,0.7527474500607626,0.7754053413205387,0.75,0.017093245616657482
constant,0,4,hapibd,poisson_shared,g15_o1,15,False,left,53.615039119204674,49.7649723155658,57.3110118577192,50,3.615039119204674
constant,0,4,hapibd,poisson_shared,g15_o1,15,False,right,109.40477170962103,102.42038802489624,115.19610063935606,100,9.40477170962103
constant,0,4,hapibd,poisson_shared,g15_o1,15,False,root,322.8175610089052,315.3711191165123,334.54117732379115,300,22.817561008905216
constant,0,4,hapibd,poisson_separate,g22_o1,22,False,loop_open,11.804280684513069,11.233302252068878,15.787940887769798,10,1.8042806845130688
constant,0,4,hapibd,poisson_separate,g22_o1,22,False,loop_major_fraction,0.6394420408700502,0.6117308844365779,0.8442845439085984,0.75,-0.11055795912994981
constant,0,4,hapibd,poisson_separate,g22_o1,22,False,loop_close,23.28647455892522,22.554229714433497,28.385334327443044,25,-1.713525441074779
constant,0,4,hapibd,poisson_separate,g22_o1,22,False,b_split,34.62354933769022,34.00518865316384,38.84333261649339,30,4.623549337690221
constant,0,4,hapibd,poisson_separate,g22_o1,22,False,b_fraction,0.7274470134410763,0.725813136777424,0.7456906479465948,0.75,-0.022552986558923682
constant,0,4,hapibd,poisson_separate,g22_o1,22,False,left,46.78012707141445,45.763332815558876,54.27810951107738,50,-3.219872928585552
constant,0,4,hapibd,poisson_separate,g22_o1,22,False,right,105.95332340969206,104.0315731153341,120.73109128565733,100,5.953323409692061
constant,0,4,hapibd,poisson_separate,g22_o1,22,False,root,298.4440097344019,283.7599577793231,310.2101363436593,300,-1.5559902655980977
constant,0,4,hapibd,poisson_separate,g15_o2,15,False,b_split,11.440997975242308,10.212050304063531,19.068542521003007,30,-18.559002024757692
constant,0,4,hapibd,poisson_separate,g15_o2,15,False,b_fraction,0.7977359857993124,0.7911538154282756,0.8043542936880063,0.75,0.047735985799312375
constant,0,4,hapibd,poisson_separate,g15_o2,15,False,right,57.87445160006186,55.537490037573384,61.080896377142615,100,-42.12554839993814
constant,0,4,hapibd,poisson_separate,g15_o2,15,False,left,59.54534634140595,58.17269803759487,63.509185887899974,50,9.545346341405953
constant,0,4,hapibd,poisson_separate,g15_o2,15,False,root,333.1811487861434,326.7757242191473,340.34870757561396,300,33.18114878614341
constant,0,4,hapibd,poisson_separate,g22_o2,22,False,loop_open,14.992570964885092,7.976425087763455,16.815685476876222,10,4.9925709648850916
constant,0,4,hapibd,poisson_separate,g22_o2,22,False,loop_major_fraction,0.5470540499741116,0.5234760936708299,0.605598819597289,0.75,-0.20294595002588844
constant,0,4,hapibd,poisson_separate,g22_o2,22,False,loop_close,33.70246052562964,9.077338233673846,37.52010633885335,25,8.70246052562964
constant,0,4,hapibd,poisson_separate,g22_o2,22,False,b_split,41.188114772578764,14.475948523559337,45.56443121739041,30,11.188114772578764
constant,0,4,hapibd,poisson_separate,g22_o2,22,False,b_fraction,0.8159618897395694,0.7925031781686576,0.8357992385278368,0.75,0.0659618897395694
constant,0,4,hapibd,poisson_separate,g22_o2,22,False,right,59.3745223411625,55.126175157113614,60.79589377979955,100,-40.6254776588375
constant,0,4,hapibd,poisson_separate,g22_o2,22,False,left,61.21439589856597,57.10909809960215,63.018479026363124,50,11.214395898565968
constant,0,4,hapibd,poisson_separate,g22_o2,22,False,root,358.6277782151416,332.6373433123337,403.193195817187,300,58.627778215141575
constant,0,4,hapibd,poisson_separate,g15_o1,15,False,b_split,20.372509124101764,17.92609897507872,22.356452840426225,30,-9.627490875898236
constant,0,4,hapibd,poisson_separate,g15_o1,15,False,b_fraction,0.7460064015702632,0.7259533785209711,0.7689362282981009,0.75,-0.003993598429736789
constant,0,4,hapibd,poisson_separate,g15_o1,15,False,left,50.37108562532395,48.92506584294082,53.10377896957982,50,0.37108562532394984
constant,0,4,hapibd,poisson_separate,g15_o1,15,False,right,108.12389649456699,97.2291267287769,121.23972665541953,100,8.123896494566992
constant,0,4,hapibd,poisson_separate,g15_o1,15,False,root,295.7005215251404,289.1754761188753,317.9937636214628,300,-4.2994784748595976
constant,0,5,true,poisson_shared,g22_o1,22,False,loop_open,17.66686021492491,13.404863869886798,19.96329726380533,10,7.66686021492491
constant,0,5,true,poisson_shared,g22_o1,22,False,loop_major_fraction,0.6935900795351082,0.575748056350554,0.9207404151592967,0.75,-0.056409920464891794
constant,0,5,true,poisson_shared,g22_o1,22,False,loop_close,27.33817304754886,23.100046499078378,29.74176871804648,25,2.3381730475488602
constant,0,5,true,poisson_shared,g22_o1,22,False,b_split,35.482549296515764,32.70373542913195,38.3979200130424,30,5.482549296515764
constant,0,5,true,poisson_shared,g22_o1,22,False,b_fraction,0.7701591324564832,0.7565599849479784,0.7918435581523738,0.75,0.020159132456483153
constant,0,5,true,poisson_shared,g22_o1,22,False,left,48.93421716288233,46.10720818836021,49.75641184150289,50,-1.0657828371176734
constant,0,5,true,poisson_shared,g22_o1,22,False,right,102.16194365311995,89.0908243412225,110.94894255325953,100,2.1619436531199483
constant,0,5,true,poisson_shared,g22_o1,22,False,root,323.38151427750176,317.4298946619433,336.5445650711567,300,23.381514277501765
constant,0,5,true,poisson_shared,g15_o2,15,False,b_split,23.454082481993012,12.458923098365325,27.451041355546575,30,-6.545917518006988
constant,0,5,true,poisson_shared,g15_o2,15,False,b_fraction,0.7995940649680812,0.7867559919109183,0.822161666437837,0.75,0.049594064968081164
constant,0,5,true,poisson_shared,g15_o2,15,False,right,55.681771384977175,52.483737854041934,59.49747613866407,100,-44.318228615022825
constant,0,5,true,poisson_shared,g15_o2,15,False,left,58.167323834577346,54.68923510421482,61.804948350197456,50,8.167323834577346
constant,0,5,true,poisson_shared,g15_o2,15,False,root,358.5219911407897,343.40810713293257,371.5364856649427,300,58.52199114078968
constant,0,5,true,poisson_shared,g22_o2,22,False,loop_open,23.03812858604699,18.183319135965608,26.175183118479577,10,13.03812858604699
constant,0,5,true,poisson_shared,g22_o2,22,False,loop_major_fraction,0.5383534135354906,0.5013714742698611,0.6420745255999466,0.75,-0.2116465864645094
constant,0,5,true,poisson_shared,g22_o2,22,False,loop_close,36.04537526379782,32.923114310780335,37.63070391861073,25,11.045375263797823
constant,0,5,true,poisson_shared,g22_o2,22,False,b_split,42.79089281188385,39.996816689891745,43.68178447366391,30,12.79089281188385
constant,0,5,true,poisson_shared,g22_o2,22,False,b_fraction,0.7935440379644992,0.7862369070437852,0.8078122312812629,0.75,0.04354403796449924
constant,0,5,true,poisson_shared,g22_o2,22,False,right,55.371918629037715,52.885454381950375,56.91206328285328,100,-44.628081370962285
constant,0,5,true,poisson_shared,g22_o2,22,False,left,57.21561294134775,55.9434569609922,59.15790134446846,50,7.21561294134775
constant,0,5,true,poisson_shared,g22_o2,22,False,root,363.08514964497374,353.58017874512996,378.65663184073975,300,63.08514964497374
constant,0,5,true,poisson_shared,g15_o1,15,False,b_split,23.086823776192908,13.622650753189571,27.12345752458588,30,-6.913176223807092
constant,0,5,true,poisson_shared,g15_o1,15,False,b_fraction,0.7652033382836563,0.7532001124387339,0.7849480879934538,0.75,0.015203338283656276
constant,0,5,true,poisson_shared,g15_o1,15,False,left,49.92193368373753,45.89064433613004,52.958440859882366,50,-0.07806631626247196
constant,0,5,true,poisson_shared,g15_o1,15,False,right,103.42010264179038,94.55601217214938,111.29040230068622,100,3.420102641790379
constant,0,5,true,poisson_shared,g15_o1,15,False,root,323.3142176159304,310.28510035415906,334.53687680393364,300,23.314217615930374
constant,0,5,true,poisson_separate,g22_o1,22,False,loop_open,17.29956427695023,15.694847553622262,17.463040770621976,10,7.299564276950228
constant,0,5,true,poisson_separate,g22_o1,22,False,loop_major_fraction,0.7335858706521765,0.5809567661464959,0.7422315226973389,0.75,-0.016414129347823492
constant,0,5,true,poisson_separate,g22_o1,22,False,loop_close,29.34810004055798,27.368772783922125,29.56312132968815,25,4.348100040557981
constant,0,5,true,poisson_separate,g22_o1,22,False,b_split,38.12060282240159,36.603430055048726,38.22267841338516,30,8.120602822401587
constant,0,5,true,poisson_separate,g22_o1,22,False,b_fraction,0.7383844812761834,0.7301470289051495,0.7388470208395752,0.75,-0.011615518723816609
constant,0,5,true,poisson_separate,g22_o1,22,False,left,49.831987256166514,47.74441214374176,50.034736467693655,50,-0.1680127438334864
constant,0,5,true,poisson_separate,g22_o1,22,False,right,105.74089734665138,104.9648172720936,117.07629870757911,100,5.74089734665138
constant,0,5,true,poisson_separate,g22_o1,22,False,root,329.92944466012693,297.3166317207159,332.73595504450475,300,29.929444660126933
constant,0,5,true,poisson_separate,g15_o2,15,False,b_split,20.299868769071352,18.03712685109112,22.19213332490021,30,-9.700131230928648
constant,0,5,true,poisson_separate,g15_o2,15,False,b_fraction,0.8011066154111526,0.7732390514831727,0.8342472421295793,0.75,0.05110661541115258
constant,0,5,true,poisson_separate,g15_o2,15,False,right,56.067683968212876,53.742934834884736,59.1948256445979,100,-43.932316031787124
constant,0,5,true,poisson_separate,g15_o2,15,False,left,58.20308618389912,56.31813908095328,61.45197816099287,50,8.203086183899117
constant,0,5,true,poisson_separate,g15_o2,15,False,root,359.34867235809827,339.89574707384884,416.42202148884064,300,59.34867235809827
constant,0,5,true,poisson_separate,g22_o2,22,False,loop_open,19.71125872076591,18.523190629337762,21.116126701657855,10,9.711258720765908
constant,0,5,true,poisson_separate,g22_o2,22,False,loop_major_fraction,0.5835679244661681,0.5172203470566039,0.611037986775232,0.75,-0.16643207553383188
constant,0,5,true,poisson_separate,g22_o2,22,False,loop_close,39.38079210519373,36.62482480757295,40.1890789486154,25,14.380792105193727
constant,0,5,true,poisson_separate,g22_o2,22,False,b_split,45.331946959013365,43.03052653375341,46.46649407758052,30,15.331946959013365
constant,0,5,true,poisson_separate,g22_o2,22,False,b_fraction,0.8126387408063881,0.8092463215896444,0.8346183194269953,0.75,0.0626387408063881
constant,0,5,true,poisson_separate,g22_o2,22,False,right,57.39863552321677,53.7313328553602,57.97462085208257,100,-42.60136447678323
constant,0,5,true,poisson_separate,g22_o2,22,False,left,59.30369591595508,56.513453644743194,59.76659100131414,50,9.303695915955082
constant,0,5,true,poisson_separate,g22_o2,22,False,root,422.885148199591,399.3585624558778,431.19844882327874,300,122.88514819959101
constant,0,5,true,poisson_separate,g15_o1,15,False,b_split,25.070733711335066,25.079478396849847,25.080224661866303,30,-4.929266288664934
constant,0,5,true,poisson_separate,g15_o1,15,False,b_fraction,0.714982902998136,0.7142363596345743,0.71483447952618,0.75,-0.03501709700186395
constant,0,5,true,poisson_separate,g15_o1,15,False,left,51.23647980477041,51.264914895542,51.26612977530174,50,1.2364798047704113
constant,0,5,true,poisson_separate,g15_o1,15,False,right,116.99526543000437,117.2626517644965,117.26424485832317,100,16.995265430004366
constant,0,5,true,poisson_separate,g15_o1,15,False,root,324.2820347481609,324.48301422810357,324.48467565766293,300,24.282034748160925
constant,0,5,hapibd,poisson_shared,g22_o1,22,False,loop_open,16.913749741082842,13.672643228829918,20.231664995860566,10,6.913749741082842
constant,0,5,hapibd,poisson_shared,g22_o1,22,False,loop_major_fraction,0.805444981966279,0.6293613522751826,0.9928039381498113,0.75,0.055444981966279006
constant,0,5,hapibd,poisson_shared,g22_o1,22,False,loop_close,25.814605794561285,21.348484679507784,29.54369178742642,25,0.8146057945612846
constant,0,5,hapibd,poisson_shared,g22_o1,22,False,b_split,36.823481308696195,33.449023036475516,42.92674805083759,30,6.823481308696195
constant,0,5,hapibd,poisson_shared,g22_o1,22,False,b_fraction,0.7772667600401552,0.7574373557694343,0.7851120620404035,0.75,0.027266760040155158
constant,0,5,hapibd,poisson_shared,g22_o1,22,False,left,49.31551041201983,46.0658666775902,51.243164555336065,50,-0.6844895879801669
constant,0,5,hapibd,poisson_shared,g22_o1,22,False,right,105.65474239097652,100.25690145269024,111.56374653266283,100,5.654742390976523
constant,0,5,hapibd,poisson_shared,g22_o1,22,False,root,350.11467302938036,337.1348476070472,355.7663988677721,300,50.114673029380356
constant,0,5,hapibd,poisson_shared,g15_o2,15,False,b_split,25.469296878108107,24.41299391979357,27.065670656376604,30,-4.530703121891893
constant,0,5,hapibd,poisson_shared,g15_o2,15,False,b_fraction,0.7981271169628187,0.7905127828964634,0.8052254586129693,0.75,0.04812711696281868
constant,0,5,hapibd,poisson_shared,g15_o2,15,False,right,58.89548590792612,55.25845123347666,59.61475787694968,100,-41.10451409207388
constant,0,5,hapibd,poisson_shared,g15_o2,15,False,left,60.9160882950929,57.44686186407435,61.55744968401629,50,10.916088295092898
constant,0,5,hapibd,poisson_shared,g15_o2,15,False,root,396.85647045857564,380.16846555779006,404.59912082866106,300,96.85647045857564
constant,0,5,hapibd,poisson_shared,g22_o2,22,False,loop_open,22.86707706351196,20.798495243506512,25.500584333217756,10,12.86707706351196
constant,0,5,hapibd,poisson_shared,g22_o2,22,False,loop_major_fraction,0.6256962051044542,0.5366187146416511,0.695634154276696,0.75,-0.12430379489554577
constant,0,5,hapibd,poisson_shared,g22_o2,22,False,loop_close,36.211197065998334,31.663295989256543,38.246301983313465,25,11.211197065998334
constant,0,5,hapibd,poisson_shared,g22_o2,22,False,b_split,42.49774065480033,41.06243405756067,44.96920700857812,30,12.497740654800332
constant,0,5,hapibd,poisson_shared,g22_o2,22,False,b_fraction,0.7882165677914997,0.7869043668811884,0.8016343308869243,0.75,0.038216567791499734
constant,0,5,hapibd,poisson_shared,g22_o2,22,False,right,56.838984620861616,53.73004431737845,57.3400373254317,100,-43.161015379138384
constant,0,5,hapibd,poisson_shared,g22_o2,22,False,left,58.459491160359846,56.27576186534637,59.121431796706574,50,8.459491160359846
constant,0,5,hapibd,poisson_shared,g22_o2,22,False,root,389.2699912802663,386.77150057339986,413.36506644921377,300,89.26999128026631
constant,0,5,hapibd,poisson_shared,g15_o1,15,False,b_split,26.27898331220027,23.168413396034314,31.566029936993925,30,-3.721016687799729
constant,0,5,hapibd,poisson_shared,g15_o1,15,False,b_fraction,0.7644922770936593,0.7567764125965462,0.7900830785748832,0.75,0.0144922770936593
constant,0,5,hapibd,poisson_shared,g15_o1,15,False,left,47.64856779295851,45.689574878669866,53.15712949301378,50,-2.3514322070414906
constant,0,5,hapibd,poisson_shared,g15_o1,15,False,right,104.95491027705575,100.82661667139485,111.9550319742059,100,4.954910277055745
constant,0,5,hapibd,poisson_shared,g15_o1,15,False,root,344.0017458161866,335.7988419761699,354.3196713766224,300,44.0017458161866
constant,0,5,hapibd,poisson_separate,g22_o1,22,False,loop_open,15.918172352941482,15.405278767903203,17.746047688417576,10,5.9181723529414825
constant,0,5,hapibd,poisson_separate,g22_o1,22,False,loop_major_fraction,0.601242282404787,0.5017754619072262,0.9320955186227128,0.75,-0.14875771759521295
constant,0,5,hapibd,poisson_separate,g22_o1,22,False,loop_close,25.968811541762474,24.7231180786789,26.905323727944175,25,0.9688115417624736
constant,0,5,hapibd,poisson_separate,g22_o1,22,False,b_split,37.61644118635167,35.533889165093726,39.30825925892039,30,7.616441186351672
constant,0,5,hapibd,poisson_separate,g22_o1,22,False,b_fraction,0.7180491081844499,0.7143193114727503,0.7362109183883198,0.75,-0.03195089181555011
constant,0,5,hapibd,poisson_separate,g22_o1,22,False,left,50.30576288287284,47.59739556453214,50.88377794208019,50,0.30576288287284115
constant,0,5,hapibd,poisson_separate,g22_o1,22,False,right,115.17655523889808,104.65527720412382,117.75755702831327,100,15.176555238898075
constant,0,5,hapibd,poisson_separate,g22_o1,22,False,root,315.99852963889043,297.78645450372915,325.2129446537371,300,15.998529638890432
constant,0,5,hapibd,poisson_separate,g15_o2,15,False,b_split,21.228840488064336,21.22836078451292,21.228393192362212,30,-8.771159511935664
constant,0,5,hapibd,poisson_separate,g15_o2,15,False,b_fraction,0.8078009554151873,0.8078058810654706,0.8078097737883315,0.75,0.05780095541518726
constant,0,5,hapibd,poisson_separate,g15_o2,15,False,right,52.90154439310297,52.89856551349014,52.89948502345554,100,-47.09845560689703
constant,0,5,hapibd,poisson_separate,g15_o2,15,False,left,56.442126676891206,56.44077510920572,56.44109833491805,50,6.442126676891206
constant,0,5,hapibd,poisson_separate,g15_o2,15,False,root,346.3154763593663,346.29233750010246,346.30073260123993,300,46.3154763593663
constant,0,5,hapibd,poisson_separate,g22_o2,22,False,loop_open,20.752567438740336,17.897897577810994,21.640812520084207,10,10.752567438740336
constant,0,5,hapibd,poisson_separate,g22_o2,22,False,loop_major_fraction,0.5323712381904541,0.5192080794840548,0.6050402563982318,0.75,-0.21762876180954593
constant,0,5,hapibd,poisson_separate,g22_o2,22,False,loop_close,39.167542787302445,36.323151765385944,39.74823278093422,25,14.167542787302445
constant,0,5,hapibd,poisson_separate,g22_o2,22,False,b_split,46.33343120936468,44.61947561584624,46.765883878706674,30,16.333431209364683
constant,0,5,hapibd,poisson_separate,g22_o2,22,False,b_fraction,0.8227109858301188,0.8207070460956465,0.8297303640167378,0.75,0.07271098583011881
constant,0,5,hapibd,poisson_separate,g22_o2,22,False,right,56.9265295402972,55.37567213556305,57.29382956518935,100,-43.0734704597028
constant,0,5,hapibd,poisson_separate,g22_o2,22,False,left,59.475730286591066,57.46980630520614,60.08682945881928,50,9.475730286591066
constant,0,5,hapibd,poisson_separate,g22_o2,22,False,root,411.5137558385747,410.2638028125432,414.63432756307776,300,111.5137558385747
constant,0,5,hapibd,poisson_separate,g15_o1,15,False,b_split,27.80070097642121,23.86609217607706,30.757692934244997,30,-2.1992990235787886
constant,0,5,hapibd,poisson_separate,g15_o1,15,False,b_fraction,0.7356563669772798,0.7247959154116811,0.7557667335238455,0.75,-0.014343633022720237
constant,0,5,hapibd,poisson_separate,g15_o1,15,False,left,50.19290274244886,47.329304692663904,52.26810474009596,50,0.19290274244885808
constant,0,5,hapibd,poisson_separate,g15_o1,15,False,right,113.18920051447071,101.6173574160446,118.37890876542178,100,13.189200514470713
constant,0,5,hapibd,poisson_separate,g15_o1,15,False,root,322.7636861547331,304.7755665198668,332.8936399124207,300,22.76368615473308
constant,0,6,true,poisson_shared,g22_o1,22,False,loop_open,17.123864614267617,12.835860574121297,19.65813459493322,10,7.123864614267617
constant,0,6,true,poisson_shared,g22_o1,22,False,loop_major_fraction,0.7246525818049685,0.5106589961887981,0.8347375493100743,0.75,-0.0253474181950315
constant,0,6,true,poisson_shared,g22_o1,22,False,loop_close,30.109478317793073,26.509054837612712,34.62002788792914,25,5.109478317793073
constant,0,6,true,poisson_shared,g22_o1,22,False,b_split,38.883466582991964,35.24892133860042,43.62688818019929,30,8.883466582991964
constant,0,6,true,poisson_shared,g22_o1,22,False,b_fraction,0.7528741259319224,0.7220627136274821,0.7686907341723804,0.75,0.0028741259319223778
constant,0,6,true,poisson_shared,g22_o1,22,False,left,51.69974623166968,49.20505900967784,53.77653101936761,50,1.6997462316696783
constant,0,6,true,poisson_shared,g22_o1,22,False,right,115.24895955988075,109.81099391736497,135.5615793278696,100,15.248959559880745
constant,0,6,true,poisson_shared,g22_o1,22,False,root,303.17392948870264,295.42033686918046,313.8671395913054,300,3.1739294887026404
constant,0,6,true,poisson_shared,g15_o2,15,False,b_split,23.236695815818248,21.58135207139664,26.722848658617938,30,-6.763304184181752
constant,0,6,true,poisson_shared,g15_o2,15,False,b_fraction,0.7895962575447092,0.7789211610528141,0.8024397251113884,0.75,0.03959625754470919
constant,0,6,true,poisson_shared,g15_o2,15,False,right,61.02626500415317,57.61477706173029,63.72180254328003,100,-38.97373499584683
constant,0,6,true,poisson_shared,g15_o2,15,False,left,62.91167328844509,59.86223372559803,65.0142974911483,50,12.911673288445087
constant,0,6,true,poisson_shared,g15_o2,15,False,root,346.6322135959041,330.9330338753712,356.34372444955085,300,46.63221359590409
constant,0,6,true,poisson_shared,g22_o2,22,False,loop_open,24.693461565963375,22.585528925131804,25.91874785517158,10,14.693461565963375
constant,0,6,true,poisson_shared,g22_o2,22,False,loop_major_fraction,0.5130879764589179,0.5021380008277405,0.5469419312467917,0.75,-0.2369120235410821
constant,0,6,true,poisson_shared,g22_o2,22,False,loop_close,39.08988172068365,38.04667632544232,43.28275885702078,25,14.08988172068365
constant,0,6,true,poisson_shared,g22_o2,22,False,b_split,45.64301611817293,44.167479511575905,50.40782605573821,30,15.64301611817293
constant,0,6,true,poisson_shared,g22_o2,22,False,b_fraction,0.7850027045064538,0.7796464184668291,0.7991147221889632,0.75,0.03500270450645382
constant,0,6,true,poisson_shared,g22_o2,22,False,right,56.83214333273333,55.701331968731125,59.8025609014667,100,-43.16785666726667
constant,0,6,true,poisson_shared,g22_o2,22,False,left,59.300931308582854,58.29629113230584,61.6404722829021,50,9.300931308582854
constant,0,6,true,poisson_shared,g22_o2,22,False,root,365.6421945716781,343.1474603530978,378.4508542388428,300,65.64219457167809
constant,0,6,true,poisson_shared,g15_o1,15,False,b_split,15.462266443486227,11.214834086323847,17.958083636874882,30,-14.537733556513773
constant,0,6,true,poisson_shared,g15_o1,15,False,b_fraction,0.7558224414878196,0.7393331993756538,0.7624437085484485,0.75,0.0058224414878196296
constant,0,6,true,poisson_shared,g15_o1,15,False,left,50.618562967885396,48.69677933851611,54.83511378299404,50,0.6185629678853957
constant,0,6,true,poisson_shared,g15_o1,15,False,right,113.1281688886999,103.77071268490353,126.83451971559533,100,13.128168888699904
constant,0,6,true,poisson_shared,g15_o1,15,False,root,306.7627076958153,297.4217086837526,314.347826301637,300,6.7627076958153225
constant,0,6,true,poisson_separate,g22_o1,22,False,loop_open,15.955364727963651,13.162433174151072,19.822385224464355,10,5.9553647279636515
constant,0,6,true,poisson_separate,g22_o1,22,False,loop_major_fraction,0.6269567271369821,0.5114092085944403,0.782534478617236,0.75,-0.12304327286301786
constant,0,6,true,poisson_separate,g22_o1,22,False,loop_close,28.180658017637622,24.941228738270503,33.8353811357498,25,3.1806580176376222
constant,0,6,true,poisson_separate,g22_o1,22,False,b_split,37.069843278817714,32.736997893945215,43.56917032654824,30,7.069843278817714
constant,0,6,true,poisson_separate,g22_o1,22,False,b_fraction,0.7369796712196724,0.7208800592992892,0.7501940519060902,0.75,-0.01302032878032755
constant,0,6,true,poisson_separate,g22_o1,22,False,left,50.961340868402445,47.95920281575423,55.479346736532655,50,0.9613408684024449
constant,0,6,true,poisson_separate,g22_o1,22,False,right,117.9836299953276,108.27568512787852,132.4221032450679,100,17.983629995327604
constant,0,6,true,poisson_separate,g22_o1,22,False,root,300.4745765885718,292.89610865073223,311.2404790076286,300,0.47457658857177876
constant,0,6,true,poisson_separate,g15_o2,15,False,b_split,20.59496081611914,19.206866492318085,21.083298868311328,30,-9.40503918388086
constant,0,6,true,poisson_separate,g15_o2,15,False,b_fraction,0.7931974347535085,0.7900040805529436,0.7933540419584398,0.75,0.04319743475350846
constant,0,6,true,poisson_separate,g15_o2,15,False,right,58.041616491034006,57.94699619662166,58.77103053696679,100,-41.958383508965994
constant,0,6,true,poisson_separate,g15_o2,15,False,left,60.354917605534034,60.264013129537815,61.24757715687472,50,10.354917605534034
constant,0,6,true,poisson_separate,g15_o2,15,False,root,334.95633858545995,334.11633691232055,350.2995096668477,300,34.956338585459946
constant,0,6,true,poisson_separate,g22_o2,22,False,loop_open,13.981001800126233,13.837861725881025,13.838266218996607,10,3.981001800126233
constant,0,6,true,poisson_separate,g22_o2,22,False,loop_major_fraction,0.583892862351381,0.5847692535390135,0.5847728078664401,0.75,-0.16610713764861895
constant,0,6,true,poisson_separate,g22_o2,22,False,loop_close,32.63017966040932,32.52328710264774,32.52506415392123,25,7.630179660409318
constant,0,6,true,poisson_separate,g22_o2,22,False,b_split,38.435603470195346,38.30637585168021,38.30901873750111,30,8.435603470195346
constant,0,6,true,poisson_separate,g22_o2,22,False,b_fraction,0.8017981349062512,0.8003900559722659,0.8003950822374357,0.75,0.05179813490625118
constant,0,6,true,poisson_separate,g22_o2,22,False,right,58.67322528423432,58.77991953422071,58.77994352128868,100,-41.32677471576568
constant,0,6,true,poisson_separate,g22_o2,22,False,left,60.36760462035641,60.452440706329554,60.45316201178078,50,10.36760462035641
constant,0,6,true,poisson_separate,g22_o2,22,False,root,316.8088808657797,314.46742454160824,314.47943131331584,300,16.808880865779713
constant,0,6,true,poisson_separate,g15_o1,15,False,b_split,18.563959814309683,15.700169922580281,22.251175342928782,30,-11.436040185690317
constant,0,6,true,poisson_separate,g15_o1,15,False,b_fraction,0.7355166905124768,0.7273435886690899,0.7568956774520516,0.75,-0.014483309487523188
constant,0,6,true,poisson_separate,g15_o1,15,False,left,50.01955001706184,47.79190204494401,53.20956208611412,50,0.019550017061838787
constant,0,6,true,poisson_separate,g15_o1,15,False,right,120.67657772324539,106.37137563736893,128.45193104325747,100,20.676577723245387
constant,0,6,true,poisson_separate,g15_o1,15,False,root,309.83315895706653,293.4088830164361,324.8181742835729,300,9.83315895706653
constant,0,6,hapibd,poisson_shared,g22_o1,22,False,loop_open,16.821148863512928,11.99568355207671,18.98871801302277,10,6.821148863512928
constant,0,6,hapibd,poisson_shared,g22_o1,22,False,loop_major_fraction,0.6781215962352342,0.5059754929304896,0.869559154309261,0.75,-0.07187840376476584
constant,0,6,hapibd,poisson_shared,g22_o1,22,False,loop_close,29.991881914512884,26.181629492717562,30.507678422610475,25,4.991881914512884
constant,0,6,hapibd,poisson_shared,g22_o1,22,False,b_split,39.75524982860651,36.5807197755284,40.98776617814298,30,9.755249828606509
constant,0,6,hapibd,poisson_shared,g22_o1,22,False,b_fraction,0.7566437177656741,0.7253644327712833,0.7616332144008818,0.75,0.006643717765674073
constant,0,6,hapibd,poisson_shared,g22_o1,22,False,left,51.15954615794974,48.78047595943246,51.67785495683889,50,1.159546157949741
constant,0,6,hapibd,poisson_shared,g22_o1,22,False,right,114.95738576287489,108.0883327985751,133.48987799493426,100,14.957385762874893
constant,0,6,hapibd,poisson_shared,g22_o1,22,False,root,322.76445565428685,314.63501789894985,339.05638047785703,300,22.76445565428685
constant,0,6,hapibd,poisson_shared,g15_o2,15,False,b_split,27.92878688407485,21.0403579425783,32.87460386166589,30,-2.0712131159251506
constant,0,6,hapibd,poisson_shared,g15_o2,15,False,b_fraction,0.7863387736347628,0.7792480407078817,0.7968694285455847,0.75,0.03633877363476279
constant,0,6,hapibd,poisson_shared,g15_o2,15,False,right,59.24477880828701,56.324333604875875,61.86976176958724,100,-40.75522119171299
constant,0,6,hapibd,poisson_shared,g15_o2,15,False,left,61.51557891658157,58.550351598935094,63.69346525407668,50,11.515578916581568
constant,0,6,hapibd,poisson_shared,g15_o2,15,False,root,395.8018704150036,384.2933720110816,417.62139078807473,300,95.80187041500358
constant,0,6,hapibd,poisson_shared,g22_o2,22,False,loop_open,21.50429376752101,18.08394743359928,24.5012266512289,10,11.504293767521009
constant,0,6,hapibd,poisson_shared,g22_o2,22,False,loop_major_fraction,0.6092541500987321,0.5111465075450138,0.7244059936143596,0.75,-0.14074584990126793
constant,0,6,hapibd,poisson_shared,g22_o2,22,False,loop_close,36.918296433120666,31.48626937823095,40.33816962194227,25,11.918296433120666
constant,0,6,hapibd,poisson_shared,g22_o2,22,False,b_split,45.90177378477649,41.60028665295365,49.62345366579877,30,15.901773784776488
constant,0,6,hapibd,poisson_shared,g22_o2,22,False,b_fraction,0.7906979363383592,0.7796045119724646,0.7988327821882388,0.75,0.040697936338359164
constant,0,6,hapibd,poisson_shared,g22_o2,22,False,right,58.15838063413376,55.90082313333612,60.07046345459015,100,-41.84161936586624
constant,0,6,hapibd,poisson_shared,g22_o2,22,False,left,60.159951428482344,58.315450452173366,62.209843045520664,50,10.159951428482344
constant,0,6,hapibd,poisson_shared,g22_o2,22,False,root,399.63325342861845,383.7413624341837,410.7130572877189,300,99.63325342861845
constant,0,6,hapibd,poisson_shared,g15_o1,15,False,b_split,25.310848885772206,18.80486671916711,29.568775991603818,30,-4.689151114227794
constant,0,6,hapibd,poisson_shared,g15_o1,15,False,b_fraction,0.7506989230858822,0.7247190178214923,0.7626081596183201,0.75,0.0006989230858821527
constant,0,6,hapibd,poisson_shared,g15_o1,15,False,left,52.101410993374365,46.69379426519827,53.18744871513849,50,2.1014109933743654
constant,0,6,hapibd,poisson_shared,g15_o1,15,False,right,110.83513240481048,107.63368554601998,125.58612793819462,100,10.83513240481048
constant,0,6,hapibd,poisson_shared,g15_o1,15,False,root,314.57606384503464,308.72323066219445,337.91555490850266,300,14.57606384503464
constant,0,6,hapibd,poisson_separate,g22_o1,22,False,loop_open,15.634385871187536,13.07571906040791,17.701260035903235,10,5.634385871187536
constant,0,6,hapibd,poisson_separate,g22_o1,22,False,loop_major_fraction,0.6912881944038644,0.5181060887643498,0.8274325807568438,0.75,-0.05871180559613565
constant,0,6,hapibd,poisson_separate,g22_o1,22,False,loop_close,26.93469034187484,26.301996378534326,31.835008633768336,25,1.9346903418748411
constant,0,6,hapibd,poisson_separate,g22_o1,22,False,b_split,36.87189458622927,35.74845009449433,41.93620089832051,30,6.871894586229267
constant,0,6,hapibd,poisson_separate,g22_o1,22,False,b_fraction,0.728697906869683,0.7105137880850282,0.739682681248675,0.75,-0.021302093130316946
constant,0,6,hapibd,poisson_separate,g22_o1,22,False,left,49.330263864563214,47.923698485163804,53.63948293261104,50,-0.6697361354367857
constant,0,6,hapibd,poisson_separate,g22_o1,22,False,right,120.99077112920847,112.44846897350725,126.92251827405488,100,20.99077112920847
constant,0,6,hapibd,poisson_separate,g22_o1,22,False,root,301.8505679511462,285.5681694255267,319.866853933703,300,1.8505679511462176
constant,0,6,hapibd,poisson_separate,g15_o2,15,False,b_split,24.98376287854882,22.077480120376528,27.776807090891765,30,-5.01623712145118
constant,0,6,hapibd,poisson_separate,g15_o2,15,False,b_fraction,0.7987556483201292,0.7881696099204427,0.8115208810041475,0.75,0.04875564832012924
constant,0,6,hapibd,poisson_separate,g15_o2,15,False,right,57.48985116203628,55.07929354373412,59.31457984709248,100,-42.51014883796372
constant,0,6,hapibd,poisson_separate,g15_o2,15,False,left,59.83786314630603,57.234897974083594,61.33024642962848,50,9.837863146306027
constant,0,6,hapibd,poisson_separate,g15_o2,15,False,root,348.59797404662606,336.65224362553323,353.5764639691636,300,48.597974046626064
constant,0,6,hapibd,poisson_separate,g22_o2,22,False,loop_open,17.354833516407727,16.075704445024158,21.476197730427558,10,7.3548335164077265
constant,0,6,hapibd,poisson_separate,g22_o2,22,False,loop_major_fraction,0.5454411372542995,0.5061010529475931,0.6537516152304115,0.75,-0.20455886274570045
constant,0,6,hapibd,poisson_separate,g22_o2,22,False,loop_close,37.7445531393855,35.39616187675191,40.075799468952184,25,12.744553139385502
constant,0,6,hapibd,poisson_separate,g22_o2,22,False,b_split,45.02329549779004,43.15680972171989,47.953782600625196,30,15.023295497790038
constant,0,6,hapibd,poisson_separate,g22_o2,22,False,b_fraction,0.8357968087615772,0.8168786152826846,0.8452298503904037,0.75,0.08579680876157725
constant,0,6,hapibd,poisson_separate,g22_o2,22,False,right,56.91419359518666,54.53746556996679,59.606457337619496,100,-43.08580640481334
constant,0,6,hapibd,poisson_separate,g22_o2,22,False,left,59.163365733989785,56.85607294235221,61.86960541934543,50,9.163365733989785
constant,0,6,hapibd,poisson_separate,g22_o2,22,False,root,402.7147631533072,389.64186565233587,414.2776295569727,300,102.71476315330722
constant,0,6,hapibd,poisson_separate,g15_o1,15,False,b_split,26.11759606667115,22.556887632363967,29.020146441558662,30,-3.882403933328849
constant,0,6,hapibd,poisson_separate,g15_o1,15,False,b_fraction,0.7364614395455853,0.7072084879118773,0.7590529641313161,0.75,-0.013538560454414705
constant,0,6,hapibd,poisson_separate,g15_o1,15,False,left,50.65225213550688,46.77368382214495,54.545688569735546,50,0.6522521355068776
constant,0,6,hapibd,poisson_separate,g15_o1,15,False,right,117.05138892023744,111.03775633897313,122.47382828399766,100,17.051388920237443
constant,0,6,hapibd,poisson_separate,g15_o1,15,False,root,303.37835849622087,294.1427092380318,314.76006368620295,300,3.3783584962208693
constant,0,7,true,poisson_shared,g22_o1,22,False,loop_open,15.238582103589842,10.68392513942002,20.75500640288585,10,5.238582103589842
constant,0,7,true,poisson_shared,g22_o1,22,False,loop_major_fraction,0.6998543250102172,0.542244696478014,0.963117724189302,0.75,-0.05014567498978284
constant,0,7,true,poisson_shared,g22_o1,22,False,loop_close,26.39584436822627,23.22445672029717,33.22864684153442,25,1.3958443682262711
constant,0,7,true,poisson_shared,g22_o1,22,False,b_split,34.11951888703548,32.48774917534439,40.34738722724687,30,4.119518887035483
constant,0,7,true,poisson_shared,g22_o1,22,False,b_fraction,0.7582204387193201,0.742064213634692,0.7817185693933744,0.75,0.0082204387193201
constant,0,7,true,poisson_shared,g22_o1,22,False,left,50.40605542940647,47.809616338357216,54.81106540057966,50,0.40605542940647155
constant,0,7,true,poisson_shared,g22_o1,22,False,right,101.48552033114122,92.6158074043968,108.85427641303738,100,1.4855203311412168
constant,0,7,true,poisson_shared,g22_o1,22,False,root,306.4879913271694,292.68143313326556,321.08261756168116,300,6.487991327169425
constant,0,7,true,poisson_shared,g15_o2,15,False,b_split,24.047073929791974,22.432619512620928,27.92275988713443,30,-5.952926070208026
constant,0,7,true,poisson_shared,g15_o2,15,False,b_fraction,0.795281565000336,0.7828348067433831,0.8059906762607559,0.75,0.04528156500033598
constant,0,7,true,poisson_shared,g15_o2,15,False,right,59.400977267762016,55.327010050407324,61.74013300979454,100,-40.599022732237984
constant,0,7,true,poisson_shared,g15_o2,15,False,left,61.56866988468872,57.279668266536156,64.87371888735089,50,11.568669884688717
constant,0,7,true,poisson_shared,g15_o2,15,False,root,323.23331174219504,310.1858485320309,340.60630798656257,300,23.233311742195042
constant,0,7,true,poisson_shared,g22_o2,22,False,loop_open,21.35301971447551,18.763136548837316,25.015998408812916,10,11.353019714475511
constant,0,7,true,poisson_shared,g22_o2,22,False,loop_major_fraction,0.644318169961457,0.5305482290046298,0.706586385034626,0.75,-0.10568183003854303
constant,0,7,true,poisson_shared,g22_o2,22,False,loop_close,31.027959084992812,27.47080900631977,34.79098911169753,25,6.027959084992812
constant,0,7,true,poisson_shared,g22_o2,22,False,b_split,37.95053393038915,33.8810134201182,41.87618803617619,30,7.950533930389149
constant,0,7,true,poisson_shared,g22_o2,22,False,b_fraction,0.795535691651455,0.7831161441786194,0.8127894807221946,0.75,0.04553569165145499
constant,0,7,true,poisson_shared,g22_o2,22,False,right,57.2756346813989,56.17983472365617,61.05455679960022,100,-42.7243653186011
constant,0,7,true,poisson_shared,g22_o2,22,False,left,59.598015283798404,57.99339550219085,63.45079014145794,50,9.598015283798404
constant,0,7,true,poisson_shared,g22_o2,22,False,root,332.70027768942816,316.24697296165294,345.19843547344266,300,32.70027768942816
constant,0,7,true,poisson_shared,g15_o1,15,False,b_split,17.223248583597893,12.590439215181227,18.343522731761603,30,-12.776751416402107
constant,0,7,true,poisson_shared,g15_o1,15,False,b_fraction,0.7657897140747006,0.7519933390261512,0.7715212542989724,0.75,0.015789714074700645
constant,0,7,true,poisson_shared,g15_o1,15,False,left,49.09086135177123,47.4446711242994,52.5470273844395,50,-0.9091386482287689
constant,0,7,true,poisson_shared,g15_o1,15,False,right,103.49796249225764,93.31538237362518,110.08255241374303,100,3.497962492257642
constant,0,7,true,poisson_shared,g15_o1,15,False,root,322.2440681242572,298.69884687141666,329.0489408381104,300,22.244068124257183
constant,0,7,true,poisson_separate,g22_o1,22,False,loop_open,16.526851055867628,12.653601638978262,18.85435830290587,10,6.526851055867628
constant,0,7,true,poisson_separate,g22_o1,22,False,loop_major_fraction,0.6376742981463219,0.5190847446503843,0.8539324281290724,0.75,-0.11232570185367807
constant,0,7,true,poisson_separate,g22_o1,22,False,loop_close,28.171585920375275,24.860650837672736,33.099316622665,25,3.171585920375275
constant,0,7,true,poisson_separate,g22_o1,22,False,b_split,35.53396547053257,30.89151438923327,39.1807526886873,30,5.533965470532571
constant,0,7,true,poisson_separate,g22_o1,22,False,b_fraction,0.7339635022592557,0.7111235287629246,0.7531347217191429,0.75,-0.016036497740744338
constant,0,7,true,poisson_separate,g22_o1,22,False,left,51.2224685920561,48.435206681517975,53.88420998447823,50,1.222468592056103
constant,0,7,true,poisson_separate,g22_o1,22,False,right,107.72097490688039,97.5759940770115,119.73324402204479,100,7.720974906880386
constant,0,7,true,poisson_separate,g22_o1,22,False,root,310.8427637955959,299.2306303303259,329.062302237838,300,10.842763795595886
constant,0,7,true,poisson_separate,g15_o2,15,False,b_split,15.084717475585151,14.986579341205553,15.014405251040088,30,-14.915282524414849
constant,0,7,true,poisson_separate,g15_o2,15,False,b_fraction,0.800596234694357,0.7966377864888129,0.8008997784648189,0.75,0.050596234694357034
constant,0,7,true,poisson_separate,g15_o2,15,False,right,66.98984736948452,64.48593114067643,67.09389899341821,100,-33.01015263051548
constant,0,7,true,poisson_separate,g15_o2,15,False,left,68.62339976244064,66.5536790945427,68.71687819288887,50,18.62339976244064
constant,0,7,true,poisson_separate,g15_o2,15,False,root,385.82737710061167,385.73279075852514,385.7364182421811,300,85.82737710061167
constant,0,7,true,poisson_separate,g22_o2,22,False,loop_open,21.011847642615454,17.618703537405644,22.458786205866694,10,11.011847642615454
constant,0,7,true,poisson_separate,g22_o2,22,False,loop_major_fraction,0.5367041827298277,0.5104306742642156,0.6026918360052512,0.75,-0.21329581727017233
constant,0,7,true,poisson_separate,g22_o2,22,False,loop_close,37.05750309467402,35.718982116731816,45.22503510515663,25,12.057503094674018
constant,0,7,true,poisson_separate,g22_o2,22,False,b_split,42.26505488606719,40.8373137633122,50.41294187525962,30,12.26505488606719
constant,0,7,true,poisson_separate,g22_o2,22,False,b_fraction,0.8061462954383308,0.80064586531438,0.8269500778964513,0.75,0.05614629543833083
constant,0,7,true,poisson_separate,g22_o2,22,False,right,55.01567433315789,53.0518226718713,62.54234097959843,100,-44.98432566684211
constant,0,7,true,poisson_separate,g22_o2,22,False,left,57.47936530157855,55.510188348528715,64.67504741883857,50,7.479365301578547
constant,0,7,true,poisson_separate,g22_o2,22,False,root,412.78950249866796,406.2633237304524,429.3685273839781,300,112.78950249866796
constant,0,7,true,poisson_separate,g15_o1,15,False,b_split,20.579169588913953,18.294590680287545,22.557333886537048,30,-9.420830411086047
constant,0,7,true,poisson_separate,g15_o1,15,False,b_fraction,0.7385053057739386,0.7228370249394442,0.7510677091562825,0.75,-0.01149469422606142
constant,0,7,true,poisson_separate,g15_o1,15,False,left,51.144171114565665,48.82619098411963,54.38317144131897,50,1.1441711145656654
constant,0,7,true,poisson_separate,g15_o1,15,False,right,109.92820368337632,94.7057069641214,118.36013060865162,100,9.928203683376324
constant,0,7,true,poisson_separate,g15_o1,15,False,root,316.1128883868884,300.37231788746925,330.7335083533121,300,16.112888386888415
constant,0,7,hapibd,poisson_shared,g22_o1,22,False,loop_open,18.136423325013066,15.482671576652843,23.37626882036274,10,8.136423325013066
constant,0,7,hapibd,poisson_shared,g22_o1,22,False,loop_major_fraction,0.6289981698581666,0.505415325275392,0.8680559443362701,0.75,-0.12100183014183341
constant,0,7,hapibd,poisson_shared,g22_o1,22,False,loop_close,27.540695073796773,19.643606015260325,31.943348843663962,25,2.5406950737967726
constant,0,7,hapibd,poisson_shared,g22_o1,22,False,b_split,36.616620516277884,30.696240165118738,41.21647700741038,30,6.616620516277884
constant,0,7,hapibd,poisson_shared,g22_o1,22,False,b_fraction,0.769398287870645,0.7519190260869493,0.7804066551993478,0.75,0.019398287870645015
constant,0,7,hapibd,poisson_shared,g22_o1,22,False,left,49.78545996432238,46.00814591134613,52.764104236296234,50,-0.21454003567762214
constant,0,7,hapibd,poisson_shared,g22_o1,22,False,right,99.85664375562408,89.70341598544462,110.03282316095847,100,-0.14335624437592287
constant,0,7,hapibd,poisson_shared,g22_o1,22,False,root,328.77486497352766,318.1968243120578,339.7591717918251,300,28.774864973527656
constant,0,7,hapibd,poisson_shared,g15_o2,15,False,b_split,26.91881522368126,23.296474430662354,31.406618362379408,30,-3.0811847763187394
constant,0,7,hapibd,poisson_shared,g15_o2,15,False,b_fraction,0.7957618044943123,0.7834894474477541,0.8081966512225337,0.75,0.04576180449431233
constant,0,7,hapibd,poisson_shared,g15_o2,15,False,right,56.67353244240515,54.20992172377462,59.864621564078654,100,-43.32646755759485
constant,0,7,hapibd,poisson_shared,g15_o2,15,False,left,58.981930690331716,56.78758856675697,62.3621707384184,50,8.981930690331716
constant,0,7,hapibd,poisson_shared,g15_o2,15,False,root,374.24052912397224,357.3565565036483,388.6969654493815,300,74.24052912397224
constant,0,7,hapibd,poisson_shared,g22_o2,22,False,loop_open,22.818482775682746,21.422972478199593,24.95428850337345,10,12.818482775682746
constant,0,7,hapibd,poisson_shared,g22_o2,22,False,loop_major_fraction,0.5622395656282417,0.5157668403902761,0.6051567012263724,0.75,-0.18776043437175827
constant,0,7,hapibd,poisson_shared,g22_o2,22,False,loop_close,32.92539748617822,30.697313395086326,36.805584538220565,25,7.92539748617822
constant,0,7,hapibd,poisson_shared,g22_o2,22,False,b_split,41.5101526393215,39.39175823545649,43.78038650805145,30,11.510152639321497
constant,0,7,hapibd,poisson_shared,g22_o2,22,False,b_fraction,0.7884246298147958,0.7779772650496841,0.803651172975846,0.75,0.038424629814795774
constant,0,7,hapibd,poisson_shared,g22_o2,22,False,right,57.001922689031986,55.12709017716443,58.323509250456894,100,-42.998077310968014
constant,0,7,hapibd,poisson_shared,g22_o2,22,False,left,59.47871827223813,56.94963098864064,60.53145793728396,50,9.478718272238133
constant,0,7,hapibd,poisson_shared,g22_o2,22,False,root,378.64059480234846,371.7917792749532,394.61723028040234,300,78.64059480234846
constant,0,7,hapibd,poisson_shared,g15_o1,15,False,b_split,26.050611491665943,18.261207320294773,29.14920087461889,30,-3.9493885083340565
constant,0,7,hapibd,poisson_shared,g15_o1,15,False,b_fraction,0.7642609834798527,0.7474104243033409,0.7742226173860894,0.75,0.014260983479852718
constant,0,7,hapibd,poisson_shared,g15_o1,15,False,left,51.20736713842617,48.33027650683644,53.48324468388937,50,1.2073671384261715
constant,0,7,hapibd,poisson_shared,g15_o1,15,False,right,104.82665689191921,91.35170729887378,111.65606021020672,100,4.826656891919214
constant,0,7,hapibd,poisson_shared,g15_o1,15,False,root,327.6484215279809,315.4127921221326,336.8005605237473,300,27.648421527980872
constant,0,7,hapibd,poisson_separate,g22_o1,22,False,loop_open,17.85472225810117,14.687372335017987,20.013482709713795,10,7.8547222581011695
constant,0,7,hapibd,poisson_separate,g22_o1,22,False,loop_major_fraction,0.7023883204680651,0.5478893888603852,0.8833574801403805,0.75,-0.0476116795319349
constant,0,7,hapibd,poisson_separate,g22_o1,22,False,loop_close,27.638211148711466,23.308574324748175,32.03710422746819,25,2.6382111487114663
constant,0,7,hapibd,poisson_separate,g22_o1,22,False,b_split,36.959665397653055,32.16991294458407,41.17707653742432,30,6.959665397653055
constant,0,7,hapibd,poisson_separate,g22_o1,22,False,b_fraction,0.7336610150668863,0.7223856061677321,0.7490109990784358,0.75,-0.016338984933113698
constant,0,7,hapibd,poisson_separate,g22_o1,22,False,left,50.755162068857594,47.026601720710595,53.65667917055394,50,0.7551620688575937
constant,0,7,hapibd,poisson_separate,g22_o1,22,False,right,106.30564530121028,97.98655243960746,112.8939617075923,100,6.305645301210276
constant,0,7,hapibd,poisson_separate,g22_o1,22,False,root,317.42628276038226,299.11051519593144,329.2605400747973,300,17.426282760382264
constant,0,7,hapibd,poisson_separate,g15_o2,15,False,b_split,25.01243759480328,22.517023883955083,28.84572897607756,30,-4.987562405196719
constant,0,7,hapibd,poisson_separate,g15_o2,15,False,b_fraction,0.7954281436902644,0.7809898930978482,0.826482964830551,0.75,0.04542814369026438
constant,0,7,hapibd,poisson_separate,g15_o2,15,False,right,58.00658267428014,55.559652057855146,62.176119307257196,100,-41.99341732571986
constant,0,7,hapibd,poisson_separate,g15_o2,15,False,left,60.5948713993763,57.76317185703428,64.4439774273294,50,10.594871399376302
constant,0,7,hapibd,poisson_separate,g15_o2,15,False,root,367.6405278144625,348.5480548885851,395.40458855910714,300,67.64052781446247
constant,0,7,hapibd,poisson_separate,g22_o2,22,False,loop_open,22.395248779490093,18.405893494796878,26.20615042335478,10,12.395248779490093
constant,0,7,hapibd,poisson_separate,g22_o2,22,False,loop_major_fraction,0.5867210960167456,0.5024150043464978,0.6154665885559347,0.75,-0.1632789039832544
constant,0,7,hapibd,poisson_separate,g22_o2,22,False,loop_close,40.953966356569595,38.682059212702235,45.077518716455394,25,15.953966356569595
constant,0,7,hapibd,poisson_separate,g22_o2,22,False,b_split,46.68276181844969,43.69947805394517,49.48164216276505,30,16.68276181844969
constant,0,7,hapibd,poisson_separate,g22_o2,22,False,b_fraction,0.8109763300671441,0.8075692677768538,0.8282420905447841,0.75,0.06097633006714409
constant,0,7,hapibd,poisson_separate,g22_o2,22,False,right,56.22563726313258,54.596340646473614,60.2955756476217,100,-43.77436273686742
constant,0,7,hapibd,poisson_separate,g22_o2,22,False,left,58.336974868713725,57.30532650805947,63.38746089878147,50,8.336974868713725
constant,0,7,hapibd,poisson_separate,g22_o2,22,False,root,398.4588462722115,392.0848496782556,414.4796146504825,300,98.45884627221147
constant,0,7,hapibd,poisson_separate,g15_o1,15,False,b_split,25.87956020969479,25.18857101112003,26.285061099364707,30,-4.120439790305209
constant,0,7,hapibd,poisson_separate,g15_o1,15,False,b_fraction,0.7254693480424301,0.715060618286035,0.7444821505056609,0.75,-0.02453065195756987
constant,0,7,hapibd,poisson_separate,g15_o1,15,False,left,48.6516798109732,47.13425475904733,49.39784524657589,50,-1.3483201890268006
constant,0,7,hapibd,poisson_separate,g15_o1,15,False,right,108.77154810881467,92.6269281412826,117.40944229203352,100,8.77154810881467
constant,0,7,hapibd,poisson_separate,g15_o1,15,False,root,314.52659502159713,290.2095616660388,327.49767737849567,300,14.526595021597132
constant,0,8,true,poisson_shared,g22_o1,22,False,loop_open,12.145498255395399,8.471478384165986,15.68272115911118,10,2.145498255395399
constant,0,8,true,poisson_shared,g22_o1,22,False,loop_major_fraction,0.7652837106489474,0.522443633226149,0.8352261952149198,0.75,0.015283710648947402
constant,0,8,true,poisson_shared,g22_o1,22,False,loop_close,24.09395774253667,22.836594495884547,28.37600696805529,25,-0.90604225746333
constant,0,8,true,poisson_shared,g22_o1,22,False,b_split,32.5802956068039,31.11669225514182,36.72481970977929,30,2.580295606803901
constant,0,8,true,poisson_shared,g22_o1,22,False,b_fraction,0.7529600955950195,0.7355119238944534,0.7669841699463557,0.75,0.0029600955950195296
constant,0,8,true,poisson_shared,g22_o1,22,False,left,43.82043825449582,41.34236453282719,49.070528315054815,50,-6.179561745504181
constant,0,8,true,poisson_shared,g22_o1,22,False,right,119.30570108803636,115.0736340786075,135.71804497073106,100,19.305701088036358
constant,0,8,true,poisson_shared,g22_o1,22,False,root,302.87351873158013,293.93812551395456,311.67868496517406,300,2.873518731580134
constant,0,8,true,poisson_shared,g15_o2,15,False,b_split,24.016841717748893,18.34949139096169,26.294290211878078,30,-5.983158282251107
constant,0,8,true,poisson_shared,g15_o2,15,False,b_fraction,0.7870263406408924,0.779769454987262,0.8023460142793128,0.75,0.037026340640892386
constant,0,8,true,poisson_shared,g15_o2,15,False,right,57.688727093915276,54.794301875901326,59.07038827275113,100,-42.311272906084724
constant,0,8,true,poisson_shared,g15_o2,15,False,left,59.56068436055167,58.16755271681084,61.54046262556726,50,9.560684360551669
constant,0,8,true,poisson_shared,g15_o2,15,False,root,347.50466268696596,331.89532022467745,368.94638059425057,300,47.50466268696596
constant,0,8,true,poisson_shared,g22_o2,22,False,loop_open,19.81797952299898,16.057133634433058,22.100500774734755,10,9.817979522998979
constant,0,8,true,poisson_shared,g22_o2,22,False,loop_major_fraction,0.5522076629096077,0.5024930034459599,0.5728784518106261,0.75,-0.19779233709039235
constant,0,8,true,poisson_shared,g22_o2,22,False,loop_close,35.4287474737758,31.083225045006152,37.52891782516782,25,10.4287474737758
constant,0,8,true,poisson_shared,g22_o2,22,False,b_split,43.31616955687057,39.80182602540348,45.079305040562446,30,13.31616955687057
constant,0,8,true,poisson_shared,g22_o2,22,False,b_fraction,0.7953229931875802,0.7842135815101481,0.8009696449476215,0.75,0.04532299318758015
constant,0,8,true,poisson_shared,g22_o2,22,False,right,58.68002580172075,55.842563211100384,59.82747557450234,100,-41.31997419827925
constant,0,8,true,poisson_shared,g22_o2,22,False,left,60.334078629122395,57.47822581123166,61.56436914953677,50,10.334078629122395
constant,0,8,true,poisson_shared,g22_o2,22,False,root,351.1028238537352,344.2790873233785,365.71122292472955,300,51.102823853735174
constant,0,8,true,poisson_shared,g15_o1,15,False,b_split,14.552714701657194,9.031510686730153,21.8186932174454,30,-15.447285298342806
constant,0,8,true,poisson_shared,g15_o1,15,False,b_fraction,0.7577867579101403,0.7347955465913371,0.7807003510479822,0.75,0.007786757910140274
constant,0,8,true,poisson_shared,g15_o1,15,False,left,47.960648642033895,44.91356671387868,50.84053477026225,50,-2.0393513579661047
constant,0,8,true,poisson_shared,g15_o1,15,False,right,121.19333207339241,106.77324777518567,136.16668912339983,100,21.193332073392412
constant,0,8,true,poisson_shared,g15_o1,15,False,root,309.86650121451595,286.9031424286421,321.8843814630741,300,9.86650121451595
constant,0,8,true,poisson_separate,g22_o1,22,False,loop_open,12.40911213235838,11.481125115366028,13.725205645222713,10,2.4091121323583806
constant,0,8,true,poisson_separate,g22_o1,22,False,loop_major_fraction,0.8637341533457794,0.5525427354892996,0.895401149907571,0.75,0.11373415334577941
constant,0,8,true,poisson_separate,g22_o1,22,False,loop_close,23.767634923063994,23.243486164237222,25.96687761505806,25,-1.2323650769360057
constant,0,8,true,poisson_separate,g22_o1,22,False,b_split,32.922540257933036,32.69416727279617,35.91063013532083,30,2.9225402579330364
constant,0,8,true,poisson_separate,g22_o1,22,False,b_fraction,0.7622022505696529,0.7501831474357112,0.7725528943424936,0.75,0.01220225056965285
constant,0,8,true,poisson_separate,g22_o1,22,False,left,44.154859603322436,43.78494244783914,47.542134638294755,50,-5.845140396677564
constant,0,8,true,poisson_separate,g22_o1,22,False,right,115.34875203563328,114.63139412831322,127.1191695770565,100,15.348752035633282
constant,0,8,true,poisson_separate,g22_o1,22,False,root,301.1152190787978,293.97317584706803,312.2253313639157,300,1.115219078797793
constant,0,8,true,poisson_separate,g15_o2,15,False,b_split,16.03704869470851,11.849589074267394,16.236046742082674,30,-13.96295130529149
constant,0,8,true,poisson_separate,g15_o2,15,False,b_fraction,0.8969433349105831,0.886583719406432,0.8996411547244818,0.75,0.1469433349105831
constant,0,8,true,poisson_separate,g15_o2,15,False,right,52.35327599834864,52.24888632374667,53.359695486879424,100,-47.64672400165136
constant,0,8,true,poisson_separate,g15_o2,15,False,left,54.84391680190196,54.049440500501476,55.25823357053425,50,4.843916801901962
constant,0,8,true,poisson_separate,g15_o2,15,False,root,409.23668330533076,369.52913248697024,414.11078181140425,300,109.23668330533076
constant,0,8,true,poisson_separate,g22_o2,22,False,loop_open,15.720455519256161,15.132018841013668,16.05982861143999,10,5.720455519256161
constant,0,8,true,poisson_separate,g22_o2,22,False,loop_major_fraction,0.6680324367791267,0.6629774324519694,0.784988432911429,0.75,-0.08196756322087329
constant,0,8,true,poisson_separate,g22_o2,22,False,loop_close,38.209303408461984,36.22623175212658,38.6783599533922,25,13.209303408461984
constant,0,8,true,poisson_separate,g22_o2,22,False,b_split,42.28684665905131,40.71498212496394,42.64398515174589,30,12.286846659051307
constant,0,8,true,poisson_separate,g22_o2,22,False,b_fraction,0.8766639591015603,0.872054341566415,0.8951658132485226,0.75,0.12666395910156025
constant,0,8,true,poisson_separate,g22_o2,22,False,right,53.1032841034354,50.4676777878436,53.563045745508326,100,-46.8967158965646
constant,0,8,true,poisson_separate,g22_o2,22,False,left,55.28525835463579,53.01522960106472,55.58738692583248,50,5.285258354635793
constant,0,8,true,poisson_separate,g22_o2,22,False,root,422.17137699502996,402.8931627336758,437.31090879273154,300,122.17137699502996
constant,0,8,true,poisson_separate,g15_o1,15,False,b_split,17.091416160636,15.209081292866179,18.665424774725775,30,-12.908583839363999
constant,0,8,true,poisson_separate,g15_o1,15,False,b_fraction,0.7618030110658419,0.74411981541312,0.7722018871530388,0.75,0.011803011065841917
constant,0,8,true,poisson_separate,g15_o1,15,False,left,46.16101159002053,45.17624096466718,48.34747509355516,50,-3.8389884099794713
constant,0,8,true,poisson_separate,g15_o1,15,False,right,125.12414748293929,110.16594176120164,129.23158694677392,100,25.124147482939293
constant,0,8,true,poisson_separate,g15_o1,15,False,root,305.4380251073688,292.0538486344414,311.8501647866502,300,5.438025107368787
constant,0,8,hapibd,poisson_shared,g22_o1,22,False,loop_open,11.900157877107919,9.268231843457883,15.766180986164708,10,1.9001578771079188
constant,0,8,hapibd,poisson_shared,g22_o1,22,False,loop_major_fraction,0.7648270591228008,0.5294461759429695,0.9342975469176443,0.75,0.0148270591228008
constant,0,8,hapibd,poisson_shared,g22_o1,22,False,loop_close,25.5097120264075,20.344664090979254,27.327847512403117,25,0.5097120264074988
constant,0,8,hapibd,poisson_shared,g22_o1,22,False,b_split,37.126778876195665,34.031531548708806,38.781783140933044,30,7.126778876195665
constant,0,8,hapibd,poisson_shared,g22_o1,22,False,b_fraction,0.7465879985915619,0.740259655440409,0.7727763430757669,0.75,-0.0034120014084381145
constant,0,8,hapibd,poisson_shared,g22_o1,22,False,left,49.26778806274167,46.434465755181265,50.42717336084737,50,-0.7322119372583273
constant,0,8,hapibd,poisson_shared,g22_o1,22,False,right,123.76366986099184,116.90248380058516,131.75013151092196,100,23.76366986099184
constant,0,8,hapibd,poisson_shared,g22_o1,22,False,root,309.1918844175426,303.55967760862444,325.6402996430296,300,9.19188441754261
constant,0,8,hapibd,poisson_shared,g15_o2,15,False,b_split,24.061658673184755,20.735891022903246,27.8510243955108,30,-5.9383413268152445
constant,0,8,hapibd,poisson_shared,g15_o2,15,False,b_fraction,0.7943659892301451,0.7805583479853081,0.8086141209360116,0.75,0.04436598923014512
constant,0,8,hapibd,poisson_shared,g15_o2,15,False,right,57.01185455291227,53.568218083218184,60.825841510826585,100,-42.98814544708773
constant,0,8,hapibd,poisson_shared,g15_o2,15,False,left,59.02689650217249,56.07110451622893,62.85588967693058,50,9.026896502172491
constant,0,8,hapibd,poisson_shared,g15_o2,15,False,root,386.76358421803303,371.9259637156445,405.33965778201576,300,86.76358421803303
constant,0,8,hapibd,poisson_shared,g22_o2,22,False,loop_open,17.185817378073192,14.664839077873866,21.630741432984948,10,7.185817378073192
constant,0,8,hapibd,poisson_shared,g22_o2,22,False,loop_major_fraction,0.5490058476599133,0.5059881564856409,0.6415729729965445,0.75,-0.20099415234008666
constant,0,8,hapibd,poisson_shared,g22_o2,22,False,loop_close,30.63893824895998,27.16365680392609,33.83122651602346,25,5.638938248959981
constant,0,8,hapibd,poisson_shared,g22_o2,22,False,b_split,41.49133568271638,39.20897630211142,45.01857940005332,30,11.491335682716382
constant,0,8,hapibd,poisson_shared,g22_o2,22,False,b_fraction,0.7896920075924635,0.7767826130462452,0.8033406122336206,0.75,0.039692007592463496
constant,0,8,hapibd,poisson_shared,g22_o2,22,False,right,55.81865928523001,54.11904155192811,58.34430208812335,100,-44.18134071476999
constant,0,8,hapibd,poisson_shared,g22_o2,22,False,left,58.1685132166716,56.44069432928297,60.53372127748147,50,8.168513216671599
constant,0,8,hapibd,poisson_shared,g22_o2,22,False,root,404.2809222291452,379.0068273247153,423.88444146317914,300,104.28092222914518
constant,0,8,hapibd,poisson_shared,g15_o1,15,False,b_split,24.83712935110292,22.164229111558864,29.01991822720443,30,-5.16287064889708
constant,0,8,hapibd,poisson_shared,g15_o1,15,False,b_fraction,0.7647029884069322,0.7411024431971498,0.7714940662394995,0.75,0.014702988406932183
constant,0,8,hapibd,poisson_shared,g15_o1,15,False,left,49.72654381047536,45.28755393282202,50.7713675614504,50,-0.27345618952463724
constant,0,8,hapibd,poisson_shared,g15_o1,15,False,right,118.96455610890732,109.30657763776924,130.63248934293884,100,18.964556108907317
constant,0,8,hapibd,poisson_shared,g15_o1,15,False,root,325.16740707386043,318.2424463471163,342.5129327509385,300,25.16740707386043
constant,0,8,hapibd,poisson_separate,g22_o1,22,False,loop_open,12.418383187396145,9.818334992452895,15.350350380654055,10,2.418383187396145
constant,0,8,hapibd,poisson_separate,g22_o1,22,False,loop_major_fraction,0.6491414221585636,0.5156369886206167,0.8497802197081773,0.75,-0.10085857784143637
constant,0,8,hapibd,poisson_separate,g22_o1,22,False,loop_close,23.479795851142335,19.887713747601566,25.740713950025896,25,-1.5202041488576654
constant,0,8,hapibd,poisson_separate,g22_o1,22,False,b_split,36.27559600272572,34.01512293904538,38.19202917858745,30,6.27559600272572
constant,0,8,hapibd,poisson_separate,g22_o1,22,False,b_fraction,0.7419677984228212,0.7255276994245892,0.7468632470232431,0.75,-0.008032201577178766
constant,0,8,hapibd,poisson_separate,g22_o1,22,False,left,47.033806791060265,44.381974785216755,50.2160765919464,50,-2.9661932089397354
constant,0,8,hapibd,poisson_separate,g22_o1,22,False,right,118.34362590712732,108.71269533599916,131.75834312504105,100,18.34362590712732
constant,0,8,hapibd,poisson_separate,g22_o1,22,False,root,292.41740493247033,280.89577255984693,314.4673150685772,300,-7.582595067529667
constant,0,8,hapibd,poisson_separate,g15_o2,15,False,b_split,19.326188519673668,14.370182108362457,25.398587889593124,30,-10.673811480326332
constant,0,8,hapibd,poisson_separate,g15_o2,15,False,b_fraction,0.8333805921781867,0.7799618906477305,0.8822386528067602,0.75,0.08338059217818672
constant,0,8,hapibd,poisson_separate,g15_o2,15,False,right,52.916369473622744,49.501370424106824,57.585399724555934,100,-47.083630526377256
constant,0,8,hapibd,poisson_separate,g15_o2,15,False,left,55.339646806699896,51.49985829564521,59.86571714674474,50,5.339646806699896
constant,0,8,hapibd,poisson_separate,g15_o2,15,False,root,352.5360122406266,314.7366302883351,388.7770310419022,300,52.536012240626576
constant,0,8,hapibd,poisson_separate,g22_o2,22,False,loop_open,13.684450971953783,13.202472480455716,16.633005621481832,10,3.6844509719537832
constant,0,8,hapibd,poisson_separate,g22_o2,22,False,loop_major_fraction,0.6259331949441431,0.5342931515373288,0.8067248025140711,0.75,-0.12406680505585688
constant,0,8,hapibd,poisson_separate,g22_o2,22,False,loop_close,29.533686178592088,27.90491023716618,32.21137155087586,25,4.533686178592088
constant,0,8,hapibd,poisson_separate,g22_o2,22,False,b_split,37.207177377436736,35.515268705876586,40.56812012001436,30,7.207177377436736
constant,0,8,hapibd,poisson_separate,g22_o2,22,False,b_fraction,0.8768673007895526,0.8563618517826039,0.8788129430277661,0.75,0.12686730078955255
constant,0,8,hapibd,poisson_separate,g22_o2,22,False,right,51.13547176148848,48.99712051152178,53.927522154319554,100,-48.86452823851152
constant,0,8,hapibd,poisson_separate,g22_o2,22,False,left,53.759639506903724,50.983471565440986,56.228445155886604,50,3.7596395069037243
constant,0,8,hapibd,poisson_separate,g22_o2,22,False,root,393.4872782982171,375.39466126494835,421.4405038778853,300,93.48727829821712
constant,0,8,hapibd,poisson_separate,g15_o1,15,False,b_split,28.260137790689477,24.657288901509745,30.539338991583232,30,-1.7398622093105232
constant,0,8,hapibd,poisson_separate,g15_o1,15,False,b_fraction,0.7475719799947518,0.7360262057480246,0.769271886054518,0.75,-0.0024280200052482215
constant,0,8,hapibd,poisson_separate,g15_o1,15,False,left,47.453692434714206,44.84117209282831,49.61464962654812,50,-2.546307565285794
constant,0,8,hapibd,poisson_separate,g15_o1,15,False,right,115.96886212065465,102.82610543241087,122.11209065961593,100,15.968862120654649
constant,0,8,hapibd,poisson_separate,g15_o1,15,False,root,301.4890711078656,288.2638385347923,311.61063051041833,300,1.489071107865584
constant,0,9,true,poisson_shared,g22_o1,22,False,loop_open,15.575943317526649,12.63140233546628,17.029778967506967,10,5.575943317526649
constant,0,9,true,poisson_shared,g22_o1,22,False,loop_major_fraction,0.6101081470705774,0.5307517674424369,0.8118483217376097,0.75,-0.13989185292942263
constant,0,9,true,poisson_shared,g22_o1,22,False,loop_close,27.206010497886627,22.422887414750186,31.460073615426296,25,2.206010497886627
constant,0,9,true,poisson_shared,g22_o1,22,False,b_split,35.19970993427407,27.373041815591193,39.06126473806656,30,5.199709934274068
constant,0,9,true,poisson_shared,g22_o1,22,False,b_fraction,0.728265484321749,0.7197284487766498,0.7535122128091263,0.75,-0.02173451567825102
constant,0,9,true,poisson_shared,g22_o1,22,False,left,47.36081728322141,44.9831433174216,51.30015508850976,50,-2.639182716778592
constant,0,9,true,poisson_shared,g22_o1,22,False,right,115.79573443148254,107.86778553698886,124.71268195548093,100,15.795734431482543
constant,0,9,true,poisson_shared,g22_o1,22,False,root,310.96740244852356,300.5108241360466,321.11999687236226,300,10.967402448523558
constant,0,9,true,poisson_shared,g15_o2,15,False,b_split,23.84639630468229,20.541568945224043,27.721850869574368,30,-6.15360369531771
constant,0,9,true,poisson_shared,g15_o2,15,False,b_fraction,0.7779251251705923,0.7631921464323288,0.790810922227008,0.75,0.027925125170592313
constant,0,9,true,poisson_shared,g15_o2,15,False,right,57.365803665921504,52.37875464376078,59.94725264850785,100,-42.634196334078496
constant,0,9,true,poisson_shared,g15_o2,15,False,left,59.44563925541757,55.237285475398124,61.63865005761959,50,9.445639255417568
constant,0,9,true,poisson_shared,g15_o2,15,False,root,353.5087216581967,337.83827107480965,364.0316887399506,300,53.50872165819669
constant,0,9,true,poisson_shared,g22_o2,22,False,loop_open,20.075073561770235,20.057939462667246,20.058001668653777,10,10.075073561770235
constant,0,9,true,poisson_shared,g22_o2,22,False,loop_major_fraction,0.5519325739644486,0.5521563918576489,0.5522042518189736,0.75,-0.19806742603555139
constant,0,9,true,poisson_shared,g22_o2,22,False,loop_close,39.25082389191777,38.313375211218755,39.31930083565567,25,14.250823891917769
constant,0,9,true,poisson_shared,g22_o2,22,False,b_split,45.91505896638571,44.46444798939226,45.98562637265757,30,15.915058966385708
constant,0,9,true,poisson_shared,g22_o2,22,False,b_fraction,0.7748825034890606,0.7746607201123296,0.7787404163714194,0.75,0.024882503489060626
constant,0,9,true,poisson_shared,g22_o2,22,False,right,55.207603796332734,55.14163912316413,56.79686380855177,100,-44.792396203667266
constant,0,9,true,poisson_shared,g22_o2,22,False,left,56.689158437812935,56.579955387689544,59.51094482831103,50,6.689158437812935
constant,0,9,true,poisson_shared,g22_o2,22,False,root,369.1948508806244,350.6823578842924,370.0793441069165,300,69.19485088062441
constant,0,9,true,poisson_shared,g15_o1,15,False,b_split,19.88293215523098,15.54323843528568,24.752262568169844,30,-10.117067844769021
constant,0,9,true,poisson_shared,g15_o1,15,False,b_fraction,0.7290158032440179,0.7095923965527283,0.7545844780951996,0.75,-0.020984196755982065
constant,0,9,true,poisson_shared,g15_o1,15,False,left,45.97312043066573,43.49386553148416,49.334585897936606,50,-4.02687956933427
constant,0,9,true,poisson_shared,g15_o1,15,False,right,113.49015354920373,101.35055977534424,129.07207232063908,100,13.490153549203725
constant,0,9,true,poisson_shared,g15_o1,15,False,root,306.93577416564,295.03122622382296,333.0589691439698,300,6.935774165639998
constant,0,9,true,poisson_separate,g22_o1,22,False,loop_open,19.10334998112598,14.680400767066258,24.190751585734567,10,9.10334998112598
constant,0,9,true,poisson_separate,g22_o1,22,False,loop_major_fraction,0.7613913500115954,0.5003839472022797,0.9220485241284615,0.75,0.011391350011595414
constant,0,9,true,poisson_separate,g22_o1,22,False,loop_close,29.971577517213127,20.590748215867034,36.681175736496144,25,4.971577517213127
constant,0,9,true,poisson_separate,g22_o1,22,False,b_split,36.89880800354866,30.085873327477476,43.527334847067195,30,6.898808003548659
constant,0,9,true,poisson_separate,g22_o1,22,False,b_fraction,0.730445318414808,0.7084198821204234,0.7431890998392584,0.75,-0.019554681585192024
constant,0,9,true,poisson_separate,g22_o1,22,False,left,47.07020573921058,45.68081839511059,51.51635262444109,50,-2.9297942607894214
constant,0,9,true,poisson_separate,g22_o1,22,False,right,120.25586437288473,105.78411684230707,123.6369402000679,100,20.25586437288473
constant,0,9,true,poisson_separate,g22_o1,22,False,root,317.2653522175267,295.4824330584451,360.67581991840746,300,17.265352217526697
constant,0,9,true,poisson_separate,g15_o2,15,False,b_split,16.40159672837896,13.029606709954722,21.413236261330006,30,-13.598403271621041
constant,0,9,true,poisson_separate,g15_o2,15,False,b_fraction,0.7786024581290283,0.7719502283514355,0.7900600477415002,0.75,0.028602458129028285
constant,0,9,true,poisson_separate,g15_o2,15,False,right,55.3864541598889,53.43385005877109,59.53418995434748,100,-44.6135458401111
constant,0,9,true,poisson_separate,g15_o2,15,False,left,56.93123098465064,54.89404200864112,61.08115184727609,50,6.9312309846506395
constant,0,9,true,poisson_separate,g15_o2,15,False,root,334.48038876866883,320.21077474515806,354.5031386905501,300,34.48038876866883
constant,0,9,true,poisson_separate,g22_o2,22,False,loop_open,20.259399152962633,16.75402013876143,22.864431114005132,10,10.259399152962633
constant,0,9,true,poisson_separate,g22_o2,22,False,loop_major_fraction,0.658776327123872,0.5595283388201521,0.6890092864272617,0.75,-0.09122367287612798
constant,0,9,true,poisson_separate,g22_o2,22,False,loop_close,39.76870699098014,37.417643879641105,41.4833864014259,25,14.768706990980142
constant,0,9,true,poisson_separate,g22_o2,22,False,b_split,44.995942655686534,42.89415868354893,46.81105570299107,30,14.995942655686534
constant,0,9,true,poisson_separate,g22_o2,22,False,b_fraction,0.8146842738513486,0.8086222244787763,0.8350973404768737,0.75,0.06468427385134856
constant,0,9,true,poisson_separate,g22_o2,22,False,right,55.805006753332634,54.22413890079004,57.17101657677414,100,-44.194993246667366
constant,0,9,true,poisson_separate,g22_o2,22,False,left,57.88725367592901,55.93331436581638,60.16228231092254,50,7.88725367592901
constant,0,9,true,poisson_separate,g22_o2,22,False,root,436.0637497015867,412.1714718485475,444.11545752347973,300,136.0637497015867
constant,0,9,true,poisson_separate,g15_o1,15,False,b_split,19.933887828058182,17.934037461343607,21.925477961997156,30,-10.066112171941818
constant,0,9,true,poisson_separate,g15_o1,15,False,b_fraction,0.7212490140869047,0.7031494844799653,0.7314569002494119,0.75,-0.028750985913095328
constant,0,9,true,poisson_separate,g15_o1,15,False,left,45.204488086898664,43.14071608085194,47.97810922250227,50,-4.795511913101336
constant,0,9,true,poisson_separate,g15_o1,15,False,right,116.28982974350347,110.2996912266713,119.12748550868832,100,16.289829743503475
constant,0,9,true,poisson_separate,g15_o1,15,False,root,300.7577886966208,293.8053709031828,316.1027775244834,300,0.7577886966208212
constant,0,9,hapibd,poisson_shared,g22_o1,22,False,loop_open,17.41543961975349,14.86916950479854,19.547794266501246,10,7.415439619753489
constant,0,9,hapibd,poisson_shared,g22_o1,22,False,loop_major_fraction,0.6982418533379325,0.5312460410346258,0.8932520322030757,0.75,-0.05175814666206746
constant,0,9,hapibd,poisson_shared,g22_o1,22,False,loop_close,27.904212289293106,25.16438674106004,30.629994389123546,25,2.904212289293106
constant,0,9,hapibd,poisson_shared,g22_o1,22,False,b_split,35.996985963639226,32.556806099612515,39.3464445977986,30,5.996985963639226
constant,0,9,hapibd,poisson_shared,g22_o1,22,False,b_fraction,0.7400752182561384,0.7188125552999763,0.7552521551024036,0.75,-0.009924781743861577
constant,0,9,hapibd,poisson_shared,g22_o1,22,False,left,46.612407018731716,44.14454597284227,49.944044350025685,50,-3.387592981268284
constant,0,9,hapibd,poisson_shared,g22_o1,22,False,right,111.84739542114501,99.20449902339227,126.40540856071667,100,11.84739542114501
constant,0,9,hapibd,poisson_shared,g22_o1,22,False,root,343.67453513145466,326.34777049793286,353.72931984567026,300,43.67453513145466
constant,0,9,hapibd,poisson_shared,g15_o2,15,False,b_split,25.160579440510016,20.9056147691775,27.68477807652504,30,-4.839420559489984
constant,0,9,hapibd,poisson_shared,g15_o2,15,False,b_fraction,0.7737103037279842,0.7610913122649001,0.7908258020224591,0.75,0.023710303727984217
constant,0,9,hapibd,poisson_shared,g15_o2,15,False,right,55.665644358687416,52.89638235614696,57.226261992537125,100,-44.334355641312584
constant,0,9,hapibd,poisson_shared,g15_o2,15,False,left,57.76526814577732,54.87074745555422,60.1794201211034,50,7.76526814577732
constant,0,9,hapibd,poisson_shared,g15_o2,15,False,root,401.73998957391814,385.0307214882455,427.9818302751856,300,101.73998957391814
constant,0,9,hapibd,poisson_shared,g22_o2,22,False,loop_open,21.895733052547673,18.95222848942048,24.219975805903555,10,11.895733052547673
constant,0,9,hapibd,poisson_shared,g22_o2,22,False,loop_major_fraction,0.5515835946789234,0.5329633426720592,0.6699933238578554,0.75,-0.19841640532107663
constant,0,9,hapibd,poisson_shared,g22_o2,22,False,loop_close,36.128150244673755,31.73946515705356,37.353467278011436,25,11.128150244673755
constant,0,9,hapibd,poisson_shared,g22_o2,22,False,b_split,44.9382549103783,39.24243439703964,46.23014527989102,30,14.938254910378298
constant,0,9,hapibd,poisson_shared,g22_o2,22,False,b_fraction,0.7818956162482544,0.7648217011986396,0.7859755363975708,0.75,0.03189561624825443
constant,0,9,hapibd,poisson_shared,g22_o2,22,False,right,56.72167922237613,52.21062980016571,58.52639445033886,100,-43.27832077762387
constant,0,9,hapibd,poisson_shared,g22_o2,22,False,left,58.29090520899873,54.24211886230241,59.773851444195714,50,8.29090520899873
constant,0,9,hapibd,poisson_shared,g22_o2,22,False,root,395.9437090546792,382.80401224530624,409.42957685927286,300,95.94370905467918
constant,0,9,hapibd,poisson_shared,g15_o1,15,False,b_split,23.16787955540996,17.87797495535272,26.7706514274536,30,-6.832120444590039
constant,0,9,hapibd,poisson_shared,g15_o1,15,False,b_fraction,0.7371105734418768,0.7274832545891079,0.7517948058981379,0.75,-0.012889426558123196
constant,0,9,hapibd,poisson_shared,g15_o1,15,False,left,46.39355534236193,45.067268675619715,50.580893105817324,50,-3.6064446576380718
constant,0,9,hapibd,poisson_shared,g15_o1,15,False,right,116.14203389059644,104.1289648686968,120.71751866082279,100,16.142033890596437
constant,0,9,hapibd,poisson_shared,g15_o1,15,False,root,331.7041952537144,322.83045196515474,344.15039431571057,300,31.704195253714374
constant,0,9,hapibd,poisson_separate,g22_o1,22,False,loop_open,18.23593963972941,15.00784427324749,21.16831582184953,10,8.23593963972941
constant,0,9,hapibd,poisson_separate,g22_o1,22,False,loop_major_fraction,0.765184905231499,0.5138451005187636,0.847835377158585,0.75,0.015184905231498957
constant,0,9,hapibd,poisson_separate,g22_o1,22,False,loop_close,26.62894661825634,23.728110559136717,29.21149500809849,25,1.6289466182563395
constant,0,9,hapibd,poisson_separate,g22_o1,22,False,b_split,35.3050902728537,33.24660058337294,37.71513198739884,30,5.305090272853697
constant,0,9,hapibd,poisson_separate,g22_o1,22,False,b_fraction,0.721974226253334,0.7206057311828965,0.732830193394271,0.75,-0.02802577374666604
constant,0,9,hapibd,poisson_separate,g22_o1,22,False,left,45.603222680620185,45.462625553170014,47.94179609322538,50,-4.396777319379815
constant,0,9,hapibd,poisson_separate,g22_o1,22,False,right,116.6691571460078,106.2860650038234,118.19258234444351,100,16.669157146007805
constant,0,9,hapibd,poisson_separate,g22_o1,22,False,root,305.1447738831787,287.92869325597576,311.53473011078484,300,5.1447738831786864
constant,0,9,hapibd,poisson_separate,g15_o2,15,False,b_split,23.691245693842642,22.988767060126015,23.7371391679573,30,-6.308754306157358
constant,0,9,hapibd,poisson_separate,g15_o2,15,False,b_fraction,0.7789399070150881,0.7681965387716118,0.7894500901770548,0.75,0.028939907015088084
constant,0,9,hapibd,poisson_separate,g15_o2,15,False,right,51.302729459768656,50.82903734660992,56.39139821107039,100,-48.697270540231344
constant,0,9,hapibd,poisson_separate,g15_o2,15,False,left,53.47890255688157,53.042720381427614,58.23237292013304,50,3.4789025568815717
constant,0,9,hapibd,poisson_separate,g15_o2,15,False,root,338.3714231452364,336.812031163402,363.03005725944513,300,38.371423145236406
constant,0,9,hapibd,poisson_separate,g22_o2,22,False,loop_open,19.865294602410355,18.46001346629578,25.433930728274493,10,9.865294602410355
constant,0,9,hapibd,poisson_separate,g22_o2,22,False,loop_major_fraction,0.5868789625950848,0.5209680589407653,0.724569846721005,0.75,-0.16312103740491524
constant,0,9,hapibd,poisson_separate,g22_o2,22,False,loop_close,37.07789711172895,36.121433298824,41.00858015641117,25,12.077897111728952
constant,0,9,hapibd,poisson_separate,g22_o2,22,False,b_split,44.06729920370435,42.76428369710329,47.806904130369325,30,14.067299203704351
constant,0,9,hapibd,poisson_separate,g22_o2,22,False,b_fraction,0.815212043971387,0.8082585604803093,0.8285808409823913,0.75,0.06521204397138702
constant,0,9,hapibd,poisson_separate,g22_o2,22,False,right,53.51235836834312,52.81699973156383,59.33182879367197,100,-46.48764163165688
constant,0,9,hapibd,poisson_separate,g22_o2,22,False,left,55.54617536044637,54.86359541600298,61.3222257034321,50,5.5461753604463695
constant,0,9,hapibd,poisson_separate,g22_o2,22,False,root,391.2325441241258,384.4037050065614,408.6617779906262,300,91.23254412412581
constant,0,9,hapibd,poisson_separate,g15_o1,15,False,b_split,23.080049548665055,22.803424125973493,24.543286494818677,30,-6.919950451334945
constant,0,9,hapibd,poisson_separate,g15_o1,15,False,b_fraction,0.7237664494130496,0.7211320775732983,0.7396255621295245,0.75,-0.026233550586950427
constant,0,9,hapibd,poisson_separate,g15_o1,15,False,left,46.71965665146704,45.52745500902069,49.53209297367228,50,-3.280343348532959
constant,0,9,hapibd,poisson_separate,g15_o1,15,False,right,108.62862897379513,106.36894387330165,111.48924458992637,100,8.62862897379513
constant,0,9,hapibd,poisson_separate,g15_o1,15,False,root,310.5234349527413,298.550250570057,314.96840150111257,300,10.523434952741297
